ply
format ascii 1.0
comment VCGLIB generated
element vertex 6882
property double x
property double y
property double z
property double quality
element face 13776
property list uchar int vertex_indices
end_header
32.98682304997772 15.3497658191584 14.25510990038893 2.043639322538439 
33.31090312001233 15.29789951423777 14.27858667973835 7.42584987095745 
33.16434868651004 15.23612701696507 14.79464188434105 3.048831330134675 
32.09177935213263 16.53759418554369 14.38056329155783 4.260430747600367 
32.3796781156956 16.60507827958062 14.06940225865106 2.946198192015061 
32.08533324441367 16.47714451986855 15.22678086621939 2.925984342810438 
31.9474801680625 16.56773509185184 15.0228429342819 3.740470707243333 
33.06742100332971 15.51476335010729 13.96177233247089 2.894411125897165 
32.99477912147488 15.90757028345479 14.00395047065701 1.339426325488247 
33.44607169694941 15.60461172160299 14.12958920992461 2.34389596963311 
32.50054533904606 16.03820833101262 14.27000381606107 2.625199066347136 
32.71816525024544 16.20312329001935 14.07279553832647 2.348703185400524 
33.03594367259355 16.6953620446923 14.37048123816174 2.634404517135863 
33.29247041698766 16.32597972483831 14.59876380717488 4.352293817691589 
33.28157398246584 16.18411162387759 14.49916687339054 1.324013286619731 
33.44547177698318 16.47776060667415 14.25333596365049 5.969079790495357 
32.79200041711021 15.44169860707937 14.84120288211264 1.830735959323178 
32.36259467684877 15.95214554326718 14.81969321942242 2.16067477080918 
32.87597750279167 15.47295324621489 15.17517021960804 1.915247044560132 
32.67778835436641 15.83139670002464 15.39479202131742 2.150078737140831 
33.1843283164744 15.49329891546147 15.36132659612423 2.267061249960392 
33.49294837821417 15.37337438926576 14.79551646663085 2.78719750010697 
33.54680451522107 15.76945358859897 14.85004164578304 1.312393955085767 
33.34068918004486 16.20884587514293 15.013438622527 2.2916958136245 
32.69574146063041 16.24547539219098 15.64967914561255 2.071408438398436 
33.29569942027401 15.7789657696687 15.37693887819421 1.482096793278956 
32.34656944937793 16.4814125024018 15.6465735269769 2.538077223995145 
33.18825164581401 16.44003433451214 15.24447634698746 2.276392150516983 
33.42599718005823 16.65652085546439 15.74755631155621 3.21764055023192 
33.64919444729409 16.68582874788767 15.75889590751313 3.466151947797982 
32.57450995627274 16.63600748499023 15.78355133333927 2.880030570041043 
28.96700985941144 17.38192510422807 14.28478554472263 5.656566773594648 
29.13480684602152 16.89964062162764 14.76547995066583 3.855520713523248 
29.03292241538077 17.05397906510587 14.40171085696274 7.668360950532247 
29.71542907713052 17.11537823655633 14.3584927352184 5.308227333392722 
29.60915689205585 17.31397332345206 14.06381073800906 4.713852617825125 
28.95373304801999 17.674749350418 14.41722409457833 3.47956516266953 
29.03929618064347 18.12305863876169 14.77122852403931 3.872627082543545 
29.2264272075706 17.3822555714982 14.04333735627974 4.664205932621371 
29.6760657704277 17.55842301933838 13.94954578706616 3.38182674092613 
29.23120355210467 17.57240821777354 14.01244415569851 3.888556060775272 
29.38518310697011 18.06290042746073 14.12075011028828 3.375479562786722 
28.96032424737505 17.01982455587159 14.93919151166836 5.051375339121591 
29.17156397508199 17.14776766602371 15.44082664070223 3.097492545774685 
28.82831740030795 17.35877870649732 14.83097588832499 6.303874039769369 
28.91247969791293 17.28145473703026 15.34443326838858 4.18872133983092 
28.85717397334824 17.62090870174103 15.10333684797584 3.839860763406421 
29.04766281541658 17.57481610941943 15.69943500934044 3.577834389211063 
29.21543637434483 18.10759587736218 15.9605249351647 3.703418308561368 
30.44389951931406 17.45060288836597 13.74491380426923 3.155444537382721 
30.21721914492395 17.13235976107433 13.81007394881504 4.82240461618693 
30.25143269402164 16.93836495260751 14.12238128023706 6.586397552433198 
30.10233987100239 17.41968750508255 13.76466967663296 4.022174082985458 
30.10092501925667 16.86445749924836 15.00157724927881 4.417181561976122 
29.70634119016116 17.09502003833329 15.16581456372545 3.515938827347327 
30.28366939280502 17.0054737996977 15.96362796961399 4.003286762347386 
30.59643708999765 16.72722949661644 15.17689702120181 4.196199499596219 
30.58261888630669 16.70299211839652 14.89396459042845 4.404145421551334 
31.07161691860845 16.85417313482501 15.80473215706449 4.207503998138577 
29.17430273183413 18.11695634362891 14.35637272323104 3.598067092138024 
29.7255669191463 18.45072781036493 14.08040227303373 3.217106844861121 
29.21110333330477 18.6965121620409 14.64133000699421 5.26432184835528 
29.4091528629454 18.76074425138223 14.29882263915457 4.195035403099041 
29.10195233397747 19.1831148471583 14.55256093226119 5.54676704555709 
29.38874218079409 19.18668390313658 14.31337340672101 4.10758265374858 
29.7591153043848 19.10983106785156 14.24137987884719 3.316222796907141 
29.13954730175838 18.69345092613537 14.93681712038157 5.273419977955314 
28.99545009879096 17.9384350755595 15.35921827991396 3.663881327675398 
29.12531693344098 18.70246492618636 15.31733456762406 4.171063136860653 
29.20630559173183 18.7799087388378 15.79771468332711 3.945982323587344 
30.0240934902624 17.97228458001018 14.05360879519409 2.689974896869586 
30.39647717872413 18.12915680030291 14.06493411527318 2.715497760913081 
30.61572038567861 18.35498231152846 14.1233653997192 3.1172253833453 
30.47365181929088 18.83924215585101 14.17845562749774 3.136148235998547 
30.85049022692501 18.82335619101124 14.16301961326604 3.484303248121705 
29.26508832493 17.58626241924545 15.88152872743064 3.257140790530769 
29.69128040155682 17.3263744799869 15.68636727105516 3.476709548878489 
30.38822789150808 17.20676958000572 16.40000773667203 3.524233014889717 
30.20725543579895 17.32361184121133 16.32545840289004 3.665798847922929 
29.82386261134365 17.49830827779425 15.92657916801388 3.232553119458117 
29.9578637343985 17.86882237369552 16.15206077523008 2.953635743763016 
29.45949438726227 17.96553427541548 16.13559328939236 3.015634034242055 
29.37656993760342 18.78607060866309 16.220432209177 3.792188643045989 
29.55961966106193 18.73456309981417 16.46369987774531 3.778196038784131 
30.63356627011025 17.82370342003548 16.53314125956235 3.260141674669569 
30.52029704556631 18.24708556992958 16.65419791007514 3.573204591805137 
29.80304562521403 18.65183851146111 16.617871970891 3.458940882432472 
30.16012220492471 18.33194247729626 16.53273629046099 3.292276877537148 
29.98480735841068 19.06551019845826 16.94764898389766 3.351136023246909 
30.51876339337635 18.70382788602462 16.81001516371346 3.40538229155797 
30.58530091507868 19.28636204291323 16.97316301856084 3.272433818205172 
31.07595210452801 18.2905504731132 17.31450129767731 3.961252871823575 
30.8546739751067 19.16057132457496 17.12386669918477 3.715987698501095 
30.96017757180341 16.95110979782483 13.99698235075991 4.932422370603319 
32.02784972307024 16.96761533259675 14.00613978985464 4.187545641043073 
31.19732359193398 17.16602640291829 13.8676618873495 3.914345294075389 
30.99347956354173 16.7635274950823 14.35859656998156 5.949166392276197 
31.3727257270659 16.82552123043932 14.08966976179302 5.549684538231702 
31.87182522251054 16.65075261550507 14.48052287479352 5.372799398685288 
31.96367334671838 16.81670724513685 14.15162284707894 4.784239847887022 
31.62952938217568 17.0120720859742 13.94354264851468 4.237403584622768 
31.41571335832979 17.50514978606304 13.9648710485365 3.224059034116067 
31.74514995007459 17.86396003664494 13.77634458219603 4.290773154845112 
32.27552944190312 17.34695291174601 13.8752014657172 3.564090750769822 
32.06405385084528 18.08712928205205 13.76868670042994 3.432508688857752 
31.31246990663364 16.67324101889779 14.77902831372775 4.212709559218979 
31.26580790220396 16.72136430232429 15.3143651852189 4.321255756435448 
32.4960122654327 16.98052869697566 14.04842300070432 3.08622406267628 
32.73716279404368 17.15232416131656 14.17050349002565 2.662373047366742 
32.98173717482484 17.14949879159523 14.21423612262697 2.682458546230833 
33.51180227120616 16.79194894857826 13.85440446264725 3.343079682663245 
32.45214253859161 18.01949026871499 14.03544787839351 3.244062591802304 
33.47389874209436 17.13663500374675 13.92960065135986 2.271624817623746 
32.85843544587254 17.61953686877738 14.27530738441563 2.824065954138945 
33.53390250822498 18.12233156076158 14.34807950411793 2.733608936648238 
30.93754839556678 18.17495134134274 14.0770864273888 3.354154069107324 
31.35776753072328 18.41514552235006 13.84956829910101 3.649950844011499 
31.80557154658559 18.45066773318889 13.81788710406297 3.382111238761922 
32.11607691339508 18.56091100351768 14.02332601810723 3.252697838347501 
31.26095324233337 18.70082709121895 13.9861277590228 3.539172656127477 
31.49276489715565 19.49620690302344 14.34813175584885 3.642802382672727 
31.76496842036041 18.85586227268953 14.07078910537616 3.246880256434281 
32.65648778808911 18.74163387402373 14.35218896656436 3.341261990458349 
32.97546838267073 17.94891148209905 14.37208369246759 2.91208818258977 
33.23937880112315 18.59317299596414 14.4473170057128 3.221727940549044 
32.89361132710614 19.14397167001886 14.49329970751526 3.465475872652092 
31.33737340501358 16.9187353375493 16.23499093613104 4.242806384644553 
31.03285134741057 17.08171834368387 16.28003981521124 3.786066742717082 
31.80665785409191 17.02585211981227 16.53456415302408 4.256322569845793 
31.50387167903592 17.35968532900572 17.05380405442421 4.299770731259343 
31.40035795056945 17.18808316954664 16.66309206513262 4.188462705434745 
32.05726529069697 16.67585490404626 15.69319692341065 3.721445125974782 
31.02320338411617 17.64908228160739 16.58250058848611 3.634641138044259 
32.00783247558149 17.67374106990653 17.14950416620011 4.021253634592341 
31.08864396420429 17.96231556902627 17.07124757402764 4.174042991847614 
31.60080613083705 17.79169346548004 17.4140459266443 4.055489335499885 
31.85039914728746 17.40055626554394 17.07557918084417 4.261603062386769 
31.85064744765015 17.84872761163665 17.42784239030345 4.065539336363599 
32.39427473120211 16.90377233225985 16.10137745825447 3.599625183089188 
32.98781028322669 16.93202312533823 15.82063603041611 2.86756124985834 
33.48775531519185 16.83159523263035 15.93620778980887 2.941288489346732 
32.14691067327923 17.33753129789103 16.65897660119007 3.832667101476915 
32.90216827450642 17.6851065675229 16.41108450641994 3.269177925386032 
32.87224129944694 18.11031931156988 16.70513894037019 3.532385316085794 
33.27135775030475 17.24567999920972 16.09381770019198 2.662313343912672 
33.11176606980592 18.04339450946225 16.61320574207694 3.341168688704215 
33.48307058325728 17.89644790004334 16.52301687640703 3.207905986645784 
31.49085921858191 18.43668573594675 17.58561954167364 3.955363500736837 
31.79289878462653 18.44351060385479 17.69631701803307 4.075621726955433 
31.19206744612146 18.78444151271344 17.47321068445037 3.969363356430364 
31.4572237343958 19.01900911607526 17.93552033099353 4.111412376527085 
31.9243979068262 18.89439559808337 18.03830483404339 4.158378449157397 
32.60446106696027 18.35617708614725 17.12917916580085 3.981287368951598 
33.45919480445369 18.28574934077689 16.90770061590944 3.394519163489832 
33.18372034331085 18.61896925238365 17.14087535758868 3.485227322230656 
32.35359395363965 18.45884818861224 17.4258550182789 4.09038032411587 
33.07633428123446 18.85492547059734 17.24980824376744 3.689116068167266 
32.41377516004111 18.82922868227963 17.81112884553611 4.185624978508486 
32.59642085385429 19.25766877237751 17.90920599891949 4.144926076554839 
33.72611740081317 16.68443446443954 13.97952276651143 5.420678668277048 
33.78304363164031 16.38690049606733 14.51096899551749 7.553797515317285 
33.99299098822138 16.6336802489776 14.46197460839694 5.686111039927084 
33.68081474861235 16.36074855736094 15.0682754524938 3.994242535056088 
34.02794121631309 16.61117699489201 14.86859487254456 4.191554715898178 
38.60327496478252 16.03055507238741 15.02696765328944 3.985973002381371 
38.45254717704164 16.47731231777917 15.24783035590263 3.343659797196722 
38.53420609606488 16.41380551312423 15.83667342937304 3.419072752833642 
33.71296663854501 17.02242347689899 13.96258879375919 3.295223134224045 
33.90393426847609 16.88136970723819 14.12412295509285 4.218765954948481 
34.10631731593154 17.14178740021776 14.63488000956672 3.900036043964008 
34.03881198379063 17.55921635582034 14.49652506791995 4.123559491429319 
33.70916524982155 17.65828389609436 14.22723033255031 2.92365905038875 
34.83067836019889 17.82719450893252 14.48046789616206 6.157770744226809 
33.93474107733331 16.70109839952229 15.28805928101575 3.52357700203811 
34.19399916126518 17.54013492818509 14.91738893808548 5.96653598826606 
34.22421364447194 18.02601482519102 14.51173940663677 4.529383931039831 
34.13220728812217 17.41740042689496 15.36745832826669 3.825073885662476 
34.39017577005157 17.74387869161941 14.85375589520064 4.569715427122276 
34.88965878107813 17.62748501151086 14.9588369680237 4.555790261174934 
34.35536784867452 17.68503009144417 15.35822794426797 4.147910765829579 
34.27503406800398 17.79000825388538 15.81340462567537 3.751457109649834 
35.12351335272055 17.80975063131828 14.77919099843317 7.619539961681141 
35.22884390344561 18.01074356735361 15.38229791774937 4.909199418970672 
35.04240880066702 17.73978656071911 15.3704294491929 4.578598914344923 
33.92094499737588 18.10721060428481 14.38305308149667 3.848671978026772 
34.76836644837559 18.18672965215368 14.32153910381628 4.623624020431976 
34.43089951843434 18.46181076166737 14.34662488365333 2.825135056881265 
33.51100435922493 19.01888536229854 14.52822202981581 3.045891116307502 
33.44579682270427 19.40912641706973 14.65587840998576 3.375594377121473 
34.47511331749374 18.70737215319057 14.41175200572139 2.606566996103794 
34.78945368255737 18.57283919738578 14.42825940033991 3.183313481285353 
34.4468165430055 19.11696085011621 14.65583214037485 2.835061541692227 
34.09994447704823 19.59090340432435 14.77689720371958 3.411883200048749 
34.97283591077543 18.84877690411495 14.76855465384669 3.409729524843215 
35.07780341784497 18.30781360951495 14.54737577848706 5.238734929998714 
35.27770579515047 18.42454566870425 15.00369082753764 5.418580103952195 
35.04285612180625 17.94674899140894 15.82786394911159 3.929546953710769 
35.24486069542228 18.81133480560202 15.3422256798613 3.950957289140689 
34.05134962714909 17.57380075219844 15.76926685576786 3.622283731623639 
33.57943569823824 17.38118292205178 16.11682116386206 3.022405904562845 
33.85310975796811 17.63563221977971 16.06912315912431 3.546989699466081 
33.78189257716674 17.91308136779289 16.42518299327994 3.63087208557738 
34.71491867328329 17.75645736755468 15.72802971074108 3.558170923670076 
34.31709705748435 18.06812268350455 16.43438502917316 3.586224295651476 
34.01806575029308 18.2689627536481 16.77653111357072 3.462934729281073 
33.59556460458212 18.56581929603092 17.05193767566101 3.334174682859981 
34.21137742369137 18.50819283930208 16.85045727142021 3.491223289362921 
34.86473175006351 18.22349355250204 16.23569752430217 3.549997593322161 
34.44820619962382 18.39767643449322 16.63738428326517 3.569908090968653 
35.02223922581372 18.80548249837807 16.22673484888026 3.861264089119061 
34.72157634300378 18.77996967263401 16.5451478315996 3.452771122654553 
33.7487525439981 19.38291374575305 17.22608152566042 3.481854439647265 
35.27845577163743 18.63410949922321 15.75707388921687 4.221177781121412 
38.49624811313164 16.54192121205428 14.87687388137672 2.968501178683368 
38.55095444039176 17.01862805098643 15.40175916126975 2.506898243250248 
38.76983430353295 17.09924379041243 14.9400040644296 2.365358031942264 
38.49130877623062 16.77518619444007 15.737247166123 2.805176699785761 
38.64813193485567 17.15205697042709 15.84901497364621 2.481224549428049 
39.34606462475331 15.90096247515002 13.96297538533133 5.097985124742593 
38.99019497588195 15.88668621513154 14.24759760245123 3.232765828120392 
38.78522102467084 16.63886217525994 14.38079756041766 2.412683050440165 
39.33942942159931 16.50369294956923 13.94391821566453 1.82929497899346 
39.08402131538649 16.14017886441187 13.86721370075222 3.709308404791273 
38.66007994700288 16.30305767205638 14.54948488406677 3.260724931490103 
39.508026431867 16.2357977593339 13.92425452529939 2.134747760307363 
39.59901939710978 16.03530099443048 14.12984019324966 1.256934280542183 
38.86035688244407 15.74853827340345 15.04971281571404 4.396818574993517 
39.25251330360526 15.67516036475861 14.61256355838804 2.397798761797475 
39.539655699999 15.8078072728966 14.58034635087247 2.11614107007486 
39.24139402330584 15.69881132203249 15.34398248197578 2.240975191390646 
38.70796183924308 15.98606989854283 15.80243752932661 3.483281279685229 
39.72248219417101 16.15342598708858 15.72140061144198 2.00549800053426 
39.82893644551096 16.09674884180756 14.90004017712643 1.495634853632396 
40.029721276163 16.33289273727793 15.01149640007334 1.965219439902995 
39.96075037268906 16.20250109070817 15.17079258508276 3.543210494994867 
39.81182212065421 16.51618284880664 14.51693587848954 1.440897905111768 
40.32362565795155 15.97842249754163 15.19891509494857 4.211965562329794 
40.2859801539757 16.20288023748729 15.03949508845449 3.991447108147895 
40.58444409300007 16.52256450261013 15.12008334060588 3.273533376960501 
40.79552720393751 16.37019859366216 15.24463719536315 4.692679404210764 
40.82123236562101 16.27495016692421 15.74133436519388 2.851264140612244 
41.52307561383204 16.24042657098802 14.89685943919599 4.893153450974694 
41.38184187566651 16.13414803440868 15.16525144554592 5.506784585052287 
41.1917462448951 16.47912769178106 14.86102407936097 5.587543779543978 
41.18515842730518 16.68911853300233 14.81211810558054 3.718052664525885 
41.18929059072045 16.17044526917664 15.69438067958269 4.033012072757145 
39.15305957132206 15.80397280629695 15.80900691513377 2.582857231691804 
39.01029656708705 16.17603824136926 16.3568776368342 2.78599497102195 
38.98978079256867 16.57469501681612 16.56593262558319 2.597148353224014 
39.22660705232197 16.27148562671672 16.44534006674546 1.954546903630543 
39.89266257812424 16.17826317470014 15.69954210761429 3.340564161017454 
39.6788460523165 16.38139036068293 16.11642694209266 2.038580723806518 
39.92304857217996 16.45409382397467 16.3150004683187 2.968641614743348 
40.40598395779683 15.97287292643011 15.6749705273432 2.904997007561178 
40.17935839738356 15.96818761865778 15.73687003327846 3.139808033561621 
40.23445003497397 16.36606815913239 16.54807792657392 3.026885355618845 
40.40813914122585 16.28341721320375 16.37871419511983 3.079684963312047 
40.70718407490116 16.37587912202559 16.38344093421671 3.432788352405765 
41.22557755791744 16.32119774140236 16.48782048578987 3.705860107318529 
40.66237993524599 16.46465442780691 16.70786476782588 3.655231578266864 
40.77669254580073 16.75445843539198 17.30559105583019 3.677484288342271 
41.18992585823449 16.47089909972377 17.06822774987039 4.018800958687677 
41.29086230840452 16.75171171342541 17.6377520179438 4.07681579603684 
42.52893211786709 14.44943044487074 15.21249511156778 1.481832720309029 
41.67484830058329 15.7764792392482 15.01459297088508 3.330145062281815 
41.84335353041161 14.95288618592041 15.22869750711795 3.243005091350653 
42.05158036405977 14.85024474333562 15.22976335753243 7.242666137863807 
41.83374436439514 15.13613412641616 15.79808099587658 3.174882966827596 
42.28877035494273 15.11094829466074 15.25590550730312 2.264804362710777 
42.78617364662311 14.47308249714587 14.68940757888295 2.771060889215136 
42.34657163018023 15.00270044433424 15.22840746978171 1.669882284909406 
42.04884449906501 15.00533960037948 14.86421832602731 4.805433365510055 
42.5023181352943 14.92955709734882 14.96819817919503 1.487610177633684 
42.40934854651499 15.11855110240772 15.52671627516628 1.509861195708368 
42.64355188703158 14.39701998854538 15.56582738710228 1.221077642942348 
42.72179775183074 14.17921377741276 14.86072316801788 3.771475895342576 
42.75146881993252 14.11393218776154 15.21417742525985 5.273313140195398 
42.97936494019602 14.2481842589269 14.78503874805829 5.652775241689596 
43.21590315450646 14.52705494346315 15.32327653015099 1.166112153466969 
43.18511234974135 14.64393314262868 14.90734399230894 1.048384797757862 
43.00667793101951 14.15481366474443 15.2214863906049 2.816301604537131 
42.97872683959941 14.37193831932412 15.65169125039931 1.231400660208379 
42.8094282964823 14.31404415118995 15.65812474312423 1.894103320101223 
43.07429710932311 14.99935341099613 14.67123454721638 2.152462282730255 
42.87843690912948 15.25871137333662 14.69905776675201 1.998506049262332 
43.22503071974922 15.10239777097875 15.75330882513616 1.842677858709195 
43.36545855775316 15.32744491321346 15.26349696978204 2.30059477056804 
41.81044646954871 16.04317907998578 14.87243158025727 3.220737636697521 
42.03732690388711 15.44129410229901 14.90560526928157 1.885199649727099 
41.84715776874626 16.45453869606968 14.88857946324453 2.948386915806992 
41.66735059126789 15.30750129194878 15.33333659981913 2.578253297725496 
41.39377147144564 15.97091321476433 15.73956536544712 3.106537739923539 
42.29261867485813 15.46073073413104 15.1877494867711 2.47597693004397 
42.49398136211702 15.53365507490231 15.21517996329616 2.551808776716939 
42.74997625087516 15.52996991323726 14.89086339987048 1.576104836857709 
42.60305116365198 15.78090024594324 15.15655214482565 1.891352852069375 
42.35330068886303 15.36359887865061 15.40728888482694 7.863036752534072 
41.53163249225518 16.59140442009308 14.77893164734763 3.485064648446894 
42.32953095397044 16.09276866133834 15.15220528888315 2.291711283345393 
42.69761880415142 16.51564648566093 15.20712481318639 2.37341171366765 
42.25576562243214 16.68859577385544 15.28907619935286 2.393524284543304 
42.47609786373695 16.56137162544216 15.28705901395295 2.427571931656246 
43.45864089742173 16.02152317322969 14.6106939253497 3.397893254645169 
43.65818350429544 15.73457216145692 14.75015353665787 8.229786127455895 
43.74349230384924 16.29534070573199 14.47645959640703 2.503692143595231 
44.03048055518919 16.05512157040512 14.40371618851132 5.436178361754003 
43.16641668503447 15.45290704933579 14.7140934138005 3.483212391084379 
42.98155356672226 16.09287387581561 14.87330419555498 2.007388327913034 
43.32657753088333 15.44448225999234 14.91406233339728 2.58209945708245 
43.61105378731223 15.54662482303267 15.39719817270474 4.332531249251133 
43.57155782230269 15.51646263697812 15.83325312360564 4.174208324489655 
43.36746980581035 16.41553074880017 14.75156742231429 2.013260778992546 
42.04175795153179 15.33518726357166 16.01241233360908 2.307062080758755 
42.57288125319899 15.33824986321237 16.01086101276258 2.129801317051914 
42.81791857013467 15.09387649402693 16.07448508647013 1.995225139003935 
42.98740938992148 15.12622803150118 16.06948793344964 2.555351584515762 
41.62119627436012 15.39284229643411 15.93084785019707 2.715310190547257 
41.84917567192898 16.15374856806044 16.50560073478415 2.269132742273683 
42.30904199189337 15.43678951737057 15.79715987790948 2.669510873272401 
41.87926127902916 15.54100294719866 16.34812665101786 2.25402825182266 
42.5156839440865 16.03842686859572 16.47348127134641 2.625563571645671 
42.32288827915421 16.26799943202601 16.579932737002 2.511201726231093 
41.60851670937792 16.12890246962571 16.34996589299962 2.805124972906526 
42.15191879694349 16.36389180453701 16.57847836503145 2.294892486418348 
41.6736043480854 16.34561888868745 16.65653965205174 3.28975627988919 
42.79773933014765 15.65750269303269 16.75743395731621 2.941631965493428 
43.28681903361424 15.3500492955357 15.97832156544046 3.172871903111542 
43.05179219342543 15.46194052910836 16.63751621850273 3.936423728076363 
42.70652889442771 16.17208873015106 17.04080155234782 2.783243294418156 
44.07440933229603 15.78925608822977 16.72012461255054 4.769541195895044 
43.42483130324982 15.52766842147532 16.44033307237699 4.459317697686458 
43.03759958633684 15.70757709607906 17.23053875099875 3.288034306582318 
43.48340179770722 15.91068428773746 17.72270297447064 3.261260812290402 
43.58357776499627 15.69333483711373 17.31340019285513 4.786454918547349 
44.05107943690286 16.01261934816174 17.45257305843048 4.384863381316109 
43.69879567706647 15.85263483919205 17.73194292362985 3.964417638318082 
42.96467628265665 16.17207510074407 17.364400225069 2.459969394635834 
43.60997016218063 16.4867458059082 17.87198204064029 3.306694173980389 
43.93468986818214 16.10321005646708 17.77639772643748 3.887095622437243 
39.06510092967533 16.73232209866029 14.1985913265652 1.631998388729457 
39.36442139039506 17.04642350712015 14.51477912425399 1.635054504606131 
39.56027572810791 16.7226444340965 14.27908420491608 1.446986448855 
38.96580075072936 17.55829614869821 15.41115330242096 2.651715134814822 
39.84724669497093 17.12049485490885 14.94647467276576 1.608194959991749 
40.1285766051877 16.72441471635717 15.13009902879845 1.740535642513535 
39.65921627444751 17.30805842694957 14.9224662720078 1.7855408071635 
40.1548350135368 17.257189213863 15.25999677283218 2.257280760640356 
39.21786979665052 17.36974571306411 14.92929500120463 2.147781000159483 
39.21013867030946 17.68569292058875 15.2979532092011 2.663018666499624 
39.69028561083135 17.78784661357376 15.22633795931441 2.457310294643008 
40.42249701366678 16.96492334099101 15.2011216446432 2.770845279980193 
41.02000884139252 17.28160737734619 15.10150673242316 3.432901233025405 
41.17254100152307 17.4040881969181 15.07731049550169 3.690606962518302 
40.48004109922015 17.32746689758896 15.25250433837685 3.32138533282631 
40.85555631907093 18.03402540355958 15.06227337509676 4.081678122684934 
40.21307592179875 17.73521319007838 15.26084092512923 3.180197299383025 
40.00929842864558 18.16310154103887 15.40274778272274 3.45209359722233 
39.64886782697831 18.37973421652404 15.70991812215502 3.75188808640533 
39.83760348763999 18.64420611244245 15.65812323935121 4.530268122274606 
39.98187535985949 19.26160509434271 15.60620488502128 5.030783690327041 
40.94222798309574 18.56348317801632 15.21543859226277 4.004217846173617 
41.34658557753625 18.2047730089001 15.05491202842008 3.9968450738819 
41.41047985532628 18.77150202492215 15.31985156876834 3.628974869338521 
40.36985630459599 18.33738507961004 15.30000583228279 4.084420614141948 
40.30067062991422 19.10015831606087 15.39617964330202 4.636142892064413 
40.71323378564626 19.26051939783456 15.41417092775828 4.153327101857144 
38.72590218842804 16.82954434891826 16.24491145378483 3.093087784464871 
39.17997819071966 17.21611940642948 16.70158385169662 3.204056685001774 
39.33228667489225 16.94106669596192 16.70638263678983 2.127679064716943 
39.79693626245597 16.83763075134777 16.59164399082668 2.424407648590517 
40.25808796602813 16.59278593812223 16.87666344835723 3.28693934040038 
39.38673108976449 17.40359784603939 17.06968783357292 3.176442266350705 
38.89787126455954 17.5899721957446 15.89620679883483 3.083101837914228 
39.01704122622598 17.80586690546308 15.85843659575573 3.184055061030648 
39.05549971699362 17.95155747712145 16.4737868518403 4.057187137367862 
39.0223524766593 17.41370403275468 16.4982182096355 3.485559679515461 
39.17606798296597 17.75380881345643 17.0361535419696 4.064998379561132 
39.95696635373669 17.37851782816851 17.30495498059491 3.608900489336321 
39.62592878793649 17.89327843841624 17.5562597989044 3.834349917052776 
40.41981067339726 17.1560081469276 17.67228239253148 3.954947268559067 
41.16769396029137 16.958218109556 17.84336407531888 3.996898251047469 
40.74347279249006 17.3954836256569 18.11286810671395 4.17964303081078 
40.30779772423693 17.47546861902816 17.79385281779647 4.002256575621686 
39.34541277012334 18.38478330829115 16.17165016913789 3.852382293897136 
39.35022342604273 18.61349185684624 16.51666660528906 4.827090491331091 
39.30808621878134 18.44868776706918 16.95631230651428 4.547519278213883 
39.53208309757115 18.67354236717377 16.05797683600081 4.865867763892595 
39.22498205225717 19.30246811904189 16.60600221737041 5.232954572101391 
39.5285308200157 19.15234513458115 16.06675958832943 5.371624183326219 
39.78880007173668 19.24114169668069 15.78447877089578 5.10612123107461 
39.4391538488861 18.33530208558228 17.33861963834537 4.040963751010395 
39.89249153279953 18.40342900683323 18.09875620940204 4.517357189903294 
39.12244615451651 19.26746596482101 17.05180621555696 4.675789852997355 
41.45815199595589 17.04162860495575 14.94809537018272 2.891549469246399 
41.84595247707604 17.28448388469989 15.12063743367471 3.403141599172415 
42.35378986109754 16.98114820930056 15.42130467466758 3.322213929751626 
42.78468232494565 17.08507229260897 15.47018246371231 3.516712555106352 
42.31647847971099 17.43560805695756 15.25642772321806 4.478520455602109 
41.51700290082078 17.54196575765249 15.08741973363978 3.657100755636606 
42.20178507274682 17.95592628637317 15.1734171521048 4.314367379779185 
43.27053594389429 16.7861717690492 14.99035015828268 2.278523587998734 
43.64790820699427 16.94407668136801 14.70609806199697 2.241072844003781 
43.49123737836952 17.16095131421785 14.93174640592878 2.517290269974325 
43.96856432816828 16.81650541778239 14.50411070586081 2.895943353408711 
43.13095396109009 17.48943441540064 15.26022957637512 3.485498525775057 
43.39912423109028 17.74557214493295 15.2506118895203 2.848620026911533 
43.10512842691191 17.79701077211531 15.29008700229096 3.726308419480432 
43.72086197510411 17.42586306967983 14.96958993435419 2.600875589101605 
42.40717663804691 18.65623699717175 15.46495113377057 3.579302804123927 
41.83262399440788 18.41968401988193 15.25602042696415 3.761464568781093 
41.97121878787273 18.88642193006241 15.58374416147987 3.571945259838714 
41.9327244961131 19.18709622739148 15.81461627786844 3.705097014992617 
42.67902369847659 18.38440877990279 15.33269523921909 4.025013985341218 
42.89900687449072 18.82564037799552 15.59325672512025 3.690715250564551 
43.56773111160683 18.06158744962692 15.48296153433703 3.033484883580314 
42.05671428712095 16.78706247801436 17.05840322545054 3.59200658726391 
41.94820167370781 17.04508857273285 17.86178397310533 5.163487790432612 
41.67007673612763 17.18669352695823 18.15603261271524 4.545565259093621 
42.19491076272288 16.86723818905178 17.24601503831581 4.081456228875879 
42.29550953569106 16.69611324042315 17.01787986857185 3.122227179195818 
42.68400861156407 16.93457708286495 17.89652560791819 4.518472460093903 
42.47923719541103 17.0748249511452 18.12947013985087 4.983789578827611 
42.9380788109975 16.722216379646 17.67807859853164 3.323177886734754 
43.7505329250272 16.86249776865413 18.11537718955035 4.253692233865252 
43.95856223354875 16.73196669794712 17.79609384565051 4.326174160821779 
42.88252969519016 19.1529906678134 15.79765305537364 3.74409303907612 
43.45043785656328 19.3666121073244 15.97971790519085 4.046671352876643 
43.64809268998189 18.64170645338776 15.78769445007442 3.81807117810024 
40.1752967818022 17.9243751473633 18.12726361346767 4.466330315538642 
40.45152268654852 17.86100694001942 18.55294146134101 4.78540152724031 
40.62509694683428 17.9801192419285 18.99711749878089 4.819096029630998 
40.76085264307428 17.62789903072301 18.57265613013971 4.883030452365517 
41.24907511092528 17.49385716025756 18.47498489196722 4.64834463441855 
39.88064413366256 18.74121012473448 18.57174652200458 4.831237826816675 
39.64092590471069 18.87677572015366 18.11589357305645 4.581164470869226 
39.670539628431 19.49815521076183 18.72899656687139 4.906382962910641 
39.95420967965651 18.7935788093609 18.9850507232576 5.102229145983756 
40.07674865419296 18.96704109045418 19.48110375872169 4.840782644607486 
40.43572740227643 18.19848799728641 18.88756256792025 4.79381077083184 
40.9232626381767 17.81177399592892 19.04085068200333 4.739843199211236 
41.07889587110581 18.21212501034245 19.30988016473307 4.409252846589823 
41.47755673976646 18.11589990240194 19.27374928727732 4.432044579752585 
40.70232467732173 18.32076134895459 19.27672513538723 4.768394502833871 
40.62717796944289 18.59490964582938 19.64012650780616 4.830518484795164 
40.20823064482296 19.10078950319147 19.85758940399803 4.888262118599926 
40.57098211731675 19.32979289286491 20.26712313619796 4.794191712708823 
41.17762705593664 18.75923204279998 19.77326841576431 4.414806959819089 
40.91219891934151 19.07974825172827 20.08969015031387 4.559478822750293 
41.22794204822168 19.21325062750832 20.11886842127232 4.278714023980456 
42.14058208454969 17.19563275691621 18.50658580005783 4.812271465573417 
42.05196594516931 17.41825059054451 18.73007276530403 4.527186263815508 
41.55672416620138 17.78244256873788 18.98950884688518 4.503778642389705 
42.38609546797112 17.44201004679096 18.67312040267101 4.497467479694251 
42.06110497983053 17.64430390489449 19.03412644331627 4.570058661554583 
43.0380089973576 17.17092778139821 18.41069655717642 4.344648391569137 
43.26215252188463 17.06467269678896 18.24252540348098 3.883531543772193 
43.94312913727239 17.06945016312974 18.48804310141104 4.196283616203573 
43.12720812464494 17.58027600054471 18.70622616330957 4.173347821264997 
43.42387478201295 17.41126459908741 18.5208898555847 3.704361478107046 
43.11100011834583 17.89382719185613 19.04002492781531 4.304733611093241 
43.52274524619123 17.9743463959505 18.70067101797643 3.969692087999334 
42.2558544416756 18.14039795559375 19.48167256046498 4.540008728720466 
42.85814851291779 18.12805071566908 19.30428447622981 4.407042126788497 
41.99640890851902 18.39311370741117 19.63484704451183 4.450319154414672 
42.66493191668444 18.82156199643761 19.85239918814623 4.501117366967378 
41.52877985161671 18.57129932819758 19.55442371057335 4.296082653112762 
41.90533709146289 19.24541832844576 19.70577733912699 4.13784336152986 
43.46298218842259 18.4131211534006 19.04761049469674 4.3935665496046 
43.65501306347067 18.41619169784826 18.89660564557462 4.268097444589046 
43.60741774808915 18.90081426617632 19.28374677457986 4.395533137873088 
44.27743890600114 19.31466915518713 19.26673962898192 4.278194821472994 
43.03408976587122 18.64647135620482 19.5882583313613 4.498583233313639 
43.12032597724646 19.00714696351467 19.86362125675353 4.544231479095401 
42.72323024276716 19.24296719816012 20.13723314372366 4.42393312828824 
43.7300132588865 19.25909133297788 19.57030891051481 4.452021790570427 
44.30472114427888 16.07706978093542 14.56279243322368 5.654582781890156 
44.22862261847819 16.48544222094923 14.49274696572898 4.38125748606177 
44.11261261981986 15.76428574881195 14.79696149175762 6.37708401046541 
44.26527784350071 15.76911467865632 15.38053507937205 4.164836090772553 
44.13336549268019 15.74005016066754 15.91260575087776 4.244742516900033 
44.45669857164015 16.00762751013729 14.93202102963962 4.501509427706253 
44.63682475613156 16.50923760160259 15.40695192309734 3.546140315103315 
44.56884138633261 16.14001803810521 15.68876541547171 3.605128778011164 
44.47810057512277 16.18711154591425 16.43370395775749 3.938366144905956 
44.36493153702129 16.55252006552864 16.95914367775685 3.472663491721875 
44.10274701850869 16.72512866630126 17.5706118991646 4.327523893969669 
44.18038519136877 17.29962684289766 14.91725338073635 3.710479269291341 
44.48076136200754 16.5302958318023 14.83521142280746 3.846160082096816 
44.6039908356713 17.04882743160171 15.36563310645833 4.689473787984525 
44.91629847701138 17.51649516615583 15.52918454828998 4.87617978315393 
44.67447213062687 16.97551003287013 15.84285921565125 4.508251325442814 
44.74062940149728 17.68223450987961 15.38729352849749 4.514559104136822 
44.23299468397324 17.76199254068663 15.17250010970476 2.96668421162164 
44.31230932081974 18.1659325667582 15.55184219390966 3.083339926587342 
44.12298495112582 18.54032887075077 15.81356580692248 3.437597985317069 
44.58518621033607 16.79477794469019 16.3959603126578 3.76423171510578 
44.63876046596169 16.95838800538383 16.39106784965333 4.115983679050885 
44.66929583863424 17.29233767285302 17.22991893052541 4.800499491402832 
44.99604895019542 17.29962031967232 15.92573401918689 5.055211829902987 
44.99804053533465 17.28595798342491 16.37618512887335 5.227023384425365 
45.14895042300554 17.54994425403342 16.36414129245242 4.303038709797931 
44.15611009910766 16.92519228347954 17.7936375700508 5.051943367935621 
44.60255073213322 17.35197915128185 17.85174969409741 5.040925542658556 
44.9540642607074 17.64673762078014 17.10572585306738 4.600370612786321 
44.39318112407585 18.59238743961896 15.99211098206019 4.300638002486892 
44.96081051629719 17.91327593319604 16.03950557213646 4.230818801239025 
44.61009693068805 18.54848549950013 16.26836169480626 4.321204029556213 
44.25576439144413 19.03682353745103 16.08831891251508 4.671773526710581 
44.63951810373372 18.8829546256603 16.58264925410955 5.028330772707989 
44.72706391404197 19.14383450326092 16.77262628448932 5.391155189382062 
44.53380940927765 18.38797953726802 18.01864660645379 4.375311795522407 
45.03937765742877 17.95616427520996 16.59056486172174 4.387602488771677 
44.83915304979561 17.81327322978802 17.55793220635159 4.308602008173978 
44.774160761347 18.46776618784684 16.75141100845953 4.445801512485218 
44.4564309796811 18.63336765258037 18.1778987761556 4.555681973128685 
44.68295599899165 18.69347531457097 17.30862954239234 4.343569861965648 
44.73322350227308 19.09439957057732 17.36682051843296 4.401532489006797 
44.22237820114038 17.20445373266904 18.45221573224921 4.447109670758209 
44.02846213438848 17.3725943426437 18.65137924395771 4.068708695431496 
44.43354810009231 17.49605837775055 18.41554529975391 4.636373004162692 
43.98041806185432 17.97572058404861 18.63406480146111 3.897408366841745 
44.37036119561039 18.04584101581888 18.40999032128776 4.34603438187537 
44.2126741919089 18.49045167561608 18.61254727005938 4.340760657337285 
44.18700682519732 18.71252669824215 18.75955195803979 4.471965644802594 
44.49440709255722 19.0763723016351 18.52836658244624 4.81849077680107 
24.11621113006406 22.31239615325651 16.44458317682482 1.199071844115252 
24.27373072664278 22.28337197762924 15.97434612903443 7.351588926098259 
23.73692874211722 23.32276539015845 16.83636200232064 0.978740658156191 
24.11985308027765 22.52032718947556 15.96063287518479 0.7989490843684592 
23.91656947701782 22.93979782198808 16.36080553620698 0.8328242682648863 
24.2982387129459 22.5304318456376 15.89782780594625 1.097860711745824 
24.05341779362226 23.35101436291173 16.24631848599523 1.097687765100531 
23.97611707835086 22.60648784820314 16.52363043952361 0.7746442191308773 
24.51072007479258 22.8675204243755 17.10819533440187 1.015082960392022 
24.0596317681583 22.70792464473961 17.11140521260614 1.191303627083215 
24.12668462785445 23.11818506217848 17.90965922116803 1.546915890677028 
24.28507445642794 22.6775466472135 17.10906472611861 1.16782276619756 
24.33189593539787 23.25862436757491 18.01332842840883 1.396039702810285 
24.54933746177172 22.63516623853097 16.21269647102614 0.8441870199749815 
24.53405502129094 23.22808211983747 16.40826192098566 0.8689800878496428 
24.44105522564726 22.32228161603359 16.4825846414048 1.216808966833511 
24.62603456095071 23.00066934675655 16.78247849524804 0.9013214126623978 
24.29367297109695 23.33545264991762 16.22216485206217 1.328209569269077 
23.84587608999232 23.76319816639706 16.79734107857374 1.09255109262098 
23.68018497990849 23.31589551009959 17.32443277686734 1.090719864410303 
23.87813607673476 23.22460201038042 17.90724949080019 1.263734310589285 
24.48151567123017 23.88548844031751 18.13229462210714 1.106986638500587 
23.66356059787513 23.98450436626857 17.52413595055909 1.17782297389715 
23.70181753268294 23.69865091027974 17.8938369271271 1.098180499882403 
23.63453596340415 24.14042066882805 17.87499597330474 1.237975291587787 
24.23523710890829 24.01019510630697 16.86501583122766 1.272751586726216 
23.77925825849168 24.49730761520349 17.41837266360241 1.397764697547018 
24.55837726728976 23.3837117379677 17.82633982367241 1.410854377708958 
24.67698725450315 23.68680737807406 17.37734622133913 1.093139908872459 
24.61366727240489 23.69807020777672 17.81777922874294 1.11074771439263 
24.49084008210422 24.06403985601199 17.1975270250189 1.09240388855811 
24.59722689256098 24.08882815627917 17.69390811181288 1.098809440722448 
24.5229334096178 24.48141074886021 17.95246015968512 1.226036292774438 
24.02270097423915 23.51153952660057 18.31999484464489 1.510475150256298 
23.75905388860303 24.072577824188 18.50814714498291 1.34361197270448 
24.02045859241998 24.05699777986926 18.70244996718364 1.675663972235867 
24.23621588619107 24.11688593284439 18.65436289486248 1.584138456288812 
24.53682458518609 24.37711817361257 18.45190990009327 1.885012079361275 
29.14932673329218 19.46448017483938 14.47388613249444 4.478780540284617 
28.92275393443147 19.41259694027461 14.94066469287897 5.493515915385331 
28.91840389853515 19.37628958606452 15.26624066795997 4.910108748501898 
29.17547065188201 19.83847967891411 14.8455249223265 3.95084199137716 
29.35009125924155 19.66301850044278 14.43887814433318 3.72834172092027 
29.0302307949708 19.57442591104248 15.82771854976158 4.183160942027541 
29.64232641214978 20.09272782775118 14.95976408247109 3.520470972140117 
29.76232683434385 20.38383021995095 15.16097908804251 4.308425073241267 
29.11211233140175 19.8659087934213 15.20528358625141 4.272967022668809 
29.47358000086731 20.16442169513686 15.83190891272085 4.446662499138654 
29.64240650842469 20.50070436289456 15.72622782596451 4.865299735078565 
30.08976406409636 19.6426188739813 14.43310971693606 3.358492842388955 
30.7346945454388 19.2457008158881 14.39650537946159 3.297483888903884 
30.80328372372162 19.9186587423935 14.51224935746882 3.693755775863139 
30.27303297052893 20.16050931685328 14.66090136032065 3.873022285569476 
29.84620846651373 20.00879944417817 14.74941216889584 3.503497546033742 
30.79029062648294 20.27004298407158 14.64702869649273 3.816479005420234 
30.06911213888941 20.49684366897938 14.83439764207815 4.370370186554737 
29.78768319809133 21.03671089884915 15.36609266782265 5.389929697430091 
30.0053794378456 21.28240364413764 15.07873240120743 4.84564062039658 
29.68704548912416 21.49973259864109 15.63232789218834 5.607408834885348 
30.42940049076909 21.03950924207436 14.7831294176185 4.342868890237696 
30.23370173514403 21.59462851359826 15.04433057297903 4.527185780386731 
30.06203400552178 21.84447916382321 15.28988803503286 4.819351763454506 
30.54604909256322 21.83949063676906 15.22638964842938 3.938059892775158 
29.16411946019748 19.59538350193252 16.27453617351253 3.9820550538509 
29.36974817101165 19.51465027807655 16.66082299406285 3.938288796301492 
29.78529579803528 19.8048139662118 17.0101882021828 3.835861840555651 
29.49614667432838 19.97724755936261 16.32586885849032 3.817673799644808 
29.64271731354236 20.26735927044614 16.52228914922612 4.146500120655674 
29.62385083873745 19.33688945335645 16.8993547331603 3.706573648194706 
29.67906576248759 20.32688863213543 16.9239374949567 4.188556007188879 
30.64587207833309 20.08345280109702 17.53273988277204 3.904187730308593 
30.25595591825461 19.80831522452359 17.27298324074188 3.372094836198272 
29.764715069428 20.460302704617 17.30376956446947 4.297907596749326 
29.9705931491945 19.99266074117942 17.26007938732068 3.791531905051215 
30.02682883026664 20.47562014878113 17.81626910901274 4.105741273533567 
30.62678464537461 20.43490094702114 17.91817795795544 4.071458438320178 
30.93472081211328 20.25994647853199 18.11043263355121 4.189944898067779 
29.62016672342849 21.59318032759932 16.12975427054284 4.702331059761491 
29.59948327655473 21.90414423770322 16.62164988126282 4.200037924092726 
29.69082680905109 20.83466529730241 15.83849176970026 4.739200238936633 
29.70913258632542 20.84686229520884 16.64732873723296 4.378905605057298 
29.70263309563709 20.89126860249846 17.14508921388044 4.351117635474964 
29.8148682597613 21.2217565600601 17.80520022048358 4.217995369476512 
30.02914443434015 21.20181864368146 18.12643328408286 4.090577079628474 
30.58058650686533 20.73570725494891 18.12739110199407 3.949163043231522 
31.32091364488874 20.08293481269763 14.47140543624213 3.870843713781881 
31.43000548004029 20.50555690059651 14.64654785173844 3.918156888274723 
31.76476057231989 19.90903045517305 14.44245213947218 3.824999921059458 
32.01860499109278 20.27695150760903 14.64280365672692 3.855846061090773 
32.02624917102414 19.2947229993956 14.35595278416186 3.553859222400007 
32.35798887651913 19.99236936802147 14.582038608984 3.792887681058829 
32.69802996018848 20.02718975276032 14.63430205950234 3.825878794577676 
33.03918570933018 20.32299801962209 14.70078564665246 3.900779073995636 
33.72702383058841 19.85746298156425 14.76313110995519 3.635671808198737 
33.42851652489671 20.30326531587221 14.78073112854253 3.868365899580766 
31.49680689836116 20.70683533247766 14.70555191309468 3.954925755978451 
31.15803267127637 21.09986111034105 14.89189787291448 3.742150380532138 
32.1496265131259 20.61825218496879 14.74458818078821 3.949405724478027 
31.98322900042533 21.30554692896593 15.07200473451207 3.912495453856764 
32.29176738297291 20.91527310905199 14.93167443999431 3.83925623571966 
30.89365192285959 21.48632344102927 15.040629939335 3.725333343635413 
31.57776781361175 21.83798167785953 15.35310609905444 3.923107682389173 
31.83283325670323 21.52962253549284 15.22615416134565 3.923900989013703 
33.05771888372197 20.66555900724683 14.8040091502913 3.932343347476518 
33.04616669965428 21.03051317010471 15.00220457786653 3.892470141875521 
33.6730790052371 20.75292528402757 15.07467068141057 3.856480077932986 
32.78707472330031 21.73866312748586 15.34852388310584 3.936892895705313 
32.99896202392816 21.33597112196842 15.19515315376994 3.909507380580578 
33.52335128405286 21.54145471511019 15.52315084685165 3.83980105995235 
31.1558761908272 19.50725081952421 17.69006386476223 3.988772538434176 
31.5246714272804 19.49246806726125 17.95451777630883 3.97774576972472 
31.22963823274484 19.61098893675565 17.83801475853069 4.156307923701661 
31.34855359799836 19.82374704918171 18.11847047368754 4.377303522087345 
31.97646489939118 19.32275585190519 18.06934960365039 4.028730344071306 
32.14815324463839 19.47988967628545 18.13232427565954 4.280711551690729 
32.53982070976416 19.44643432931527 18.11193339003161 4.58272932982328 
32.95605664785323 19.21726060237401 17.54548172431929 4.163947065249999 
33.55278283043812 19.68259718312203 17.54704997136356 4.074368679563122 
32.92698143529106 19.5519317395866 18.09609057774941 4.830976775276611 
33.25282822970357 19.78737965965187 18.0375401960518 4.416227273568552 
33.522261716081 20.19985848738879 17.95173317044804 4.285528919462479 
29.89090161655944 22.33649436431726 15.69348054977591 4.845898287935199 
30.20596319729812 22.35390925343868 15.51212176545889 4.536326935147997 
30.59890615944723 22.07529906833305 15.33365816506182 3.899026402961368 
30.53910217052362 22.45558439436922 15.57476035436038 3.777162951485764 
31.4671352193786 22.34240165477507 15.68140204207634 3.886901525782918 
29.60771996998662 21.85950067433593 16.9855516105302 4.20857721002551 
29.52837487540173 22.55048602953663 16.76912126395117 4.73446843805857 
29.69964824005803 21.82050047446673 17.66462092879402 4.369068796284637 
29.54634881635387 22.44304567025839 17.36811453731279 4.219448072954094 
29.62604171515735 22.37002322530987 17.81684899455897 4.19332938294184 
29.72325362946003 22.50469144802313 16.04958989993912 5.253004780664696 
30.31546329414969 22.81888067624551 15.79522651845441 4.046610199136239 
30.46818753530624 23.09604636026209 15.95644552168423 3.671393810883927 
31.12786543371827 22.92233599052786 16.04199441748839 3.69020039891609 
29.79293221042511 22.12720658373912 18.12388509319243 4.232340151603069 
29.68876817494672 22.85091947744385 18.24281436916386 4.241704167030946 
29.65220853557446 23.49243020097211 16.64376725532635 5.057222893619041 
29.53404843085025 24.28793393840515 16.7741391328538 5.473823927546448 
29.49744347012342 23.32634273369795 17.09535349107765 4.089266987640372 
29.5325983620212 23.32094051800242 17.8087965084358 3.974632004966281 
29.50375847981438 23.52456831970466 18.14843341991757 4.030156700680493 
29.2252172259004 23.99328772596164 17.11939557193719 5.374258386736983 
29.19343068438023 23.91690140950667 17.69002008208951 3.77167047542568 
29.07979407430574 24.21803741808374 17.66892315377332 4.430839875238064 
29.22122559308141 24.45071954509724 17.22172638396754 5.85592941759819 
30.19074728408825 23.44566035121936 16.1575386680589 4.276194876618831 
29.89069502503272 23.45464128304976 16.33527215580564 4.814633498582225 
30.61745683996791 23.59176837639249 16.35860986151712 3.477886939667059 
29.97779187537454 23.78514871334269 16.41651069900515 4.489428059117813 
29.98062120492811 24.21134130198489 16.6103626176141 3.674946770687086 
30.36050856717525 24.00763364172798 16.51015750217664 3.442158168978978 
31.48528901632379 22.09072518587856 15.53606437779222 3.899551648328554 
32.26851613716124 22.02874603389927 15.50251294679739 3.957872012665348 
32.27387203976603 22.39719334585976 15.65362215463208 4.017516004996025 
31.42618624649117 22.61909078276381 15.88815447277647 3.815131447701845 
32.84367259755426 22.01971777252196 15.55326370955589 3.950432043773503 
33.36208187341909 22.16155806755312 15.79175958349513 3.924638943043163 
31.89239746163804 22.53948930337535 15.79716930118605 3.94557624341391 
31.4128370536245 23.06106213521188 16.18080565075558 3.910802002847788 
32.09844337376926 22.98634174051682 15.97297935409688 4.04426919527927 
32.45142311609204 22.54763618956579 15.78913717047405 4.0224771928292 
32.35153014895757 22.98634980520302 15.97363169028769 4.039444576075852 
33.24908292311937 22.5084676306571 15.93292701627698 3.868395630450607 
33.35605425063101 22.67954627386717 16.09404269944435 3.941663129171218 
31.0136416841906 23.99879210093987 16.77181722487543 3.624031568370128 
31.29946897639596 23.44047344216861 16.4421069284838 3.800759593563726 
32.14069298567077 23.98421548270084 16.63458574242112 4.040269547285334 
31.60179354529415 24.00424561044456 16.76115207833782 3.900525999030407 
31.57536284409226 24.49969195232735 17.12861211136736 3.944603342998391 
32.12193933888753 23.50542028915507 16.2780952737417 4.003757863691447 
32.58026549810187 23.36989364952337 16.26006128772477 4.054649377998288 
33.55216415314182 23.10157858768533 16.40501867053609 3.89975952270305 
33.60131366845518 23.44515390003539 16.65141167698956 4.061338340283669 
32.57241527645161 23.77575444182484 16.53568215832932 4.051976741999681 
32.91515705025109 24.21971082399212 17.10137741329137 3.941264058715063 
33.53156854721964 23.97221836066247 17.08519035167578 3.948325986302592 
30.65623216387285 20.90531729695352 18.40655491150437 4.118443364672828 
30.08952555608773 21.46722296630014 18.4609842775454 4.142454788642226 
29.99257912317633 21.98082614098367 18.46909900768497 4.149034737738191 
30.84927417574376 21.14663567852596 18.82118748917608 4.107536728014679 
30.97301061317765 21.52872989829622 19.24077785519114 3.980658669825942 
30.52591905549529 21.55702274925104 18.91606959403905 4.252946786689733 
31.72291677001564 19.81932535482287 18.46440578405977 4.80740043720732 
31.0164475669485 20.37885282519472 18.52956103648285 4.171037515135424 
31.4021790659067 19.96969371908965 18.51381767768548 4.575308214653774 
31.43206365943346 20.25666463484109 18.97921772921229 4.597270867462441 
32.00790361532583 20.06532493954456 19.00699313486426 4.767729788264262 
32.09961847012885 20.33321550941983 19.26567101307065 4.800542033135287 
32.27502188476087 19.51006006545859 18.44101509292254 4.989924290019133 
32.87961761878979 19.64749189708094 18.43149257404155 5.07007484767945 
32.28543189903677 20.04506418552508 18.97766238617221 4.680149897145213 
33.14035892247098 19.87455251776167 18.42580561832111 4.646581086236779 
32.82049667187002 20.15505026346057 18.99762894828082 4.651026697278326 
32.85183834943463 20.44451672793279 19.15131701395517 4.66744393857573 
33.20159251522655 20.20359787499768 18.61806150759779 4.337861534956232 
31.09153012706921 20.96554292974286 19.20131845069585 3.856316920720445 
31.33414491143572 20.69359035554989 19.27125580482209 4.469227020775804 
31.42200593657101 20.77997548210573 19.59357805172943 4.702837693120728 
31.38887888702038 21.12009046922602 19.85365112322392 4.845621283245464 
31.10855603287728 21.14086170917912 19.58534627746444 4.023770364810076 
32.00666908497638 20.7744685755604 19.88735545808959 4.945387930426534 
32.27672431897657 20.84055804863422 19.84865248097814 4.795580120158945 
31.04777097549903 21.3979804506008 19.58075522085051 3.809613108202143 
31.31375405460339 21.45752492305026 19.87214828270505 4.475048953548026 
31.1950172315066 21.77178544643683 19.69532707979702 3.726291741187595 
31.5477646881911 21.73291333616987 20.11685464635314 4.311210106430735 
31.92472095883114 21.38788067514723 20.03454753086299 4.901260551580037 
31.75917704635907 21.61051919103734 20.11870593470022 4.752027538129369 
31.97184744848843 21.6394596502109 20.15976672575821 4.718470329511604 
32.54556964616036 21.75179562134872 20.09558306975878 4.629145260504345 
32.6271849810033 20.65228308021098 19.30006853856306 4.723011176022396 
33.06986259169869 20.47642640049981 18.93828469724629 4.457327421407854 
33.31756461980677 21.19423100878114 18.73297713144629 4.151931442975354 
32.62350443885541 21.48405821841692 19.89188960868086 4.636711404307221 
29.98879587532649 22.49829532345434 19.01302257888534 3.995834466021705 
30.51793273024241 22.05202320384031 19.02193511208348 4.212257069882867 
30.04250845205418 22.80554202657003 19.2881202381358 3.989383834123828 
29.772087057396 22.92790726765841 19.01686215747957 4.196018697233285 
30.88172587295968 22.59304574660198 19.4151785840131 3.919630620904144 
30.91491970492105 22.22433627731832 19.34789462151502 4.098006413087205 
30.32554471073323 22.90113832467757 19.70102361866516 3.968489558914314 
29.57595381662018 23.57293390920116 19.00247362603229 4.227277202012147 
29.22618108884519 24.29554920181042 18.50731514920754 3.983164281181786 
29.36450676231624 24.00902406795033 18.97528938555767 4.155958404695241 
29.41685091169273 24.09958808326602 19.28691177213521 4.352310254270037 
29.52821555207321 24.04799308860481 19.74977734077875 4.012921981319664 
29.24764256433309 24.73612014272873 19.72743940679673 4.21101224077978 
29.77377221749807 24.28209717382134 20.26470636207934 3.815027993943374 
29.79712148467426 23.52295201114387 19.56631672919314 4.293901422466888 
29.93384077841071 23.22231489819169 19.57283936400667 4.101665485507112 
30.24062596642412 23.66562587519829 19.87141363299 3.569494517649161 
30.72542184756141 23.36084295486627 19.82032848287965 3.550258644862225 
31.07460280946771 23.06117541765866 19.68832444674923 3.719774396118368 
30.38831913653888 24.13406815764684 20.15983671146608 3.341897215872507 
30.82621048364116 24.06197108568569 20.43157705924876 3.561618737714042 
30.39582088504091 24.38479175497077 20.42088710672417 3.347851608129872 
31.18760453336771 22.18770526924409 19.74435591482919 3.631003578204968 
31.62816957208418 22.10270378430516 20.50114509751034 4.337602417131279 
31.82448347598255 21.90368808738368 20.47020690403692 4.774845376446137 
31.19364344952751 22.75472414228687 19.66128194269698 4.02366135162066 
31.60339540372967 22.74730762504103 20.23917671975833 3.115744157569821 
33.1532036281917 21.36986044592697 19.13841011609906 4.195887688034475 
33.20578257978728 22.06561180877643 19.23760267202785 4.030891512422897 
33.69432719175209 22.52456915435907 18.83370890182368 3.912462097271089 
33.32576927874793 22.62658369601357 19.28129805094161 3.98082013503776 
32.82557106424827 21.88258924717517 19.93276228326286 3.84688570869244 
32.87553623866994 22.63867315536216 19.86083379769824 3.562314150011048 
32.71102868139921 22.08293664260918 20.3598007547661 3.82419017785648 
32.95255773482322 21.79361878552661 19.59087250165826 3.971364993285249 
32.99128224410897 22.31828307423072 19.58684944569653 3.866661571424288 
33.06029128068762 22.61900058806323 19.57416555760453 3.943773295786741 
32.77747508081328 22.6552149813999 20.15161428224889 3.109773328734008 
32.90609629136517 23.19796592482809 20.18969894083521 3.13728816105683 
31.39964402888783 23.45931728811713 20.08107062329137 3.622183661866615 
30.8805387579641 23.8413437597982 20.17437322167703 3.575763863755327 
31.2663823810894 24.10629273195803 20.54701161948557 3.713080841259597 
32.90359775703763 23.53119201234768 20.16268963868263 3.628839509280709 
33.30012035439447 22.98669782951808 19.46504154178499 4.052228366678577 
33.34522085258096 23.68038662517686 19.64623909166071 3.865851586506921 
33.07932750120013 23.25086839147201 19.80250220717078 3.9185139004272 
33.13437943440035 24.38750628610013 20.50842240182462 3.876141368044472 
32.38038199489301 22.3828643344438 20.61075231908883 5.004052979481969 
31.81797188976739 22.67463310756797 20.49382843061639 3.881801352176097 
31.85265815034993 23.00999957549308 20.63373336243949 3.303546569207498 
32.27063696028912 21.99218439359862 20.46544655581116 4.809795826801803 
32.51501077941416 22.29878470943184 20.60405430008954 4.950666972681177 
32.61321884108192 22.02165199997935 20.49223719042534 4.724609391562126 
32.5101069164131 22.67697373896138 20.71216720653927 4.631796867351113 
32.75450952094121 22.61920040314405 20.44682064744233 3.437083375382997 
32.50933768352369 22.8531656290495 21.02755156213438 4.621782640216964 
32.74369751947934 22.83319127004434 20.7319142086871 3.821242954312027 
32.87424371519814 22.96335303590108 20.51396664545178 3.247276426317768 
32.78981208305279 23.00042924399227 21.08478473168531 4.590057143238653 
32.32680226175304 23.35172843757013 21.26795616701629 5.084788002534765 
32.9360769490351 23.23031740861913 21.05877984338499 3.978864423916775 
31.65050064736567 23.27290273524511 20.64864071607793 2.74690395318359 
31.5347819153011 23.90312154760705 20.72746289429883 2.986576580688961 
31.59333711004839 23.91620723142024 21.03081756254596 2.420468429193818 
31.63537923517271 23.37878392295115 21.09735823573632 2.937369090529927 
32.00946882298003 23.17864643296832 21.11353893735146 3.873929923099979 
31.79268637914871 23.58639796951436 21.43112958568539 3.6381244841034 
31.04522027393656 24.5659026364973 20.763206608133 3.57603216672706 
31.29581528091438 24.43484985894029 20.95205399206038 3.292885514368521 
31.40144604298946 24.64506695065191 21.30691297210797 2.992253243113424 
31.80847532826231 23.78539568869508 21.44127690737334 2.895809927066011 
31.94226178311646 23.71959715607149 21.57679350519416 4.368559745781511 
31.96856114078479 24.01985944477987 21.89609339618877 4.368862372196475 
31.72814657926174 24.1873280704312 21.8484486103783 3.031645678794803 
32.82636648030629 23.61855266549241 20.69444748892407 2.615671651992329 
32.87692369593284 23.83505935787487 20.49999525398122 3.55848732780521 
32.66549532432764 23.37037650539406 21.26560869083443 5.300185012243617 
32.62074770872742 24.24825695227021 21.21881644914078 3.453532522979742 
32.63467571801121 23.87594289417807 21.07596207671174 3.617627587349318 
32.30556978542889 23.81473323118887 21.35579964722328 3.640573776006619 
34.68695009646905 19.33854139377074 14.96791664137597 3.553696306901855 
34.92435833049092 19.34934012264914 15.39698246470275 3.891035083548331 
34.57214792650755 20.29329341904807 15.63533536771076 4.393669036505514 
34.79088056717332 19.93276595511881 16.01371745978264 4.846774744309528 
33.9731067022552 20.40242533010283 15.06971449492462 3.941797038942696 
34.27139484156064 20.25748675490875 15.22818254015631 4.079356214264692 
34.45374530540055 20.62577518165717 15.6348543455438 4.604571125437474 
34.99999441447794 19.31315067012105 15.7371107679964 4.582995699079902 
33.70955048141479 21.04033227152883 15.29949545145213 3.898057611690461 
34.22500338147974 20.88454800206909 15.53994711461066 3.855190531667944 
34.11224809568289 21.46159060451583 15.73639027642101 3.452887145561249 
34.41127132130971 19.48712043566429 16.86322606605593 3.636789253818847 
34.84763385397319 19.21899536794338 16.39232018518514 3.876545031074016 
34.71758795191168 20.38507350484149 15.99971178738132 5.746196402731982 
34.72455878589934 20.2114574902126 16.40872747163579 4.677867629884759 
34.61873568372067 20.3296169191379 16.7162112965675 3.804776161564888 
33.89214280270896 19.66539861377573 17.23680769451555 3.771384043874775 
34.31268851546413 19.99165396850176 16.99318017815077 3.722913057458868 
34.3721888501623 20.42867066098821 17.10125046142559 3.570596976977157 
34.93020648385464 20.82566779075641 16.04050455098566 5.767332875759223 
34.77681627018903 20.95152436804241 17.11175923936294 3.611221189184619 
34.61577823965158 21.59087455252949 15.86513056020943 3.721959494194465 
34.7477444372765 21.72713390594249 16.04569710992554 4.365961316100311 
33.94471570720664 20.5950573780658 17.61902752849517 3.941361711328199 
33.57244558174752 20.73143341078313 18.11614415296476 4.123261699302134 
34.15154125030383 21.17604392833495 17.93353440613335 3.816199583586609 
34.91897583279869 21.45144501338286 17.44125323462363 4.079012979832385 
34.20727330019786 21.52354469500639 18.08725922504983 3.900983322654298 
34.26268875335638 21.88787603625077 18.10809071246241 3.935598273438103 
34.77384352240631 21.71841637280781 17.62246462752391 4.075880361351608 
35.01504698437654 20.79427048166732 16.43931821863746 5.698281842839435 
34.90205667471352 21.24588153120741 15.93705335414036 4.862696954538364 
34.96838427251298 21.79302323537776 16.36523744096371 4.638998022426676 
35.17936818246992 21.41577691701759 16.90560936706308 5.125144153484882 
35.16865157679186 21.68104517671247 17.06318029297652 5.497034793459648 
38.67796793919831 21.53488404168547 17.83241825796192 2.769477176538743 
38.31028154978419 21.83343749936958 17.82674506760149 3.51813190199826 
33.95977299772648 22.17824520263498 15.9658558603159 3.72177434097253 
34.22819224588114 22.41438431462711 16.25651534127915 4.040607947429862 
34.46526849027328 22.28678246163319 16.35594596679508 4.530516604666445 
34.32293615718962 22.72266954878214 16.71156379608549 4.995077640791521 
34.62164275060431 22.30629164560448 16.66719937073922 5.121803177200832 
34.5847403272892 22.47750624014751 17.12464272697657 5.319677827426005 
33.72528375607374 22.77090166220634 16.20837425718338 3.799125604294431 
34.02996639618337 22.98042927036483 16.57386481167905 4.176343629401629 
34.54055536099683 22.7938715071483 17.37567313412952 5.344086629850835 
34.68358339682917 22.28408361587063 17.08877834873318 5.356914412472349 
34.63781729492348 22.1130912378312 17.54095496938963 5.125816602914938 
34.47534977870328 22.20353802677292 17.83357413911397 4.325739558350449 
34.54866255119052 22.98752585244293 17.71131270172284 5.175150026270614 
34.36235241198527 22.40552479574441 18.06396647080843 4.218616092027332 
35.20232160998356 21.63880426395934 16.59127475683513 5.598289917847865 
34.11518975338896 23.75738606102473 17.41458794882901 4.902769816224634 
34.45192334004734 23.23824728698299 17.45054586098918 5.300644269582619 
34.49429274977915 23.1978121966571 18.06517696112424 5.048230151492589 
33.87129747580988 23.94953088221384 17.31163510502885 4.000628629212116 
33.6288124797663 24.52984615087311 17.52522648014581 3.596740805285862 
34.0506084122499 24.59889115591523 17.91043969632207 5.096960739162228 
34.23560795458354 23.80292030125591 17.70979222888664 4.927748097749827 
34.34441495250753 23.66330909329275 18.04742812627714 5.103819626663039 
37.85781775678367 22.41910273941812 17.81858108864278 4.356317395410031 
38.02464927026287 22.33781708630114 17.49885983770935 4.721318208442199 
38.25140798267729 22.07427086620853 17.40632342336304 5.108399147476064 
38.89043339186062 21.58940711585553 17.26940521234636 5.507378719020323 
38.42800057939176 22.26252061445402 17.1258487125299 6.26463122529475 
39.0049950643627 21.9073079641203 17.09696507894799 6.061456261948706 
38.08983835865313 22.15778459095449 18.45388494218323 2.865008262482263 
38.04466345929212 22.66889290279505 17.36481778056898 6.206151812890027 
37.78396024150504 22.90466888505552 17.850680649392 6.040805151414474 
37.95920562424343 23.19156289008204 17.75029924773601 5.010771189208413 
38.42666024540969 22.58537239217356 17.13496976372653 4.59528445861406 
38.28304193174915 23.13020734999323 17.47373633724072 4.242097194627377 
38.68686050891659 22.9444972644183 17.35308770216299 2.421750724027191 
38.31331453412771 23.74522921769524 18.22104349126526 4.236710831184041 
38.69607812260828 23.592747340706 18.04637462456233 2.932968196650336 
33.71189893542086 21.40217661947095 18.42916087454441 4.071017551274736 
33.61315334396436 21.91960579693612 18.69546414003624 4.049317883721244 
38.89023056191927 21.57661016265937 18.47100279737514 2.916603165660945 
38.43939711327488 21.82453447575981 18.41290467102766 2.72384053304765 
38.91153670120599 21.82841552179569 19.21345953068894 3.374809288786167 
34.18044918517688 22.50274531467769 18.34175254025515 3.794304369092458 
34.07463209057557 22.97556799954916 18.64494553916401 3.736497406117792 
34.2743455246922 23.07071576977724 18.47942632384472 4.059717887020156 
33.78599118867794 23.35570267064765 19.06536083222731 3.847692309608362 
34.31835868515679 23.52867106723482 18.35356745731103 4.456177827774013 
33.81874777911634 24.22830435009035 19.35681389221243 3.566509103231255 
34.06660646774072 23.8556337030689 18.88867260627338 3.743235919852907 
34.16758939561227 24.53307517426362 19.06292020580432 3.448837946117578 
34.28989785197385 24.48909424601723 18.28970432442411 5.061606142348239 
34.23834761383434 24.38595659293311 18.7347599883483 4.156187066507187 
33.6665928528315 24.34199755720633 19.60154522066806 3.622964399342919 
37.74387118410905 22.56932064812414 18.44261335408527 3.960198755373369 
37.64366080707178 22.97176987256433 18.45979295339603 5.189749575363123 
37.64032173492792 22.92601722941946 18.9821071760243 4.283088087562874 
37.87528628587816 22.48325190583359 19.02995038829295 3.164117733086982 
38.30561637152652 22.14429099612682 18.99441248091735 2.702236100963404 
38.04265947443265 22.71715923285377 19.62790622995333 2.529065386431967 
37.85315704162364 23.00510977117997 19.57979828406117 3.519092474979942 
38.42126766276051 22.49603897298387 19.59538169165768 2.40591238869132 
38.58217085726594 22.94438200681152 20.13549587550281 2.782909486847018 
38.30187292893022 23.21316304617922 20.16921770839621 2.696170520087122 
37.80711664671274 23.44573251211724 18.43100292552882 6.429304953911469 
37.82152274726058 23.61947671532103 18.99980373454519 5.76007419265909 
37.9102994174282 23.82494460987799 19.27362123001069 4.464175673475552 
38.05204764322273 24.54251573143626 19.4998282361197 5.729350843537361 
38.89710631581764 23.88712080227577 18.36554268442359 2.959686821775961 
38.24035573070984 24.12972161798753 18.7547961336035 5.404180210944958 
38.46921698292851 24.06479569356761 18.479181913718 4.424732719486883 
38.73852050935534 24.53610387386099 18.92269766424629 3.339850378426888 
37.8830647014877 23.6452581107691 19.69792546055605 4.123176132408446 
38.09713138525008 23.47790446907037 20.10424630081133 3.24858434287637 
38.3045373385046 23.63361438496413 20.72233305220295 3.110416772437389 
37.89207235002113 24.07295015392125 19.68730075206308 4.306063040232459 
37.9645175720083 23.86312934649439 20.09514524675226 3.895639259229029 
37.95653802625448 24.46909810954529 19.74026678744208 4.436267813556299 
38.01282337596307 24.41706205472412 20.44209135896283 3.94986014752925 
38.68911370577509 23.22956885537913 21.34463312201954 3.41537355582517 
38.55841240544921 23.26199495119301 21.86475611980608 3.306245068645723 
38.5129808190363 23.38658300852656 22.50337597701843 3.136816576283991 
38.70603444344661 23.13952289658308 20.70545953832381 3.495418967726295 
38.13039962436567 24.00083799265613 20.77509581609389 3.493266742807094 
38.21777222945731 23.97737061684051 21.37324849672603 3.386259541105062 
38.47386112652423 23.4320820358685 22.20624217994787 3.289069085881408 
38.34015180205832 23.91640865296537 22.45219568694431 3.418702688104162 
38.50627308424494 23.70893525307112 22.96506972371077 3.230485011146271 
40.14877880567305 19.8090793856149 15.80146157510726 4.985246633164195 
40.46572972760664 19.91896632287283 15.72367747074767 4.436330659297425 
41.28987269469006 19.20861270168072 15.54784222268997 3.643042163346564 
40.88053576637183 19.85159506249236 15.70804299262617 3.953254784407648 
39.15108855704066 20.02372356551366 16.99549784963622 5.057744513270393 
39.77372572577425 19.54158222158119 15.89167492236472 5.237503636901408 
39.35970208138716 20.06674723816953 16.55697100689764 5.738914998479288 
39.69217077993709 19.93048950554092 16.11439272015124 5.307446112487639 
40.16294446434448 20.37643637741783 16.0083005965836 5.020549503098948 
39.28937596660095 19.14126030347642 17.60521680678606 4.447069062740866 
39.21685065859831 19.77275046394662 17.68969458194963 4.536344338584001 
39.1290819813505 20.08103232581277 17.32930691830389 4.487899457322101 
40.57467864890212 20.41892825491803 15.94801578800765 4.1047081862352 
41.12697938371954 20.1263055426916 15.94642301109065 3.692048305419604 
39.17472601002098 20.78597884990503 16.94643172661601 6.18769111814845 
39.16708719730453 21.43830650916371 17.04928194154206 6.011295691954047 
39.4252669492577 21.01389599838681 16.70416602777562 5.982704263742846 
40.06851999896104 20.76731859967773 16.19485110026397 4.874447657842722 
39.63628979172147 20.69854539306563 16.41727842408465 5.710708863004072 
39.88644425484485 21.07780110643292 16.44505074262679 5.145162939177624 
39.57529097259537 21.78007875983248 16.86958891997631 5.122506082643895 
40.07569258359901 21.49076444032195 16.63050043939726 4.002750639832698 
39.09288543393065 20.69922204281878 17.21119715868004 4.644717951726761 
38.88304178993578 21.43839336588598 17.46111882681481 4.627646631292862 
39.04700938932606 20.72189350994153 17.47315770175688 4.369864036624278 
39.12370176184765 20.46897348558607 17.84130446078245 4.257874859651622 
39.1449823128878 20.73324443594731 18.27291150768704 4.128964225166214 
38.88300558151276 21.28715359644707 17.72210108703874 3.668986577284386 
38.9323132153202 21.48685712994401 18.27166327450346 2.883376622327262 
40.937080097874 20.76519047743871 16.37181695719343 3.500541620771287 
40.50710191705966 20.99778434001121 16.35619561429645 3.833273079450009 
40.45608535886257 21.44859871593513 16.70795876281131 3.372397462613236 
41.14450263563879 21.26381686683959 16.94948670360034 3.55031496431485 
41.73823629181847 19.59792789021686 15.95320755570917 3.717753663826755 
42.11936573490178 19.42232424248131 15.96188150610129 3.786160044471217 
42.87107716283848 19.42247067303605 15.93548967221017 3.767756877754209 
42.28380570651734 19.61742719680275 16.1329634378275 3.816302553916302 
41.64438652845183 20.01975321504208 16.18350824502601 3.659960720286648 
41.55426016381762 20.35890973728437 16.42291979227171 3.680511035920688 
42.32792581869792 19.93758594250629 16.37810434631935 3.904429202983152 
42.4035709423402 20.25800397166789 16.55009661359736 3.986755915287176 
43.05116446339682 19.63181611599914 16.09857315060846 3.821840713995897 
43.02516061158352 19.87316677029816 16.22958344452694 3.79094671451557 
43.89290456618252 19.38385195198392 16.04251689538311 4.286263247776105 
43.24348571940495 19.68644104900956 16.12379016379147 3.828849464417857 
43.93384913395896 19.84001503468343 16.19913783018861 3.91857384559566 
42.55009710398065 20.66985909287706 16.81142329793972 4.056970077846586 
43.40772383356288 20.09720777678559 16.38213842875106 3.844706170047289 
44.17890854109912 20.08633454809337 16.43314344354134 3.679256538242043 
43.46766527992034 20.32052788685746 16.49847055974238 3.910107557408338 
44.53580210257584 20.30602066527324 16.69732829574268 3.448669471188481 
41.67271512482382 20.7448463504804 16.78369720252995 3.736050234498236 
41.73745711433608 20.90779964812654 16.94697700687642 3.810017254660465 
41.83987326582391 21.1483910245575 17.12187576680046 3.947101219493788 
42.63538753247921 21.04279329811729 17.10103321184463 4.050620482563289 
42.27311041912296 21.20892035748619 17.26316079408487 4.040824281807971 
41.66859484852881 21.98918676053987 17.81042395690672 3.851999418305041 
42.05839637670934 21.40438267951833 17.37894987499274 3.979379275565236 
42.29575906625092 21.85964204387357 17.83570744495188 3.914056445380595 
42.33785109906717 21.71187831267439 17.67580168098398 4.000840612731224 
43.23809805028279 21.86627366821321 17.87292412952123 3.87243733674822 
43.26363174614137 20.66366145544312 16.77609726133643 3.891399105418088 
42.53165886954601 20.81866117571707 16.95365317806011 4.038826754097698 
43.68582119735667 20.84621060221897 16.96375867974658 3.839482963816494 
43.30659408408388 21.04466857590732 17.08950753215473 3.951135674359733 
42.34938065911194 21.53062474761214 17.53745692262148 4.006846248439047 
43.06719836757452 21.36784332443084 17.36797002983948 4.018727960942215 
43.47455324791929 21.27622518008973 17.31889392561372 3.94817249766561 
43.65910318186677 21.50676493753764 17.54246643628403 3.888104296582327 
44.17383016299895 21.69845107126556 17.64987760035334 3.788776602731588 
39.19690633280415 22.19236855064001 17.13474658638404 3.822305772480235 
38.72038016916036 22.55623050511281 17.11093460756117 3.623213606877925 
39.75808081206736 22.05820227560744 16.99283241210128 3.785408554435975 
39.80603493595169 22.46564846187238 17.33783217253613 3.488967127256473 
39.32517014784226 22.59364906315037 17.40908916746866 3.094959137264112 
39.25944358183978 22.95671311944206 17.75787946543415 2.690182529529693 
39.99781247791485 22.63099879990859 17.57442651204255 3.361051872624756 
39.89369968315033 22.94023549085312 17.85834093680251 3.340439436392757 
40.06118506678983 22.203042884545 17.17545404489639 3.33070269737712 
40.60183648495709 21.84387192894359 17.17213081897963 3.30813575859608 
40.20995404312836 22.40153720176507 17.43059214271855 3.202996283977456 
40.89751121437296 22.35064656566591 17.87208251613712 3.514952390926027 
40.90346135259651 21.85331423506191 17.37869461542994 3.45597287145057 
40.31730141285734 22.72907645470605 17.86180784048261 3.242813895268995 
39.21309590364655 23.36761644073742 18.12239622250425 2.740639441365204 
42.25629665713829 22.03692538555497 17.96872055033004 3.99509071084691 
39.37539114601752 19.94752243856453 18.18500465669375 4.527442964496572 
39.64563905458303 19.88347236318199 19.21053034949397 4.913413951056384 
39.48292166006916 20.15406943312544 18.84513889102122 4.706691587338128 
39.71005044702095 19.88876208935471 19.76588650620379 4.721596663418268 
39.53943552829421 20.42246171502538 19.41072014938281 4.779490160144178 
39.66047197538965 20.58807481214938 20.00196339550111 4.360934623667731 
40.09872451967371 19.68094477137791 20.16256736784973 4.814233219554126 
39.89313888832298 20.30287796619507 20.32244331535712 4.483960479639791 
41.22047262059531 19.72392312536462 20.48116579352149 4.172308449392517 
39.19941047802455 21.21342491703541 19.33423994750568 4.233159079952827 
39.08844165040487 21.37864160577712 18.91748625711268 4.060341026714866 
39.58142479994228 20.91085465817586 20.15686428141665 4.330630407296439 
39.26621809629265 21.25655078896578 19.87192606118973 4.198901866464666 
38.8788931734824 21.92254090662811 19.66605739682509 3.89250253160364 
39.2080789275754 21.56796455604197 20.32451110134587 3.962865831941031 
39.9973801662073 20.41595276955677 20.68033953319656 3.795268084361197 
40.46148432307948 19.8258720634505 20.54216191295726 4.725548210248803 
40.29285496811215 20.13641156299756 20.75302131328455 4.714005864747719 
40.52452564437518 20.07201802399718 20.75486024684097 4.58815388414007 
40.96854447258583 19.45669376110112 20.45313540072618 4.481666126659889 
41.09511044051971 20.31129559091579 20.62351971869411 3.739813969248559 
40.89124753733021 20.32520579157039 20.78360995160347 3.708708227963513 
39.62763219687236 21.0704829930015 20.66023859160434 3.505155706741931 
39.39718916515797 21.4843105732208 21.05841198152776 3.183252569259338 
39.76205521957812 20.96574295825712 21.06624653148398 3.368331343162339 
40.01503936489992 21.06406294522916 21.66852788305605 3.566277057417864 
39.1119592019018 22.03439052121178 21.38116745624201 3.024194107612288 
39.66257068365614 21.40123624609149 21.59440402087609 3.131230556755384 
39.81558309118623 21.4976598479842 21.89879899994922 3.894341252960373 
39.95901694250708 21.53288214329209 21.98188085286244 4.665306216519866 
40.14390384932734 20.40627443430317 21.03280454797567 4.207101785395366 
40.28962105508247 20.8728161301185 21.642808179669 4.580319920794238 
40.58302609137734 20.81127008465754 21.49767444306581 4.148378241457806 
40.98183783891312 20.8330388775076 21.03477309026234 2.844669688652942 
41.18033736646184 20.8635290203014 20.6187790824158 3.423117601418312 
40.71095387825319 21.72645595489864 21.17061711202972 2.668521052849655 
41.38095964468843 21.94804597532437 20.68435566611895 3.305040122416813 
41.00728584022482 21.65784850784804 20.74476765198821 3.256097792942455 
40.30536775679711 21.14280784498856 21.82861236434523 4.616820727240622 
40.70976850215651 21.0762924734275 21.44983663963655 2.704158213784325 
40.16898512757719 21.98748495110053 22.05176075769909 3.453747890500296 
41.5280624370195 19.63467712485116 20.0923502968866 3.930158249400421 
41.82258374361044 19.69137967908969 19.97380781988097 4.118526997851404 
42.48405047599131 19.06695141411248 19.93625254473546 4.280786483151303 
42.49134019024341 19.50328673599721 20.14359644823963 4.189827908303528 
42.63297665734392 19.57447785476109 20.46433259019409 4.343485745358294 
41.64164260940123 20.09149035100945 20.17162666204455 4.000253730194856 
41.46306370661195 20.25064159518685 20.4115426346579 3.90147037714803 
41.72474523183585 20.26558022765126 20.34971828465435 4.086288099510966 
42.27573183550721 19.90703910646587 20.11957010497327 3.994918851916367 
42.3019269479223 20.07964262333076 20.41155108335135 4.130990275174383 
43.12578417520284 19.24688382262573 20.15227999227669 4.573282164645605 
44.054052538333 19.79464512793045 20.15157456608576 4.67460206849006 
42.55781751942337 19.9019083115689 20.52258028813001 4.180683852969594 
42.22644734422163 20.29124086540357 20.56561724906315 4.161816111197027 
42.0416719969521 20.67103079271383 20.44642219568204 4.213865437426932 
42.40830270340478 20.35845983719269 20.71093109875513 4.26478740774678 
42.91005324322452 19.42357564856451 20.56693588753706 4.645914437952058 
42.95961578598008 19.77897083809903 20.857690180124 4.487299038779952 
43.22267591297469 19.42846484837551 20.47433131115083 4.684054067955515 
43.21010495699938 19.81794202494979 21.0083390959729 4.624260696132467 
43.63107480286194 19.94311442761386 21.01585868916689 4.572469520869959 
43.23127881832511 20.22228744855724 21.30489834373834 4.531677317162178 
42.83699871212009 20.22869941006464 21.14350998313583 4.430884350685631 
43.94992476491017 19.84092696782943 20.53515128631038 4.404439829677074 
43.99600647277367 20.49872985301507 21.27006802174726 4.280526881897572 
41.72243500017937 20.79077060784301 20.39805726078596 4.009999412642884 
42.36149884470137 21.04161560027977 20.71371396323226 3.974502446053805 
42.11975217639674 21.16459179356275 20.61977296605368 3.877260505665305 
42.5809281577274 20.61533678691427 21.22543136730205 4.135285539866004 
41.36400884837479 21.31577549592961 20.58528941170939 3.791452139302862 
42.40005427673787 21.54501884966854 20.74221428499561 3.884667601400253 
41.67480573826317 21.83675327753667 20.6533143196913 3.608625660076086 
42.44182513369605 22.08451103798458 20.96456157333428 3.199781482604436 
42.79062749485151 21.15656926414034 21.50822363476819 3.599756192287998 
42.85670096959448 21.73812183563718 21.31547383138385 3.583122374898096 
42.89459550462795 21.77337244605872 21.53897427836412 3.67902497585743 
42.8260692977885 20.62323514658256 21.56553992708126 4.497419620245239 
43.20104182382375 20.73229119371653 21.82947357286136 4.553729404294756 
43.48196120908173 20.40196608301263 21.42295466068128 4.557913480367461 
43.70894494415608 20.89422427570391 21.94275151681066 4.403565790446635 
42.96755422365717 21.22582584432904 21.86021414527059 4.224677322044613 
43.24681916567721 21.29667037352506 22.14282751603941 4.4944852075634 
43.03859739366557 21.80299131446653 21.98942168702447 3.805215598323997 
43.7360638343836 21.419179160343 22.1863699672076 4.168805524467871 
43.89931021821609 21.73962685714493 22.67904732762664 3.832309605895659 
38.58254437633978 22.30022747549111 19.49884782846969 2.924646453667606 
38.82215086874521 22.3888336670517 20.08429629676576 3.869065904451162 
40.80173113674278 22.65983082299354 18.13412640802929 3.491797361036674 
41.42966361424897 22.42067079734858 18.06511967304055 3.73969867148503 
39.79566028095377 23.31369965919992 18.18678505196383 3.065492944679306 
39.94970166993217 23.56075368020998 18.5229905513501 3.108942556379191 
39.56201447253409 23.7448984434075 18.52233191254198 3.008786990746302 
39.46803424912795 24.09618003268755 18.8388508962183 2.90562667354439 
40.4636696106563 23.78974970016639 19.18169001955972 3.196264538245231 
41.25235898536836 23.45946672646973 19.03802239881507 3.570791073631483 
40.54845464627277 23.2874039163351 18.72790602033017 3.241773798253348 
40.25369511568896 24.12808638912865 19.45964085353324 3.257243277431684 
40.63541653628324 24.41473988016307 19.84717055004824 3.263989526027245 
40.93446654937112 23.97134218019534 19.50232935010685 3.232819005285961 
41.12933392855773 24.30199328074082 19.83855475272695 3.281620898700339 
39.22727316519246 21.70134102902056 20.74543952276849 3.747603940575601 
38.90645944525367 22.74345852074109 20.76193790673811 3.854324952441118 
38.93247841099967 22.7831458776072 21.33610846477166 3.25665325260826 
39.144314192893 22.0659754120895 21.90724876247852 3.348743534225093 
39.73842343472795 21.97616359825367 22.17470092739575 4.382359703675377 
39.42944551415356 22.39023766116983 22.46255837967923 3.871527523788217 
39.87615363493532 22.35280795931052 22.62557927591173 4.333461849648586 
40.13050943412642 22.33797647662908 22.50973421511645 3.54772596149482 
38.85235110348572 22.86867387785474 21.86641597303722 3.084831546081546 
39.15545881697072 22.71798495800827 22.46884778205885 3.213895185775158 
39.07881930404075 23.11120715172714 22.72549969033977 3.313023223540625 
40.91631277331047 22.17350789087294 21.02179791915993 3.307620906947619 
41.10076202832295 22.41590689321964 21.067557944602 3.198424498024877 
40.74362032079944 22.78800020887537 21.2868099364108 3.215107141721347 
40.52526703153747 22.63886056130763 21.38400646598928 3.028927600491073 
41.28047855387223 22.9934601327292 21.37574222625685 3.248979062473524 
40.71906117577121 23.15115606268279 21.55013387536311 3.11531221395677 
40.40336137219774 21.61504634450358 21.75744673937184 2.303717237044481 
40.2619985671833 22.33129471113103 22.12113179850503 1.969433125988346 
40.24343883429636 23.01306995772674 22.14223211726041 2.011437889928288 
40.22087477696609 22.84034118448961 22.49751153988864 1.969545160607623 
39.99503435063696 23.91612429728541 22.49410723546953 2.367265158471071 
41.1783816476449 23.55672172149732 21.46155025901626 3.127821658728038 
40.38746121206756 22.77980868365874 21.65425656135564 2.594275819425746 
40.43257721243997 23.25950320930652 21.82694283816714 3.069351189755707 
40.14510821031539 23.75090523685309 22.20480153257049 2.76992628187341 
40.82214392515984 23.74485822728771 21.72354328329607 3.0500534380852 
40.2270952914892 23.18085317454327 22.66171440404612 1.947970942821996 
40.10849491031031 23.38148431579187 23.10480752643732 2.657169661715841 
41.35477584562394 23.99098231594022 21.54651677277284 2.963656980614445 
40.28697478403909 23.90562610186295 22.13711566362668 3.052225725298683 
41.48289838022968 24.67407335929803 21.88243950307141 3.460299800727142 
40.8608816418871 24.26103756861434 22.193737016761 2.848878419593319 
41.91986017239986 22.41397584489914 18.30160807781446 3.84185684083036 
41.24565542086813 23.15640664721532 18.62137404104011 3.879469291751519 
41.92962801227427 23.13770378813507 19.06040719170229 3.746936325433325 
42.02132215558203 22.65731185501778 18.58918464660102 3.817513543004935 
42.7478739904677 22.9126558969438 18.88130684100748 3.811194887163424 
43.10534364787644 22.16298439092716 18.15447046801147 3.905522477164368 
42.9277934311032 22.41282162480485 18.40312185805213 3.857992001435861 
44.13397849736641 22.48017773619344 18.4175293378073 3.70577695756873 
43.44969915780758 22.72536573535748 18.65001109679302 3.906789785705627 
43.53346542467362 23.14018280178401 19.09154986064337 3.728991690912153 
41.93271741651746 23.45233263614814 19.43829772081678 3.579763028320485 
42.46264009484202 23.21088750048122 19.16880524819531 3.693391270564604 
42.15145655271369 23.7451409633906 19.91236380133715 3.774286550257273 
42.75708734757477 23.54534908896574 19.49590609806381 3.76636097715803 
41.67721002765968 23.81040300809977 19.87776222498673 3.082830876084216 
41.90220233003505 23.92316929296319 20.35667008062081 3.622673858647403 
41.76244849833638 24.45855091335185 20.04825125375856 3.682117469749642 
42.80959804872828 23.90446749809208 20.04757617262121 3.891555978056516 
43.83371858745265 23.30930789122643 19.29405496643489 3.686059348004619 
43.85411908337216 23.48437532153821 19.46533592387804 3.659061301045369 
43.21097111961202 24.04505298017667 20.1386488963841 3.831204971138163 
41.85147475645558 22.14218988583817 20.73408467657324 2.959182122131836 
42.70502103101952 21.67152224775963 21.01213706086146 3.634152149835415 
42.11536051673171 22.34342364185803 20.96496997882655 2.822453719164656 
42.53178927594114 22.35685025366314 21.32396254121629 3.248197116425274 
41.82852366076723 23.3856241538337 21.21164762889564 4.300375984089271 
41.91692393022035 23.04553018281571 21.32737083671892 3.970834430201506 
41.91381918303146 22.73673413902929 21.28493178055081 2.747811348999704 
42.23479148070188 22.80278043387561 21.52856055966162 3.408289873942635 
42.8801437976848 22.32405536678742 21.8388136145544 3.601413869567409 
42.58596084909817 22.90416891817639 21.86586612343106 3.426462203418197 
42.72169727629345 22.13587402746477 21.34389024428993 3.453271713154066 
43.37992263069225 21.80071299579001 22.35027489516993 4.056667451431622 
43.90597998883717 22.30439060673531 22.97856584574029 3.662584529978687 
42.67084848898683 23.33387929556199 22.22001610858536 3.549907917283861 
43.14631460385187 22.48322880544787 22.17987738609578 3.521927301333534 
43.38042953652062 22.21814350097582 22.41332454067599 3.741732214639256 
43.1121649248463 23.39133476871075 22.8032035109739 3.35617842711477 
43.52633476907623 22.52990815734974 22.78691846861004 3.372734412471431 
41.89951942954545 23.86424992019323 20.72773964545175 4.799033735348246 
41.22617451662663 23.22619716807894 21.39254233197546 3.414106005569522 
42.12432464804735 23.53734474633981 21.18882037624504 5.176304454192234 
41.71299332581314 23.81569077221873 21.04749287882477 3.253113345382104 
42.0079651553129 24.46349745510932 20.4484733820213 5.128044726152268 
41.94211883803846 24.37148430666907 21.09985340434233 3.745192356117059 
42.29894553153262 23.88354894690065 20.87377193780045 4.622446871357795 
42.19063163799893 23.88209224789129 20.52029901180653 4.085689131255151 
42.57580231614062 23.89500462036818 21.82670239628106 4.315642181466501 
42.42432029136594 23.4352471262284 21.77156135808325 4.094922620912996 
42.55152274942181 23.9961467598578 21.52115615362021 4.422922762142434 
42.7985729534937 24.27167336572255 21.09420080548411 4.073339459694978 
42.86044701392147 24.17023179802561 20.62197560001583 3.923612865462076 
42.83756743840415 24.46640892578226 21.79857940925362 3.92714624639973 
43.18554557185955 24.49219040981232 20.89589809211281 3.729287549324226 
43.55527193605039 24.49854740394531 20.74985227931102 3.585398115870049 
42.89967301454698 24.15832121097759 22.46111189334649 3.544449764667007 
44.33566662913346 19.61362214867367 16.23523309617995 4.716686960749939 
44.52257489368062 19.31893006487834 16.33848306101811 5.27468559449585 
45.31429005658166 19.67338956234589 17.10679116143065 4.703954897026449 
44.99983097826045 19.69505435284929 16.69767707623651 6.056887376568795 
44.33293537850072 20.70444550148355 16.94111107190745 3.422440075986088 
45.00913299266647 20.01201812140332 16.69318120494091 5.373976064330691 
45.00860758800219 19.39352641498466 17.45232235093494 4.000555389752265 
45.43861525481761 19.74045521535413 17.74802514989165 3.982690762693835 
45.53034883977453 20.31248218571058 16.94184385155683 6.482568169802676 
45.6917176365686 20.13187288209243 17.298480084389 4.865489722588279 
45.81165083206109 20.19503301305415 17.86746925223837 3.820309936770684 
45.94393107534103 20.71016354219832 17.13514573327647 6.618561519313062 
46.1507683347187 20.55696905389601 17.5985953560931 5.64148186200913 
45.04878017059578 20.82154361150833 16.77149682717092 3.605138204872333 
44.23105812753625 21.00103518687491 17.11772529678663 3.443636977610566 
44.21873817444021 21.22408287465695 17.29305139992758 3.404366607695607 
44.95654473129787 21.41295219633044 17.18080781005236 3.299105309024952 
45.3701761606677 21.3297074292954 17.12627756746541 3.451834237682988 
44.27974543975401 21.57037271989823 17.55882821033332 3.475163543646772 
45.32008972163668 20.76991926579604 16.77482145020133 4.976000574358125 
46.193949513932 21.11229150759892 17.47347830454523 6.952113356627876 
46.33218377125338 20.68581011326194 18.32471916272908 3.807584641050084 
46.4612606042497 21.08289886394711 18.05055953665859 6.990798294292802 
45.57389938778491 21.91647738944403 17.72468501367548 3.817744863675159 
45.82787633629438 21.30361270686081 17.24372208852435 4.712519321255684 
46.2196648568934 21.68086863628164 17.95385150964371 5.153893662906455 
46.40784049780137 21.55804635218397 18.1715644969506 6.137369566370751 
44.35068312290893 21.98359024910017 17.89158380145524 3.548194403980602 
44.91460755384884 22.0355398219341 17.81731082556486 3.486375949006941 
45.44402391482497 22.22239368985786 18.02586907948062 3.650831167816051 
44.43118989605789 19.27085158035763 19.0233743962687 4.416478656533059 
45.36005938393107 19.89176559772512 18.40621459967342 3.731189599850865 
44.81596533846843 19.49134719130092 18.46188653153507 4.396541570303782 
44.84779499001579 20.08511889688694 19.49337035402208 4.269534194916957 
44.19090766617942 19.53830499207067 19.5901595480043 4.296871608878291 
45.04729380312053 19.93003987773519 19.01110083910311 4.030706117486574 
44.56931510958747 19.90929459350053 19.58657315075957 4.322744717071373 
44.40295901086335 20.07079616090046 20.14075390609308 4.484479198718475 
44.33543015657826 20.10700210847187 20.44717539078292 4.584003164653041 
45.76135485122876 20.26251809200469 18.39046213885915 3.474130456348405 
45.54663716059611 20.30731073816869 18.80424956883084 3.588905633368086 
44.95517852245059 20.27070369097207 19.86885895014922 4.514903788855463 
45.66193945168829 20.66426989266531 19.65398375317249 3.948455786929458 
45.22371794351306 20.36946351880638 20.44191902397883 4.425302682016024 
46.03221996528286 20.60732076248352 18.91069135309181 3.643748936219851 
46.45625054587825 20.95156504313304 18.41535963997803 5.032729974586857 
46.27591541654213 20.87708646449963 18.9988926056221 4.037674743319968 
46.51282075975793 21.26046787722578 18.46238527159731 5.382742561789087 
46.49717982780545 21.57269988628769 18.53927383700526 6.675372135576481 
45.95316452315526 20.85038304233755 19.65232334867159 4.106168141144451 
45.91261627899156 20.77082633891025 20.43890303966388 4.529532827103424 
46.27085056133679 21.23762602686104 19.56182391710625 4.185754537420962 
46.15343064603414 21.11878148701423 20.00014245780098 4.624387354472276 
46.43021374882839 21.24762377337893 19.09829046662466 4.396195918727585 
46.38324582496465 21.68317579007154 19.79981518339835 4.523891696694136 
44.15113252267757 20.36081304534384 21.04888919624484 4.438410853328719 
44.63886262852259 20.23511745666328 20.44610227613566 4.555494886191639 
44.37243310735973 20.39676270271495 20.98425641997292 4.225810479100005 
44.2731688329526 20.57693649528017 21.24509273675373 4.276099157720807 
44.95742979611121 20.44039968009666 21.06392989318908 4.206086584961781 
45.28867069064862 20.50295628709098 21.0040048050191 4.4919283527571 
43.8867272329426 20.86116519040313 21.94162455299531 4.274887201774618 
44.39997891258579 21.05411113842563 22.07686346985086 4.47784413874183 
44.5500902695323 20.90284240755865 21.84539675994919 4.405131132829467 
44.20342866055676 21.19413394878781 22.18348312567109 4.467007599256476 
44.94046268613903 20.7286562457105 21.5270326777609 4.318550488994333 
45.48191637666013 21.12611960548302 21.6613524570056 4.642064894593659 
44.94538721383071 21.06677779792038 21.93220046409549 4.522930640283676 
44.60522226264028 21.23289448612183 22.18904026153899 4.374026841830755 
44.26228057890228 21.55426955991121 22.59498891897516 4.140401666622495 
44.79334409854245 21.60974328187366 22.54625724216879 4.350320944848988 
45.33388629319108 21.64906429782775 22.21253683810277 4.738638978125493 
45.77073423936317 20.69666696391384 20.74981460586189 4.694468574117764 
45.71133126301521 20.73888539447898 21.06239060374095 4.414379608779427 
46.10245042871003 20.94690148132896 20.53595950749035 4.749947827526853 
45.79146679325511 21.53102289213006 21.60756738204179 4.665012775251682 
46.26779467070232 21.26914603666466 20.66476081367476 4.950926573934908 
46.39373487856353 21.77955018745339 20.66830000498056 4.883577693742097 
46.16520018326004 21.22596948899353 21.05802070389382 4.891517527990288 
44.23447905519534 22.32128367249735 18.21673589183251 3.70892963834379 
45.46255744333905 22.64685886196423 18.50594157639278 3.81197538292534 
43.97130903322525 22.67594967755629 18.60260999657016 3.79794410436125 
43.98551161375759 23.02451691116706 18.99973197300886 3.74741105249322 
44.69138703003249 22.90560754550635 18.80724058051269 3.592966193388037 
44.42700849521331 23.1573119345492 19.07789217527339 3.647620717302033 
44.8736505025813 22.61692970702154 18.45742488865463 3.545456746811368 
45.27603247063458 22.95512973784128 18.86982401893563 3.684308127256685 
45.91551992303378 22.13616589011144 18.14834781793308 4.188452553430409 
46.31970375736426 22.32328390315482 18.84752905060365 4.422046789196884 
46.46136904549706 22.00417639854408 18.8815579563033 6.061713446058548 
46.52523254967375 22.29652962775678 18.94637286971427 4.300949330619858 
46.39026929004221 22.64015820458632 19.02133802724323 2.248837435319984 
45.89175857525422 22.7969623574092 18.93653287662033 4.201797121415495 
46.16453368388633 22.67043147708145 19.01203623574255 3.113682092117699 
46.51665838714742 22.00103574661103 19.27262985500848 4.656897939785893 
46.2660757347173 23.37621313834126 19.76124073859584 2.016282329711601 
45.14642280863702 23.33039659222113 19.26103712968738 3.517570157758342 
45.14909814285471 23.53966054799755 19.49591534207723 3.509763266424073 
45.41216701026116 23.47802711988514 19.50615227338716 3.817554634451056 
44.19400791691994 24.06420455078231 20.15444876692886 3.436266864177128 
45.09530984164238 23.96295108562902 19.95798664692609 3.322553055039322 
45.20145248288932 24.40128782300486 20.39837572369018 3.339469436549905 
46.76538003940974 23.50272021479242 19.53554224949098 1.832199419091069 
45.42769944559198 23.89038343290347 19.93769424806861 3.437938319176709 
46.02843247045019 23.31051669752028 19.71332459846752 2.864988925331147 
46.3035408721771 23.87803624146017 20.15911419528655 2.161688037527654 
46.0217040807421 24.00610483680894 20.28293036003056 2.946896263170345 
45.19088993099265 21.94107928071502 22.60472820577361 4.603927681734092 
45.754303265142 22.13593857044304 21.60797699113543 4.862784938575942 
46.56566388872306 22.26318355028107 20.60139138539113 4.029353000337238 
46.41456138629668 22.2900144817782 20.93355198511301 4.29434472665622 
46.14757399366037 21.86726956526894 21.23037554951442 4.809854805112707 
46.14948331162952 22.53629265177344 21.21003241106276 4.144054937897067 
45.80877569466242 23.15638246651619 21.65088517947959 3.734115069100312 
46.63651147847958 22.83003100895403 20.87770911665357 2.599374784460622 
45.48579987343602 22.07823094706248 22.08655306877268 4.55255128836302 
45.75708470228656 22.59568355680368 21.60612699864773 4.700590232732281 
45.45893558445868 22.8616363778842 22.11379377561378 3.991739099129745 
45.21395533594916 22.85726290976236 22.76528613014375 3.59455449863782 
46.3468679922282 23.55572770779775 21.5641440618375 2.67579327195557 
46.41333454378856 23.80936734842671 21.56593522113533 3.292696977145141 
45.71004610816249 24.49769502613117 20.68299023004745 3.531281164757075 
46.36174585617589 24.14290894059222 20.57013088852411 2.734057075125349 
46.38966944061607 24.22130602501078 20.75033819179275 3.494235050649223 
46.50182574939504 24.19801383063977 21.06248160120985 3.966249108243147 
46.64182392446738 23.98155499866105 21.36494221237148 6.040046651661953 
46.28703920883476 24.24249819390628 21.41327197446535 5.480787235663286 
46.00413713544939 23.692717669701 21.93297782610592 3.440507984845624 
45.47221362065494 23.20760342357977 22.19793836919013 3.581041697438025 
46.0867188486575 23.11423029223061 21.38394411732496 3.052184392138173 
45.82568097035305 23.86134870021202 22.3048963483393 3.394769821311172 
46.13677446704111 23.99735339374336 21.81950826155451 4.028320879896427 
46.09236860763148 24.38858297253766 21.80202901573654 4.849009635549749 
47.29516312756803 22.14411583584376 18.62841562616487 5.879666254021743 
47.13544871368155 22.33517298110093 18.5290713609577 3.305210772775411 
46.76562656461482 22.17614252754958 19.02211432270469 1.630039535321416 
47.30126786905754 22.03972204259171 18.97426472478744 1.94049447505742 
47.15649824868483 22.14914934346269 19.36469772271703 1.154297274992345 
47.31140464572784 22.60035539733256 18.62824920387578 2.539118529582737 
47.59252922946479 22.20093551355918 19.01385891956478 2.919930364224825 
47.59099977669372 22.39681690982226 18.85786217790268 5.265591815754817 
46.94164952180858 22.65792410286562 18.62353704177392 1.707165762547206 
46.55016814885422 23.04313714418469 19.14190855548339 1.694666590637468 
46.93444003299451 23.11583868100826 18.98923222681502 1.80938967820633 
47.18676477681426 23.198769003117 19.11069724747171 2.64263730922346 
47.3807511378536 23.08735928081424 19.17847788955229 3.483069054451732 
47.54454341327161 22.75569644649321 19.29723075724512 3.637000270480399 
46.69126445720659 22.14635574129527 19.36432721256367 2.10666973345829 
46.95037483149115 22.26483854337951 19.71876536488072 1.649823978914071 
47.21741520080242 22.37187866280749 19.73398143192133 2.04351967391591 
46.59123494682497 22.15378034470833 20.05115991520909 3.486100152889151 
46.7243641474625 22.43809773918069 20.46988241071437 2.942247128613303 
47.37966701133252 22.16763329471896 19.30730012320466 1.318131046107467 
47.38459200110701 22.43347906857317 19.61090032150307 2.907486424052962 
47.4234163024384 22.82327334525653 20.13651548288155 3.233470183849789 
47.52893879051408 22.98858265709537 19.60741548424348 4.991370225493824 
47.5156310628434 23.13161172840422 20.09677683887745 4.493953919336491 
46.80336964102067 23.9805363657093 20.07452014904162 2.293842962541532 
47.15937546060687 23.50134827439402 19.57816470449824 2.847689909942858 
47.4495640438663 23.55281618093998 19.98416244151393 5.486255298570086 
47.16651960680611 23.92210636790908 20.04496751964075 2.866227228145732 
47.39818142244848 23.87057212168396 20.22858077035158 4.508892352002306 
47.25089831521124 22.90580073065069 20.60228872526758 2.577510509408256 
47.07813193701012 22.95276234853326 20.79575735186349 1.892861149856415 
47.06597018516189 23.39627529308417 21.24585606409533 1.942073957732006 
46.87824386736298 23.71408051291745 21.43709879253741 3.448164046401189 
47.36164499575892 23.45891027129546 21.12916752920964 2.960449430673094 
47.53312339822821 23.34734608916502 20.65150761042332 3.679222456513202 
47.47744781759958 23.73639113672008 21.06380831948711 4.826914039827159 
47.62148971561479 23.74407988872417 20.65574596045382 6.754063221756326 
47.30828381060898 23.72556122925974 21.22980431069506 3.955215813245189 
47.36427471130316 24.05760511725739 20.7313585211446 4.887172953563322 
47.22266690241518 24.03185645436271 21.02207679598445 6.043569880595271 
47.08354803429501 24.16464317427401 20.64685704049311 3.070791565799453 
38.59151081152689 24.30529702710835 23.8000176459658 3.132602285912668 
39.88782400368585 22.67391476604138 22.80478762269914 4.143529450815493 
39.87067116429365 22.88307433230999 23.06032554982402 4.53531221814319 
40.05963084540898 22.76538645000493 22.85726933057387 3.692899623497482 
38.82294469087346 23.6758943539409 23.34410773418054 3.287715485303295 
38.79032308684731 23.479097713188 23.05140141481488 3.43638820480038 
39.29845871837853 23.77216654540881 23.55590421246264 4.158032314152422 
39.77594444722465 23.70152390980268 23.42164347508673 3.261398589492103 
39.79560694325482 23.24285626259581 23.32930114194539 4.570078482134477 
39.56428841370693 23.80235053231008 23.54988951383367 3.660695048600275 
39.19782984233984 24.57104321900056 24.15707115602991 3.544033049060459 
39.38404793771942 24.54253733433748 23.95668771875059 2.182399334944733 
39.60239669408273 24.11070718692828 23.61567777046307 2.441448996440187 
39.82347306598056 23.94597053973256 23.18431478214082 1.946399436722245 
39.81713277671561 24.22885048023679 22.90851761402839 2.340233996640535 
39.92867668920822 24.36530766597926 22.84062392145713 3.214434692291292 
43.51988708979021 22.805320928571 23.15447496489984 3.366206190254701 
43.76066419236157 22.77656026281597 23.38920357564867 3.636557449719845 
43.26887692363284 23.38794538163356 23.09925464679011 3.267622976721924 
43.68939911069541 23.37318416779161 23.86346679409477 3.063982229748376 
43.11052722974759 23.861876587072 22.81900169877556 3.384625793550157 
43.16846111634727 24.16433325654836 22.98071363403304 3.069481957240129 
43.6268535560832 23.94464546641815 23.53589521979339 2.853676208499564 
43.76058952769012 24.35149742159869 23.82338186323246 2.712564556803187 
43.82751132200661 23.8482682727288 24.04147361412704 2.678485728534071 
44.15424633893311 22.00142688734772 23.09421299442672 4.231056164768972 
44.83974977212768 22.06722051878009 22.92538552023069 4.831331611999587 
44.25164018075311 22.51976513384573 23.26581007332485 4.094533460746788 
45.01447031171695 22.62556267997202 23.01259518300107 4.026308849322817 
44.72348116206732 22.64078642172996 23.26879462543593 4.083621506372083 
44.42191304378738 22.84288988483672 23.62865854689015 3.660043628322057 
43.92740864491094 23.0168132928314 23.95881616086622 3.75850356751647 
45.15754914791194 23.0946325626869 23.05735387878661 3.115334935109331 
44.89071243739584 22.92761933953966 23.40728049652664 3.193550810800502 
44.75676403642411 23.08311108148029 23.84712576277698 3.393352891563154 
44.49917349597693 23.05040073244436 23.95203795986343 3.92038114408183 
45.19336589011584 23.64175012000524 23.85890304919976 3.144273706897451 
45.35227281929479 24.14418798502014 23.51430245284446 3.141349929648726 
44.45024179195349 23.44221970782599 24.22783986057967 3.397306130394412 
44.09579686944774 23.51676495046133 24.25744604298563 3.673654082134988 
44.73990234428249 23.49359623905433 24.16915937945677 3.43361960818936 
44.7329438937894 23.65757231432128 24.54095756463666 3.328222224317727 
44.07291406926112 23.96317624339149 24.50298595143795 2.24548123102943 
43.9881723871643 24.47966107469309 24.16852362487116 2.41649222749561 
44.14901276722058 24.65873393939911 24.72083472038369 1.88345749326875 
44.43329600647635 23.85009965595091 24.82798204445543 3.272409888480666 
44.5372257855861 23.99129610161813 25.0999574590236 3.44406626236534 
44.27725806080962 24.19053072153809 24.92732077842784 1.819921657561608 
45.02292375663336 23.79799554516415 24.26280591592421 2.758952932043911 
45.07854532138071 24.30370970952229 24.22322443159635 2.596040334465073 
44.96565416616249 23.88234659870671 24.56479438261071 2.381289427317881 
44.93005195179218 24.60955711125074 25.23369544337941 2.023318152145123 
45.38113186259677 23.54537533475429 23.17198285599962 3.059337446050336 
45.52590951231694 23.8620928394672 23.01616867415785 3.315864576182719 
45.625450460109 24.56834423344682 23.29454411947248 3.080745606050755 
44.50715419782586 24.43034988649913 25.38304901958212 3.078406294194508 
44.79207649266481 24.04761546299117 25.09912309754736 3.229188938592728 
44.76684790069153 24.38195882248598 25.36533760086779 3.599614789370463 
56.76409033757054 23.85759337323346 20.42616119377569 1.095164871165878 
56.96332124161783 23.82890284756921 20.1984682979144 3.100551441366832 
56.85201574699997 24.16730621706379 20.57212888318221 0.825722216088792 
56.94132110509992 23.6227022403857 20.68836535985348 1.028548748143166 
56.90261591661253 23.59383901405415 21.32745974217077 1.252096487904566 
56.58339067340672 23.812344113139 21.43405934084378 1.540047697172241 
56.506294956318 24.11980647632224 21.32370969997848 1.282077290423445 
56.52443454344134 24.30103772875809 21.59444019324231 1.210288962906006 
56.54731705393215 24.22566571357631 21.95997714070948 1.42582350810217 
56.68374531337663 23.82251074934739 21.94505361446146 1.491193472592656 
56.73706685265863 24.3191273923799 22.5320478865281 1.382864455754657 
57.22324176471589 23.78079261794748 20.5054701228296 0.93244757881331 
58.21942961644747 23.51535628653826 19.73757817389151 0.9482495965622419 
58.32910465527407 23.2702640089706 19.87023416127833 1.074925037664443 
58.08368300531522 23.54986651243377 20.15179944718984 0.8444742975262471 
57.12626555040438 24.26203043270542 20.56524563096468 0.9000685465558789 
58.257373062624 23.94402680080962 20.02462756781714 0.8417867960927197 
58.62565139427502 23.3978173548228 19.71836471464612 1.46269860927984 
58.47342478734393 23.54093191963215 19.54799631641759 1.36499451097967 
58.82723246536226 23.40147805393575 20.20289437462688 0.9126903280894112 
58.88542675230717 23.80643058812222 20.09960126267674 0.9001742361724467 
58.68385004626987 24.0343998027783 20.05777516833594 0.9499150691306966 
58.18050991779266 23.38375700011277 20.51343483219463 0.9291504736908536 
58.07117281737779 23.62767388318386 20.51833739088165 0.8994456485755578 
58.20642053103442 23.57201806388354 21.14846996462564 0.9860588634246028 
57.28039614703708 24.04376795767959 20.47221678053029 0.9259623817578131 
57.51125771734456 24.03691143721002 20.8716183595945 1.050299175718337 
57.30654845642039 24.32894297594083 20.75022414379005 0.945299835016705 
57.45208720783633 23.76466106090105 21.45028557535952 1.078407658580417 
57.65425878041662 24.05613654239953 21.44791938838889 1.071671561989191 
57.76602122736378 24.48106177662219 21.57557034808817 1.642361651441249 
58.07465922902757 23.86924874067877 20.64205008498384 0.8734059387398929 
58.11572338458222 23.94636427619893 21.21162880007257 0.8683239541408412 
58.24632460592741 24.37163050372415 20.86131740800644 0.8538282213783859 
58.13103953758476 24.31877948276401 21.28600942656687 0.7480195000453591 
57.1207892856936 23.67174936655837 21.88828204687099 1.161106973615006 
57.09344955101212 24.04234041907455 22.60959474035732 1.269715049715046 
57.43067180775968 24.22795611893564 22.65164644529267 0.968237201098809 
57.73699231481083 24.30703247210835 22.05982457217997 0.95341521433987 
57.88417805528577 24.42878223360362 22.43746937428219 1.065902927239733 
58.48057380524779 23.19117257103845 20.31653207992119 0.9850276494127499 
58.89232069323283 23.45625838264047 20.4962612904086 1.04361492686354 
58.61512209259829 23.42129329385896 21.12100622314785 1.054315260290721 
58.51035202731578 23.74378607292409 21.53460223270309 1.114458513691773 
58.7496634234078 23.86156754438791 21.43203830118847 0.990440903581856 
58.99530088815241 23.80601416476544 20.94704219051493 1.011900427889927 
58.85768441672024 24.33255567323532 20.86374860529334 0.9283578317808932 
58.94599873084593 24.05574668349954 21.14781158277935 0.9534538886421018 
58.35508154530428 24.26871318041045 21.83710383082146 0.8610593490381788 
58.6170487869562 24.38633621314688 21.82501021607859 0.9358162918234925 
61.64905722683504 23.53167906491163 21.68501842797518 2.603629682849288 
61.82255713351219 23.97455067888595 22.08360437840641 0.6149289590604567 
61.83898660989772 23.46120568599593 21.84330194624046 0.7868061994680318 
62.12397791257751 23.67144149440884 21.80768629314088 1.132424660793561 
61.68616588526811 23.70126073814399 22.26861815312046 0.7565830178456352 
61.9284677016152 23.50673862745197 22.48798328594697 0.8671226336277655 
61.86414866611933 23.86364883804505 22.81835109865887 0.8921365680253288 
62.01867519349524 23.66405684423468 22.81208159159295 0.833994770193371 
62.07446163925987 24.05529530606414 21.88580222890512 0.7941546190350621 
61.82501432710126 24.05261314319378 22.51800538424643 0.7143208885100591 
62.06084079567649 24.32728362558095 22.5063709158607 0.7875857283723917 
62.49549488500767 23.76030451457377 22.42373811487336 0.8672645804026757 
62.31886970668923 23.63707227390175 22.44455995456045 0.7218298064313515 
62.4188921459798 24.15974539280366 22.04432623022604 1.266425075167064 
62.58770110333261 23.96454232256749 22.2920931318004 0.8838284819055744 
62.68872674793509 24.18046000622774 22.44955708704539 0.9144265021166333 
62.80800554258703 24.05721762967451 23.05777661763385 0.8791042950307641 
62.44704047712755 24.50862208472152 22.71021754507755 0.8929806346715381 
56.28188924291214 24.54152837067121 30.91539205748258 3.550867765122376 
56.19211326631715 24.43310973530648 31.78902520271146 3.501955408232249 
56.47936224916887 24.36573530902652 31.74511660068757 3.181339158156419 
56.46408518599474 24.22055156238782 32.0471763527441 3.32118978588565 
56.86830659026062 24.29731948258956 31.64660213231166 3.339503034849969 
56.91593704181665 24.18486772868095 32.04344032075751 3.406448010298845 
57.82577861095893 24.40729466646051 28.56210491703725 3.194242113952896 
58.23759875297031 24.45175943980559 28.56292049034413 3.242885684442513 
57.44062191745373 24.27981259310086 29.69028013329227 3.923203401287196 
57.77755523472374 24.28140055818065 28.97761846605754 3.483592366103807 
57.78776154545553 24.02439985022508 29.86103635320983 3.794453265156051 
58.0058360314984 24.21820555679428 29.16060328956576 3.459802835943464 
58.46047539312463 24.19057846147081 29.71223028145588 3.839973160597282 
57.85835093254391 23.79793241067634 30.291383968254 3.847992518879437 
58.09425437262393 23.75723480286731 30.35026499703051 3.864898990100073 
57.98559578029813 23.67921832407531 30.97811151542338 3.892705571690357 
57.52246961589277 23.95595533601513 30.29060526926879 3.880196852062255 
57.55750587697667 23.9087332411513 30.79920302007381 3.886477075315923 
57.65750209054463 23.2391879768207 32.2627063022097 4.018075815520831 
57.33032581785436 23.63687396475168 32.29391355991989 3.771722685733693 
57.80107780084762 23.31938744373065 31.48309445440034 4.063682486427695 
57.9959317325317 23.14116808603155 32.2508481698746 3.992353295392064 
57.42790200133726 23.67037913168003 31.45395405261735 4.075273658235346 
57.09492337838144 24.19708951129666 31.38680912491273 4.06106907045438 
57.13651097170371 23.97514130038005 32.03491365004631 3.923249810449875 
58.31550691851388 23.66007524338706 31.05109029132578 4.108120226549602 
58.66747511330777 23.83562494474043 31.1897860495897 3.918472083837912 
58.62671522717931 23.95807143008766 30.20148023045075 3.967497804776457 
58.88030435871065 24.34815951262322 29.74053494809036 3.674062337737922 
59.05691095436548 24.10295063037456 30.56772262050742 3.896538920184696 
59.46544897722433 24.30768984420012 30.60339279693694 3.583804251189321 
58.26651916237119 23.25587967082641 31.60922140012608 4.145841690660177 
59.26045726881391 24.02234028816546 31.43249839907161 4.032798638951704 
59.00069988732313 23.79568821593497 31.7453984904035 3.841550830413951 
59.59151416549426 24.28442895552818 31.42011542378327 3.735508794266991 
61.94350253572134 24.24658898129157 23.0511558145704 0.8652385303945067 
62.19490681386069 24.52969963767198 23.07598259444491 0.8630871514756677 
62.0840374213067 24.02997982328468 23.49036219148422 0.9656921298689696 
62.04281134077878 24.32221724672516 23.57141819472737 0.9466449755912052 
62.15859293231563 24.40306609497419 24.51965609907139 1.200716952246438 
62.35891167880091 24.26111048387797 26.52053353507895 1.884292374768179 
62.42914664537901 23.75452099719006 23.07308849975088 0.8171496944275276 
62.56664846073939 23.81434154573294 22.95266465701415 0.8427734137998115 
62.690782197258 23.98680277002207 23.81563433102948 0.957426041624295 
62.83647423606036 24.40116317827825 22.95480923281078 0.954494348229332 
62.27314262939014 23.85291035394067 23.35499091036482 0.8851144024547821 
62.45046050969827 23.86219927948007 23.43447138267936 0.874412739598462 
63.10964969575328 24.23307683820014 24.17715501815248 1.401795647554323 
62.42331361579487 24.04308356041774 24.23541148725326 1.070725371013651 
62.76426382432005 24.07033310237304 24.76475730013633 1.199960990495001 
62.22937992178854 24.15561408064511 24.12662169928189 1.034265293441806 
62.39030933572086 24.16181362101538 24.6491257181868 1.153755713903905 
63.12229634120836 24.14418884666745 24.93364544420806 1.920507353949631 
63.30364530754007 24.35120521532102 24.91146081110996 1.744571064237036 
62.4280969506382 24.25732325206879 25.32405565881111 1.322837104403106 
62.55210536480852 24.2142425025525 25.81351742151284 1.57772686126475 
62.83661394114745 24.09473821051175 25.57131943398247 1.457352974711043 
63.03859909598219 24.06500685553226 25.31782028529709 1.724305971581956 
63.33506885688891 23.84804139608886 26.52522519442164 2.476994305907056 
63.41238499479618 23.94510554811529 26.00591546035651 2.817178302625848 
62.79752025955015 23.9840284119599 26.54087683951767 1.998697728772768 
63.16945326864895 23.86667541798469 26.42015026854847 2.235471113039893 
63.02641672410875 23.87932864714672 27.14774114654821 2.340656996821195 
63.48300285953727 23.87611857737777 27.43741190215198 2.816571357795198 
63.60518239368589 24.26199123907679 25.74981350280722 3.00483230162871 
63.63777731473567 24.51890937454029 25.77943047644433 2.111839037380349 
63.56085288645211 24.09149833465866 25.85532130291315 3.001588977957795 
63.56430188426245 23.89431991870187 26.75256831085484 2.718489218190712 
63.86811360699105 24.17144894460117 26.79059119689378 3.581444635324402 
63.83759910648971 24.19993694702618 27.52341396927751 3.449675728189675 
62.44176661446046 24.14939796284181 27.29733325192141 2.263349000374916 
62.32371845083566 24.2586008386825 28.59197385241272 2.401018880887051 
62.17277277833546 24.23526290264857 29.56027003898847 2.576600938162642 
61.28174089415737 24.4511044422908 31.92030094054089 2.233413156732382 
62.07873381648282 24.03699373590775 31.25204588909068 2.727627472379311 
61.8616116551029 24.16671177803112 31.75681418568182 2.70012617606227 
62.46433421731266 24.09057251594107 27.71036472695052 2.390297639165226 
62.91700422179881 24.03351624331102 28.53323888905406 2.359651396933572 
63.21180444308877 23.85210351059117 27.90063789077727 2.452266923917591 
62.36154629974751 24.22879990462474 29.09869999113608 2.517775632467334 
63.06410448462986 24.05688811377669 29.29080616358912 2.552013508804379 
63.60347809923193 23.95825254134996 28.24340357968376 2.872528722265628 
64.08104821914337 24.20285457637475 28.17314378831126 3.013741410576586 
63.24420289332735 24.07183256452983 29.25658710561085 2.819499244188535 
64.17638125235037 24.31791536779061 28.97755335067955 2.592483990660469 
64.17971704517863 24.31837358241357 29.54171846165336 2.278195823287319 
64.38924978147618 24.38717057643767 29.20311364747969 2.265969184351121 
64.7453442636476 24.36612521552787 29.68957305427051 1.910760946358437 
62.18214861045599 24.17069864244943 30.56504587242819 2.624448059740672 
62.56601354384143 24.0966944768925 30.51550814720626 2.549788044425327 
63.27381251186686 24.09341719645233 30.32230228009147 2.593596118564022 
62.38538522061928 24.01774122324628 31.32944893050751 2.713476303478302 
62.78404235125169 24.10617167554849 30.81391651669428 2.637685306537065 
63.2327631146669 24.21472056953402 31.91565644150538 2.481520407840122 
63.94874701079468 24.21380730967934 30.69915782076311 2.488369868479765 
63.6727257112505 24.12884479952602 29.99930879288981 2.716225321223817 
64.50737993646895 24.35379043787479 30.45981133812575 1.98595140390033 
64.83752905000959 24.33278559251467 30.58759036149202 1.930272615263164 
63.90375752114092 24.28897964188618 32.02286563091985 2.046565516931054 
64.27239571347653 24.28748116671206 31.18206424144453 2.07338493695687 
64.52287145478824 24.30532812676609 31.02211982542016 1.991873164715187 
64.55110313004749 24.29586222242285 31.5758793412395 2.011379153331774 
65.11296359973052 24.29324823231015 30.26202923679758 2.076933545901028 
65.00818245739156 24.21221938042495 31.50845550945893 2.096992939611113 
65.15901781387896 24.35053889259066 30.81686282349681 2.136603159956934 
65.73580255012035 24.53589330014407 31.51982262360447 2.242326133110481 
65.29390270438755 24.27999482050073 31.68646462951762 2.40719540866786 
65.50370978791535 24.38303378538519 32.3519509630466 2.195177082687735 
17.27884212187173 26.14190279256461 19.80396294324254 0.8326098071732915 
17.29606208637154 26.46116991808159 19.93587607101293 0.6257224129559802 
17.47315210709358 26.0055886268445 19.72238276886016 1.704409614227217 
17.46764262738397 26.27928458204308 19.62224964708966 0.9910371525507955 
17.68282661577625 26.10454150575382 19.77190000381385 1.062671689288265 
17.47326661747702 25.93979683782496 20.38057753941233 0.9819256078021752 
17.22022743014215 26.1773205054292 20.38843618246722 0.8322098907167756 
17.73791645110384 25.97649662127781 20.37194527259812 1.328135121237281 
17.88179081714742 26.35434281971727 20.34189481374051 0.6828780160810268 
17.52360927200289 26.4964565320204 19.81092761152469 0.7279715877687494 
17.6408145156253 26.13318607312394 20.9477812721818 1.041547543694861 
17.47278413104251 26.17424765935043 20.9541268496532 0.8278234392719241 
17.22260324862516 26.58909874501301 21.06833307339578 1.618428422076676 
17.84681255597367 26.27823075558964 20.94968501724797 1.000612788926198 
17.88927898029647 26.67933612911533 21.36396195019171 1.953258082508668 
17.23433940223357 26.69578567277576 20.55136641769999 0.8013391562463852 
17.27761034427773 26.94643176034133 20.61323005396373 1.79045594840558 
16.97466634074927 27.21499791061705 21.04153608322938 3.391780297748653 
17.12617364180052 26.83603707966104 21.47313047964057 2.100352769617501 
17.88232022900073 26.67938278105962 20.90303819720574 0.9021455983001161 
17.51272899055104 27.03088535419124 20.63908334828145 0.957979869717974 
17.39048802291819 26.57041293561248 21.35858471588234 1.340537486534245 
17.65781332169786 26.47271172409443 21.31932286626721 1.115913030027272 
17.5640252755765 26.55952267381328 21.53814758798099 1.859781327156824 
17.95488397064945 27.08778101291548 21.25129338412459 1.992118746534359 
16.78356350975078 27.16140826429039 21.73159418032172 3.109737555004443 
17.26666335859871 26.81716115455159 22.43637436321821 2.833284699219064 
18.12414022959655 26.67422981267675 21.9654243231338 3.054664381768788 
17.6132255438473 26.68528082163251 22.36875834511267 2.595356766173126 
17.31119700507817 26.89423812711072 22.76151657443393 3.031445539280753 
13.12385166953866 27.87227508676121 22.61171354767215 5.933041625389421 
15.33293631589165 28.42222813338665 21.82774020360053 9.860156448918588 
15.14403756186765 28.30100067740483 22.16572401979207 1.402805651128546 
14.93031682118098 28.37098357596091 22.48688113409208 1.162706639441069 
15.0395536892979 28.78432032455455 22.32282769521786 2.988259879693601 
14.82418844435995 28.54245119479667 22.36780952222795 7.505681849053133 
15.78297930982257 28.1550728769631 21.54602823282228 5.374998999624722 
16.31617329901864 27.66679604870654 21.63669531310368 3.355185706119357 
16.39132733611363 27.93201676501468 21.36610592224602 6.419298945066544 
16.14273796749073 28.18077797387786 21.42108516429268 4.597660994486205 
16.27536679909453 27.59110096915254 21.87979899372828 3.062557323425523 
16.3558672990689 27.43416483142679 22.27876797981573 2.724384390422784 
15.48994279795579 28.14799558042319 21.85317795691577 2.970625364733451 
15.7900581653165 28.40607944286676 21.57682025369491 4.703866912988872 
15.39953126438471 28.08531581771561 22.46957645663181 1.636880052528667 
16.92835830813073 28.32992104299093 21.56605467967125 2.077969533772063 
17.24255026988432 27.22316387617166 20.75442229753925 2.989159540649268 
16.73852108445778 27.63186567831914 21.0277631559703 6.322972860497771 
17.64288004936003 27.39901006706061 20.9667620082597 2.542304083514694 
17.43652060909673 27.82049507550041 20.81797619818523 3.243310618338285 
17.07446012338842 27.85082050534203 20.77741109117101 4.519502163390825 
16.64070479766045 28.09774487608324 21.28115854243945 3.168906578560836 
17.62209637415165 28.31282242109043 21.21895484021431 2.856102779250222 
16.83423698313014 27.13264678967437 22.42245400879456 3.223959931216598 
16.29604623626433 28.46636347060989 21.67264539932349 2.221649159136632 
15.41423746325106 28.87135950444334 22.28754504079136 1.918361413604543 
15.86121527384673 28.86706994217188 22.35999164149828 1.608605995310157 
16.75071553670293 28.63148241678346 22.21317461109429 1.882996785643414 
17.10564566552821 28.62525189263658 22.2043241021 2.297155416527687 
17.6336748113287 28.58388689068202 21.7461863402111 2.442959469656728 
17.70361526593692 28.78238450200005 22.62250500664242 2.439781408870829 
22.88283384649444 25.55336424653197 18.45315780817793 4.50290363630171 
18.96953820183383 26.06899179719527 19.76102276143524 8.491270819705619 
19.23640075819378 25.87659924427774 19.80424175046523 5.476680991623823 
19.2964708430822 26.08602530601929 19.62667957356818 7.905319367164111 
19.23362070991256 25.71719753778602 20.30985939089132 3.148890451726373 
18.63576616677554 26.28787543203099 20.46693959760582 6.209087192429422 
19.030787049104 26.34233498071171 19.68746251090096 3.263162621102651 
18.67816609580521 26.38182487929651 20.17910203702327 4.905926606144305 
18.85720732039318 26.7038527674718 20.2628037801046 2.360886799175489 
19.33288934502584 27.02480779553319 20.05898650491036 3.18683695193306 
19.88153873355929 26.03890248221905 19.79781617759315 3.801814918585876 
19.62608204981357 26.38675373115552 19.61331744959069 6.246127988820717 
19.92023283325162 25.81290351756865 20.37622750388859 3.249383692360624 
20.28352386037098 26.2938058654999 19.57142666904837 5.682606664716104 
20.63390426709883 26.32384110972334 19.49426249947393 3.708734333117519 
19.64316137130449 26.63100963007832 19.58858238672924 5.991220828523069 
19.42750776643959 26.79348277563359 19.75088961714773 3.395372173568433 
19.89339057548491 27.02208616055836 19.26027879963006 5.841426070832483 
20.22788195026527 26.63366085086917 19.56907841381465 5.666423886375981 
18.79870435165758 26.0583727375491 20.98362727635547 5.334603207514817 
18.77440846232249 25.96542999281074 20.32595515014502 6.431832802991096 
19.22281639875129 25.82000498849241 20.94349711312255 2.699719370745669 
18.18786260819853 26.91638754452271 21.55775502415378 3.757924419840549 
18.62168076322373 26.52672282122115 20.97579356964349 6.048567083872399 
18.5900948674621 26.72668891435044 21.49903758803913 4.903491091961257 
18.75041176233792 26.3638078599622 21.61388477622171 5.344898790197703 
19.06201021801833 26.11641488322391 21.52629709735702 2.901416492317679 
18.41240062688319 26.7910200459405 21.75585100800068 5.34165498309801 
18.54137934811004 26.60679426349996 22.4316701707206 3.03505191796387 
18.91149353211627 26.43619855885667 22.39044306283149 3.183506127653345 
19.62005854029385 26.05060840554355 21.52183845085904 2.686865724684537 
19.8358514290521 25.86403716215652 20.96663547713574 2.777773539510633 
20.86397798669061 25.77484282383091 21.08002841742112 3.237453395265277 
20.55598032304873 26.01929707442134 21.88473538140783 3.365135878940436 
19.54033009513252 26.24918611290557 22.11386165711974 3.142255633464117 
20.07351375986205 26.21200968794 22.17303902504563 3.352492282683301 
19.61989950798666 26.31742595882351 22.44467375819291 3.3810793600355 
20.39568200645835 26.37879600763182 22.92663439588333 3.559870417538775 
21.68045672891609 25.36113283213256 18.91175895838307 5.859963147320968 
21.63266919094698 25.72184612890722 18.71788621440608 5.980819374937823 
21.4742916935575 25.35182264126523 19.21701917468702 4.516981082314089 
22.23077838779022 25.74562318543756 18.74059313872756 7.344637703700869 
21.35566977599071 25.41911998223716 19.66367563989516 3.484543270509931 
20.95546979761915 25.69626889984452 19.85440956385721 3.466702814890397 
21.2544284560144 25.60048765606528 20.43454556935035 2.96697620260349 
21.71636239657213 25.27775161437918 19.74521787365811 2.531960157954018 
23.02157264373686 25.16726952545959 18.43554997548006 3.773908267238568 
22.13289133932549 25.28178269630822 19.34802983421856 3.011251027227246 
22.91627890499723 25.23184925883076 18.85752410762144 3.552526409259343 
22.6307177024024 25.77212842020274 18.68051938157443 3.973113313460516 
23.18127912702699 25.83542679170254 18.20302164299115 2.642456990289304 
22.45161277526942 25.44334207612631 19.03258187948866 4.468926328075952 
22.77511123238036 25.24997354439215 19.58117284758169 3.396321385973835 
23.23139390568635 24.99333483200398 19.78602004168198 2.598130922215091 
22.41530065548342 25.30630434793841 19.73638570949535 2.455749544833566 
22.46195811939791 25.50120889222795 20.63687403118478 2.948537987300085 
23.19615120501436 25.1914307111734 20.41153617283166 2.932489360445828 
21.2793624393013 25.81294932950564 18.98108430445537 7.334466362213902 
20.71902363645798 26.09946717178866 19.50766898086691 6.890338410244226 
21.37302052471109 26.08002097748332 18.92721434510123 3.169296222155822 
22.02575817892401 26.06899047159214 18.82207964455232 2.300564072840643 
21.31956787509385 26.50264711188208 19.18026419181868 3.10319410478121 
21.71945814983574 26.31961731169519 18.97182259927471 2.883094058206581 
20.72796513346831 25.88706766416603 19.7105041596792 5.119115796624499 
21.06441971539861 27.02080135891543 19.59634319035466 2.923884086484861 
20.91755060088973 27.16324569677943 19.67144675799382 3.240800897837829 
22.79195835965387 26.07026212473177 18.76335918507973 2.277647131624406 
22.50456552004075 26.68153765379668 19.4827705769469 2.356580415621977 
22.73187872519978 26.44119729064175 19.19699343093639 1.99564016260976 
21.70186733996867 26.8526538828318 19.30150913049325 2.759577280310566 
22.01845517783764 27.22226738611501 19.80949827547056 2.726405122714397 
23.12178495762917 26.94449118424171 19.7765072153436 2.28972052363801 
23.34081522382462 27.21760805845136 20.20806715250757 2.360952062060505 
20.7351774238429 25.73458443103524 20.3368713575825 3.414927592777559 
21.46574649974584 25.64598778207132 20.97469300959653 3.109621290383359 
21.72353523444685 25.49764321668509 20.55914521410008 2.85811287610872 
22.01251128802264 25.69580971414263 21.14380870698518 2.874136364666526 
22.56718812226447 25.68185110410985 21.25778497502028 2.997268816684112 
22.75078491864839 25.42169663215265 20.45039052209972 2.880311683875391 
23.01858119568199 25.54017148879257 21.21688133232418 3.013364094415437 
20.97401483445994 25.99620456530324 22.07837530466577 3.427575781608084 
20.93206338348057 26.11843292525462 22.44827644289928 3.500855124333754 
20.64914839886447 26.24877349229786 22.64996517912017 3.524005803364105 
22.17816232365677 26.09090673240048 22.0971997497919 3.135061246391444 
21.64970331552769 26.15190662261097 22.48477795770536 3.470263751268391 
22.9695155847426 25.78173252841953 21.91320273058007 3.094033129440049 
22.58705004837909 26.30275586683368 22.5804975045976 3.081217915966761 
19.23918362349148 27.19981845790281 20.58254145887788 3.073924425994619 
19.67171613301973 27.2529290489123 19.46353512894659 3.949423127914031 
20.02920195873003 27.11317572819284 19.26903811517015 3.744264414577884 
19.9835328179382 27.41806876811271 19.42471413872268 3.461211789116646 
20.38386505671014 27.58934338648529 19.72505562095883 2.931099744423761 
20.70923888254478 27.29832042947958 19.63946571797568 3.060877650136717 
20.16806257470498 27.94306526238903 20.37263304421498 3.060157824686428 
19.63288049269751 27.54489336492435 20.01605012543437 3.607049198831362 
17.78182244523441 27.91915302474382 21.06254769107536 2.702263414689355 
18.82341519677031 27.08759726165051 21.3606714017844 2.810200249931285 
19.04855514746491 27.44426675910413 21.42896762471501 3.40073509071604 
18.6382843676434 27.22192603712911 21.81887736525242 2.402532012961871 
18.29517901412803 27.40305749259252 21.6185469873935 3.878508718769837 
18.37536457743774 27.9306472754545 21.60043356907153 3.625340935215064 
18.23306478770768 28.2884414185638 21.6838859411916 2.8429733370713 
18.71547791297282 27.55789382326858 21.91649721177374 4.005748865113219 
18.942559973483 27.64606334308588 21.82805442788555 3.942041653904312 
18.88168511537987 28.16428437677657 21.90996856130618 4.289267757630739 
19.6218556824134 27.81781683475973 20.74473665506657 3.673359915723637 
20.11036450675775 28.07469089029215 20.68403321942417 3.77804448386226 
19.7156551462517 28.07600052780431 21.01890581675946 4.48371683153573 
19.73475813510632 28.3306739510837 21.14652947901268 5.492988011159866 
18.25838585864502 28.530707706118 22.11025667195612 2.523549947504932 
18.22832186194421 28.70292990017474 22.63222698609081 2.559873819018605 
18.73864329755332 28.7563971639884 22.80484864503835 3.098327427274114 
19.10985034180896 28.35395350716065 21.89984723929789 5.322788208182999 
19.0979384587813 28.74051304882718 21.95120763546792 5.722398170853637 
19.0072035831503 28.69748355978762 22.18170996385464 4.672876227752965 
18.73440719671757 28.53497651389747 22.12900147201105 3.331769382975551 
18.93856152291631 28.7998045617175 22.55404359534838 3.977392141573688 
19.10131324081919 29.04963187265118 22.47075793611646 5.69148821822364 
19.53235601874543 28.942920818144 21.26415705795557 5.780464735082035 
20.20528816591933 28.44058555907293 20.77865963242844 5.416059989733014 
20.15603301632039 28.87106472179361 20.91354431292724 5.201576660414389 
19.35215473597038 29.31244247161111 21.87415922828016 5.43243323901163 
19.70672974438299 29.1834870722931 21.26245554604781 5.011621056999957 
19.82671694537442 29.40018901553086 21.50291216432182 4.426526240252883 
20.54266467712988 29.16229643908284 21.08148942463756 4.926999750001642 
20.46476558895557 29.47250554855138 21.52352102557125 4.388921282477781 
19.46502567777206 29.65430517118821 22.15421995837722 5.179093838240703 
19.70805423635719 29.73137759158253 22.12069830173723 4.566828390460671 
21.15800385828571 27.41505801201276 19.90504131085963 3.02868685295968 
21.32695565244025 27.21924616385488 19.69368631946468 2.646016476380964 
21.50583505490751 27.54982540509687 20.20083445376839 2.982503451520785 
20.9927453563716 27.83512294112379 20.24280090888585 3.149119838681486 
22.80882486596514 27.23410731742309 20.19713264605538 2.487705395624545 
22.50357614200968 27.61079084158133 20.62609464656638 2.795125490350102 
20.74955613708346 28.12309338688181 20.58215300568201 3.640400225075354 
20.88457856356139 28.34753583798785 20.66576236932531 5.789293594852779 
21.02798522503994 28.19856424362598 20.68394341864236 3.913853405293878 
21.71580602076453 28.03696224421484 20.99189463573433 3.656754378917242 
21.59626960271053 28.1892567900561 21.08826027255517 5.412177573217718 
21.58718679617303 28.34604564980534 21.02709657574462 4.575168020308183 
23.04175683901698 27.52602720802953 20.73840843784854 2.585788985515364 
22.1537579467055 27.98126433893935 21.01261156669876 4.185199077755158 
22.45592738053078 28.09154781920375 21.16996473014443 5.159295012641905 
22.39333233147989 28.57624503714308 20.9387774494177 6.266606998710017 
22.83597176859084 28.04205999847885 21.4588125944611 4.08721628276453 
22.8452015929874 28.23173229926923 21.5858841000999 5.547146053718961 
23.38552601290021 27.75098022321977 21.69286240800658 2.821577021075939 
23.21481807911998 27.94319196661943 21.95093246284739 3.387141798624725 
20.79228411965297 28.7776568265515 20.58423203062179 6.251465525957485 
20.97414882908562 29.0051262756863 20.6030432922594 5.509798280053701 
21.14216774681054 28.59565426763819 20.61678533904129 5.842351836942157 
21.43471984860919 28.93362698999496 20.51969233394711 6.226640491354885 
20.95508763024003 29.16607582402724 20.8006114629508 5.12251865179212 
21.16701543934577 29.29674563690779 20.92486451641099 4.225720077918538 
21.00270241827512 29.6018034201731 21.55790261497996 4.399422322391274 
21.25301005186471 29.60862180628255 21.5960196796678 4.308929772885392 
21.31471720353265 29.20661452793665 20.72631133897636 4.851039552988141 
22.01542654369841 28.61546410995625 20.78412811380936 6.086275011977193 
22.26740587305863 28.22645772613367 21.06112691147893 6.238962124045941 
22.67967759933778 28.70192112603311 21.20369840671061 6.173851519094796 
22.19755509692638 28.92569523357307 20.84726751464036 5.339236388922188 
22.57029995109735 28.96794005676983 21.20527410526368 5.157813303437649 
21.78651696882521 29.10453873963024 20.73359114921999 5.350614368638787 
21.99159117498638 29.34157709654574 21.23474249650849 4.303952390188158 
22.55841915119628 29.18232077846924 21.41368009908467 4.228176862967814 
22.34879109396136 29.62868602842461 22.23249322737626 4.233633807012723 
23.46152669627929 29.27283755194858 22.62391346611494 3.911698521516399 
23.00741471979451 29.45780562105867 22.37699090956523 4.126294248025886 
23.57722449595054 24.49917302306045 17.73289877210898 2.264296520779595 
23.29616405168568 25.09636944537591 17.77547081554775 2.666961269897769 
24.0430083841214 24.55380440013238 17.2994757183497 1.583953423924072 
24.30709644875286 24.62218205274121 17.57454437147366 1.179243529361003 
23.82393734131912 25.02043372546817 17.38946940766179 2.341178133043769 
24.16705869857714 25.31368535714168 17.66395501493851 2.117544705531486 
23.54912289913106 25.44585336464877 17.57347130265326 2.43267113840551 
24.66655157257013 25.51318133224706 18.36138980032265 4.117819258120562 
23.54491513469686 24.35739691430092 18.28724733031379 1.640143680208254 
23.73272306775775 24.39325625811894 18.99987363953615 1.910701001189977 
23.64416083719766 24.65223754884138 19.27654336812646 2.087779753961939 
23.26048657098322 24.87132990758299 19.02092243121034 2.559544845735246 
24.16326623156476 24.80272008251998 19.4908352298863 2.359278673345813 
23.44147153116524 24.77088826149047 19.25311330287345 2.374022767642913 
23.63235870204308 24.83410892703111 19.78194916914698 2.504852130947796 
23.50438227082015 25.07585095039825 20.35693844926377 2.699257454548388 
23.86730539034646 24.66227822062395 19.3844354692248 2.106296526441753 
23.80386847580622 25.05494533165293 20.19677100054725 2.71892889666421 
24.58119447667007 24.74948770343428 18.96465796970961 2.436326826823972 
24.60905607286031 24.73618882568372 18.21735153113433 2.513267417399049 
24.84137663639006 25.21473897281748 19.12566853398431 3.363744570917646 
24.84437505658047 25.44481048388644 18.69486936637844 3.530225598020536 
25.43442050704246 25.96004215793019 19.34517999742854 4.331429515066304 
24.62885162850163 25.20159939517124 19.70404030218083 2.787080510342719 
24.25707625214048 25.16993785968495 20.10782497609706 2.657071525673928 
25.40342808989054 25.79533244039629 19.66154324862826 3.454653594315687 
25.1114358053197 25.52668751812453 19.6505285073419 3.204079889583113 
25.39992069806159 25.77642751830955 20.34736271122971 2.934469484720097 
23.53062752324414 26.03458036018144 18.10731704142907 2.250624429797483 
23.14205854454091 26.40160976740638 18.93984856276267 2.205505780241907 
23.98960423843419 25.9303831040647 17.99623196986968 2.252682144390604 
23.85099299266193 26.38509228437547 18.52376727171179 2.189128905247458 
23.6722581690272 26.9944779562151 19.59264464444315 2.361763013835429 
24.05036485760429 26.76097352432936 19.1641316820667 2.366974859489943 
23.69566729843338 26.68300015790607 19.097654361743 2.238085737585152 
24.48318707833204 26.03788681023437 18.4134929206591 2.540391397554941 
24.753874551969 26.18299161695167 18.67874972705142 2.645045026251779 
24.98402153817783 25.89686158338058 18.74925916697713 3.894143772304602 
25.22074126685888 26.1510517790973 19.00566882596452 3.977694526274263 
24.90624179414494 26.4846961320605 18.98045573994226 2.722448741596082 
25.92036841471622 26.61194671272369 19.44729068622136 4.836756649745155 
24.84245813827937 26.64464444713886 19.12026687428605 2.142323089257019 
25.41467696412115 26.7209184786676 19.24109386832358 3.48875151802153 
26.09762442826507 26.15012910912452 20.00588315721659 3.474757221758949 
25.45394585405234 27.07689305296735 19.56593676322703 2.326177096351216 
23.24644511468697 25.35692239897071 20.92278234595511 2.906527543072002 
23.43009548603281 25.53247966330644 21.33000906391837 3.018742481283937 
23.83235675996634 25.32002278495886 20.76547014193419 2.915783512168019 
24.28970321245904 25.57081232665813 21.01873218931687 2.948605425614602 
24.9019688305638 25.56993997246185 20.43804128449881 2.721883129925942 
24.09841774473884 25.77644955768504 21.48401682433826 3.029687792244317 
23.58013177432074 25.83384065121015 21.96898907643747 3.292291138686096 
23.12197017342457 26.08721298003447 22.50887395003718 3.22936539009666 
24.2259215348283 26.2872594272639 22.34336195801578 3.008583950659585 
23.95476847646502 26.39592606217686 22.72280432068988 3.05721857771681 
24.95367389882878 25.89753487377772 21.133693667398 2.749588191472867 
25.74473924918851 26.07699549527916 20.94276450291915 2.495757143634819 
25.38291151988679 26.38944733229807 22.03442150553363 2.835928812919775 
24.79969162414349 26.61582522782097 22.77124788247592 2.770051006498107 
25.41008231303869 26.5578942452706 22.45467966717812 2.762223086012 
26.0363321202577 26.33823345030628 19.6432222261936 4.982975001336854 
26.08133674743478 26.06927753034817 20.34479137594459 2.88114898251871 
26.74065450478034 26.38445377700859 20.35484968219654 3.881942755093633 
26.42345045048614 26.79527526603841 19.69680915115404 4.28721415218223 
25.97014564314898 26.92793687849535 19.55771128410196 3.699057055841564 
26.74071992121749 26.65196247055054 20.0250620550571 5.718835300760531 
27.17136421455281 27.18281440014345 20.39774414294336 7.01545799625336 
26.37613314855255 26.22979026962367 20.99301292405165 2.262594851481396 
25.70759147288536 26.25514136179157 21.39179767761801 2.670980980185988 
26.49119710746145 26.1826596636148 20.56942870344574 2.878835292387691 
26.97663881608569 26.55125782993197 20.92279299222083 2.819729114572425 
26.31586046227164 26.4742459235524 21.57353106431208 2.36073258539534 
26.76331659868584 26.73548569336668 21.89935968992026 2.3377631921567 
26.02776778257222 26.55241213286027 22.02597403518311 2.633150261171608 
26.34181090666109 26.79064389083496 22.51447565270716 2.651066131680494 
25.87135521808776 26.79648323833654 22.7891514911581 2.682173806680652 
27.20423492634635 26.88643366266168 20.60223810690489 4.551215091220911 
27.77486978555725 27.02987575484318 21.12458275573306 3.232604846337352 
27.59887905576962 26.92277228587051 21.41446050690647 2.551220443894238 
27.13841103905373 26.72008688162287 21.08743809257847 2.627403018145571 
27.1703043099272 27.03068227102439 22.59926410331554 2.422248655668426 
27.55107584402944 26.96111873232569 21.86943835720897 2.194542340702355 
24.73686369069759 27.06697578884094 19.65293362941296 2.391839293537942 
24.15565421457396 27.13158615889111 19.71367164338549 2.458308816783756 
24.30132526091627 27.37031688077027 20.05543227904388 2.488155467816767 
24.7123242310028 27.5475120726549 20.11402080028998 2.866256959015573 
23.47278207470337 27.40208207743315 20.6318361959301 2.363036365236411 
23.63310470991144 27.60603863661425 21.38089497343794 2.254517240031504 
22.74563032124879 27.87646811247136 21.18114703561874 3.526423914111149 
23.81172730086517 27.70853780606711 21.66373753342621 2.323149865344021 
23.94005607838589 27.50609226262101 20.68700874189917 2.413664410859298 
23.81544957651437 27.54906777845049 21.05574748645347 2.355094838987497 
24.19057630764225 27.72548502966593 20.80186431182328 2.643426990132156 
24.01608260128506 27.96231557239969 21.76175445746963 2.989805884925318 
24.57988252159717 28.54466029934526 21.68522244771072 3.30058435937093 
24.28719406620953 28.28961766219715 21.68106064601438 3.414182870745208 
23.4774445085449 27.74534684424748 22.62284772069761 2.932779659426956 
23.60364706125328 27.70623298748521 22.32650482987129 2.272563394596034 
23.59906079131924 27.61868017307429 23.08339758462485 2.155377841689756 
23.22705689245664 28.11637942968866 22.34186795055866 4.671072554982629 
23.30799400067314 28.05511219029974 22.90184610411533 5.122890891951101 
23.26585959392806 28.43468541863601 22.33264809508866 5.715663524548745 
23.88142920933068 28.32672095878787 22.50672914160367 4.557008501695236 
24.93719617054626 28.08240680997257 20.64321838307794 3.000472982624018 
24.50659749088509 27.68722253305245 20.3621388530002 2.899389233737566 
25.51725189187405 27.6794580249727 20.2251451120422 2.80968612342599 
23.54674408962064 28.47517637702942 22.67439132090827 3.539219790433322 
23.87575406124403 28.6497858494559 22.46008940373181 6.45847794694248 
23.51150641044515 28.7668234520718 22.43262165616646 5.846185910579663 
23.26968624252184 28.89701796716699 22.10948167354664 5.956387851360432 
23.76020314098062 29.06190197061331 22.6603991234568 3.736025821344953 
24.08182184454766 28.85870242427923 22.40399162445519 3.744301155165005 
24.05254624668662 29.07906616310474 22.71762016114077 3.1051715701972 
24.86740516969225 28.50445401308362 21.48760983850378 2.905977159408366 
24.54419309720191 29.26653211376287 23.00993864574761 2.780428530358847 
24.78236718271079 28.79026948161461 22.05677749590416 2.91889220092429 
25.1287591717875 28.64160959306038 21.8196585652226 2.810729362728694 
25.38699650523057 28.80854321989928 22.28125343795252 2.890352257877936 
24.84806967413904 29.20879471517703 22.95657628546705 3.061144986250895 
26.14845075135551 27.30954133686128 19.85698867515563 3.168497356100346 
26.77973345781611 27.19015099118835 20.04286357315938 4.053584626114969 
26.7907148425448 27.64646941651843 20.43741623244604 2.602613998986925 
26.09373555166761 27.92282699875928 20.53643068506292 2.767447984243518 
25.54757343105082 28.21291410192326 20.64074878649353 2.940360547807558 
26.20722168693391 28.52123314895341 21.36639980688301 2.965603023159872 
26.99815623027187 28.2338986679276 21.44030998491382 2.507189992517709 
27.61130677090617 27.28886349757972 20.66039864188686 7.60807061392552 
27.66560150935802 27.86420226095867 21.03897296928247 2.64982081914863 
27.41176328954655 27.48508215656661 20.58110152429971 4.146398600612315 
28.15413056852755 27.37268093602861 21.66045742465786 2.564356170647272 
28.0073644992111 27.38562923987599 21.14348175570067 5.517027473998382 
28.01837676168257 27.7543186805028 21.21337129111152 3.101229691942223 
28.24121020786903 27.56606490022821 21.30915256326035 5.708458985471736 
27.96223273542979 28.12010267232203 21.74425946729969 1.767710140976718 
28.19451605283039 27.80204846092498 21.25494268047222 3.664561270251511 
28.20736458615824 28.07909658447019 21.4890400715063 3.52795058219175 
28.16776993202244 27.34337294122916 22.0363285301136 1.890619369756109 
28.36993666072689 27.33297331132775 21.58879738339895 3.747280285008799 
28.02581626814139 27.35416616582543 22.49384776417453 2.051345660686906 
28.3079213867214 27.38552629223042 22.42315378568117 2.570631801327551 
25.8430827888545 28.5833246454368 21.40010747139421 2.760430048674777 
26.18863832002816 28.82962090329943 22.12996005867068 2.840334299372756 
26.83209732093318 28.66978454397632 22.20578817831765 2.705416578893193 
28.06526014509814 28.36092925723191 22.21321313846943 2.839155700012242 
27.80817146479227 28.39487471880074 22.41302237371503 1.794966580617753 
29.56836942260576 25.11247273952235 17.22275273669077 4.906260172001055 
29.17433998645388 24.78412545583671 17.86509239238831 4.669135455869593 
29.17952842964484 25.11926525025085 17.88716759253663 6.262624995866474 
29.27855059748375 25.03232921877093 17.53623762700014 5.852072622808123 
29.78281474307611 25.45340591775101 17.40775896682549 4.319206985274718 
29.39487913313964 25.3177754186817 17.58098124449098 5.190460699095411 
29.85586800696223 24.80592029127364 16.91334541689381 3.735887560714474 
30.35533943024991 24.25052545486725 16.68021767433915 3.20086363792376 
30.31104870805462 24.79757131829081 17.03695995284612 3.118820456597973 
30.89257445534256 24.44658558378342 17.05435696428101 3.513186667314756 
30.79338495181403 24.9083344092172 17.36614161684397 3.304562011355472 
31.4683813667105 25.14014569918661 17.71938694643215 3.759367213028185 
30.20046247106006 25.40358162496236 17.44859393238766 3.085615667559296 
30.83249893197334 25.39190970207508 17.80764998211905 3.178946910848993 
29.56566572649638 25.75331590114835 17.94798705089589 4.753290737526015 
32.2108491929113 24.51642718598455 17.06117341548392 3.98095815395385 
32.30708743376994 25.08406036684168 17.55062792711971 3.865782214477292 
31.350063863564 25.38565068127819 17.93781859731354 3.695270358224292 
33.08444186334165 24.66492430525049 17.55315962651203 3.587356485849313 
33.06835044637412 25.12016766440271 17.92880484025364 3.436759719816195 
33.62784833419269 25.00071037945033 17.79680022948824 3.12025599835394 
33.58061216566021 25.96435133069566 18.43973668328877 2.672644942039511 
29.26813242175297 24.47929782598467 18.95152701217542 4.087649918378304 
29.20969152716859 24.82140974736009 19.1504017859594 4.18067563468037 
29.13559241136484 25.06583463299967 18.42668404840624 4.951058549991274 
29.21510306960103 25.56557492437951 18.98334409676213 4.895341933052237 
29.30749158420387 25.66753574116738 18.43900081238498 5.791734426752384 
29.14718123642652 25.11430689535625 19.50239664471425 4.218396131933389 
29.37265777695972 24.80595026324572 20.12583117851384 4.10567407693344 
29.16960119504729 25.1481329430435 19.85332513683265 4.278043508265512 
29.19052893704723 25.69587854119192 19.55774465294913 4.51254755699199 
29.2971334282223 26.46035613123014 18.81259465171216 4.683757726114663 
29.55780021600226 26.31633661719397 18.4165406047921 4.49740560081068 
29.17707084456053 26.04653000742655 19.03900765450258 4.369249115218793 
29.06610788445075 26.50985213569792 19.21663428676958 5.355271238056275 
29.47209440084277 26.64691743114174 18.78515768312102 4.744003587273824 
28.80690419567726 26.70796266883771 19.85878273483458 4.02934574890557 
29.17334503254064 25.83207203424889 19.86099756739292 4.39546352412907 
29.01658547655953 26.20412832335425 19.65157345470493 3.816860189011607 
29.174843710757 25.95691717836486 20.64462932973493 4.528846358238809 
28.85720727429775 26.72634983871713 19.56679089417321 5.015386967179779 
28.77452848953143 27.09342352546455 19.83190730146879 5.516924987097468 
29.06274361992222 26.98640021600043 19.29812376069106 5.029913035098048 
29.91701393199999 26.03585733998375 18.05420066519708 3.893983032235951 
30.15256908563437 26.00335750247988 18.08201991080134 3.023582328493859 
30.92611273297209 25.78590334795905 18.27721996523872 3.42650063600604 
30.74876147947591 26.13566136914222 18.61348625021915 3.365301453296865 
30.66369283553255 26.42594772016601 18.9273512279707 3.286449143619592 
30.10098992353619 26.4762559980057 18.59920325313752 3.137214438168201 
30.45018345777433 26.85959800144605 19.30564738641846 3.18348896593173 
31.07660543396372 26.92605195918417 19.44736709527606 3.389745787736871 
29.59431511344914 24.98523065111373 20.73611278652269 3.951470690502816 
29.32850297912747 25.43192494348777 20.61527616756359 4.149306424711369 
29.66933829233963 25.24401437230064 21.23360570843497 3.876524001922178 
29.36348292726131 25.49994220421252 21.07664392798874 4.213333182342467 
29.35152343084997 25.75285017823711 21.7489838314757 4.242248507834859 
29.61485369301933 25.72257679950786 21.97081849737817 3.444729526648615 
29.93507233957028 23.88061018258342 19.99452584294455 3.586689354135814 
30.03732561774632 24.70130833434002 20.73586207631108 3.364289636864726 
30.42600156680832 24.7435377547205 20.74691679465061 3.15181833811971 
30.07059217895064 24.90028477662768 21.10375730837762 3.439911917162476 
30.5018699999677 24.64004497567468 20.64859720963092 3.262276737867154 
30.49042334026415 24.99934317547007 21.05642342347177 3.038561610891406 
30.9417617959484 25.1239243310342 21.16352462685422 3.321821385583974 
29.90157098379208 25.51017332664992 21.73723929840689 3.289067877309463 
30.87890385427207 25.47855265702709 21.42708069655252 3.140318292636692 
30.45613193257234 25.50666174977433 21.47759444651423 2.98612626678235 
30.83734724401378 25.98889649182438 22.0415512644516 3.243904510591932 
28.92283292077148 26.6002745016302 20.92443115400938 4.295786311271911 
29.11214855302371 26.06903986931321 21.81750395735029 4.391065772536535 
28.71812507219765 27.02494682311267 20.60149778673234 3.947816694085077 
29.47600512275375 26.12609420118422 22.33161543673593 3.283539869234204 
29.25458975016686 26.36371399724361 22.46521488239003 3.890061216275257 
28.96046517578353 26.47435541542144 21.99154623474416 4.568089656142206 
28.85705289621945 26.83238241584485 22.54468528633234 4.271696088411716 
29.21199778936807 26.76369127278922 22.76745358214921 2.947577414318403 
30.40727012571664 26.03000408901482 22.10262141902236 3.047497066707678 
29.91758155210638 26.15143066246053 22.21668154461798 3.089678161294358 
29.72172689092223 26.80980093046812 22.76375557312652 3.027903698339486 
30.26587379101211 26.34496286022604 22.61904492693962 3.357949468442598 
31.99578474562167 25.43037821789116 17.81814044802516 3.829876508856501 
32.32280753088171 25.68704614024159 18.09573343673155 3.843423633499526 
33.02733774905866 25.77650048210493 18.5681609474516 3.168081849065743 
31.45924409736155 25.98654189353001 18.48664557766317 3.67711204818329 
32.03859885246732 26.44682295181291 18.94554545798291 3.614685198092644 
32.09982877800197 26.03460988944918 18.4197900988567 3.786629212100166 
31.34967094032185 26.67656327058324 19.22873734913962 3.523163428718618 
31.91028128084447 26.95421445336066 19.63108892913097 3.452147257816677 
32.53390152142856 26.40718082317072 19.08100051484678 3.591062450860676 
32.89691904796763 26.18414550330319 18.94747482558832 3.097479734912071 
33.41014244716398 26.50002326422177 19.01416438275046 2.994009539863526 
32.6183629300961 26.82781530904682 19.67530372107708 3.132682776804188 
32.89249765572747 26.43822626635421 19.15276199820629 3.015324881538589 
33.07890358132577 26.90045761657887 19.66567875267542 3.039300048349645 
31.23030666583082 25.12735825042814 21.35799886883467 3.380046514451521 
31.50378827014918 24.77926816673935 21.92133737305145 2.786667662166394 
31.92883624181464 24.51243783028296 22.08890236010184 5.069579816610883 
32.33943958465387 24.37625545546666 21.98983135961173 3.357988384459219 
31.39844566241828 25.2861554086146 22.13161062561127 3.426106158123275 
31.59869888216591 25.3805712554448 22.33039377037185 3.939596954574483 
31.15991334385147 25.64697529392484 21.89508200324725 3.529061743237747 
31.43946036693022 25.87778545319352 22.50650006711925 3.967781577469083 
31.82599839288016 25.21060829570465 22.16740389244391 4.156511447217156 
32.0104027103786 24.96242907869761 21.94464898126726 2.752280648051368 
31.82906163271431 25.9086218146726 22.52273884186434 3.816282008193241 
32.8389276544108 24.88530502688433 21.00675802597708 3.851630803861894 
32.54364859769762 24.62076061228686 21.3356281699512 3.435708503938656 
32.56687824950836 25.25800636993354 21.27232876179686 3.765448988768526 
32.27511557239584 25.05269726032459 21.56844347541835 3.378291426273364 
33.10384319136997 25.93699653242597 21.24982521037839 3.144435413823658 
33.28234817168168 25.08277756666635 20.77634102666978 3.712677419944441 
31.17352417688904 26.10117956785211 22.34816091299119 3.520135230853867 
31.43817920168954 26.25834627319741 22.7517934597913 3.669963828558906 
31.60544424678847 26.16937213163928 22.76525851574707 3.648758950359593 
33.3634150333694 25.80854369063491 20.97705214598672 3.128511753308487 
33.42818695706212 26.31662653935578 21.256046841669 2.607237753533127 
33.36176898581628 26.55758421436301 21.50668806183245 2.491092781071274 
32.43727652312406 25.81377206503331 21.67961027873956 3.732217369432675 
32.20574219577442 25.98625758908621 22.11669422550825 3.800805519297626 
33.06962603644466 26.80221587334111 22.0909292910794 3.015175018617441 
32.53528057650466 26.48685186624262 22.24839901260939 3.320888368042631 
29.62523819911787 26.77883418190776 18.87252838377455 3.471007506443186 
29.85139992970337 26.82796947964325 18.97411564639496 2.950666765923557 
29.10353215839369 27.29229738428651 19.54632643114714 4.628582065978094 
28.69784347500205 27.32700632401979 20.22731237962901 4.856091383717171 
28.65068933299383 27.55667756756505 20.41209721622221 4.923455733630874 
28.80561385030312 27.40281161899733 20.0288593149346 4.774216435606093 
29.53748992316914 27.27848973975772 19.50396629185051 2.933954874786025 
29.57467678977186 27.77118762842634 20.38042064421697 2.577734095218034 
29.93265411867764 27.26025007581872 19.65967007862306 2.946426128683839 
30.34176588501112 27.28792672519988 19.8416356033705 3.119413623708454 
30.24113101918109 27.51453327474091 20.16678354984363 3.320181595169345 
30.847979636507 27.35120185195254 19.92294157464986 3.247700876784762 
28.48372661811726 27.33908370672586 21.01366705680462 4.705720862352109 
28.45672994278143 27.64852370067254 20.8374180953279 5.996202078650526 
28.70563276784133 26.95305978992702 21.71191378904584 4.519733242346661 
28.68984783390034 27.88126524179674 20.61385039825591 4.596566995161822 
28.96753374650575 27.6641992087886 20.15105437086037 4.049161977940372 
28.53057328255934 28.26585443872802 21.32479701358953 3.915206039014436 
29.87295040094498 28.23665375313125 21.3283815827544 2.826004986967092 
28.58524501654312 27.15238408531234 22.4324261073204 4.571782085147788 
28.58632531524332 27.35435361251913 23.31103293332335 4.120845522270201 
30.76853158215424 27.67264707131378 20.38471243069339 3.406368002836103 
29.93274352041228 28.02056539545411 21.04523662353334 2.780304289162927 
30.13380868143889 27.99559652965183 21.01930028168309 3.054573738872932 
30.5775928149219 28.20534477865962 21.25318476663016 2.995578991390971 
29.17025190345539 28.19878441423431 20.97745518529371 2.665319787482417 
29.45905748141221 28.67577294251688 21.72747120874858 2.970230886850686 
28.45124105831365 28.65162886879652 22.12252718081508 3.531662106634059 
28.85838177544633 28.34643887164996 21.2259444781727 2.974469832089682 
28.67598486641596 29.09894957735034 22.69908186028288 3.34707256265429 
29.42774553201025 29.16470980154621 22.46715868257833 3.671525786940293 
29.39186413043237 29.44849074768078 22.70395485785676 4.389470940998251 
30.68903310437786 28.62360349096848 21.66953635615866 3.97994633752171 
29.64371253568439 28.71872388551501 21.7982484343036 3.032502314589237 
30.66712520600722 28.9378109651294 21.8788586446783 4.111354848502515 
30.13324578409526 29.05894259244248 22.06426740679358 4.132369014048948 
30.1166008678984 29.3537146883288 22.26186932846177 4.933990613558819 
30.15679266374386 29.76000070047889 22.30746163217627 6.325788833129025 
30.61679436548115 29.56236195081406 22.17654057255266 5.368945987896666 
31.61905652188039 27.41306781675981 20.17467375899567 3.24582952398552 
31.31458126068813 27.20435964519687 19.86020946267346 3.357642249454244 
31.5594733274349 27.79525743831226 20.71768708763464 3.088257122401728 
32.08334272866568 27.28708239283842 20.05339395918094 3.307855128190511 
31.9650141448902 27.72432653299203 20.58971757377732 3.059866558847744 
32.58948303541148 27.24772508955462 20.14457580593234 2.938757981408827 
33.44695100922412 27.46760460520882 20.11341323215684 3.015825713752491 
33.0375896640145 27.28078736715868 20.10272005939821 2.939757953835908 
31.39235787550348 28.04452340838122 21.1371426904976 2.918091642868092 
32.04505272479425 28.1365711196312 21.0026147355622 3.105082377587678 
32.38744577785791 27.56255461032305 20.52022353055213 3.09471597258883 
33.25400832374989 27.99475927304749 20.99249096501273 2.860126598683053 
32.79007478165323 27.90020479170858 21.04621589575882 2.615322374700298 
33.05785994345517 28.57069831672723 21.49234620734723 3.643176798261209 
33.36589814789583 28.32851437783561 21.32191800570486 2.972503002106805 
33.42313376019865 27.36061422430529 22.64785695076919 2.584286730588047 
31.30527052979789 28.2707933777945 21.38951611633943 3.65736422432056 
31.85148541322131 28.48984798128412 21.3116314373853 4.092399606121148 
31.63703594018277 28.99016365422613 21.64644527374194 4.407260636596106 
32.3601507914619 28.72306582789079 21.36296242109302 4.006395451103657 
31.19830385014357 29.31732422109622 22.00042320972421 4.612707231769491 
32.20597671453768 29.53650643314589 21.85941466584365 4.448700151437492 
33.27699199522883 29.00001143537007 21.79159352810619 4.589937252901734 
32.51630370041111 29.08512083880493 21.59997253230026 4.40590993659066 
32.57144621180692 29.43770111188524 21.75942245659899 4.899353908480009 
33.04590607092417 29.6335353179758 22.01553333357061 4.644108348037832 
33.882762824014 29.4298437922852 22.33502095875607 4.269667621259657 
33.82161594021556 24.87175316889173 17.81718061532006 3.81593490633071 
34.11999815420302 25.02619775036379 18.08063003994021 5.165925238330772 
33.80791758465692 25.43346494872984 17.99451900897992 3.525898910458352 
34.29543801702854 24.87408308766 18.38384895977632 5.557204756300678 
34.63034708714969 25.15675326472474 18.70570640761402 5.136336013121991 
34.34744897531304 24.75170613181213 18.83172865715677 4.00331117550067 
33.80566906260519 25.83731688502608 18.29363162811467 3.102808570330836 
34.22620068253786 25.6287660949342 18.26381461174284 3.998501300874977 
34.43503288441116 25.3420843241479 18.35123566798071 6.603895257049203 
34.64001462663282 25.0819669032502 19.00367633230908 3.623814025420074 
34.81570785880952 25.43481756859133 18.95112620447827 5.660046977366733 
34.78067664819771 25.42026154179052 19.28824783669575 4.196121184134199 
34.67842160360043 25.6044334567964 18.6884792845868 5.576384309634989 
34.11571375262928 24.71748136420708 19.31733996115144 3.093741138458199 
34.60914508318479 25.21335180399124 19.42617436684758 3.041099128546591 
33.80853969893531 24.87428286455031 19.85762334753767 3.229483105004078 
33.75659482384098 25.20221752397283 20.23321443711487 3.229876132600509 
34.21582748969255 25.35435980909641 19.98251027865593 2.712539418506736 
34.42016176374746 25.77359535798213 20.06951942093302 2.620504006056194 
34.22852702417461 26.029523491405 18.56385274322277 3.678469757906015 
33.8214509235379 26.41211426928782 18.84719733158162 3.102316923263714 
33.93707554447323 26.70074366015946 19.2731778181714 2.974313201165643 
34.70927268940259 25.98615247038032 19.41407289921909 4.835296694835904 
34.59977117673025 25.92508370371783 20.01489461133241 2.897487183210927 
34.67348375605154 26.20557394168589 19.3227068879838 5.606820018633869 
34.29314374883623 26.54836673454308 19.22311573502377 3.0011186017569 
34.67450555302663 26.0706262631439 20.46762150698302 2.206832067094069 
33.70628996091227 26.94566416210069 19.55271601988765 2.660433531109817 
34.61999204533843 27.00657808540069 19.66947880292608 2.777292044447847 
34.40118355340979 26.74897747655651 19.47353709740375 2.398581191274502 
34.9551521304713 26.46448174510887 19.36513709543419 6.0351287307044 
34.78119513266463 26.79872980508218 19.45636340539418 2.935991560227308 
35.6718594046437 26.47279672699602 19.26559844260252 6.715366198371953 
35.04310597855158 26.25335609489392 19.5716893546021 3.787990547538726 
34.91349045648974 26.07974400793003 19.97793334791056 2.987331696440037 
35.25413720799577 26.13906168804468 19.92162959614715 2.716222904079928 
35.75535062697167 26.17725022863232 19.67254887747466 3.589948147527622 
36.29725284110696 26.09107602229706 20.41236358050392 2.222935563114618 
35.25021594285519 26.17102660903159 20.37912655049059 2.003297674451659 
35.35811980153473 26.85195974989922 19.27924201964731 4.169308290396884 
36.05949149121989 26.48456720977033 19.43295217376327 6.827151368400337 
35.80567565959803 27.08517068943853 19.40986064741468 3.127698867818452 
36.031908750623 26.79791863428903 19.37131650510215 4.667762518140364 
33.70646460878722 25.6850652892299 20.5905357013696 3.006327546838747 
34.07208300932076 25.98811342856392 20.57897239068048 2.0994954086799 
33.770737368615 26.13895465795252 20.92273373561351 2.259299317502467 
34.11815513528322 26.27391946634667 21.02604991287726 1.995066695221979 
35.03404822645066 26.3743371657404 21.04423637870872 1.905923516292404 
33.74741386278035 26.60617827065614 21.42146861652527 2.016249698269093 
34.22707538425884 26.73751052050013 21.64945301457277 1.999582766007904 
36.14313141497625 26.20662688730698 20.97068134876805 1.811613450584659 
36.11422158382292 26.55134453395318 21.6932249318937 1.78141196282867 
35.03698643534 26.99080957895406 22.2778947539855 2.05439609627544 
35.45958567169191 26.62627169804891 21.70851323632926 1.952869768342822 
35.73889476199633 27.01887159292189 22.29829187908263 1.765916982782301 
38.48291311064461 25.02229717151452 19.47928373833953 4.447968723696533 
38.26026496512763 24.91363130185856 19.53562384932688 5.437678441251819 
38.10787832925644 24.83968964885327 20.67649216365972 3.496048150280728 
37.95205993516256 25.64198228873528 20.27734446983868 2.327957081111435 
38.49471156677861 25.29234343738307 19.87718459855674 4.349850085219316 
38.56769279236338 25.60041991365799 20.14278279112204 3.364920753134271 
38.29534370746241 25.32253332925488 20.17117381172757 4.618975369303712 
36.69177889554496 26.40559635447081 19.85273162880524 5.473739810939094 
36.4750504387034 26.20977174930282 20.03220744717061 3.680153540339433 
36.88061684687168 26.0798266125151 20.44427809087379 2.287034593348011 
37.43365372041841 26.04472051028243 20.12756336091284 3.451471907813954 
37.32242040509273 25.95968671644091 20.43260614743371 2.220172767648933 
36.99251070082789 26.19932990243072 20.05967450300512 4.092221704330882 
36.5850954606826 26.61229781988887 19.70667201033804 5.230878728929099 
36.61401337558348 26.94221230550538 19.8364882582225 2.761102014676055 
37.19441537294539 26.51955965788453 19.92485669791568 3.655516076102657 
37.65392765496086 26.60341091834971 20.14717847615974 2.115135779931222 
37.95955931643689 25.92592700523056 20.02940853961492 6.927299924315946 
37.66528204371202 26.20277320272255 19.97537223240784 6.05660118673228 
38.59172693069887 26.02685932493785 20.35684718528174 2.854821451274404 
38.25784081047568 26.58684533828611 20.61884905111106 2.450013178955032 
38.09311913963938 24.92657831462531 21.18558300424969 3.447047325924245 
38.16584328399471 24.24414745673167 21.62138590580526 3.396284645386714 
38.13445293844944 25.21670671703433 20.53644766057297 3.203311721255034 
37.98426192483849 25.44230755505532 20.6374871344503 2.219407499893521 
37.77588444561627 25.59678523160057 21.06323850606699 2.19730296073854 
37.54100361743866 25.806543378808 21.02656616477909 1.841630389404685 
37.6918837311468 25.7458669435343 20.49366240493221 1.59167897836646 
37.96801539487331 25.29377240037762 21.34943159306357 2.685066644487591 
37.77508510702081 25.61888897119992 21.6984054178277 2.236998747978049 
38.17340995191621 24.53754186122369 22.37670857392493 3.142244514602226 
37.96354402358282 25.29921756790846 21.86644221779038 2.905791764472042 
38.31958640437731 24.39801458194809 22.9688576788788 3.020051122985706 
37.76288384226552 25.73409266154046 22.27626276729062 2.567035332934381 
37.94057249384561 25.42680442348484 22.65254236357427 3.091895407384186 
37.74049849970663 25.85393948765853 22.831553969492 2.783899307269763 
36.61949194506145 26.10083415637924 20.90609812379353 1.739166088785751 
37.12798322395226 25.98857807900599 20.98130231421623 1.781904214181765 
36.45519515501255 26.42317436585413 21.62889227596081 1.742069078597027 
37.20284634468242 26.12807684084142 21.78683373392851 1.808894888852151 
37.03295900703032 26.51064738769861 22.44458774365413 1.805077856079066 
37.5976406277302 26.04674623113528 22.65046526429845 2.411204000094187 
36.22032879103998 26.8500077167674 22.35197967736804 1.757710779277488 
37.10051295279754 26.63716967492642 22.79747760015137 1.888396564235336 
37.50108267447479 25.87599584952263 21.49404171148595 1.882145104993953 
37.55058688155884 26.98820445470594 20.54291154878791 2.200856645684865 
38.07926104705616 26.99417698849629 21.09316131534436 2.404898638544068 
38.64583412002767 26.86403708081606 21.35509848231318 2.745839684729049 
33.82542036030921 27.35634902545224 19.88149354105888 2.848183490725091 
35.42610387928277 27.30356960193623 19.55236683045887 2.347901902201158 
34.62273010347617 27.4320631715149 19.99493097960709 2.455070569115009 
35.1129891108185 27.60865327842085 20.05119242468461 2.658142803845749 
33.84678301158176 27.7846224383331 20.46188993429568 2.880747494918666 
35.33688989484969 27.06782559466586 19.36622006960067 2.766606576455587 
35.7084236480054 27.53779602869887 19.92181155444495 2.640409911129296 
36.62772937868476 27.16794131033416 20.05077779342915 2.909764823883194 
35.57298844463624 27.91984875158278 20.70993405416269 2.512608987403553 
33.95312769393104 28.09320123626105 20.98425955886151 2.645942511777946 
33.9305360778126 28.3358783473283 21.32001051699844 3.193618732543797 
34.49703542718245 27.81867319537882 20.63686935528682 2.624585353513595 
33.97496693870131 27.23750938958946 22.36073171441762 2.126438344758469 
33.68788190312779 27.50848615247978 22.79484984526317 2.45822059103179 
34.66693809633922 27.16906268172534 22.52116087906886 2.141629610675125 
34.5737978529059 27.45445491782027 22.83136538635564 2.093352962627932 
35.23970706334109 27.97280652151966 20.78378257227117 2.508147181497947 
34.70999246635827 28.17837192072234 21.37046243102338 2.476825105834791 
35.13811615551153 28.24663067574233 21.57396484408168 2.258933603631988 
35.99176561516015 27.66804141898426 20.32993527867462 2.561518202006624 
36.07237377287745 27.98037436912702 21.32934732243164 2.424745565306267 
35.65648025660249 28.24625994973078 21.80619949146732 2.265180953728759 
33.83200453163474 28.64385011479317 21.61311053401286 3.492847851771046 
34.75976666802863 28.35948271567476 21.60113151115696 3.003597141101181 
34.49788398466846 28.69446009463288 21.7666190312495 3.579370242438443 
34.89485822480335 28.97690335488531 22.17384174991961 4.103205689593494 
33.68335520522669 29.22943744110727 22.05528003005706 4.459856720773814 
34.50511924393396 29.10649104908385 22.15767876217027 3.596513110331472 
35.40753165076941 28.40772637223679 21.93984458073389 2.555257557618461 
35.50900125441885 28.94790798988387 22.67862841678515 3.805232518331223 
37.10221779459044 27.26264265989752 20.6212308554907 2.040568341226844 
36.39470698380102 27.82777752958218 21.18246783801887 2.339113892162146 
36.57139107913408 28.2163166935765 22.24079387454063 2.187108414670234 
37.84642039023102 27.28802597334238 21.4432502673823 2.499840424807331 
37.20424855845559 27.82892367616025 21.80429333486175 2.56450627528281 
37.97344141652211 27.70852932287757 22.59078096345737 2.457093960264899 
38.32459453731555 27.52723645933829 22.59267150604517 2.653049639956208 
35.96671105263948 28.54128888639416 22.54559714139478 2.545578346627394 
36.52945867575418 28.41554498488739 22.76989721620708 2.111194143390634 
38.76768783953634 24.96968510594321 19.41257943430864 3.206694755842761 
39.42346689251517 24.91520357421356 19.85862037163623 2.638346637105229 
40.00988059661896 24.41952205654171 19.71515016563961 3.246754564952028 
39.97989943127436 24.89041806398765 20.27777101577608 3.108764896303313 
39.0063956136029 25.329393288351 20.05738513182003 2.604705553594499 
40.40970633301659 24.70048924680709 20.10587789445211 3.331057292385708 
40.1914948333914 25.42394533962191 20.88587470737338 3.032792371855976 
41.54984234512303 24.66430109692156 19.98159249349053 3.254776098663683 
41.08118155591912 24.78970656567387 20.01492001262558 2.903890922517348 
41.03667718635912 25.09573504531725 20.27636119163662 2.998846003072003 
39.1064976354734 25.69436578765119 20.5112245158575 2.674777588093207 
39.85135844740316 25.3159475552592 20.7243217782319 3.021128927446028 
40.73597661749471 25.42291931625505 20.77102089670868 2.876887557841542 
41.05830212829004 25.61967669493738 21.02262194581791 3.071536287831805 
41.36525242094019 25.50537289813436 21.04176380642745 3.510528534179485 
41.09890916495884 24.5798304777215 22.29871231708878 2.929359884252108 
41.4246626598167 24.85828880222074 22.20835774800869 3.587994853550526 
38.93330842837585 26.51194651286583 21.10289632489126 2.701286163414835 
39.52348576133335 25.91828792254637 21.19529980857783 2.949984406203555 
40.14722871618587 25.87247753873652 21.37012431444271 2.901415283745735 
39.6039584064311 26.13594172572128 21.55750316159068 2.871617459019291 
39.68495854975013 26.49830725128694 22.16897364439134 3.02808208355853 
39.25650192783047 26.67875879114338 21.99025303045412 2.848398858245645 
38.5780238059666 27.31047403352799 22.41719913756963 2.693875200249664 
39.93528132696481 26.85895232892706 22.83085569630713 2.807176886354313 
40.93589507177843 25.92329756549207 21.44448460606901 3.057904563152647 
40.89227182252309 26.43850137388933 22.30207884473164 2.790116926496694 
41.3392321208035 25.93798973527413 21.81337438053357 3.22236123224809 
41.25084738287266 26.28149728294857 22.42271886797657 3.243868495147979 
40.46989866286494 26.46830088462152 22.21954878231737 2.859925734025836 
41.41425677488548 25.00228041246201 20.21521657572269 3.310693096831159 
42.05674835289345 24.52520276038921 20.71904728109552 4.946670950403075 
41.90212577259047 24.87342693742454 21.01006837824372 4.569800510587186 
41.8099602445536 24.98434563200908 20.54990113675256 3.947360095604353 
41.77989283290554 24.9185214895763 21.35225772728944 4.29029552721255 
41.56717605509114 25.40420264934678 21.2332334354697 3.938041522481598 
41.68158811038592 24.92746884846456 21.61560977570525 3.703024797536159 
41.62353163094812 25.09696772181769 22.1106025973918 4.179610157653883 
41.675021804287 25.31953471342809 22.06137418983326 4.927311561563386 
43.08816300695393 24.76806599292698 21.60724210478676 3.763887513815916 
43.57844934031775 25.02900153737404 21.49065268664834 3.159132132100524 
42.90083188250049 24.49752742985273 22.23021094103527 3.562998201731773 
42.93201269772399 24.77810824850108 22.40711677463451 3.29615325119272 
42.91333439873938 24.98639737288133 22.49455283931268 3.265648170164212 
43.24140770308845 24.94386320223302 21.64217953661876 3.482432378751241 
42.94324455015239 25.36857870503789 22.53395327661054 3.54946654680964 
43.15539226059186 25.59577060326296 22.36791468960012 3.459779873076513 
44.06144440231972 25.306053090894 21.76627952046488 2.952178205997654 
43.7071931126279 25.74811889347927 22.30808732079255 2.87766757017468 
43.33387163159347 25.62994682407008 22.25049791882113 3.109803059603848 
41.62482662401477 25.62847383743361 21.90414162859753 4.202869366444872 
41.45080462373411 26.17025082318862 22.64762262996069 3.668700145733482 
43.26876891615112 26.17190059270671 23.05226422986955 2.97383315638919 
44.17250738896679 24.52288014201948 20.73894433860904 3.245518920995721 
44.90237882916207 24.89590936534832 21.05757672177917 3.242434161963956 
44.83319708362433 25.60237019788145 22.05917501535481 3.15744303195055 
45.22731554230517 25.59866923633422 22.24539093533771 3.543427796230532 
45.27924139254821 25.04409442885345 21.34348639431728 3.60761070135689 
45.64450576080885 24.78649449388205 21.18811710716316 4.40696091075381 
45.85922511227017 24.84569333016828 21.85864008118165 4.508038616780539 
46.01917879180901 24.550027169648 21.17931729217188 4.652815383756547 
45.85622256111397 24.94883238795316 22.60099742624356 4.08007168885598 
45.82753015198932 24.56651122857637 22.91343837379497 3.303761453299273 
45.79217340021166 24.9819426313113 23.04673054158198 3.556405441773194 
45.42406767875434 25.54010384253261 22.37403893980008 3.905573962329214 
45.54134743491137 25.40828305418515 22.36038937263585 3.883109027020311 
44.38179228217842 26.02036005221244 22.74207766245135 2.857937633176732 
44.95087727013474 25.95606555327989 22.70729391113829 2.91148341318862 
19.19284097365459 29.55614399287891 22.64714826103991 5.658128248547257 
19.18107443238597 30.15672059686457 22.92831986754091 5.670340142905729 
19.25312438093305 29.62399734121081 22.46999698275502 5.763568415865734 
19.84867512293658 29.90791339795361 22.52211227236696 4.548783444468086 
20.43268655715392 30.04057226114516 22.97461746441104 4.240713621465034 
20.34437118854788 29.76770442905304 22.03679124414748 4.842696539139183 
20.98230163231258 29.9496413141738 22.19638606799083 4.546962368261745 
21.25524557337222 30.09435804430244 22.86631848506104 4.487642756641037 
21.52375205357596 29.76866888812228 22.18848680883923 4.301345742217734 
21.81012790955994 29.92565419180224 22.90997802014486 4.482924491768756 
29.91100676327282 30.29975788284504 22.5209183156565 7.005956203623782 
30.96178117141682 30.44411631810083 22.2810879675136 6.254543516986359 
30.20116121712853 30.52910292663332 22.25097447048583 7.288369977955028 
29.73166734756837 30.74108383785369 22.87294963294064 6.511315745509137 
30.5096751117971 30.42020768577313 22.21337396751425 6.658442943203283 
30.52142201215318 31.17098019941801 22.00740929247803 6.874105838739979 
30.19889517031154 31.12328215942483 22.01246788804148 7.051358384157595 
29.95650917066554 31.04352707082002 22.36664635355075 6.353151868815587 
29.93154782349699 31.25954000973286 22.62257084027836 6.482466166330539 
30.23665752544552 31.41669895004726 22.17593815200073 6.14450497513252 
30.11252739020381 31.47056963453702 22.50277740758351 6.592579156216175 
30.82425263774772 31.16743634013688 22.19637924601301 4.878355212654469 
31.37435589305141 31.23929543938238 22.90586082069924 4.947963155526395 
30.68497821337048 31.51264295264229 22.46689175485262 5.725235897779896 
30.49473786260953 31.7277907875123 22.90785103736637 5.414571995954645 
30.90822297264127 29.87229209534517 22.197337085325 5.818212787775394 
31.24943358199579 30.32060809191043 22.33404296172409 5.988214384953324 
31.38779257624 30.12024752308403 22.24909161133806 5.723328287822312 
31.62641273088591 29.90540692537794 22.12027235778711 5.273201951576482 
32.53928362905558 29.87408598202149 22.05423384362423 4.856063344848053 
31.79621055571571 30.16671306984876 22.2589843879009 5.089451639955143 
32.39868551211278 30.28146342544727 22.59360287102371 4.939981262974527 
31.32114394307849 30.70813798199835 22.50096488533058 6.06875845363885 
31.94115807006446 30.65206483184441 22.78917937836211 5.604435747901277 
33.09844266337739 29.94458405978745 22.37314957546061 4.46904863555676 
33.8159992793371 29.86194397896804 22.78079870302449 4.207101301966588 
17.63923517328379 26.79680488557879 22.88214094917772 2.922184834330551 
18.32528470384595 26.74080600510884 23.21297498941265 3.107087640158397 
17.28693781540427 27.07145424684497 23.37464308845472 2.903874002510122 
13.07760760458958 27.70273959964607 23.03489564602005 1.195482627153751 
13.27199716018898 27.57158448354058 23.43467784304416 0.9837341148602903 
13.35822135861325 27.67548993226984 22.91229326867013 1.006540230029195 
12.89309819022251 28.00709592766738 23.1032241290514 2.025309274424089 
13.02257452609145 28.14598766355489 23.01180862914694 1.015224000737973 
12.90426749925538 27.86091642655938 23.06499468071956 2.379649153474475 
13.02262389973174 27.71838339331121 23.4551634700469 0.9388616514098587 
12.8631122609227 28.02390586126773 24.25456060217942 3.211601074509645 
12.89972293577266 28.19374184717352 24.00692588227685 2.233348135561755 
13.15265822812543 28.3108097768879 23.52759833557974 0.8468322818190401 
13.46093111272891 28.33756030424134 23.66147320981033 0.8621970382383637 
13.46591030985419 28.03424677741643 22.85205991458532 0.9566579337248129 
13.57045036505111 27.86681558720081 22.92299070055293 1.193420803416018 
13.46592460190676 28.24552071274566 23.17466555103707 0.8011909248973623 
13.65894030297337 27.62090508876922 23.41864652172124 0.9514249984898626 
14.03186055890495 27.87898171850849 23.66262377052983 1.534309881007374 
14.03310272621061 28.02605147782834 23.65858367448033 1.333457672081934 
13.94333110067111 28.22160334788725 23.91004110841982 0.9264934282703337 
13.309039086802 27.62376054473818 24.27112019447709 1.681501374728981 
13.63417416116972 27.56685562105913 24.2657952648641 1.188811430875958 
13.90823207401483 27.63566743022817 23.92505175620733 1.105682589372208 
13.45948312235553 27.58655319905733 25.03428328205652 1.566997884682479 
12.99857440170429 27.82445027709358 24.31017246566125 1.709533475844154 
12.87043226830225 27.95401284296508 25.04008641370979 3.019208748340219 
12.89282193065224 28.40301615901011 24.98230528754516 2.545408663126352 
12.81059253601057 28.21264759242592 24.95861983015493 3.681298541399883 
14.37347104393303 27.87677833067472 23.87254274675899 1.309055637659995 
14.41714521949087 28.04131583842632 23.75486273645275 3.298454130461124 
15.09693848226441 28.29318992191306 23.53718828593137 0.8642656904075849 
15.42207441902097 28.11535669931012 23.09094536019256 1.694955318475067 
14.76055168081847 28.35249835261792 23.65485853617996 5.046017497976152 
14.84668544007167 28.16618420388893 23.87007386611477 1.037968962166474 
14.2626741268583 27.57528133363802 24.51161060498149 1.39645363870136 
14.03153729908097 27.54023728339074 25.06202355626929 1.515441051520057 
14.53814016752191 27.5942409671649 24.9598165254616 1.560905836080607 
14.60872813823668 27.71880258005823 24.41054048685914 1.387487001728914 
14.36758375923633 28.30154831708817 23.87949952752005 1.695088261388989 
15.29889176327559 28.12146009740892 24.16060547226908 1.17428185809905 
15.10399937016448 27.91693114259272 24.76637286927416 1.401058539525224 
13.2884373530779 28.586319225027 24.91654071226284 1.16364908384358 
13.06427284688612 28.54432433529066 25.05724680533871 1.621162936958854 
13.93275630232515 28.38929556266717 24.51712774280216 1.089460411586685 
14.13293588457791 28.6321683182923 25.10163587695765 1.592998497215731 
14.90028112951465 28.36077170866471 23.33115461183938 1.309595265033323 
14.84816311140746 28.69548246576404 22.52365182799636 6.92986064655247 
14.84550178173707 28.49563887029383 23.31443591182543 6.976342806976106 
15.17003718690045 28.90683717893598 22.94477028063921 1.898464210249443 
14.97728076839395 28.65908991557512 23.62344870696303 2.871345772046112 
14.8174319581549 28.49843346761918 23.74766962463709 2.431359112702296 
14.50509216389769 28.56586533434765 24.47282525676121 1.78907624267346 
14.67555241847159 28.83511640132695 25.25954481483514 2.177989981061529 
15.37065992362708 29.03956017622171 25.19063947289201 1.854050399852042 
15.33395075904893 28.92574068648353 23.82729686047495 2.070413783687911 
15.04576659764424 28.90788699788234 24.7684788507246 2.167483865145869 
13.09682987291663 27.76942001745285 25.23382228010333 2.283004005912289 
13.00247229968997 27.88035448559317 25.89188914709183 2.506499172794094 
12.86278396878601 28.30975995619502 25.57926018717243 4.337791921212215 
12.8758347005475 28.00677397044765 26.02543496426183 3.086483422215622 
13.39916069511956 27.66340388912706 25.91361070966477 1.731895319966171 
12.78564079273903 28.253907338946 26.03504461612702 7.773951947629428 
13.75152740363563 27.60061454432626 25.91679121397492 1.600456715543942 
13.16261074289257 27.97413734017622 27.08299140190133 1.367611552668819 
13.19571092919857 27.81561276997715 26.56934320415648 2.013458501362706 
12.81998581762822 28.11261360010884 26.61771600658388 3.729960240468671 
12.80291879557095 28.38198571261125 26.70875029311572 5.305564124255284 
12.84813932260107 28.17589632812717 27.35096089283956 2.476591126306289 
12.76041779979689 28.366537343116 27.55048637010061 6.467190783806529 
13.74461544171148 27.89080729604832 27.08200228489897 1.362013809992348 
14.53010189562491 27.57784425998732 25.73073011331251 1.679828469443066 
15.12835179473934 27.7888898085796 25.68942247598268 1.531486294372868 
13.79530351039309 27.70404990693987 26.46607925244519 1.536425002767871 
15.06390198800473 27.82220811201258 26.48453249019041 1.595465434269343 
14.4391978924457 27.92685151926092 27.07288582979941 1.449634429985935 
15.02234505912228 27.87289125933806 26.85267204042931 1.657434114735736 
14.99124468586074 27.8872785234156 27.13737249443545 1.771793784720813 
13.07538619725465 28.58556054960014 25.62389421663529 1.992189085421543 
12.87839638819002 28.53959991847137 26.05523743690546 3.324792055424155 
13.73239052321734 28.67263621455393 25.42607706498203 1.332685636323632 
14.38004639835419 28.91600388160331 25.95770641010165 1.711685942477743 
12.87828336302361 28.56474654319436 26.80719713621438 3.462526715392528 
12.7892871108567 28.57513585434214 27.49886965306485 3.72732748734424 
13.15788695703536 28.85507316577027 27.38778838962989 1.389613484065691 
13.15715358008517 28.72297461509091 26.03957675683785 1.673576889344488 
13.095483611361 28.74663838533819 26.80369217407985 1.887341722641963 
13.93565928582771 28.94408971497383 27.37564450945474 1.405855119859524 
14.72842175795845 28.99457764328545 26.15205708604707 1.757457100026286 
14.99312286000343 29.05661418162707 26.47119274500472 1.766785704296183 
13.97220167441462 28.94293655482275 26.64257917118274 1.650438054319196 
14.7686541890973 29.13259103209563 27.13864127057287 1.730394394467993 
16.80606861184157 27.26087825705951 23.05650577434348 2.656913444463555 
16.17017361790386 27.57715128415728 23.08824456765143 2.755805568985409 
15.99320261260206 27.76449534508001 23.62274918087506 2.751841453006648 
15.59011024874452 28.073710923078 23.89333371281358 2.052529577763977 
16.13772590941225 27.64523955145791 24.22943420396005 2.627271525517983 
15.98749934427219 27.54645973051792 24.98030351672536 2.772446154378201 
16.75294544853976 27.48143578453633 25.07560426299341 2.26695368705731 
16.36160989406305 27.56892585928054 23.53257368183841 2.658869639013318 
17.59980793168422 27.02508970590227 23.69853499194707 3.039264274620081 
17.01907904518213 27.41384040110168 24.71123895825771 2.720054802287933 
16.59643546786368 27.5319836230659 24.1615502241174 2.43357490850579 
17.6600782524086 27.22879093196939 24.77307619389544 2.959483056546077 
16.21096859641241 28.9236068288664 24.31995176500618 1.907466741808648 
15.83780359769057 29.00607977924118 23.08442962331719 1.697449085825852 
16.76039920913888 28.77957468681036 22.90484889039574 1.925112979916662 
16.44476657364421 28.9213783308069 23.61849802981856 1.896210948715662 
15.72855138300455 28.98602574373713 24.00797059525651 1.817987942450017 
17.88617856502175 28.94558304829381 23.43265009954594 2.557462717988841 
16.68298956360148 28.99889577384582 24.4137001866973 2.419296114407416 
17.18775730920123 29.04881931084243 24.25833902624843 2.564192530005954 
17.9383194132993 29.10481064120501 24.46827072712554 2.553753127261643 
15.91481135909321 27.58770087378366 25.44636427070673 2.878030383472492 
16.50982916433794 27.47688569404211 25.98673441259663 2.366086317396167 
15.4653183751477 27.88876879177602 25.11189394356209 1.802714735355508 
15.41932336330745 27.84213400370374 25.69699377282685 1.663118391163451 
15.90793727872639 27.64323647693415 26.5193682024494 2.322975589269589 
16.06192851212744 27.69228577810792 27.39661867158583 2.077340834646407 
16.05824961375012 27.68313672507456 26.93552963527433 2.244604532940713 
16.60105092781051 27.58432620658544 27.57401369316374 2.53608259685754 
17.02214363610338 27.48259620420436 27.31477931744357 2.748057414247654 
15.53816698674757 27.7071871441303 27.31459775836773 2.101703953051725 
15.6148732445631 27.75141362735008 26.76114903337763 2.010937299428775 
17.47273127384464 27.37643980081016 26.49187469158869 2.73725326449042 
17.74945149170498 27.30892358429462 25.56303604766384 2.770288611742444 
16.75932811170284 27.43146247653175 26.54536182519015 2.556353007229177 
17.69681742245999 27.39487906839861 27.25565957107303 2.870948151876291 
15.6557983370754 29.04013980473763 26.10248459660264 1.900223770143796 
16.29937377515472 28.99624440633025 25.52977110348197 2.081975949768889 
16.46030892559796 29.13775104482199 26.16404988928415 2.292040014914363 
15.56558459988395 29.04128724249857 27.0195320618129 1.814221669698611 
16.2557728613973 29.18789447935012 26.89853317442267 2.408831089937877 
17.02722742377861 29.10959299899126 24.83024294344348 2.540363116971434 
16.75044344453518 29.10940056358392 25.71735011002653 2.422793963329894 
17.48356918660358 29.18182229474777 25.66024582144847 2.557107881265864 
17.45189215815903 29.26271528974431 26.21212964345908 2.603472326782082 
16.19956915063494 29.28602792058166 27.43423329728559 2.544411349557549 
17.38935566403184 29.30541340633421 26.72746065071353 2.60734749186571 
18.08578248273099 29.31186751207614 26.94239211216014 2.697232854826552 
17.59099951263743 29.41358504505367 27.38581025392178 2.741070901549477 
17.79310383412879 27.0579193445222 30.4843575420032 3.362093903355515 
17.75123839320335 26.94937860922224 30.94099270259505 3.462702683467683 
17.89254477160563 26.88694638348679 32.05283167551506 3.246408429947053 
12.99057792045177 28.12764959756457 27.72913341063986 2.184537057000597 
13.43359766767944 28.07903336902447 27.90007192902344 1.104437276840343 
13.06822048299792 28.29465212569967 28.3324352208221 1.840607333253459 
13.26261753761231 28.33927399363253 28.8754049342911 0.8602024715293553 
14.33071207413497 28.11575733936705 27.66250063258176 1.238421012921009 
14.06207388481152 28.20052823301385 28.21418832040898 1.109015347367034 
13.88695869940898 28.35581757269112 28.7392721431852 0.9044779004390833 
14.63088280997104 28.37022016946661 28.58675420775917 1.231181425257603 
14.59760540569706 28.15686729071598 27.89041768899591 1.310538555436196 
15.45884519722169 27.69645489598843 27.68569776678747 2.32470916486713 
15.29800002565591 27.94159947153176 28.17827111760873 2.656723940382619 
14.92253275682865 28.26815750633375 29.04668550872708 2.372845376854343 
12.93295821608372 28.46929945164923 28.2354152791052 8.008491286656692 
13.06193489621833 28.67588782684546 28.25767194594208 1.859358810404942 
13.33770576960753 28.81686206527242 28.41591287350453 0.9594004251818262 
14.49683496701378 29.0288903956403 27.74358833216887 1.444039225310547 
13.64432964024512 28.90313516007011 27.86470745324723 1.213311480482616 
13.88366374770426 29.07642992531189 28.6722255537439 1.421380918490485 
12.923102 28.518745 28.855 5.168240862176901 
13.0897898101275 28.50278796436054 29.19531547737833 2.441205590050515 
12.99037138234145 28.69485722174204 28.87834758405904 2.141977437680822 
13.38285272368675 28.87953162840469 28.75822128103651 0.8647435597545368 
13.30799402611523 28.87982263933678 29.229319623512 1.224607519021362 
13.01653574798126 28.67984300045028 29.19077945144667 6.172388663612878 
13.61955976742373 28.50246714409349 29.12925919482705 0.8871701833327919 
14.51498763576722 28.49696983576004 28.81527416738219 1.09912282342772 
13.97155827332469 28.68465467217086 29.12569023255556 2.119339193155042 
13.7453665070566 28.84951776006034 29.1719330833918 1.662350343692566 
13.35449044940409 28.69020388753626 29.33659618811862 4.872992053792473 
14.0617127507002 29.05211002683357 28.12964871737409 1.350975922421 
14.83897306023914 29.05838917569928 28.1636028657609 1.442185759376088 
14.48093582631676 28.6909224445862 29.10040507169301 5.241047169843398 
14.13988635259954 29.11641993579551 28.65469577636745 1.266494568053886 
14.72245292473319 29.00423903787231 28.73710070537436 1.580029069962293 
14.48635814475177 28.81215614664123 29.03761549934445 2.181543424293466 
14.52697772178874 28.66459604783987 29.69347151749584 5.413438838899253 
14.55238313611719 28.86604018960463 29.67669367891877 5.606152403491592 
14.9794560809448 29.09371870074607 29.36840206583418 1.861085134570814 
14.99214019866339 28.48861927800363 30.02021207137826 2.408430327481 
15.14977755906899 28.52083881915307 30.73764213635117 3.906178490015975 
15.17755417835083 28.39387361639707 31.62530618448384 3.749374981903429 
15.00695415888845 28.70648100186084 30.51915377714882 6.257166601535232 
14.65809155803339 28.93313315062744 30.02366158932682 6.364697598318116 
14.90508536586635 29.13618336092366 29.99611254233987 2.447565820766926 
15.12869162618485 29.0511850384107 30.52479774966718 4.227511664969427 
15.32375121031729 29.18479853877177 30.07748666568003 2.067053953681523 
15.12857323925617 28.99655229774669 30.99070911459651 5.474740025080564 
15.03147629673267 28.71769972902978 31.82455595169266 6.928778249518757 
15.10560516111903 28.91270178847785 31.83453883319707 5.204606791994252 
15.94020388692932 27.62218249183896 27.77335410769883 2.184730670226145 
16.41864509495958 27.60765757202492 27.67126491745721 2.325871327649196 
16.16525264160804 27.58693426301769 28.53029763001364 2.717669564697786 
16.06166563313866 27.54972809260823 29.07697672565033 3.404744165571145 
16.30277592260044 27.47099145591012 29.00016311798598 2.674481246252356 
15.60704183584228 27.86714122196739 28.79950748380579 3.237492311281898 
16.13122164841144 27.6239424532313 29.829525673339 4.071717556145131 
15.60830327422543 28.03675909572321 29.50809907937009 3.505796008158256 
16.92261304447021 27.53323428413409 28.25396816641762 2.737236102768804 
17.29741389357974 27.39799781494464 27.72087293894384 3.150907074873373 
17.02518998831637 27.52638350268374 28.6759919937691 2.702379437596051 
16.51191286950217 27.42767667720308 29.94988330119149 2.698388249605728 
17.67319426840226 27.27974341534673 29.33348719158239 3.457889424840545 
17.89474293759628 27.20780007378616 29.78489699489702 3.118169761462923 
15.6617174614259 29.14030892041157 27.55258374285963 2.153861809042269 
15.61764527188801 29.25613579507131 29.11504175335718 2.158304277796759 
15.62686000389441 29.18756693824647 28.1464939093521 2.152833797746069 
16.63726122042154 29.32101766598099 28.32444988026581 2.537285609371338 
16.21422835672325 29.31019066504144 29.07724815921133 2.472002178632096 
16.21422628724318 29.30084878022388 27.93437623188652 2.398468552369252 
17.43777655796733 29.39876138346282 27.83995807007313 2.695493236369288 
17.87087398872166 29.43683110436038 28.34462638293029 2.822493360324444 
17.20058522429035 29.42845298947701 28.90586540685768 2.745184638734997 
17.50666731652093 29.43622476399591 28.52663122875878 2.760845555709381 
15.91096065240459 27.82625858992054 30.66342367233637 4.29373318925218 
16.54478095503796 27.37031451336061 30.50452320675979 2.844758397833687 
16.42363753348792 27.16481077338046 30.96808253380569 3.120042322834109 
16.23911877072668 27.45838568576723 30.50553721608568 3.707420857127971 
15.72071574352815 28.02870197763431 30.37310180887652 3.74564967974095 
16.02024368784897 27.60073754846393 32.03676604649322 4.350060860166479 
16.13811480193722 27.26200978787185 31.26322570239608 4.190652637798621 
16.62519270119725 27.10540015021123 31.41264191632708 2.82601248011315 
16.2337648909546 27.17560765793267 31.98221785260216 3.958229508246603 
16.49776742701327 27.12294251412277 32.03474925052792 2.788198439391607 
15.82389580455895 27.92789718819871 31.44751897807888 4.113798580974787 
15.67845922917594 28.03646518455472 32.19013547654539 3.98657342092352 
17.13735265384939 27.47073743063813 30.07903212248856 3.057372066353793 
17.10972499332515 27.39294809610767 30.68718459637759 3.223437828136468 
17.46150234563489 27.1966943164396 30.40059133776167 3.933183304978115 
17.48580426860577 26.83856879144437 31.52699608664219 3.779682340561777 
17.08847946703661 27.23262769171235 31.43551267524151 3.463826413661906 
17.54068570646076 26.90045165172794 32.05293951870767 4.109097236109733 
17.09820797936536 27.29100067319373 32.05397559604763 3.366909095697764 
15.86934199532656 29.28879937007489 29.92439930200426 2.406078688190917 
15.58753449648375 29.31861395159974 30.54558020213916 2.568282579181357 
15.88661972142289 29.39957764352716 30.59801174660635 2.680947589585514 
16.45271097983352 29.40481312690859 30.19742961482407 2.719587326659706 
16.10216756905427 29.38046413556343 31.40527441654318 2.913772448451965 
15.32819963248865 29.1771536782365 31.12790342393458 3.424942545054876 
15.42834433143543 29.17599839429162 31.66582148139454 3.126426724989415 
16.30498082883787 29.42917788343852 30.96046513187301 2.727910761643159 
16.40898721614928 29.45620361813123 31.54274923426543 2.859882225435825 
16.6945327725168 29.48442608729423 31.36397345672519 2.868907840719174 
16.25366138811764 29.45511572371442 32.10037191756933 2.882534972824942 
16.8588534424905 29.45025190457727 29.44064655024429 2.738391255833591 
16.41229609730593 29.43836579151522 30.59156298718213 2.661827739705274 
16.94301289970509 29.45424619249155 30.56082953995824 2.821305575817149 
17.55860940178522 29.52970443009868 30.11424480000777 3.021532107046795 
17.85615096461693 29.47755136664246 29.77695166387926 2.957368055642775 
17.6674493096594 29.50233897795589 30.99482552632229 3.012043850422998 
17.59290136587445 29.55098135098264 30.56478011730845 3.097003074137064 
17.54946750916888 29.4932931940293 31.51045334594625 3.086117708345142 
16.93750518206925 29.4818519379677 31.89428752511147 3.017361566979872 
18.13427340941176 26.92751265636263 23.78892556883794 3.051493088985779 
18.84090197768499 26.88945635693992 23.76636653313893 3.310168818321529 
18.86918499020304 26.61024481185235 22.82815556025118 3.180022056451037 
18.83398533820917 27.02471968976469 24.20454491570175 3.279961771134595 
19.52526671509703 26.85509217631035 24.49264047258409 3.706128168575873 
19.52816262006814 26.95140849567232 24.93794796470918 3.640275258736267 
19.74754650459239 26.76412242052746 24.17969709141082 3.741030276053749 
19.28723815137137 26.7458351297603 23.72281774901852 3.632573029732413 
19.47532424151283 26.44778973394216 22.76805388037346 3.372558686110665 
20.20167849281711 26.55214802162619 23.48930644696661 3.640368560490401 
20.42882551642615 26.89027516712488 24.65929150230355 3.688662853687987 
21.13869750147155 26.26839304203564 22.85300538259097 3.588069543296712 
20.74231318918404 26.45190477948573 23.27271549758716 3.667873965952055 
21.51649591575571 26.72010407218367 23.88694481343656 3.781171059483313 
21.2312364677407 26.60634336435913 23.7542593829182 3.733213232715144 
20.936954999371 26.67320801805709 23.94959375695984 3.720625955910634 
21.04505605624193 26.97154335962309 24.71472489845489 3.795963013229425 
21.47804274154025 26.90379952690629 24.19568140557048 3.820094085821353 
21.63632744846086 26.36062243052054 23.10596241583115 3.627460286977367 
22.24277753176298 26.21047370353768 22.35507992060875 3.198644941547599 
22.3305299831903 26.60617934176594 23.13244837320083 3.415044824256199 
22.56716084133782 26.98282701780879 23.50985738574271 3.501603955510717 
22.80979454341149 26.57971889224971 23.01460437356448 3.217443069576149 
17.87818920912016 27.07426539136445 24.18701018673351 2.967185285549931 
18.24159825737168 27.1850093844454 24.94934181510078 3.002162324488381 
18.66336666323015 27.21720138591655 25.28193978257837 3.118130603731913 
18.85588162577641 27.10475363798545 24.68934963581179 3.302087581155803 
18.71341235279 28.92877119494241 23.67962220539149 2.798516501512665 
19.08845762127788 29.11689419065911 23.11669170708301 5.611206167935734 
19.1222799753562 29.34699071565589 23.1572445450431 5.284173367690869 
19.1193844389929 29.20137271717321 23.88858910365707 4.609421366366121 
19.14736111260943 29.46154885136743 24.07908283140852 5.815161868758082 
18.67008130148679 29.08717500002323 24.46683075827737 2.891235240540766 
18.95162772120595 29.04282679477937 23.85438892492124 3.78759413594085 
19.04766848355273 29.19826408275597 24.71456321224612 3.303548261208221 
19.18648874726533 29.32630815307632 24.8240904949998 4.174007218118049 
17.78081340945384 27.33487663505595 25.9894088504935 2.712626435686758 
17.83952025468448 27.32431449419713 26.52569817075467 2.869988787466554 
19.37239666930335 27.06726587684629 25.36366663699926 3.518820062863597 
18.88561806735636 27.25386709658189 26.03246803666225 3.19356748909334 
18.61680935677252 27.25725698984346 26.68954185834217 3.156055591357983 
18.76108818092399 27.22948566260478 27.4224016949381 3.218903991342955 
19.34942266881525 27.19258490576091 26.17923032175468 3.457433309788598 
19.70288337738679 27.16527338531204 26.15645591017722 3.440326940768301 
20.6615870126304 27.06777803260917 25.37173406801424 3.640047322067488 
20.25319678029518 27.17331350432879 26.11270949959153 3.46911415763455 
19.64953150676232 27.15414814575574 26.47347746084445 3.44690133043332 
19.62243037945606 27.19697774428267 26.95232029636127 3.469261603411809 
20.11599666521503 27.13625819897457 26.76416182311572 3.497653858966515 
20.76545477056587 27.28399935205532 26.06683053581864 3.529611160043828 
20.6785537409298 27.5302170208352 27.39889419038776 3.553452900512184 
18.31821341481733 29.17210766848817 25.52255911853392 2.695999869728524 
18.18459925433581 29.25359647004069 26.19481142819341 2.699960843420229 
19.09011165627822 29.27071162007631 25.3766995081751 3.046294537622657 
18.72569556750854 29.21333104579307 25.52187192845679 2.818372371707255 
19.06754112281299 29.32245360581075 26.28554781123016 2.822577476931798 
18.89707247343095 29.32895020098274 26.9551910492923 2.757784001258955 
18.78879004310937 29.41617511926665 27.40675956669491 2.856423292529968 
19.63806599670369 29.54094900424573 25.78214706537808 3.700349260964884 
19.71198628826406 29.5324940511954 26.29902369121208 3.288002158568588 
19.6435764536546 29.48224245426893 26.928210937939 3.065373537771166 
19.42146864273758 29.49225096707259 27.45887511590514 2.867343223479509 
19.84087530549656 29.63478436621712 27.11583683168869 3.589767103450299 
21.30526240752157 27.12995045975302 24.81328333960503 3.947923773559381 
21.6103794551373 27.35418577919819 24.80990559690913 3.877805571612384 
22.22468391523021 28.0579807339649 25.04340415731371 3.200118915891409 
23.1499733669394 26.8484866234853 23.2297568301368 3.184286381700872 
23.18279072595507 27.56399222336004 23.3990326023504 4.354462479189237 
23.0204393504532 28.00176939538703 23.77692930670646 3.530636754196138 
22.05268636439759 27.19246228580598 24.15058580610529 3.78516829033336 
22.73447783232142 27.39628432830271 23.7530234347932 3.663819932220605 
22.53959475060283 27.77884729888576 24.22735168689255 3.606106754428851 
22.85806214420104 28.18715534168048 24.18844386121862 3.137962060773219 
23.0984950042166 28.35116037074842 24.21078773875465 2.291587042149473 
22.78662615609016 28.3749076638815 24.73927718745994 2.61108173746058 
23.07741959552506 28.49978667476838 25.10069014748138 2.021458401636551 
20.95824821937715 27.14984854934813 25.35006405331086 3.745997748461036 
21.25201678186157 27.29415737507249 25.31194691419393 3.879903410794071 
21.77463806496859 27.73005046708921 25.2370064358026 3.675249155387661 
21.72779154530085 28.12483956739375 26.08612271202161 3.136050583385412 
21.15480526928678 27.5299859261959 26.13183583842742 3.89992509705948 
20.38240442451841 27.21763794979551 26.95289475766149 3.485119275898796 
21.03314724959432 27.54086938384072 26.78651732935844 3.892234712060684 
21.37571636531237 28.02825262898633 27.02585548189141 3.499015919548242 
21.61116063630074 28.15946434972638 26.53939452332126 3.020218872771636 
21.46999577599897 28.20712818919293 27.4221179618462 2.911429269165495 
22.24140885253648 28.35132404230033 25.9079728300774 2.542198212612334 
21.80941729382729 28.37701657509945 27.41048496335852 2.429006989983435 
22.80290575210542 28.50317719477403 25.55458981015154 2.235497218193899 
22.93719482965287 28.5190384225562 26.39256114126036 2.22046089120056 
22.14362952155406 28.36805911500845 26.36157001223105 2.441948378367755 
22.69945013054641 28.48970162316731 26.33701146871784 2.280965870184673 
22.91956426102825 28.53150608473141 26.8131348267725 2.212877585676068 
22.66624786121983 28.49010579309455 27.39060265817549 2.346275406077922 
18.06984382983528 26.99731422977956 31.29078879558041 3.279979899713766 
20.06136339365009 26.98245544519607 30.56223237640187 3.998932519344862 
19.96312522430325 26.81049438216189 30.90145911034416 4.228047304055337 
20.03446274473084 27.12333599988288 29.9208344293475 3.747181907252497 
20.74322828784529 27.18982806770329 30.56934084846939 3.823597494174777 
19.88264914398031 26.80844270726804 31.19044704570959 4.408027354637852 
19.65169183483128 27.18494607799278 30.80618538211445 4.434225810398459 
20.37321132755231 26.62410218456302 31.56249745915003 3.974571092940266 
20.41711783811215 26.80017248779641 31.00726910852852 4.055836920791194 
20.12909793658499 26.58342544598545 32.0704686076693 4.220389792213439 
19.82726380678332 26.81269275819008 32.06910820754592 4.34053634638434 
20.54948393493293 26.57964355389246 31.99001703079605 4.004876276169114 
20.81351840179579 26.93147396131033 31.01522788716381 4.060034532869679 
21.05430557610146 26.81959494231712 32.00979585244978 3.828098457811393 
21.13694183290935 27.00691926978889 31.51654373600229 3.959933594688692 
18.09997004988838 27.24272969710124 27.75526598039275 3.140164562285321 
17.9624513064222 27.25337794887859 28.52209090982198 3.195225649801529 
19.40027403254135 27.1384471198954 27.70080357356228 3.373528927667905 
18.91387216192273 27.24055309586122 28.1041224140709 3.387554163372272 
17.74379602710423 27.26281638875946 28.90083079165423 3.446365933061799 
18.84240437727351 27.25916138668555 28.70686124700709 3.172101801068351 
18.51573484358892 27.2653538007194 29.43757568769745 3.056571750011983 
19.53268132770189 27.23682054304681 28.53333227989221 3.33724928988741 
20.13400930959818 27.20694106085472 27.38899441351597 3.423971820068857 
20.03365897462018 27.18570715173169 28.23918242431471 3.458096332357485 
20.28205519600898 27.23291406586767 28.55933851904766 3.446148873540523 
20.33448247243654 27.21602432691867 28.19994825430677 3.525421524540178 
19.63238808163604 27.21831384223837 29.16504394894697 3.408988911955475 
20.51543611532661 27.32031312167132 29.12046250567169 3.740311417461015 
20.05168839029737 27.20600744373773 29.19943541566741 3.469731496183925 
20.29350191389494 27.09946569177242 29.76541011290879 3.655374914899511 
18.2237934833668 29.4050515202845 27.9663492060742 2.806098840179601 
19.18284000264012 29.42248431036599 27.97570303580682 2.814275554528962 
18.21031033102106 29.40772287101104 28.97883105779248 2.848920236182607 
19.00912868530867 29.41911292825879 28.70489619243787 2.868975037319302 
19.74577024760456 29.64227595021347 27.40499548734222 3.869831413920963 
19.6586996176255 29.55002057930622 28.17391596291127 3.327977367641722 
18.5229644473432 27.29354847815033 30.03241025378111 3.026339806242987 
19.1521360078497 27.32025984216418 30.00891013102697 3.180831799654015 
19.29989650372731 27.29674510466075 30.83113222458827 3.391866831499897 
18.59324882090866 27.27264842354471 30.95268396191008 3.030551196041642 
19.43274729913873 27.27670540782418 30.84930405480032 3.846073790059961 
19.72815146516863 27.23616913993314 29.96011975027946 3.871670135277697 
20.31125988010297 27.07909814857512 30.23731723201337 3.700293908369815 
19.5361462604146 27.23477480103314 31.74931297458948 4.228846411825202 
19.39421289701177 27.32229502949683 31.64999087655001 3.809186724020037 
18.96521289835643 29.47126185092593 29.97380959901669 3.056990399333642 
18.28411670646997 29.46775196451751 30.57433373272778 3.086654314288609 
19.29046606278355 29.49396338914219 29.55466690195493 3.029310959511946 
18.96825178692616 29.48172698330885 30.98304650034058 3.17159830999617 
19.07131259334844 29.51460214227532 30.57479168145325 3.200578173230411 
19.69520266019663 29.67180535981785 31.12882618423133 3.276914236118728 
18.11666758205782 29.47562117301027 31.78397727570906 3.173344938170715 
18.68299378551809 29.45805039515721 31.415457223724 3.33446014755333 
18.89546699347379 29.60080653774732 31.96121675458136 3.423219363176059 
20.63301852910771 27.36435492167449 28.26943613657158 3.567324889293957 
20.5774914021369 27.41510185402706 28.63685172985722 3.538634116468899 
20.92920759788782 27.73090429513886 28.21888525145493 3.462116284360093 
21.08741038044566 27.90863631947038 27.39712364759481 3.44098947990841 
21.49921673541039 28.13901263039534 28.24616696461093 2.776854783118239 
21.56277219480635 28.14557607634628 28.55268582032501 2.750383915241287 
20.63431579003798 27.3062652148464 29.40297353135978 3.84253509140575 
20.55457000897469 27.20291256275143 29.90912723168062 3.727009391208384 
21.02126852922425 27.85780671885381 29.18272568589837 3.415849974885788 
21.00336099132639 27.89055862292579 28.67803065683206 3.379775069192732 
21.13866715482565 27.86726936315442 29.4048250764701 3.437100053675834 
20.90550050825515 27.49504679145992 29.71209058495843 4.028095360371537 
21.93794035322678 28.22268877878949 28.87937044392869 2.599329100441111 
21.47968923963664 28.04276385063377 29.42384281785211 2.808006450137185 
22.1623382945686 28.18918524979464 29.43309692565157 2.619552134792514 
21.86746022106822 28.29588273658558 28.15216068015639 2.505451099203611 
22.58669926217839 28.42195145988161 27.67998468700759 2.431458215601765 
22.58752580529748 28.29810892065419 29.20472585365109 2.556250520328263 
22.69021439884242 28.34282623900602 28.89893532515728 2.626505774333793 
22.88027435138459 28.30883626733579 29.49180975282168 2.655012602508862 
22.26657950063728 28.37816887239485 28.60530711477185 2.41811558133179 
22.68202850664559 28.40629515085104 28.47891270270323 2.426146058475837 
23.40509350436788 28.26990107790614 27.71085536185545 2.77105992235758 
23.40822304289937 28.29294964985609 28.02367742312529 2.720577388796841 
20.78491534840878 27.37358085539984 30.21668623146543 3.891936436504722 
21.12415869666269 27.24452566402628 30.92648475783031 3.960618854981362 
21.35643160945756 27.59625461457081 30.86151473976642 3.76983779692867 
21.49897659670275 27.66453448592759 30.80215913040705 3.184870363664572 
21.92965607640029 27.73016206062164 30.73981980189653 3.137535918305502 
21.12228683664238 27.71435727810677 30.41996379328689 3.687231421076632 
21.69809655793242 28.03984869570157 29.9940353910058 2.895999189432558 
21.32212463756141 27.97755600069394 30.08140681655459 3.034081918121018 
21.43360590821913 27.62776508265028 31.31936624426613 3.61619011187824 
22.08703453686531 27.76090891742339 31.34517057816681 3.116893992918051 
21.58641986062672 27.447346506893 32.03434244838991 3.67107353931857 
22.24703789003413 27.67802167597483 32.05566305623247 3.38286828822811 
21.76281911746532 27.82007933923045 30.32549931386572 3.333460900269415 
22.36964830079509 28.03183620781113 30.26906039297208 2.946440631547176 
22.77239541812826 28.14122989823033 30.33564178864538 2.784745791059862 
23.52178824597393 28.22156555702158 29.86154934152556 2.860597216598336 
22.52571360918887 28.01632829712829 30.72338836677077 2.897003512718641 
23.2145811965097 28.06145850988079 30.92832096980924 2.941676440940995 
22.40444448544865 27.89976395731587 31.21926985164254 3.184684243585082 
22.75382923835829 27.95906210660494 31.65524776662249 2.997741368314507 
22.71640304217977 27.94403033115028 32.14334254854788 3.111400550000411 
23.58053798675402 26.5292302027882 22.99062794489036 3.02232420509938 
23.61172315016529 26.89467363389667 23.44691666982167 3.667140846210373 
24.2759695611264 26.83378606258017 23.55958504989139 2.559436557688997 
23.92069840605041 26.84027347399271 23.54632576345119 2.766812275400582 
24.05024107986564 26.99637966990324 23.98585859462821 3.063115441949606 
25.10409512308869 27.18901775744923 24.10594520636391 2.877490635241969 
25.09497541058588 27.03501531911787 23.57763731011305 2.733156930740904 
23.36371950767222 27.28218468050529 23.36924606420545 3.865244399961881 
23.57339011267467 27.48172105014328 23.41423561082977 2.053762804576394 
23.6572681607735 27.39231631775149 23.81908127561195 3.488896304940511 
23.81198441511054 27.85643170816324 22.59804593988645 2.914892794644743 
23.27416139268222 28.07834710414815 23.23390680401247 3.718797869987014 
23.62187022297497 28.29910908577689 23.02855202370177 2.561988578207519 
23.26524508066863 28.22847993598264 23.65761912137317 2.642741488125097 
23.83497307384736 28.01547103886585 22.94115309693543 4.156720771877985 
23.74599652932856 27.23380904836666 23.99734108095515 4.72597652814602 
23.85258754095662 27.48113191322527 24.27617188849544 5.673378492774816 
23.94827969433612 27.25737790737254 24.28071810666695 3.952329260012363 
24.20403065857074 27.43220529998043 24.78212233445898 3.862553877098492 
24.5357389556665 27.35037062988315 24.87287608234603 3.365377593329384 
23.78174480142935 27.94884761535475 24.03617941054014 5.200341016458083 
23.40931483254766 28.38956266896923 24.38540833785412 2.123548165809808 
23.61146841826098 28.26276842328372 23.91919032671654 2.953933052461423 
23.69467787445095 28.15727298366691 24.76049238091057 4.482110397706776 
23.90425841271446 27.87620758082061 24.96256117617007 4.403322625771352 
24.32356452139758 27.11998758141306 24.21701720733671 2.879057911339913 
25.20466876820584 27.29367166556593 24.56051762989868 3.03966914622157 
25.00947122545517 27.44020686033256 25.18124899986712 3.108879710638064 
25.60683290830587 27.47333721855041 24.91386317095932 3.104131231467164 
23.80997559674117 29.45296985786258 23.21238507083894 3.461541729257561 
25.11214908017098 29.51516722690745 23.83902077556655 3.191617820832079 
25.75974570503807 29.27763139759592 23.80436320395729 2.709757044175547 
25.47084108176852 28.99306638614344 22.90377282162162 2.747603474625208 
24.12933492425586 29.36774169295608 23.23619029480865 3.026089873564814 
23.98252847382274 28.17135499388935 26.09842878668668 3.247158227981572 
24.30684857993441 27.68806601861705 25.38058708269303 3.774100671892171 
23.90630087451323 28.09041042817033 25.63075260051061 4.013459554120686 
24.44080114177545 27.70294770364482 25.63549136142367 3.967231918948613 
24.39139437902004 28.02895673330864 26.14328817358943 3.470028079739166 
23.92740542438184 28.21453276428843 26.57205618259346 2.862483072260915 
24.45393190216799 28.2096781700086 26.82269627240201 3.29788706850465 
23.91395266964926 28.25836181578633 26.98679462770986 2.644870508462958 
24.86469183424134 27.51426951560985 25.41679712125316 3.219132169726123 
25.87412629936363 27.70661277426711 25.46543608130098 3.001288526972331 
25.08706913475954 27.6737161923865 26.04261611479863 3.370937265989596 
25.70956691423638 27.82818322585167 26.08162543743359 3.189578476532517 
24.61508369887576 27.99784094540029 26.52073191704334 3.927683577486363 
24.79027044298321 28.22663079321626 27.23865138632004 3.469333876014105 
25.08537880120672 27.69207016485312 26.60509112332841 3.818930956181731 
24.76192765281886 28.28520050686297 27.41452787009751 2.889488128937444 
25.59871154496549 27.90702105450441 27.07737952051797 3.388229029946217 
25.13984486258515 28.25157995381509 27.41459555701456 3.411451014721308 
23.52027754226789 28.36805175260972 25.86740774938248 3.082200968386616 
23.61435088162258 28.3067604814162 27.40724460334524 2.871217663419969 
25.93605758448007 27.22625758392777 23.92933770504966 2.821413622149009 
26.67769084394623 27.24965556662575 23.55546957760854 2.746781887417171 
26.48045347331284 27.4717569503783 24.31741946031656 2.702188483228781 
26.33111158396307 27.62066470003446 24.89520600857026 2.889886232536043 
27.65080512626253 27.47602111623583 23.42879860434395 2.433872217204197 
27.54929239026503 27.22680411065776 22.82869134846413 2.37976517638117 
27.91946031370792 27.71727889992255 24.05258265143803 2.729040292982717 
27.25171911818682 27.54837065862802 24.12137136976969 2.72956843892257 
27.22126846449109 27.71325846715691 24.80475882856267 2.877628170729281 
26.50369659544211 28.9951287331132 22.9026175337843 2.787785349500894 
26.14226474835789 29.0617862534673 23.02790352791783 2.696510128803595 
26.72963198753569 29.24056220564701 23.80795252593996 2.617475083048276 
26.06341623992729 29.47012602736371 24.33489106715343 3.194742221023631 
26.37831369718669 29.62896745719763 24.76463235648949 3.086103688910583 
27.38648401511464 29.28649060217804 24.36727734668289 2.256595500347686 
26.84986737620914 29.49096410454399 24.69587143784578 2.643641390795153 
27.58263490712343 28.71094906078979 22.95016996063534 2.022989662290541 
27.36719962915871 29.04543058878972 23.70435373160901 2.187340218769236 
28.01729253549146 28.8032495232279 22.83456596350645 2.972119884800321 
27.6066873722019 29.11114133713069 23.71211321006506 2.632640002096537 
28.28774920090942 29.3552230375984 23.25420013830427 3.603511950463485 
27.75536148611535 29.54020694141126 24.57565819914569 3.363073813488313 
28.03901559558211 29.40864608412351 23.67444204248646 3.418634766360867 
28.33279178649448 29.67199105994774 23.71457555668566 3.989904728632013 
26.50557264551775 27.90261092279821 25.80618941389968 2.890866867812008 
25.53061133757818 27.77269761107325 26.57093731083581 3.359523029114655 
26.1310061972639 28.03152537063421 26.9597949805999 3.191947035829827 
26.54363903182359 28.19943214812878 27.38610284283274 3.088527359088573 
25.64123614287245 28.0552638732462 27.40688172433181 3.19900557941591 
27.07157787697948 27.87078110715198 25.58137670992432 3.041679243080068 
27.61717199090204 27.80014272440705 25.12275374101085 3.080549333966928 
28.10448540574616 27.85497787276831 25.46057916442716 3.279451512059524 
27.60419249098813 28.0021504505846 26.34966334098983 3.291300593120184 
26.8038747016816 28.05313854216201 26.46208727680364 3.138415275252498 
27.56865113863435 28.20140698952055 27.29777370164257 3.226489472296947 
28.37221382829305 28.07331859507257 26.54966467519482 3.376122039632548 
28.09479381960625 28.21733197628812 27.20848698179461 3.284800409772572 
27.20185818865844 29.66440379690518 25.23522703479723 2.611004147141728 
27.51457642190749 29.6791263505863 25.18147801709292 2.715926803953465 
23.22846446554253 28.31072426306926 28.49341258402328 2.751627294058039 
24.32728731232823 28.16920978432989 27.69729034412066 3.05294168331875 
24.93802726231616 28.14701433861664 27.71216890323095 3.304748856578129 
24.37965403125928 28.17151177544139 28.23996599456197 3.091143675634555 
24.15079246533076 28.24095568796251 28.52919059427749 2.797095704334424 
23.38395881186206 28.24817126978819 28.8587952613717 2.79012707850103 
25.04503640333276 28.13085599893383 28.26625295303851 3.047235531738835 
25.49623892307772 27.99182731121183 27.68239640867434 3.356955297160852 
25.5252442916853 28.19695374431048 28.23477976085807 3.222774080424415 
24.11029737269075 28.21151206005286 28.87692487641901 2.868447133093838 
24.89375159768855 28.329462322006 28.67862299267603 2.910628227680519 
24.62622209672364 28.37147611153798 29.6477593729051 2.872586975433364 
25.45488304816742 28.65542104369385 29.53847178411016 2.635506251320692 
25.84506152720654 28.43873026757329 28.79982244937565 3.065040213628805 
25.49748980081982 28.40008004734005 28.58411028221897 3.007234459226083 
25.78701525480858 28.69125391079839 29.2745188199684 2.705604874402184 
23.36291955184332 28.11379539586762 30.3196192120801 2.928147444877141 
23.97060836057139 28.25623250683802 30.11302500883641 2.849711850806415 
24.58488728300308 28.42641834341104 30.16106217979236 2.921188487619304 
23.62253700294902 28.11449790540767 30.99531534342846 2.937608871203764 
23.28151238435565 28.04375940819118 32.48545585631744 2.947717125235215 
23.62837712179599 28.17169651524702 31.91204115850876 3.055647192474254 
24.32264053135786 28.31705718403367 30.85582210412669 3.002696996716736 
24.57585006960436 28.56551862538773 31.55561200272211 2.980803715937697 
25.11071449970118 28.67034220091139 30.15931982399469 2.592383195760277 
25.0598094950486 28.72491343533134 30.90253851233621 2.720836990050572 
25.55326018138029 28.86822422947954 30.40450100237242 2.326193774644054 
25.53864320504451 28.91098523106463 30.89635666431574 2.277452068112524 
25.3742316682091 29.0406793442594 31.52592493822658 2.18552736085212 
24.90854196096521 28.84592000295563 32.40044373005779 2.631113817444714 
25.59503515361208 29.1781006441629 32.08844532433694 1.994714033928503 
26.58366367666721 28.19322369807644 27.69934261204921 3.090096568901629 
26.08382364223526 28.27585591119255 28.11136173096031 3.184043700454367 
27.48268517448914 28.21889581079086 27.71013325845294 3.286144100060739 
27.07091042305117 28.29309753854961 28.23098664385479 3.204316527969894 
26.26513683253208 28.43267077183706 28.56234075977745 2.978970070583131 
26.16756100040178 28.53907530304242 29.09094115067569 3.222631952363713 
26.34794632586378 28.6365973823961 29.60104491693804 2.983478285651415 
25.88434098935408 28.74954893222567 29.72605808113233 2.665149862266986 
26.56513751393034 28.48940088412273 29.00363309573659 3.12683715602185 
27.1678975607337 28.42045661741739 28.83907251588782 3.129974608790405 
27.31919359772772 28.51216305321017 29.17424085573767 3.071225201413228 
26.90343375720157 28.5780242847544 29.64627800302792 3.126938434350819 
27.29368789168026 28.40980058381799 28.60027760632132 3.088430673332994 
28.46703913619528 28.33938083493049 27.44190409233265 3.389986776982653 
27.90798132066848 28.36320990272485 27.97101809816936 3.265195922542489 
28.0320188068861 28.4661902138051 28.48508782511349 3.153235267867728 
27.44713446627743 28.55090703479962 29.79660019372736 3.086455625060893 
28.08822847645133 28.65214087295702 29.86831091246928 3.048605327181008 
26.0113639979179 28.8184186342995 30.04586241551167 2.650867684167167 
26.11313885862461 28.92135871129306 30.90579604695502 2.394246768851872 
26.78701348506 28.71502200305862 30.0032449313304 2.951921505316591 
26.7362775504821 28.76129739816589 30.34474624132825 2.82370144884041 
26.79187574124157 28.86320627155841 30.81130383028442 2.739838158165838 
26.91333426359042 29.02995339131562 31.19959371430561 2.503723566465794 
26.06937340094687 29.00929820609379 31.18819501412597 2.310660966295814 
26.38614052427603 29.18971571125492 31.70717580398182 2.057813937735176 
27.01751990147177 29.19642044900315 31.89077685074407 2.615231006661276 
26.44329287032212 29.02828388671171 31.1267685707814 2.488943215010352 
27.25706286669567 28.65174948185968 30.19378071482852 3.032803974146645 
27.23091970790746 28.93515153525547 31.02215833477881 2.703464010059264 
28.00195422633903 28.75926325135831 30.59721087198904 2.919744002430946 
28.35887023470429 28.7994658257373 30.37573482766418 2.806608374111505 
27.49852231921345 28.98890935239963 31.38738283464743 2.570072715945912 
27.91142791411043 29.05118118704118 31.81152810338891 2.448515516601105 
30.10200059856995 27.09544165775344 23.29633930479046 3.320908188622525 
30.88413411638574 26.3441427496098 22.44883905844922 3.266765857498712 
30.45354827537194 26.97197046086947 23.19180356479334 3.270366918465271 
31.8834429373536 26.27324283836305 22.77333400963621 3.72252631443655 
31.44341132942814 26.59628949530373 23.25994207902795 3.794665973818326 
31.05618233637433 26.79185831518918 23.05845322897235 3.48672111715436 
31.59150591379208 26.56642945473655 23.2860509963501 3.661898544542851 
31.53441799648569 26.88555426347875 23.62359842207468 3.739472426816974 
31.76647380340387 26.75532308746752 23.42462079971089 3.843886999983141 
28.92603674944517 27.25159947423144 23.44185375843949 3.026372921114273 
28.10636575233892 27.58081477728153 23.13109395402919 2.367406561388606 
29.5964199984257 27.28870357887228 23.29030548270603 2.966668500186358 
28.54343390728667 27.52532460885366 23.87795706375054 3.455177872825317 
28.36711426901352 27.69877616839361 24.44822864980631 3.404964609093867 
29.20770323472675 27.78416300503926 24.26412154619227 3.010832861334364 
28.71994271353773 27.62979839568878 24.18885662587158 2.941759590690793 
28.59872968351584 27.83956868189272 24.95844620062685 3.236685468651586 
28.20216862742703 27.76774589792682 25.03147361977263 3.106713466284305 
29.24366142480754 27.98516343512133 24.87108316926051 3.254507553977561 
29.51944253803891 27.57198308851568 23.77897797264718 3.081269884560385 
30.30434083315459 27.41458489958903 23.88007806135606 3.481027293008282 
29.49535684723304 27.75042051614959 24.12958239033251 3.148561720157403 
29.96815730097946 27.99734564568522 24.84961135949027 3.461807856799794 
30.52442430670001 27.67934886649187 24.24346648111647 3.484704735721749 
30.81536319966574 28.04538229683393 24.80234624678819 3.580343142853962 
28.74778720005522 29.72039163775938 23.24235246515774 4.438086956047528 
28.99851167029521 29.44133367215346 22.87681469637185 4.139170856953967 
28.73292560685504 28.04559654329488 26.09186904662092 3.400250211651809 
28.85374949334624 28.15967457919537 26.53978710498566 3.52636396894269 
29.60262060584001 28.11461229188595 25.25928646302438 3.360314643738462 
29.21246517951791 28.10820555645472 25.60118961388806 3.403433590154265 
29.98559622881682 28.35087115885438 25.83080599978373 3.484987541556819 
30.99411943452676 28.30919563081091 25.36720654631864 3.668484778212928 
29.2181830654058 28.67331773693958 27.41126550143707 3.211631772237041 
29.57728558992991 28.73132259280234 27.29250233556482 3.23524968518123 
30.5981130596345 28.51512008942408 26.2470841761611 3.710812351719312 
29.74728639403351 28.43315029260681 26.16356847733291 3.379514501081445 
30.77263819513135 28.55549507883512 26.55279239894659 3.740848990262037 
30.18909168435109 28.72852821060649 27.2498112767612 3.524732155102896 
31.26495535554328 28.84782445929749 27.42310359363107 3.660338278162186 
31.26821286434968 27.40343375849299 23.9460835072602 3.611362108673376 
31.57004481645444 27.65687336119976 24.26059316149079 3.587782628317029 
32.23164281780976 27.48943029255359 23.90180033439614 3.652365570757098 
31.01311929749042 27.4612794706584 23.91833146413077 3.546853130836325 
30.98761470988041 27.68220380364594 24.21115124590462 3.565197802671207 
31.91443689561784 27.33041319807445 23.92923205923692 3.72580299469314 
32.00388287825734 27.75221807829466 24.36551671147174 3.596621156663332 
31.43700778634852 28.03989622686893 24.80331642757423 3.658511159096122 
32.5353907825436 27.31135810259968 23.32113660682688 3.664495765652106 
32.79977449002759 27.55292182218236 23.55748182681657 3.533494301702291 
33.29431326700342 27.66319403385869 23.28078616711569 3.1936296096913 
32.453091423835 27.8037788450608 24.33389655258731 3.679062683302107 
32.49677243527842 28.02359229070558 24.79626971233586 3.717098859547093 
32.75753560567298 28.08079725623608 25.03353215919108 3.748739514774883 
33.09575820875335 27.86267918903516 24.05244583584338 3.596850301904055 
33.15269631194717 28.04520661885473 24.70664253006905 3.760471122642514 
31.57971567760053 28.30682754549316 25.45234823914661 3.753440859639937 
32.52947305776083 28.21459815504901 25.33191157495374 3.747109634650201 
33.67106008302832 28.24964663251739 27.35380664368103 4.414603436303594 
31.56437059059228 28.55229525692462 26.24990591823967 3.850668538879489 
32.20565022372331 28.45647398919592 25.93574789774042 3.91350799543207 
31.65612719342462 28.59794119017101 26.51188752994289 3.83228422588482 
31.69478222300122 28.86369217138491 27.32827487963808 3.719862863584723 
33.22123350209718 28.29625541729113 25.9630139767977 3.959863739230286 
32.23742141048883 28.57470909440351 26.54304651769982 3.963180785789831 
32.24337238942658 28.66790310911651 26.80450875239509 3.9458914389771 
32.87381819150506 28.57590321788471 27.27390765031458 4.23956692840386 
32.06596802627273 28.85104522784274 27.41114674698779 3.833890417999385 
33.09719194649652 28.41535470608164 26.68966380073965 4.12573443750108 
28.89545256098802 28.68453518188133 28.21570422411224 3.18274859475838 
29.30126087240733 28.7264748740306 27.67362836086302 3.14238833466365 
29.44982711331205 28.86502415542318 28.3406431966958 3.101680730992001 
28.08626304106508 28.52528289489064 29.02168836759681 3.145618605757562 
29.23523396121477 28.93210028135288 28.82850640307551 3.011663875403571 
30.0847332983819 28.92989168976197 28.13607450571577 3.358615633298541 
30.82577279660333 28.90331543126951 28.11669361665511 3.55921851383178 
30.08772168299178 29.01833100903364 28.47454862010531 3.222519313458463 
29.76417618929688 29.06558697488254 29.00097266960388 3.024159059025891 
30.22449632789519 29.06230282704534 28.85680488262494 3.252173559837871 
30.20321958912761 29.26308686902323 29.62161449437412 3.025933242640775 
30.75531279196855 29.03822747928629 28.67568242659537 3.422450953133591 
30.80591503706787 29.22101848315357 29.46645604325665 3.270539502538981 
28.35820312974626 28.95532631933673 31.12134123103501 3.042003382075649 
28.98768574218117 29.20590287311673 30.73314536949013 2.995820947494309 
28.94232429282151 28.98684670068766 29.70221728835235 2.776668904753137 
29.18495812068323 29.333551949839 30.80904627142828 2.73979634157655 
29.04547385292478 29.63183014186243 31.47395507213166 2.289827603112315 
28.40623475885975 29.21402394585208 31.86071706577771 3.216718168123691 
29.60852991209148 29.736029550469 31.29406965256926 2.223155039779783 
29.41507710399008 29.21348628943307 30.08554087255143 2.743642500933504 
30.15731033210497 29.48598782717735 30.46193085672311 2.718851548059746 
30.09763892214475 29.6018764553593 30.79367688011813 2.591987267591179 
30.59879458436406 29.55698079761257 30.63585928026989 2.765909472157858 
30.52626039809678 28.80897709930345 27.69435089991127 3.571041248024045 
31.53127771648566 28.97339224763712 28.16873046941397 3.646821609532168 
31.63276818172573 28.88669017213737 27.68601366097518 3.728528082714149 
31.62791791556416 29.18368156489221 28.96118393266289 3.518388602679323 
32.29408749322764 29.11386573936914 29.1272404226664 3.726515326997372 
31.29417814354284 29.25066845301653 29.55737275844554 3.330570963035143 
32.16845837582633 28.81071074452179 27.68626602377131 3.993238453484395 
32.49565376235231 28.71806962910168 27.27903224368176 4.090810092299421 
32.3221128552483 28.86734997661139 28.1611369775961 4.070947937530718 
32.28150956768334 29.01357679390516 28.53863338250339 3.93021360199549 
33.1312850394497 28.44298512250673 27.7644792159006 4.39000706351294 
32.66174227464273 28.92593773184531 28.66337867220958 4.193712258533935 
33.12777351674566 28.64787216005925 28.60000324007898 4.495559869736667 
32.9468590496945 28.87308215058767 29.45569364836888 4.498044210226283 
33.49520930254621 28.24633049708941 31.50712212110396 4.033682346757701 
31.24979674280644 29.52719497987441 30.31571054794825 2.966984662607103 
31.09221042153334 29.64085821035711 31.00980024004436 2.801402813031103 
32.17975229941241 29.22496158423987 29.8264009099871 3.566934037127027 
31.93124753027051 29.58475775387111 30.83012081396105 2.950185029146382 
33.41965933920017 28.4629701597051 29.9223634809165 4.615346752896812 
33.3672220918024 28.45165435341082 30.77982766265398 4.259309192835644 
32.72290688047321 29.05465114725196 29.72975216326047 4.045245721410623 
33.0083323250656 28.97547199806269 30.10789480098216 4.470712113981506 
32.80958863178736 29.20201889772747 30.57854764370279 3.909453478271843 
32.50653162491916 29.44272664855295 31.03488051212886 3.396623528960021 
33.09616839989548 29.01929324756579 30.6631380184516 4.434621738567557 
33.09175917240046 28.59802605529627 31.64725637683826 4.476660221664758 
33.06261172504375 28.77278331382061 31.86211012850544 4.554752339588788 
33.13137478089151 28.90292331079362 32.27916975261706 2.958835020269305 
32.21868543918134 29.71521143164785 31.83584555187965 3.300587985086764 
32.79192827201361 29.5297804424831 31.65426251192306 3.564305876575986 
33.02395563517279 29.75443260305772 32.24563160838722 3.493650826971134 
33.09950481818905 29.28199589409666 31.41537790876779 4.290997465798057 
33.14141560497501 29.19961071071909 31.74816290940458 4.137622918007139 
33.21146107821944 29.45517862691747 31.96371718354414 4.601068683941605 
37.96280208480754 25.41703415593476 23.14202413419317 3.084442144200949 
38.35552054864919 24.7344713642437 23.59518494385069 2.981073227481374 
38.13257752723666 25.26401302332744 23.8386389550439 3.1136864429767 
38.68697890127936 24.75096424436508 24.72174878398443 2.81638910514593 
38.55021092375853 24.72182318233923 24.21956502395343 2.799775833479089 
38.26959220821431 25.2080839045534 24.20377433167109 2.781019038611049 
37.76290038716883 25.80972187903269 24.03332906695715 3.376710130740861 
38.21122986966986 25.32691169488763 24.62038513016651 2.678252474148735 
35.79500426652306 27.23751190546889 22.76601480888761 1.757594514656404 
37.18059977759284 26.76865050343095 23.47284997906451 2.199017924328132 
37.33576053784035 26.61845832412072 24.12060263017725 3.073418034349771 
37.09606576769733 26.97264167391126 24.20568819542405 2.608054989882163 
37.63212320520313 26.04374228825444 24.66005330392388 3.248502885127294 
37.35728606501278 26.5434914419785 25.19364262748947 3.386474425196838 
36.9770778197083 27.17594515194732 25.03239272474926 2.913517439771624 
37.54737587669975 26.2384200559712 23.42830523425715 2.698350300446663 
38.6407464220909 24.90693664830191 25.08994909969458 2.804428593751965 
37.92774598886915 25.66685409156355 25.0948284199875 3.005561795654557 
38.56279536239913 25.35538437329287 25.56553366559017 2.982814779653751 
38.82006000488915 25.37296625691133 25.77683804938921 3.930203933419932 
38.20668768160907 25.40688541597294 25.09878245703006 2.940371666669449 
38.67564594562686 25.61071882181101 26.08820802769466 3.87721554678896 
37.38846449675039 26.70114865517469 26.52717820275969 3.366426150348644 
37.34832988504737 26.63689692963244 25.46499024443018 3.408154030456046 
38.14844506663824 25.60919199851498 25.58523220187392 3.534692963357088 
38.29792377123402 25.83410161589938 26.23604966350825 3.402010375832134 
37.6646660979796 26.1664439032512 25.44133039551339 3.090851926367094 
37.89433797386536 26.16053491043712 26.21838856150469 3.351001146617875 
37.69742582452139 26.50377602722065 27.06118178289 3.411448597577419 
38.44955034673728 25.84814959898427 26.52330343473377 3.535315861337409 
37.70399200309671 26.36988355290122 26.58707860024185 3.671997371713132 
38.61536148872855 26.00941906632064 26.93952245886609 3.798266067927329 
37.458574304812 26.90012140486804 27.42847826981273 3.05593314059638 
37.7185330717754 26.66850720678507 27.49877118645102 3.539796279250965 
34.01870122480108 27.52597996394687 22.7525418615105 2.153959945084182 
33.61286537472058 27.87124990891418 23.63822211961641 2.990043006740876 
33.52534823409971 28.01832529043335 24.17068992761507 3.484063709162257 
34.08807239792105 27.87116136974522 23.57588724692564 2.645834948874864 
34.07019388194994 28.06642669419868 24.14661149123057 3.059709444494928 
33.92863609474646 28.2167505664173 24.76557917350721 3.389857943213343 
35.05418058925409 27.87326409625399 24.16550738916413 2.511847103649586 
34.51853093857243 28.05624183373177 24.63520486040503 3.134114451129932 
34.79096164457191 28.08148416481232 25.09235125881547 3.39288469079176 
35.54055726440181 27.30326354422245 22.76547297837357 1.773268121636207 
35.33476586509916 27.67257677607593 23.57046820288009 2.093567846719708 
35.54460087634062 27.55326609659426 23.31350313994326 1.819718738332085 
35.80911868200771 27.68657359930478 24.12108517521662 2.25632792251912 
35.94674277474812 27.78186376023762 24.68476747060777 2.327210667078361 
35.46698156305933 27.88998549251143 24.54393166919199 2.478463445963087 
35.56621006738769 28.05498604788389 25.15404139146415 2.740372346965415 
34.70142780722568 29.72371473192874 23.43204616611657 3.953539765672218 
34.80177398468731 29.40431054400886 22.82794224971617 3.889465632020887 
35.64961080113812 29.19733798139135 23.34423428136409 3.508278898361539 
36.09368873272647 29.0676903582823 23.739621105995 2.972157350530608 
35.63288579130673 29.54846997081112 24.45594833908939 3.685471498610696 
36.32515142438319 29.15669668537027 24.8570170310704 3.286060708596551 
33.41526120355325 28.23319382055331 25.4930323525988 3.868122009762317 
33.90924459763292 28.26806121369449 25.60176495534545 3.957909236681246 
34.55396491109257 28.15257553057432 25.50474554245685 3.535236579017834 
34.49199696954759 28.17188696668984 25.97553090998174 4.076796458885724 
33.52726096441932 28.25414814217812 26.35634303876021 4.143367502174897 
34.04163701596821 28.19860936897099 26.53786704789406 4.254595278822364 
34.37015803404931 28.15325085247824 27.39829429202812 4.490369778377158 
34.43018564346084 28.11370293180733 26.53937148503563 4.293833259009205 
34.66926906377531 28.131115343726 27.00401507417969 4.538881372810408 
34.89667438710152 28.23946887284583 27.40061578933019 4.711437407650749 
35.13438471619703 28.11997227935089 25.34412634696923 3.34426505002665 
35.74889311539341 28.27428642565846 25.96431039248281 3.121612982933499 
34.89628537301186 28.1927712806382 25.98719026037392 4.050462401352917 
35.50041805108921 28.32283120290989 26.21754172282357 3.774320631986114 
36.31576662089632 27.75934365966907 25.36920037421795 2.87257198914125 
35.95197018535102 28.01646244263205 25.3894408216955 2.598824884225763 
35.97752519438997 28.15782711828907 26.10383875833562 3.426810030423894 
34.79777887972694 28.14220136576551 26.56697328849173 4.504401782084415 
35.29476578183763 28.32595150650254 26.79739950489943 4.327080589780337 
35.61247425736394 28.3770174385481 26.74517039493589 3.757092438913787 
35.89080238358014 28.2945093459937 26.79771726482594 3.805464080715836 
36.46740042877999 27.78007919083233 27.09160773253653 3.649072695636448 
36.58516823797523 27.2675187742726 23.6824778902373 1.803130604961694 
36.66066245433718 27.36387566730689 24.22420324333181 2.105085779067508 
36.41206220428844 27.55949318844164 24.66660831764031 2.429786518887795 
36.75010769086083 27.40335613003253 25.01110149243811 2.910941972957374 
37.45664465529325 28.05595497855088 22.76293880594994 2.449060824262574 
38.25069638852314 28.09452789644727 23.53831514908137 2.929860474751621 
38.70151756316582 28.05891922776032 24.00635952904689 2.960109096813454 
38.32562756915957 28.3282008185529 24.15940214146991 2.894918242685179 
36.06499710299481 28.71780353349389 22.94970614819907 2.780458986371855 
36.53130012717501 28.80292813679502 23.70166077027543 2.475241634872788 
37.25893201020824 28.46449500358557 23.57486866587983 2.384860515700211 
36.66136191769141 28.82764813925706 24.00632209268906 2.307811637078885 
37.24048653497609 28.74255000590943 24.2235103972195 2.484188934694117 
36.79251947227334 29.00185408243939 24.81742337052525 2.727169665326642 
37.47829720517163 28.8290873238381 24.70528147315694 2.623361311847958 
36.56826330964532 29.25670358531252 25.09181891281413 4.192676754091679 
36.87949132782922 29.74138384293898 25.0797466427651 5.17753091300176 
37.25768589682406 29.19093892234737 24.99634066127962 4.83681514462728 
37.33797154446239 29.65709751754656 25.09367239117781 5.600646633140116 
37.84012514942059 28.45851488013781 24.05223345712522 2.692865317532636 
38.32760819433779 28.58250563452434 25.13110676015123 2.849518962724034 
37.65936669479827 29.01755951660779 25.11910941884491 3.733197521279862 
36.86261885660436 27.33041685548939 25.84356915799113 3.32150256430495 
36.52483665647635 27.65471205146169 26.02541138039468 3.269786803931794 
36.86263285503566 27.38299521996613 26.48498055053106 3.356136127096704 
37.20281187154702 27.26404423780977 27.30084517748438 3.300334184978368 
36.3856049432433 27.80655120572226 26.77666531545132 3.680183754638051 
37.98011349539969 28.82304253969627 25.28453924547284 3.138028773944569 
38.37645792177356 28.69466604672373 25.65810307129728 3.112529356196802 
38.58798502191518 28.75314428302599 26.1301226454074 5.131756975737744 
38.14950084015044 29.84256788515406 25.61255551179929 6.76971471186954 
38.19972882935765 28.92605316084634 25.64192924847746 4.247450201485037 
38.60073848922823 29.34132110941925 25.96104483173759 5.343050641979801 
38.69481001106047 29.86242384833816 25.95297191143742 5.72374500342886 
38.58984114096224 28.95138327267181 26.06587645658339 5.629216307056311 
37.39693574136263 26.88491353634542 27.73557031723895 3.279554724103605 
38.54329422646048 26.27204109405244 27.45686689210686 4.058268084115241 
37.61036985040361 26.88611418657934 28.29295951205515 3.835364150628806 
38.03666943690967 27.02208566361926 28.77056606635147 3.413918676918087 
38.54220591606895 26.53934607008287 28.06723128421945 4.098686113948929 
38.04939832921138 26.80071068663041 28.31170847773459 3.787998040684784 
38.52284426896497 26.8480212072271 28.91682331910928 5.048247554928594 
38.37129017455037 27.13074625838328 29.19593840884156 4.675619686067535 
34.01260694728013 28.14386332862817 27.81106302726707 4.538788554485052 
34.33349758301659 28.08674754031808 28.50466396116336 4.570541606903703 
34.49319685032371 28.11058359006336 27.65950626263424 4.6463509741385 
33.80483228892523 28.25880796113531 28.44478804100066 4.518121007372372 
33.8247924052665 28.23956051171265 29.08951610970986 4.458952225530368 
34.28648334433124 28.13623253735117 29.18653905702764 4.518412031496666 
34.85431274878233 28.10886213173124 29.14370290922345 4.427108288501472 
35.01888847995977 28.18044944441088 28.3483389570586 4.691283745328974 
35.28432188121904 28.4398326513733 27.41344194639736 4.359362996710786 
35.45597227377083 28.30403067700677 28.42966496866456 4.161753748884678 
35.9442835266064 28.09783200501311 28.3686855878418 4.095969727645922 
36.08547132936667 27.94815199552153 27.72628143003003 4.004553104031089 
35.64473579901013 28.41550750505919 27.37076128832331 3.985201208337458 
35.78430724207313 28.10659889263923 29.08228240259556 4.115578082306229 
35.28828896040968 28.01324402027814 29.62851151091892 4.248681494582343 
35.98059354704497 28.06649569895388 29.4061549396322 4.203230004313184 
35.99738434445733 28.09687185730254 30.18774921489324 4.639963913124916 
33.73584372703871 28.24767229247752 30.02096066336989 4.321833937253814 
33.92411925439776 28.14006928896023 31.2424250724107 3.945276275857225 
34.55415534422738 28.12114464612923 29.82595101990928 4.361504102768095 
34.14068832663116 28.161992160126 30.05432035950172 4.356319329125142 
34.58010296354591 28.16265097047296 30.76846249001889 4.100416305545025 
34.61905203919737 28.21864231207205 31.50111781293305 3.897193482749969 
35.42438628315091 27.96182551052731 30.43498883637774 4.095026074671466 
35.8211372879794 28.04912665517221 30.20534179734067 4.443811236206614 
35.24428890899298 28.01031344412098 31.04207947153097 3.989949445793968 
35.08888253489055 28.08226713064087 31.76650611811729 3.700988837238043 
35.53340353308977 28.04443046609112 31.6419482762526 3.878511619342504 
36.09017245698006 28.27545571669612 31.40992407614113 4.422107217794121 
35.83712255241369 28.07108524238205 30.86882815595048 4.367374378418106 
35.77257299864545 28.0896602105386 31.52052575882881 4.052603023981447 
36.04193631413524 28.25849553492671 32.31188444350025 3.537892295009215 
36.92296489953274 27.47493821002223 27.69247555603824 3.613357944382926 
37.13685343645331 27.28869714493204 27.76820725354854 3.323552302323236 
37.39073605232197 27.01415989529707 28.2796557124704 3.338610383611581 
36.84654844151449 27.84017094972104 28.55185212923204 3.979317638396054 
37.26668517857544 27.57711453114367 28.43497696747644 3.292895908087246 
36.32505184987059 27.93059663450946 28.36578307651521 4.127350056476814 
37.71422874990397 27.34351106545184 29.00323973577206 2.756039548513911 
36.91912975226553 28.11213041650883 29.63297857431019 3.821415780100125 
36.4337530791632 28.03234299059978 29.18690723260877 4.230671355461766 
37.26240317336319 27.9295409121014 29.43491802922181 3.183519421944737 
37.4521978777635 27.7378419958293 29.53588474733773 2.708278477258347 
37.65934161733622 27.10712219338585 28.58732992579979 3.596946745945246 
37.97169841899861 27.28355003777459 29.72262255793533 3.707785604140895 
37.84133206160688 27.25925417952538 29.0984898648371 2.82772768541713 
38.41584373994262 27.22791433337497 29.7031562698596 5.910937811377607 
38.70169430475155 28.69133143093056 27.54583483950992 6.652088755346597 
38.69528371508016 28.70112097287383 28.05368573867259 7.263650814254788 
38.7747474581118 28.85076364769595 28.23335723755239 5.02731170484418 
38.62741205749517 28.78793012270183 28.6910646858535 6.301524092480008 
38.51564697532393 28.92186059933429 29.56849732861909 5.838578191901888 
38.68955343817549 29.17718011102065 29.40036373252727 4.754449032877858 
38.52275022715273 29.4732744285585 29.90898346971749 4.896220323141677 
38.9318126965398 29.36880710525863 29.76002147029428 2.989582782544318 
36.20843047334302 28.14359806196875 29.96841646144313 4.479033373535458 
36.62292207588889 28.26225809281352 30.10294572141041 4.03819394582743 
36.37454756777662 28.29975943931505 30.82610111374063 4.609420399508565 
37.5353733561974 28.04885933246505 29.97968430456868 2.974377738907492 
37.67276457893852 27.52735915961235 29.7835046946764 2.869482637536095 
38.17970748376608 27.37531496622053 29.91266195171922 5.450363612383853 
37.86675165370227 27.88532930035245 30.18108167994828 3.19816634705748 
38.59709376192991 27.50574689812663 29.77692835829393 5.615412965160999 
38.12751625843758 27.8629900429018 30.22733603183158 5.432560380780217 
37.91766370987816 28.17472697723819 30.70939415722336 5.653619791764584 
38.21163851382735 28.26372911841708 30.67252254073898 6.973885538498052 
38.29566040797163 27.94413970015274 30.19391509580736 6.602192620893447 
38.73829425314106 27.76632688264444 29.51485412008385 4.964703810676212 
38.44015947022697 28.33424743362582 30.03891822855641 4.162751062453481 
36.81501239251146 28.48735082972994 30.82219925911397 3.974977898256867 
37.20071732137227 28.45904943873014 30.72296876988571 3.196272031391288 
36.66051262824064 29.64395780640958 30.29970759993953 3.64978285251118 
36.90232626987487 29.64065592839094 29.92608679142652 6.365534896961435 
37.46079434933669 29.52095678306377 30.29001916447706 2.554810869427683 
36.88763328795131 29.57646758275167 30.78973192392041 1.912073938919207 
36.69581128035493 28.63163526067056 31.20546671867477 4.325251295284772 
36.3859933249451 28.51224998231391 31.93181117742772 3.915615019760537 
36.86761729598954 28.83125182760572 31.48600867502334 3.648504666822419 
36.99787496811079 28.70759345859196 31.14967779959925 3.788891900495116 
37.67511843042966 28.9268125330554 31.16852844697963 5.129091832885194 
37.75314435353096 29.19225239300631 31.24127128559128 7.583838263004623 
37.00587535041912 28.94183229166291 31.9880885134054 4.15070208359316 
36.76382309364968 29.56063773795897 31.39935078746216 2.130052700016421 
37.09368379537281 29.24553247116095 32.0588685130327 4.903202484980852 
37.25047815779251 29.10731107798488 31.49992696383936 6.852841257086595 
37.13525980222879 29.33210047246855 31.503325484141 2.569817465551182 
36.99197802193503 29.48906800786663 32.06326700862542 3.969902137803331 
37.61882764606582 28.44303720816212 30.77912588323689 4.865304085937566 
38.07624186131594 28.63815817728119 30.65591944710157 5.595651847006877 
38.64792276653298 28.50680698740904 29.74377233180993 3.723948320186736 
38.26011133994192 28.65975216572878 30.13921390689628 3.557590083993432 
38.2714614902054 29.37117739305717 30.01292833484009 6.35276947665227 
37.39248107504785 29.73088486780575 30.01481686392421 5.955928594021429 
38.0102554761547 29.66591672387714 29.99335587040325 6.300352744551162 
38.06021995564784 29.22062141288733 30.36719655810503 3.479909847388171 
37.60067212451402 29.51998962177093 30.92585493131901 2.658998714497017 
37.60008290854947 29.38398834099115 31.26845569579606 4.353991619559565 
39.60303458007505 24.5509969660946 23.37727610068015 2.106378951048384 
39.70022554009637 24.85489402243912 23.39345379401253 3.368288559715495 
39.5366293279472 25.0057265193848 23.69969322895526 3.046167154139681 
39.62759853552643 25.32250292997769 23.9082598215542 3.310396029847141 
39.96297032178027 24.95451375015979 23.38936834085428 3.069297287446972 
40.33103402160265 25.3162852844234 23.91488590422858 2.71855158050306 
38.83661631982498 24.52189129122644 24.22297921424265 3.834052608354369 
39.33985524219786 24.85574032484245 24.19529108152762 2.079084078819506 
39.37068111564471 24.91004122664869 24.57941793517749 2.169514991156205 
39.05730753702616 24.80577827517039 25.20476178213798 4.452279941537824 
39.18596859593303 24.69186168702306 24.64965859280325 4.828971029277113 
39.37168176206622 25.38836563021824 24.22383928315615 3.457733760774062 
39.34797595093428 25.03335926214072 25.24656703573449 3.271700698463491 
39.24327757903013 25.5125172655558 25.50149381341946 2.547965034503875 
39.28785561280259 25.60477759813792 25.06073699025342 2.286219048999698 
39.63773229740063 25.59569973874192 24.21105391132297 3.057454732674813 
39.65114954935721 25.87982826392815 24.78388776167912 3.254860456985426 
40.16467140610388 25.53160408854245 24.22500945372444 2.617547113936183 
40.06003080151127 24.71556103793587 23.1047954333048 3.178282679708161 
40.46616085398008 24.97919068893236 23.31278057306589 2.69798289457546 
40.6424612398131 24.76056718539515 22.91643344204658 2.803541260230134 
40.94652189782484 24.80128640705254 22.75834769716741 2.742341110663403 
41.17386483590013 25.51124196597624 23.61160482800712 3.324369296957883 
40.39682033217224 25.5715230878285 24.21911352158646 2.588134581945724 
40.73737007371695 25.67544984587006 24.21113873681533 2.943111257553795 
39.41643694447236 26.85589443199697 22.65334004052304 2.819313607537822 
39.38867459789672 25.73364318052684 24.75535417391394 3.895087908707836 
41.42793389479341 25.80600915420123 23.64777007888849 3.914605137043509 
40.60757762174133 26.92776488384366 23.06731275049444 2.730345308968651 
40.95456565811407 26.82028053886162 23.04081208388267 2.92084912061722 
41.23001090938791 26.71877347256716 23.18181505974975 2.942427930976237 
41.14686053464286 27.07999886581972 24.07656576644787 2.743233761901791 
40.27519960817589 25.88126587002956 24.8661464386812 2.544338351812087 
41.07121542960453 25.90174607514161 24.23405487263485 3.26186606512033 
41.12290190163218 26.07049839068173 24.43128403906839 3.483693402718387 
40.71601623692894 25.96020520943958 24.75066198811112 3.447795673672431 
41.26188559311009 26.33954517543918 24.94585807259434 3.201335947839766 
38.90322692026791 24.99960488978943 25.48039139470114 4.133544712836795 
39.07928542157317 25.17756034805095 25.64908334486014 4.555634597108451 
39.12395924158659 25.54570729660736 25.82860922320979 4.220192069843279 
39.02506866671245 25.67163446546732 26.16626751974283 4.612866279837419 
38.8335718847208 25.72600082434895 26.56180648031535 4.308371896075698 
39.38959131972232 25.94602014429512 25.37535955411833 4.201001881075854 
39.28118821885887 25.89280498588636 26.10515454893116 4.205195142295338 
39.4901800642856 26.11198924408436 25.65761696062812 4.265781820742916 
39.58191582559631 26.16366009410084 25.60975141826667 3.771176652929057 
39.55559293297551 26.47048164461376 26.11624392811119 3.548710222486619 
39.98032123949211 26.72557239144988 26.44989623792221 2.21166998058888 
39.11716370178609 25.90658248937915 26.56067308465641 4.570161631884275 
39.14187634383681 26.31604509687233 26.85287171201434 5.020853579800246 
38.89608534473453 26.02045360547551 26.88791607952244 4.495261110751926 
39.24606795234583 26.65619133214698 27.33490057572254 5.258816561432582 
38.94990032371117 26.42924538642955 27.44474977979939 5.402764248054496 
39.33678537233074 26.43585078700706 26.26585758278945 4.229323556028987 
39.98959947180166 27.11373138964275 26.83226664323701 4.996696160339923 
39.64593108987783 26.85650192470736 26.85117919782909 4.455875201359049 
39.54363129497057 27.14261832072894 27.42938427378002 4.786127637264713 
40.50389087343321 26.27612077498179 25.65339353235165 2.624824167329876 
40.08558853345811 26.22133673575657 25.71503778596899 2.564551234159154 
40.96022714949148 26.24407361013798 25.21727112308773 3.004486650052513 
41.11542601839104 26.39282324934024 25.6910715793696 2.256857760459695 
40.27845667987037 26.44613374630873 26.0618802204837 2.195995769323105 
40.70890494482507 26.65308951747544 26.79411322389063 1.970398774972196 
40.33292787581355 26.97635073363011 26.80876946929434 2.804866821939129 
40.56877953366238 26.89099273872601 27.15397144376575 2.585732907777128 
40.79267605077739 26.55217409993404 26.55652835185235 1.891942756035604 
41.1748773312472 26.76090474384378 27.18265551894017 1.407772760964249 
40.86579341061 26.68695528702411 26.93765469624705 1.558200689496687 
41.41975795755025 25.43827437031607 23.05133070342978 4.073502375193129 
43.16818779675377 24.53407061390961 23.26270417363405 2.544048536259737 
42.95561396450631 24.79288174254884 22.72090703678577 2.781597702858193 
43.11062955262449 24.9412372142055 23.97893591015769 2.6247383587218 
43.42609760987636 24.74271621199191 24.02654495488335 2.373487128557002 
42.74315914419068 25.41427997737285 23.36585548687102 3.273322602013337 
42.84594448500958 25.83961842059259 23.18118511549477 3.51624846347957 
42.872483107725 25.13423266849256 23.68121996896766 2.692045422325322 
43.30894905439879 25.18507438383655 24.68964958493072 2.319409576889427 
43.97797479525881 24.8235794463764 24.58311314509353 2.389268661011471 
43.8868357110343 25.17750189505868 24.90540718837666 2.386724375353396 
43.1313688960829 25.32671999277549 24.69346770363812 2.530740467147382 
42.95138065805644 25.43743305568652 24.4809284041087 2.580658597609926 
42.78878763804761 25.69106473783548 24.42609263007172 2.788946787139793 
42.88488167541162 25.65988222565674 24.97171996817307 2.798261492832324 
41.58820532598259 25.80723848853183 22.79394514037638 5.404256592691866 
41.60401206878247 26.20228632351027 23.45864809471435 5.778362303326958 
41.45688390599725 26.57006897823177 23.45739587988107 3.713938202197198 
41.39493855848673 26.43406839432261 24.36331223522312 4.142170049092044 
42.68579948257945 26.09416648679981 24.23735674182771 3.481192142221545 
42.66949949543221 25.9585601057246 24.54048211479432 2.879929533426463 
41.44767217168747 26.63640129482406 24.05253033989824 3.929588286871279 
41.47361258663776 26.78758097203058 24.36352236641101 4.189776181424293 
41.75793901422922 26.90463011887982 25.05126354717708 3.377805580351577 
41.78410455229442 27.12535490507626 25.08422315643084 2.393853741255441 
42.78707122705394 26.35118388942292 24.0286763111589 3.341991726198586 
42.2106988898983 27.12480664009423 25.16640386872828 2.599141771789675 
42.77032516417043 25.87683531894605 23.62505067488481 3.559744967770911 
42.94985824794861 26.21638706489062 23.54734683544464 3.029355434959513 
42.91389931460049 26.64458226952448 24.10314866970795 2.847466565847469 
42.60435525074725 26.89538985455568 24.59835556015531 3.148963691186225 
43.26451356174357 26.60510186347631 23.89936539470165 2.513065585884277 
44.01098055213232 25.46722798616472 25.38415955035672 2.378554429006925 
43.37494055059283 25.44844835616757 25.17524629352009 2.458662444934788 
42.50311518170599 26.22387392954434 25.34761807429994 2.868969477888356 
42.62437713695594 26.27204045261731 26.09966661701338 2.756801190553489 
42.21953605340891 26.59518830421973 26.09050149102945 2.62957627221661 
41.65409880553123 26.61855959126268 25.23163762693528 2.546344339525973 
41.9637746070761 26.65679116129851 25.62723558537043 1.994621940746313 
42.00609801961155 26.95617735992617 25.21912356764555 3.360806049091195 
41.48708218966001 26.46276369167623 25.97279627564173 2.376013769064684 
42.382873919229 26.4794637922127 25.02077536971819 3.787804427459236 
42.1729011879137 26.62389968778676 25.52859488500357 2.931531688036813 
42.26889877645618 26.86676270118005 25.03844046238302 3.714945909484726 
42.56153733934001 26.42228259301332 26.54947057906815 2.754693441081855 
41.40093210484242 26.6620281142958 26.69496252944256 1.91987285367864 
41.98110596384996 26.68541046366803 26.27179917816287 1.715640994166918 
41.46984236675087 26.91417433667798 27.24324880828893 1.425074918639595 
42.59696094190843 26.64062763525734 27.00029801041326 2.643201712321655 
42.1703045232361 26.79435249083774 26.62173483401666 2.595628694860693 
42.77092104825687 25.93519944740092 25.42163006810101 2.696375493888951 
43.07306056207778 25.7886599158706 25.65150696953219 2.750360710659947 
43.00107943351666 26.22594013258406 26.39790852150168 2.585451310514003 
43.42523385645946 25.8965855493144 26.21920431658721 2.84686155473193 
43.95674913313367 25.89418360596436 26.19504755658074 2.72313448531753 
43.18185191169881 26.21002312448826 26.45943526427227 2.676178564691554 
43.75197817143928 26.55822136192097 27.31065775870224 2.562046831375255 
43.25225234457938 26.58675680580092 26.62180223858191 2.438816968458923 
42.82083388373832 26.62573283830161 26.9455986444498 2.397500727955901 
43.30922680903292 27.03458550559646 26.79737902038222 2.191671257190421 
43.45003938109237 26.07176042575008 26.61986311815406 2.789409428480241 
43.57267571393718 26.20526966657266 26.81445855763314 2.737948435073037 
43.50839946046426 26.93541987820883 26.77217434664507 2.81713406889267 
43.63719890445172 26.93552779496421 27.07345973481372 2.577972183891148 
39.07760953295638 27.25872369645662 23.04037576704007 2.83000415153225 
38.79505611907675 27.72072824727639 23.4796219861129 2.85711942997014 
39.4885019117604 27.28761857983326 23.54822154288706 2.812632863541666 
39.92078386328224 27.29198370379155 23.98406536852197 2.91937514627341 
39.61236273136896 27.51985347573925 24.21590694917329 2.88185261310494 
40.02778547737564 27.40708032166387 24.50182547416956 2.430844744482613 
40.10606028892418 27.54315095287546 25.05518472899909 2.279150353409278 
39.26438342209092 27.79807645448539 24.22846273351334 2.966905622001917 
39.13312422574655 28.0660297450938 24.77199372976244 2.946417910394615 
38.78388418730792 28.30486457370865 25.05855989091497 2.854377180227516 
39.84644726403165 27.56778375423199 24.79557202779389 2.591850940675812 
40.13385818436721 27.1596751047573 23.59227980268887 2.790109675065025 
40.64577572110461 27.38137481555899 24.29741799679879 1.995966114463258 
40.5322680156222 27.46647738649165 24.50635769248296 1.975338450224754 
40.83348316482059 27.22243049591264 24.01597089430815 2.289651876751549 
40.88770253907489 27.52651508153603 24.65298013311157 2.239197623774317 
41.30087283505996 27.10599476614816 24.36857321857508 2.631967310952092 
39.9928534701071 27.58669694660444 26.13934751891395 3.192528358935249 
39.24070587283427 28.13140183676758 25.48940231831975 2.866646360896169 
38.72318527526047 28.43966170405946 25.884172168478 3.336459125549936 
39.73412797158365 27.83075120613634 25.54911946926149 2.665051484510684 
39.73145299989238 27.84329509826386 25.87118760424081 2.739024547532637 
40.00725837098742 27.35729296543107 26.64648145658646 2.634829451031635 
39.54844539704875 27.67592607792252 27.24517432226017 3.77904469800373 
38.96812375287377 28.30067184419205 26.47714177896015 3.081185767953031 
39.32016297861448 28.04015045480356 27.44962405780576 2.804870689369352 
39.4204441463365 27.97301855507145 26.52453795803291 2.70428583898169 
39.63794832136492 27.76034285263655 26.60887205542235 3.458412736492619 
40.3425957431833 27.29686681587036 26.69132803275005 2.319360267154082 
40.77721815842402 27.69176611310522 25.01332079506988 2.22383643264223 
41.25319474434893 27.81467243679803 25.58069480464634 2.045946002952178 
40.59550678530806 27.71287763008116 25.16971170583703 2.178498548135877 
40.2140439504183 27.60059870110333 25.81877901283104 2.238061324431868 
40.72920854752535 27.80083946084056 25.92151902179993 2.105470346660326 
41.04842787299761 27.83794683713684 26.4343890668326 2.178118814830839 
40.58910573142534 27.38070791286102 26.84236677116393 1.79948240968929 
40.44030544705687 27.54409513148091 26.33138030604571 2.226537590938733 
40.48670588323029 27.14387032582271 27.14871313160014 2.132698505717855 
40.62646508854883 27.13490646049584 27.723758242374 2.013912682699541 
40.86650289144852 27.4762557335395 27.45752683549895 1.201458411134539 
41.03516212677915 27.68523066028211 26.84576337783106 2.044905180793364 
39.59070048955936 29.41488868895976 26.23284202484783 4.272798306025322 
38.8295658647306 28.49829122919093 26.75842491280218 4.870261164626129 
38.98466012664305 28.692173416915 26.80673267642241 4.180008986395649 
38.76574443833075 28.71132753545894 26.46307493292041 5.630366384118929 
38.88180946731273 28.47784766803946 27.10083251830131 4.320879648846244 
38.95034564934744 28.68609833014482 27.0655510830839 4.534345360587395 
39.82002017599736 28.97215610860018 26.52215552735711 3.254778515807573 
40.07993649483917 28.83591644532899 26.84477027991316 2.440676477253106 
39.97448031724286 28.77010312459367 27.15573560443467 2.329396973726404 
39.26759091520805 29.08607914622678 26.27916556312218 4.19113800029163 
39.9429611906067 29.19256033916126 26.3141265479454 3.748417551208803 
40.14921725434921 29.44880486458873 26.20092748720935 4.245716625887496 
40.43202748405209 28.97926637688884 26.48600316611162 2.578869427702926 
40.61179534994486 28.65553103528489 27.67513848344568 2.116166208371311 
41.03222334958111 28.86026148320757 26.47925808956089 2.843832873438402 
41.43468086410794 28.50914382084479 26.51150884832713 3.128993248371273 
41.44074315725477 28.80761523634533 26.36168953351688 3.671293741126902 
41.16185984170739 29.10406124064602 26.32440245639846 3.822703876078833 
40.92082618550037 28.68280664702526 26.9078563666954 2.070353838519452 
41.28690443202441 28.46124184296321 27.65845807102043 2.268172652720779 
41.50677060272037 28.29564279482933 26.90976736377575 2.829042128264234 
40.88952588415854 29.35920228299501 26.28880365832442 3.873149185623674 
41.24464013819109 29.62255809683186 26.38730744354221 3.221284394645323 
41.33987382710205 27.51248641091906 25.003597146808 2.274767829823247 
42.63604611956647 27.27012587199116 24.92887582172869 2.355181856167519 
42.93761459644092 27.04978378951757 24.53329106220917 2.249860128899627 
43.5806932777333 27.23220042522589 24.92392654509435 2.590079415919206 
44.20594889686301 27.3207779572093 24.76899836780064 3.481481232630728 
44.09640026250349 28.05340325056401 24.79593306659095 3.324354794094546 
41.97589949931309 27.29829573925517 25.31417218399542 1.650094578172499 
41.47094190612721 27.63821240048514 25.37474159822423 2.010597932426691 
42.12303759327447 27.58754255563341 25.68816481649908 1.556402092728518 
41.30776645607575 27.91602742821998 26.14695238796865 1.910005105464194 
42.72536546999064 27.8427003109398 25.97163987232316 2.526246513228045 
42.54003938284114 28.04295821461052 26.19614877192376 3.330030006232676 
42.11998678716923 28.44508032893123 26.25948373519636 3.886749004003491 
41.95655045918794 27.11065161338941 27.03962531779465 1.805509557977729 
41.31642523844689 27.71076295061976 27.34168557550979 2.116698946884554 
42.17695869190841 27.21462407857372 27.24676895450587 2.637399600129328 
42.44507041448713 27.13728426390451 27.4445291720526 2.662246630741322 
41.58260484394806 27.91300828254229 26.56373714189393 2.16113016071796 
41.77319852344221 27.9299939668137 26.44732616271979 1.863414173565531 
42.01544264128412 27.86660539957001 26.23409821587075 1.769340987958955 
41.97526330348994 28.08922897179199 26.52105621712666 3.193959791546604 
41.86502811148448 27.97674259375794 26.85678052452043 4.30234450607287 
41.82506139698017 27.76418718900613 27.32533980775617 2.101463930663499 
41.83109918423548 28.05327212206897 27.16728441607801 3.255678418477629 
43.125463446662 27.51638501228386 25.2843267536801 2.396362494898341 
42.69249937340648 28.4103224717383 25.95176666178746 4.126030295913154 
43.18386380960767 28.13093129651772 25.56345073556836 3.605729921696479 
43.30152979792517 27.72523638114376 25.35489097886005 3.506606476504402 
42.70544558558353 27.07294698958884 27.34184601813428 2.515045468444157 
43.25619119583737 27.38199792525246 27.1959509057554 2.411537807665326 
43.47523526120032 27.08412453653638 26.81721294919879 2.6901189586454 
43.55493802936025 27.37979469494112 27.2262821449869 3.058437059951501 
41.99867579895906 28.93623130171841 26.28050435793462 3.659018275884137 
42.04061010364287 28.70936982273084 26.2256644474446 4.106658821354017 
41.83322927785723 29.25676029511655 26.36268299557037 3.192721972160797 
42.19636133680476 29.46585379013999 26.60534220190399 2.945758996970341 
42.32401912670364 29.20113360356434 26.38929364777538 2.960925124590545 
42.18768086352221 29.72981178501861 26.97294204355713 2.594791637931763 
43.17243047705276 28.4063681289264 25.65866912385204 3.868467661338514 
42.99759688903758 28.80972404988009 25.9593647995601 3.578930080536168 
43.52863467374849 28.75165895204556 25.71289331337321 3.573268646118208 
43.8066267308928 28.35919933460555 25.20187690287731 3.332026083656615 
43.36187135189507 29.1430070825097 26.20814421035069 3.53681255683378 
42.76908969935909 29.49416888834427 26.67931585832527 3.346682193916138 
43.76034274588365 29.43068846304076 26.41227410174436 3.769983308990817 
39.21500367514641 26.71722484228678 27.71907387548835 5.807326938554695 
39.1195704133962 27.01354471184479 28.36674837230601 5.985855252517183 
38.7137450264422 26.8069998246891 28.74666654544965 5.425908884225123 
39.45206387207216 27.07371240304429 27.75024238453771 5.309749167185544 
40.71290272723285 26.79600436445535 27.76326217164833 2.365983347066475 
40.98223085027148 26.99817427884373 27.99193041284645 3.649279361439 
41.22956036657866 26.90428982367851 27.71809189869595 1.187118825867344 
43.63973088780781 26.83993109754729 27.69139491974432 2.7366368927986 
43.90165159761728 26.37399425712221 27.79960852855214 2.842151024720096 
43.89991635058944 26.83314327985712 28.56543339555911 2.761834167560181 
43.89017815995207 26.94437313103683 29.17483491541451 2.854357117933233 
44.00827065191488 27.01905042033318 31.81196318688457 3.099393629443767 
44.16279838297777 26.90205068040389 31.44033617801025 3.127966687361408 
39.44148839427051 27.57457594582111 28.33760274974901 4.994512995978937 
39.13068417849246 27.61558394033785 28.80011877078887 5.684095625352029 
39.53904150641335 27.62610530102207 28.05721578267056 4.180587650642792 
39.45446436007273 27.87592910607543 27.39876137165467 3.172714788758725 
39.17969083112963 28.12176892079845 28.30368163478567 2.607237511818738 
38.78029732888781 28.44734766103477 27.69397498386725 3.386031121007505 
38.8674911635231 28.46416849735308 28.60040480811599 2.828594956644679 
39.45300964417122 27.87353171234667 27.9862838828244 2.813715502289767 
38.68905479718331 27.38474947865484 29.13152989003936 5.815525407199061 
39.27866850998269 27.90083949980686 28.64850852677707 3.691999720827425 
38.96784948557845 27.94092411518759 29.21722678529331 4.695375003076322 
38.78208898243061 28.3486697026649 29.33734664641384 3.292136441477169 
38.72249722658371 28.17122749062785 29.58611675761434 4.117350815634779 
38.99725572303874 28.8771138191877 28.0246811904009 3.055916220589154 
38.62243411785491 29.043287088673 29.08511276576843 5.752864335865524 
39.41239527449105 28.96884095145413 28.42138351873696 2.414254435682722 
39.57296859462659 28.78337384210877 27.65375181809592 2.406808665645542 
38.96701421855226 29.04497643301199 28.65823945929108 2.732323982956586 
39.36056549040548 29.03575766210438 28.86919353073702 2.337146337036103 
39.82878129583521 28.96130951777452 28.63560426350876 2.163140982719625 
39.02605106543458 29.21420474906191 29.31206898091965 2.524001711697878 
39.79904238082281 29.14843726889263 29.39205316631806 2.040005630129372 
40.31541100473505 28.71501791321637 27.69976502798073 2.132319255841594 
40.58067381482777 28.6985773234845 27.99892086625359 2.095856640268664 
39.86334775205625 28.80155898896302 28.11063051940372 2.267492468430277 
40.83840512673815 28.77208977007149 28.49548451774195 1.995151899544084 
40.6460848113302 28.914612274856 29.07931742272102 1.922124060640115 
41.22234405954163 28.91500463355234 29.09818149843022 1.666160366748372 
41.37811928564415 28.98501236458101 29.59444381527155 1.580499808734771 
40.90494034433673 29.01085059842364 29.66379241603435 1.644043983588332 
39.41846373789263 29.63442492851675 29.92696982362462 3.288660588564085 
39.47037709890907 29.34508734395363 29.5909930873876 2.461689192513205 
39.76986123977689 29.63280273503202 29.99902809102942 2.751040653236061 
40.40452229358122 29.27201037520471 29.94537175413575 2.012135477654795 
40.30273966689331 29.56875607006092 30.16705409344488 4.69381401155249 
40.64395787811683 29.58190945267666 30.19355352485272 4.724739917332158 
40.95460187960079 29.23108778535525 30.27038506768223 2.299650634164806 
40.9949232747987 29.48108804123457 30.35538303404803 5.21333123114897 
41.95837287651558 27.37762262465415 27.42903544925178 1.814907534277253 
41.13011376492272 27.39673233477966 27.83399961269686 2.099468578382726 
41.85155052036178 27.51149890294192 27.55598118324156 3.161061254638724 
42.67376995173743 27.36610109259628 27.87619537058925 2.659183867718951 
42.22251628381942 27.46581107543314 27.91883153305806 3.117573452065386 
42.28859252847484 27.59836922061857 28.31439707949321 3.061814051679505 
42.20306241073253 27.74714653730886 28.9877717755527 3.08530651485583 
41.95005851237699 27.78017615582631 27.77991445838184 4.095869657888898 
41.86559051819928 28.0329235135108 27.88042306477801 3.155946094739789 
41.99782579994708 27.88885118250769 28.8581810251232 3.329849929012909 
42.0847890018682 27.74259482448067 28.26724304890339 3.341417171096055 
41.98122408546298 28.08327808683976 29.58748285450381 3.191114571474287 
42.58616874139117 27.57282947317771 28.38465631955336 2.770509780408332 
42.3906292374414 27.75208149223081 29.19682577935202 2.702034269448632 
43.25175886579739 27.52026226609339 27.57174700100641 2.675310810035228 
43.0705654438121 27.7528179575563 28.4538023809001 2.755731362668001 
43.58679402750176 27.52492064125954 27.75162247729078 3.085620743561464 
43.66272469994372 27.62575820902371 28.28019841149146 3.065074537072036 
43.74254180751686 27.16680080725832 28.34899237816456 2.620713572431413 
43.71185724567479 27.5020182836216 29.36402857157837 3.171898760981634 
42.98079720376079 27.81598283431547 28.9778330438093 2.736999706096412 
43.60348588199569 27.67138581476788 29.3306821708922 2.997663536281266 
41.25963193622544 28.54499674346179 27.88975379174642 2.082483549985682 
41.45635014124826 28.6925540867866 28.53294117568244 2.003116146945558 
41.76435763375602 28.51071772321481 28.61453443420915 2.904532432505619 
41.68588740610414 28.78276613399084 29.2418760237795 2.487835921394577 
41.8101099507975 28.2999200147089 29.34372168608048 3.549533501695379 
41.83319313163835 28.50497146599939 29.60199109235159 3.970749105022207 
42.15489619958058 28.05576879131395 29.87080611861606 2.697575605830082 
42.19529857474905 28.16538769425322 30.21730777720824 2.638419393136303 
42.58629188141319 28.32618059992333 30.35686277643604 2.187545192571065 
42.68051762522245 28.33214189332318 30.88568203686782 2.075898524887549 
43.96645888315484 27.11059282334948 30.80435456928884 3.386867452793268 
43.65709761229206 27.59513903684427 30.36520510137462 3.027844478314194 
42.87683035266062 28.13552396893595 30.32388965150831 2.475552721291365 
43.24323911382511 27.82489753667283 29.79717756352458 2.712550537368628 
42.81354346716137 28.07410040212143 29.82392999582474 2.437373208413732 
43.21299098216669 27.74972543098267 31.07196449511282 2.6210222417061 
43.77934310892765 27.27770189374451 31.78059736851242 3.197679534278137 
43.6366421123518 27.58486336220983 31.46236140026367 2.869753599366106 
43.74143507439931 27.50999801639714 30.74110325608221 3.122915340061155 
43.79446912667897 27.31721813718239 32.23408533540408 2.84529572892032 
43.6807465116202 27.70962742904825 32.06829778370333 2.806626502690676 
42.93412761518894 28.02032502399098 31.4313210672999 2.43074419129681 
41.98786102611389 28.37107763111118 30.3140078031091 3.411026805968703 
41.82140138471408 28.87426967099285 29.53583615872489 2.687917182276465 
41.99622106651751 28.77155301016731 30.44290668698412 4.522689892752283 
42.2537317504576 28.51255443411225 30.62011965482591 2.803907215815002 
42.25932735249624 28.7464334546026 30.94020963828182 4.207568294166038 
41.46593489600469 29.16819930510171 30.02905064022038 1.503256470887536 
41.58050939334654 29.34644121831093 30.19528144680524 4.99104246078241 
41.70481116141058 29.21388625993471 30.29781433630199 3.883018142410066 
41.80376364807813 29.60322262492473 30.1211865565953 2.547641378937072 
42.31312781420814 29.04894900145897 30.69959295806274 2.847815117996333 
42.03111966552754 29.33288156875874 30.53390293292986 4.486877488885625 
42.76016684764931 29.28016200934671 30.44268948305455 2.184478562118471 
41.97499560927352 28.91578568543932 31.46198170890552 3.576428578324936 
41.88577820646146 29.03598561843625 31.85207075865829 3.592396714287673 
42.15301735742911 28.72546268466321 31.27617012223133 2.294924392717689 
42.45731409277129 28.49786438152428 31.17606762828341 1.740633295126671 
42.59826865070443 28.32128966548231 31.90647849691936 1.542396556746851 
42.45059368356542 29.03464562485652 31.08254793006413 1.987147769268432 
42.82687423791988 29.0396880171774 31.31917688895735 1.430301992300613 
42.15521052337807 29.13291406409631 31.61256153463414 1.355565957809944 
42.58990500922566 29.06448245318218 32.31692667245949 1.051691692313071 
43.25179016600254 29.27954131017863 30.31891525423887 2.652157955575376 
43.26879355493247 29.63844532428139 29.69569674434186 3.574900459958002 
43.66470001318666 29.40464637361001 30.30383434462096 3.628584742314757 
43.86869146603913 29.47179951793801 30.63951197283637 3.665536104382142 
43.04947004889365 28.94121837637973 31.81240961641947 1.399911483892467 
43.5213313298707 28.99231500817437 32.1230513661838 2.283828977121772 
43.39113007511579 29.05515886705255 31.24803911591972 2.252918057634218 
43.6393827727385 29.17280363888724 31.27439521650969 3.093618830977391 
43.90973472574869 29.3764967113752 31.96073317538444 3.100084207452994 
45.17030806179964 24.93170603896267 24.77262691730169 2.768179653698866 
45.13298172733237 24.61503112382522 24.26305594742689 2.599786665779391 
45.72032298377155 25.34791535719373 22.77862504330758 3.812159811004108 
45.76359885779942 25.35677725569762 23.63267928916138 2.995110790619577 
45.78704770014296 25.87769098557613 24.13742171013041 3.158654987896739 
45.70307948855996 26.09361308423984 23.9596358231699 3.455753636499793 
45.75750133394587 25.60435690731733 24.12038078261095 2.78538778447691 
45.60054140891603 25.16099354358047 24.0445348058804 2.825606399939716 
45.61459787133438 25.46382325346381 24.57917158481208 2.947493539425437 
44.02991074330795 26.71816687434086 24.05796027764442 2.49834372931096 
44.90465459510091 26.57741251937035 23.8235084496847 2.579258104440356 
44.02399238025259 26.94180173216614 24.45448922052555 2.475739566514022 
45.24865025418253 26.59622903501925 24.05210484850358 2.756364654367047 
44.74806428930719 27.0350287604041 24.61145464160039 2.54223350291312 
45.8591046494592 25.96515718000743 25.03436731298289 3.809969153497065 
45.85199277073942 26.10089489091378 25.61370049068894 3.651995989456395 
45.82552679761115 26.28050577976759 24.68929252403673 3.450193963839581 
45.9084678192159 26.42074632440115 25.36937536698533 3.149878096719618 
45.49658509359624 26.48920682545779 24.20271432965835 3.053803395115352 
45.38916130689666 26.84772745909871 24.73564898569725 2.710489197059673 
44.2442231508226 24.73825844202526 25.34638446047309 1.637743214611604 
44.48676169474486 24.538602843707 25.64533760054848 3.209913182931615 
44.12844740739863 24.99758021026959 25.11840591524628 1.934487630777653 
44.20461776784925 24.85703480646885 25.72389281032061 1.791039809512085 
44.44562140005161 25.01273164501348 26.17284259666624 2.983445170780129 
44.68992458184994 24.96259615617454 26.19516927200924 3.386368554294478 
44.96952155829613 24.82403694797935 25.70320629540053 2.336821714611744 
45.03852516837988 24.66021347431122 24.68525615379878 2.141539451208047 
44.7842999848662 24.54518852706722 25.6316563349856 3.375777596628296 
44.90330790137507 25.17086355531556 26.41006399853099 3.077627490433315 
44.15139230819925 25.33541676093154 25.42600245066206 1.985877681011701 
44.27994295009528 25.3922717148297 26.33579398677682 1.878716748958297 
44.16554300383298 25.80548455345309 26.14909275096439 2.300828266667764 
45.22859335687998 25.5436472052777 25.90724414832356 3.323466493715159 
44.50490159883031 25.35533370608626 26.69413525793314 2.895061579317826 
44.76608100713527 25.17653422013144 26.5393029097496 3.414595960635921 
45.14812786634032 25.43711238354322 26.53111348377067 2.915020178127719 
45.06966072612261 25.45409319740062 26.82004489633269 3.425001523365779 
45.15880720377223 25.68006250897893 27.172291701111 3.703621106933696 
45.21105153310651 25.3062458004911 25.35463716740707 2.913999176548799 
45.38686970716088 25.84334290530131 26.84721345664842 3.494233842077278 
44.39541560770615 25.61555024849065 26.91762832125659 2.251030268256528 
44.13716500260796 25.93086141441776 26.63858846717786 2.461035596805488 
43.96507704107381 25.98095817460437 26.60844648777473 2.869995072040666 
44.73079813613054 25.85596502849251 27.42563598052857 3.178647668435474 
44.47212186450491 26.1045160983408 27.39343263270098 2.27949262098403 
43.97763549279233 26.38600552640272 27.40314798359241 2.768683144771046 
44.80196801680318 26.08989854112124 27.72153880290533 3.628454941687892 
45.34155607445009 26.92295555556627 27.1878482836191 3.233067971106578 
45.54214951595925 25.72486932486808 25.55947351057484 3.028561403191816 
45.81194404867168 26.32896405094495 25.93268459825581 3.443958216033479 
45.69955252195324 26.71627591721729 25.0933431869781 3.318281961786596 
45.88778961507808 26.61144225310649 25.58937906724853 3.344900758869585 
45.69504457764858 26.71138423656725 26.37190134819165 3.332388655240038 
45.50889445330817 26.12860761950237 26.3994658243304 3.064067796642064 
45.38762233965809 26.01092695154346 27.14201805489238 3.589707641710618 
45.58284535719118 26.58349206655802 26.74318451933204 3.084900192968007 
45.41722999937148 27.17585884455656 27.05958449146681 3.472779998057348 
43.82689791416801 27.58360858640161 24.94257379867494 3.54389043757098 
44.62607495949455 27.2964577218526 24.86699637221277 3.539970071896619 
44.94748984296157 27.20977082950965 25.07158404274619 2.669102617669466 
44.40698887063497 27.99333868542742 24.57931472483314 3.976926357946184 
44.6412259457523 27.87631702885013 24.5674901705025 4.620751970062486 
44.89443680804731 27.76093887974745 24.82704869554439 4.175853432620841 
45.06879464469987 28.03599938945509 25.14328431459009 3.214174365894394 
44.48964544343277 28.37214662987546 24.90130998766067 3.586608621529905 
44.88530000229635 28.28525573273685 25.07416674008574 3.74614857823974 
44.95383247140305 27.41594849006798 25.31363529299128 3.489446205175369 
45.24714082013671 27.34341044247595 25.95394097532799 2.828288704513881 
45.12740849604264 27.55643294513546 25.82360978169998 3.212426770862294 
45.35248723228776 27.50281254798425 26.88400165074579 2.869744172504937 
45.2465710779529 27.74443729205428 26.17711717498757 3.42420338245347 
45.24482365100029 27.96309199449659 25.63835030350436 3.693146655602987 
45.22399610524708 27.20269962993711 25.42497179100436 2.810534540931201 
45.40458455657201 27.19686244283347 26.38491951835739 2.918927732939466 
45.50391096936291 28.27108386765667 26.00322646208223 4.877899339316912 
45.7283262344607 28.0255646387516 26.29339616390669 2.36843118868336 
45.84196205719071 27.86189621338063 26.51448949794428 2.190539550421363 
46.54489083801432 28.03129004427954 25.83187837874545 3.038955363631004 
46.5176329040837 27.85864322008382 26.02526329673625 2.241288936667502 
45.89975688911133 28.28222778731951 26.0021537436321 3.712605147342146 
46.43360001496239 28.26842389235327 25.75788404748971 5.23554865092359 
45.47699172871145 27.09875469167474 26.7414665603236 2.894033809736015 
45.41666235544126 27.32713255881799 26.86914070554978 2.737692217820751 
45.36944858157596 27.5491738380272 27.69770390158538 3.718087471397894 
45.96875673284054 27.75355295464924 26.88366517346809 1.848898620223181 
46.63417329801457 27.61668381232575 27.45344557227201 1.833307921278788 
45.43919782581064 27.74871843512208 26.65785001349537 3.187778671192405 
46.6566177666013 27.62645937715037 26.4001038239679 1.938504682207594 
44.06594425332894 28.57911248171146 25.16773082186205 3.685204645925296 
44.48641921936995 28.92555432619304 25.59206269373055 3.888958756947261 
44.0372009072904 28.93518250140387 25.59232352917503 3.829114141673756 
44.72006835174712 28.87897644615957 25.65557015773691 3.830561527434782 
45.066473227879 29.07116813884602 26.10003170622269 4.132893534272966 
44.34137315046753 29.435914734174 26.14410536157236 3.897355189676176 
44.71474107345343 29.36334716155496 26.17816247773811 4.038359761898249 
44.61400205143897 29.80347510400566 26.91454799874468 3.799990941806868 
45.16002759659688 29.48736629225928 27.1936315074114 4.197968365494546 
45.22545370875418 28.60858008931127 25.86464831326743 4.0158892671584 
45.76756944833748 28.65876022869367 26.05410899983288 3.521404231395849 
45.6967741042227 28.89811481933323 26.24364621903238 3.169720672622816 
46.53260132323116 28.50066783186094 25.82421959455397 2.802081788749661 
46.3078134133229 28.76099786404556 26.09865638578327 2.347931874785388 
46.04577808203429 29.00513196713493 26.57915226550994 2.639934942355012 
45.30479494701781 29.29465739943142 26.74116375412882 3.670394563600013 
45.63487243208867 29.29394626793897 27.08815694379376 3.116611912226148 
47.29233579342143 27.66017435485789 26.17488352644339 1.946403908438441 
47.21762720849033 27.85144312758203 25.87504947010377 2.970560343562823 
46.99936669011077 28.2440637114471 25.76426860998627 3.433796543122071 
47.21865167232294 28.03957928243035 25.77387489917802 4.606650836039989 
47.78100899506538 27.8657726778224 25.94169045351574 2.805317619274518 
47.82176431288464 28.02975379198988 25.88187656885329 4.501952248466807 
47.73998698212531 28.27957595269672 25.97603420914937 2.19155426742617 
46.6356114985004 27.57063422216482 26.65210669225146 1.770409969844081 
48.4379283317305 27.59927578890017 26.5394318674634 1.350674383720786 
47.40117919859802 27.58071090927642 26.86922664379368 1.565098009585341 
48.38196954941957 27.66555228189407 26.18082474408062 1.783332867077647 
48.7201133103796 27.63599748461799 26.12378207632392 1.665324034962609 
49.46820291141248 27.48392495091321 25.78646240023643 1.821113672070709 
48.45231375145902 27.86711221047375 25.93236345532096 2.60523877553652 
49.20265645917846 28.01413749556826 25.62983162519274 2.568475950692516 
48.53405214945044 28.03292020310365 25.86298078364796 3.418986460796788 
49.10023227105276 27.7844257003701 25.64874998599062 3.575892455810248 
48.51557215874222 28.29829552731955 26.01898181952933 1.955348670258687 
48.8502399893659 28.30842958232894 25.96365370125264 1.658411245153061 
48.37288777789544 27.59386855524384 27.59260067571761 1.563893063356431 
48.83720028567857 27.5285678263069 26.40749924856287 1.406717315084904 
49.48370207098844 27.34452936846359 26.49932863948827 1.436720234470371 
49.28182645450391 27.43516383397936 27.38087757440129 1.595060683525048 
47.09966187543706 28.42219973150984 25.90608087105529 2.296751753498143 
46.78639879069716 28.75540675327442 26.17948341112017 2.157592670635694 
46.67232367876512 28.90996468307893 26.5509391214504 2.038348436278739 
47.2837085657112 28.77204595397068 26.67717272028405 1.931937302259854 
46.52903129569896 29.01077976308653 27.06876021108279 2.168380625528869 
46.99882389922731 28.91272374211537 26.98482730553286 1.84338946587026 
47.76545791595124 28.50723853824522 26.29375632897565 1.763813584169668 
47.26299957954676 28.83327271675477 27.71692124942803 1.779681529518186 
47.91517614757229 28.79699567558927 27.393930419054 1.63814180163898 
49.30314244642011 28.48583483249104 26.22112591841251 1.61224875200881 
48.41409289382839 28.63123037636228 26.65655215178039 1.535431073200513 
47.78376698778401 28.76078604649496 27.08133689046715 1.593414125107529 
44.57114315417496 26.10396712874262 27.81572537479343 3.540098663951539 
44.17520055872166 26.21177592311277 28.01259161844535 3.215732940274336 
44.71593137531978 26.37407323070318 28.47331715640493 3.56309537091613 
44.95889756580085 26.27157696591763 27.82452822278326 3.051873305719596 
45.16320842301764 26.15062686446011 27.49321602787136 3.591824334614643 
45.10388239514243 26.68550687744174 27.63206272980151 2.710003351137885 
44.4412546886476 26.41882456288086 28.54501414005695 3.62057046003477 
44.93257355695161 26.66359297224924 28.49376325740821 2.850659129496705 
45.19795261008309 27.03315858176274 28.46576695833821 3.145648820056181 
44.18097550348462 26.47477816498243 28.55970415250835 3.388391462015591 
44.62261521098844 26.64392726995229 29.15866699983777 3.562849789096958 
43.88679380246889 27.02517163380129 29.65292865999767 3.018591168076455 
44.20361790102151 26.74313564934518 29.47995533593467 3.474458946202986 
44.96003936705583 26.91362006986435 29.13786447350116 3.2303334562244 
44.69108770008919 26.73583825144623 29.41072551812095 3.554908987991212 
44.87073966958335 26.82390989077797 29.78000367265883 3.671446504620718 
43.93865181578492 26.9258632012902 30.14004013677119 3.306142823459197 
44.42220648294325 26.74433469822083 30.18616478864876 3.406703985836742 
44.22537057375252 26.90035205933351 30.72130175711697 3.246219167580506 
44.60239179668572 26.89048215963541 30.7021315748231 3.347733409793676 
44.7531798942514 27.05866082485903 31.56915258397414 3.050210794152406 
45.34182315060446 27.21787267707348 27.67034237519353 3.452368668196954 
45.45287204243501 27.50123448354238 28.36427188367389 3.325118853278013 
45.49157308010573 27.71460214749956 27.47342927532241 2.953360914502781 
45.72604251929011 27.59740943053464 28.04567530307078 2.42919214320537 
45.94190641029833 27.70698166891527 27.36648291680706 2.069102483127864 
45.64567363025458 27.55238027119092 29.06521667596333 2.533357508836531 
45.28287896672017 27.30323803245823 29.1992100795932 3.511300811652177 
45.41241767545634 27.46842768103556 29.0047568524663 3.857509781229908 
45.65552783661661 27.43618464772447 29.48495855079874 2.563872741869375 
46.339433611364 27.5284444337081 28.6230064127316 2.158675309383796 
44.50346705719291 29.79295902831144 27.71511527048812 4.034193089261549 
45.27729904471563 29.59382726026372 28.60530942954139 3.78784938633558 
45.57978316716283 29.32135332959351 27.7227508309408 3.518512118732076 
45.60552934569909 29.41430687135114 28.50785468231125 3.582842711350082 
46.48859906859826 29.06972191715693 27.94544096887096 2.65711696797905 
46.28662650946694 29.15444115989631 28.56593401875307 2.605019057156966 
45.79890228271285 29.33660309013887 28.51175949483155 2.985605372274165 
46.17949034791086 29.16405736627731 28.96306945215033 2.917998341113957 
45.53431273802272 29.45207929242481 29.12973106634697 3.494508913051902 
45.48718194604226 29.43932888635602 29.97307227711679 3.47057894683158 
46.68083026533089 28.97115230989452 29.23680769340673 2.502581949406789 
45.06469138040975 27.07083690915829 30.54050744911861 3.426161994147122 
45.3543507563287 27.25381622028413 29.9698099809315 3.187529463657398 
45.67633576052732 27.35693844187053 29.93677139245554 2.587228152987166 
45.39454085431513 27.16266955692508 31.33320382630188 2.905404779735335 
46.04355428464698 27.33995061319909 30.69955858947178 2.27659760774759 
46.20449584241502 27.31306376688767 29.82846784373599 2.337493922327411 
46.54731672354487 27.33165681920311 29.86899300459026 2.376135834831103 
45.66222329207037 27.2192417303017 32.15489127840221 2.528430161017809 
46.1688090459299 27.35312898426488 31.69323991964574 2.225408784742342 
46.29764992884079 28.34356132089973 31.29582494558746 1.887285282332144 
45.93375673577707 28.37774724752195 31.88083018824858 2.877149334524773 
44.17074655101799 29.56521509394881 31.86254770399118 3.062869860130434 
45.2794062712705 29.60155382622085 31.69312048980474 3.412026778395784 
46.10687188821185 28.92328931104736 30.1882451066986 2.849071065961311 
45.74296794725066 29.2194162556642 30.20734064520983 3.381767037472059 
46.45599753621963 28.66346989663943 30.43044728549473 2.433601738802963 
45.95962032187205 29.14579891213901 29.70376030006432 3.131704075243334 
45.22493750977554 29.81755808284521 30.90978278902342 3.475612165552661 
45.71435329977699 29.24425366823401 30.60229282308268 3.150584144449738 
45.38746891392326 29.6340477343185 31.04241872069704 3.381044069734713 
45.67504957415767 28.88355203013788 31.76055649788945 3.230974482783893 
46.17297023720714 28.69510579336534 30.84415362611033 2.898716300878732 
45.6545290387994 29.24004535354073 30.94694026876972 3.439288777467766 
47.37653457359739 27.61009108657416 27.3806111405201 1.677814626011539 
47.05478442025866 27.5543550448643 28.04240147735209 1.991437232814718 
46.59735291955684 27.54694225949297 28.35342757425856 2.161652263798089 
46.90852565174544 27.57177956473133 28.8959088427344 2.402364746604718 
47.43761747770802 27.72251568567445 29.23299224256375 1.831447808198632 
46.71547993610049 27.41744210538137 29.30370869802301 2.515398129737633 
47.48038655292997 27.69962062978123 29.66646401825782 2.226721535588723 
47.81306716558272 27.81467065567304 30.05485763425869 1.183077482141314 
47.6846945757745 27.62864741686584 27.84028118965347 1.63236204802763 
48.46785082566639 27.68103383254461 28.57471525393853 1.52042544393457 
47.61961995819936 27.66662571153932 28.5672037711928 1.688139939564266 
48.89980836811099 27.54250583515951 27.81990717245264 1.614540687844823 
49.4261385803672 27.44003549438971 28.03918623044986 1.669243675493803 
49.00380372176834 27.59666689565623 29.10324716440564 1.537612062131998 
48.38294096016025 27.82370120053797 29.88135736214135 1.05173785976136 
46.69112922080477 28.99173599151636 27.70169267249834 2.297997066030007 
47.80620344768169 28.76979986472005 27.92522780600418 1.588500796723366 
47.68945427385191 28.83477919062047 28.54181097798632 1.744762260318694 
46.6908800904848 28.85584666640139 29.82135336189977 2.348917102634744 
47.57842892781539 28.80621983181901 28.86949794214394 1.825351046166176 
48.16063187020936 28.57434965767108 29.73939971805378 1.438496714371951 
48.52458530189183 28.76106133745163 28.07560700518827 1.579415115414363 
48.48746516721759 28.78759849588439 28.74149138787158 1.629982490725624 
49.2449485906529 28.87807687865489 27.58541059174091 1.861890889486375 
49.10474420396189 28.95834546125364 28.75062222266737 1.99007323851788 
48.50805187573286 28.76522395976154 29.14186691151061 1.714018365473905 
46.91043899361751 27.43608635835829 29.80686329352329 2.84760192590528 
47.05046804787452 27.48596463236425 30.70953329457866 2.506254316118088 
47.49354705278516 27.77849865974006 30.61514295637006 1.823257436986296 
47.65541734591873 28.60740450470082 29.79709163911435 1.720349348749252 
47.64868548843106 27.84592036754561 30.68764755480508 2.583979511599694 
47.65291705214316 28.02800037491807 30.69499953341482 2.666525942283272 
47.66349882216098 28.20330013698007 30.40875466702091 1.094838315026408 
46.79498146934922 27.32965967089015 31.41643735717586 1.531454629787916 
47.03932637591145 27.37524882935388 31.37657229765223 1.352504403359518 
46.95882020551034 27.38028664273096 31.72135627401882 1.418495211258019 
47.35838456863377 27.48242540358167 32.17912214985605 3.325530009453615 
47.44886300942856 27.69179694154958 31.33276464726566 5.608465610193832 
47.45942785686008 27.41880244958031 31.74468614698506 2.214241096544129 
47.60513690694413 27.56669131931067 31.86292177616679 7.174789836874311 
46.93536296570561 27.90001789898111 32.07351788961509 1.33164783559468 
46.76128076599982 28.10807386363382 31.72910264878892 1.31508484052074 
47.41930255282707 27.85156463858134 31.35338651098498 2.326883869224503 
47.23826357790111 27.94693108247498 31.73140350790668 1.216383066080184 
49.23493356509743 27.57875827964131 29.71208933453793 1.442359552021742 
48.5495473246033 28.08819632886703 30.6374336285865 1.565522943481113 
48.83805711724371 27.72280399828237 30.54693010591813 1.010653846357521 
48.45132382602117 27.83742440881305 30.59967647880086 1.813137459806981 
49.05959550745764 27.8571042932051 30.91450411021708 3.376396143749616 
47.09289450652192 28.63336628311331 30.15321491597367 1.996469847249827 
46.9124777161284 28.38916378034239 30.85998875652076 1.652853385350767 
47.21301065839548 28.07783357905556 31.28213492846293 1.778388236680115 
48.39847364423165 28.29610927040909 30.19448619282559 1.107403837535912 
48.60696910379396 28.59118330412937 29.77576584928665 1.535168329659726 
48.96649126387955 28.67364564383301 29.90497802230836 1.767320859953315 
52.98233300342751 25.6489932280611 22.9299854365106 2.757404509668305 
52.95700260871154 25.69440131650661 23.67264232769871 0.9477079750452049 
53.28278326208239 25.54390494876218 22.89438178959612 1.095206446040777 
53.41522991439729 25.77046652349082 22.82850927655394 0.9228567748600014 
53.68857055443162 25.5590001338049 23.09702918703323 0.8065342027508677 
53.25450241328834 25.43133470225975 23.49415415607011 0.7412170528543669 
53.88082858153899 25.75620427631894 23.20075637780415 0.8349318968793256 
54.47969488262564 25.73733292740514 23.45666435738337 1.183559702347267 
53.521306086655 25.44515557860248 23.40647135789623 0.6808233833463646 
54.13363240273507 25.58709668066921 23.68466341852327 0.668935990555056 
53.31562099723818 25.76007228174186 24.03103453725301 0.900570949913309 
53.3429006223345 25.58141134376031 23.89341634629415 0.7621954446712351 
54.06478069853475 25.60601592654461 23.96978117149366 0.6576725834588188 
53.99707940203661 25.75959814867101 24.18775397376082 0.7302938587605752 
52.8370798483275 25.75534134859733 23.33556780005535 0.9709808406991698 
53.11600789189402 25.9312770827744 23.01151784997374 0.7002749862254376 
53.45216225343353 26.01851040800405 23.10991711354696 0.6685692493984234 
53.48496830355749 26.07289158916984 23.91313896748305 0.684822850054509 
53.11080003463436 26.08204664062039 23.54976427305975 0.8207866499808461 
53.64981499237515 26.11652482311309 23.5127008439236 0.6776899188652266 
54.0246248474289 25.99012832398208 23.54339471339435 0.5828298320654284 
53.33965875262287 25.92255910015241 24.03422264819319 0.9015905616344924 
53.94144519960133 26.08272662676298 23.95681247765848 0.6178815607500638 
53.99225736813002 25.90046233273862 24.27755349324243 0.9158966090302201 
54.19275322390661 26.1796764605374 24.5272377913065 1.358731570304812 
51.72312426030943 27.17601689924232 26.87277420671481 1.596901701168477 
52.19644968424652 26.95950144200305 27.14564981597975 1.614991243465823 
52.61650027547047 27.11249699598158 26.70705795246416 5.25869957166833 
52.97115675812798 26.74804191455748 26.94165179728245 2.062908068482272 
53.96154343638236 26.72736660156334 26.73494347106342 3.514957466928195 
53.04221172334213 26.90605695541213 26.78576158309516 3.490077321444915 
53.43335190926822 26.43811865666002 27.59541777988558 1.550895838948264 
53.54806912246769 26.52889463322241 27.13969271991128 1.538034458026686 
54.23279599163958 26.59889831508745 26.51617087528176 3.594920454222688 
54.26647074276262 26.788110265158 26.57520567395103 3.348815806827389 
54.14401569303406 26.56449683258545 26.86536767023396 1.110400249958516 
54.52560274858831 26.40024199164625 27.34139064931596 1.08412915902403 
53.98245229573639 26.91504246835973 26.73877883077289 3.217831021170412 
49.7996388347431 27.44910620445621 25.8891958896808 2.060182980461263 
50.03332539817485 27.71216765062963 25.85482797891455 6.304139925597212 
49.56195775469079 27.80324446010909 25.47122669838845 5.336209157914993 
49.53390039909262 28.21552885738549 25.7858391084996 1.57895017778722 
49.67917301639449 28.43759169972552 26.29468039065921 1.612272560876121 
49.90067480667273 27.9699529266629 25.75655371629287 2.366990570925225 
50.54858079701739 27.6662983846844 26.29282733148267 6.044982942913066 
50.29811164219652 27.48419554473793 26.46230997812505 1.543695288158673 
50.56228706813464 27.29777209736214 27.19378302172473 1.342179573235569 
50.05272861752061 27.40774986005844 26.84689302738558 1.43192147870657 
50.47746508801937 27.9108073149579 26.33859872773286 1.892974755619221 
49.98623182243835 28.22825592405738 26.17562078682876 1.617457938805046 
50.91333675603119 27.35192480305904 26.48473116105197 2.346168084889229 
51.26863802073176 27.20034892102381 26.8725267783462 1.195505348306312 
51.22773912728827 27.61536640494971 26.41190402542248 3.083057120752272 
51.35070083563514 27.15205440657572 27.41110172813371 1.2958118645751 
51.40264834950934 27.3649557523898 26.56725446944055 3.594056083567807 
51.60418222803666 27.61330883507505 26.69098333642305 1.653980378689241 
50.61356573269128 28.13114526167629 26.68478831492274 1.482258862776746 
51.11352404735471 27.9302766390629 26.65110848131181 1.607673219483203 
50.44716403838432 28.42932666173075 27.2071344581334 1.631752806910285 
50.99875650900898 28.27822065583745 27.27129509036629 1.503394852375209 
51.55027315360405 27.95792484985655 27.10991204893916 1.542662926003473 
49.37191822790673 28.66367006137959 26.80496935079759 1.739987071707816 
49.35718990630144 28.80462453146345 27.13099576716177 1.925035389597809 
50.2843890073481 28.39947405847854 26.91912473370947 1.789018835506084 
52.10688344053136 27.28393876230248 26.83466979973294 4.32375266607329 
52.65042327321723 27.47244076132965 26.92489826739805 1.916495257664664 
52.82232681211905 27.71534773132969 27.39857210966024 1.509112727102988 
52.17606986926255 27.64815753633699 27.03882031466659 1.658740097579226 
52.15787555410763 27.85413854823771 27.40653575631975 1.346961167277755 
53.35149053783508 27.09004211808092 26.85578573741151 2.475164527982713 
53.40443254227415 27.34070938945236 27.09704403241512 1.702096286667782 
54.43790507193864 27.25217100255573 27.0079825829692 2.105691998754992 
52.14989516057079 26.81949093005489 27.72712130228106 1.477467721016197 
51.75128555073665 27.08540491556465 28.23638404385685 1.412875351714959 
52.81719178410329 26.62852272687988 28.58722731889782 1.672607614644804 
52.50970300607329 26.70153163633051 27.62809361061009 1.538917319832322 
52.21082115859003 26.82662316413439 29.18111795606627 1.671235402058741 
52.72810594438184 26.65374965604872 29.38154687453533 1.707073306793433 
53.23024727039653 26.55219953053902 29.15246098505278 1.705454062101865 
53.96473987086215 26.33251088321729 27.71382846421143 1.573894237913578 
54.1530462809124 26.27224067760004 28.70570386098879 1.616588492147997 
54.48469970196154 26.00780257178186 29.37626177081633 2.331173574485177 
54.09994236960076 26.23140532188622 29.53433644952202 1.803933821876171 
53.61684061967847 26.47017269698621 28.44679386304926 1.602728226514088 
53.71685129274469 26.40091769535476 29.51049376020465 1.718397263344102 
52.54720013387435 26.69937851711883 30.3341188317344 1.596163747139016 
52.90400744878241 26.59588184939798 30.33663523648772 1.644478465202468 
52.65130056027502 26.66965174863046 31.06723185523423 1.460734559012437 
52.02108638771232 26.87673336354345 31.36729617925187 1.221578596013444 
52.02286724101577 27.12637595245861 32.00353301493042 3.175579345982158 
52.28426239863911 26.74441674680002 31.76352443178081 1.507714771934502 
53.07010737668743 26.56906049724618 32.10691957017943 1.819249933274719 
54.49866843077273 25.71195986286612 30.17469267896475 2.366559594169729 
53.97808148197493 26.14994920588674 30.36279886877244 2.10055532627544 
53.44257838671612 26.41796471217839 30.34804147528689 1.702443388530313 
53.11774828751771 26.56862123310502 31.07733084387741 1.472410935142193 
53.59568227089535 26.38013346547065 30.96572498232681 1.663277680945768 
53.06770201539264 26.50264699805695 31.74619889575576 1.36924058679314 
53.46537782289496 26.37688471425781 32.06023312415418 1.702934189597073 
53.79238146074909 26.13056777583927 31.73745731076523 1.723855053389372 
50.02874942985782 27.44509277518121 28.02329295747193 1.534425178770903 
50.29952431958548 27.39864639129412 27.45597849631502 1.373425146294622 
50.37659545005574 27.44341663368542 28.71555565246175 1.463788741174 
49.44246880351407 27.54939435015151 28.86975451398422 1.577975827085368 
49.77490021526424 27.56218542161419 29.62035411310244 1.412842841129645 
49.94893316447212 27.54340178237627 28.86519984146788 1.474521706043689 
50.68193691652299 27.27214042611116 27.44320866092931 1.342590004268004 
50.60834310670711 27.37300236589818 28.26527793177665 1.428327910886068 
51.34575188458466 27.21259620167698 28.19824278657518 1.332200878116595 
51.51160263297764 27.11664146651801 27.71415190897472 1.242690655887401 
51.36074009693553 27.22256425583606 29.0180871047626 1.357725555018007 
50.75577174410986 27.36962674701722 29.32744555065246 1.368549283640746 
50.86075082620724 27.31212947845041 28.82614372284246 1.435253148986646 
51.20254852180915 27.32566385790184 30.02508481077121 1.079886467212006 
50.94082542648317 27.36507061983345 29.7383955263825 1.224627581315644 
51.82966775153371 27.02170273225072 29.89809652298407 1.408020155641339 
51.30742319840186 28.35684657979956 29.00708713863002 1.580534978178363 
49.70827706122338 28.75090121574204 27.33836675346103 1.946943656668964 
50.10264324650151 28.73381150535831 28.440929963237 2.059123304580112 
49.54586463221208 28.97068771496424 28.47089275948993 1.944366135282408 
49.37922979780297 28.89887648633292 29.39092563095571 1.880926501902067 
49.72526945603105 28.77369913194259 29.68302166374806 1.989830798985764 
50.31073866680565 28.61170866281792 28.85203872418053 1.64833296370584 
50.46150271486 28.55211460787365 28.32851174589179 1.580710704539129 
51.24467408144302 28.27767580374093 27.92355845399033 1.497402631815973 
51.01376954586899 28.48647559066425 28.71394008952006 1.629330707875823 
50.92223857506955 28.33070942954515 29.702424796651 1.586365129239809 
50.2704973588095 28.50040098404612 29.72632785760417 1.655666215694964 
49.56373098548668 27.69496347099404 30.62550855501305 1.296141442144432 
49.75309802374433 27.62347435661318 29.95158901079781 1.324812273532402 
50.24240038060224 27.48640529397017 29.73714686164823 1.328390492489206 
50.06420133223232 27.73310296895412 30.60735699083899 1.292583648053494 
50.24500327834101 27.64349619060018 30.28007736943525 0.8916565836774737 
49.01569002769884 28.0962609945746 30.85903410861454 1.787600576328927 
49.55536563576657 27.91580685280023 30.90150754596655 4.320287932022097 
49.10380029628442 28.39183666560179 30.50626299029635 1.465522075057152 
50.00065150545942 28.25624510351665 30.65643125821509 1.951269739945175 
50.11807967885949 27.8944612998712 30.73689802130636 4.403551771012076 
50.26552348236943 28.15607862560179 30.31597324405589 1.651680103706809 
50.2866666234995 27.86711878526858 30.73211147617555 1.305810621988357 
50.25284914193298 27.57160846787504 30.9743830283618 3.558699311324318 
50.58384837687278 27.52770510268889 30.30127590482806 0.7247628292554538 
50.86107321670951 27.40353813808702 30.60701903381133 0.7872380826524861 
50.9233522139065 27.60245815992795 30.88374949344007 2.70044572248446 
51.23598827772327 27.53411333506194 30.86504366067423 2.2267176681585 
51.62711163886051 26.97947023863712 30.58268280245129 1.363732157583385 
51.27391634047773 27.23619958833793 30.67221640237037 1.161377331159045 
50.55750515880762 27.97379245925794 30.30880242113445 1.2518748358099 
50.66150338539798 28.17632411697797 30.10770502687307 1.81691569742064 
50.9300019257747 27.70469565657478 30.66730821611538 0.6127320169793009 
51.30255970886201 28.19109737826765 29.75519199511233 1.540186078659914 
51.40483558990935 27.86683110785177 30.24006816519382 1.185949532510804 
51.36613814914515 27.72184240387232 30.62139935322169 1.366352462416785 
50.6391064947646 27.44143051342273 30.95514623653604 2.38042046408961 
51.26792061622077 27.37801871538028 30.95935096399715 3.165315911313002 
51.66675607225222 27.0576136783449 31.50706291271214 1.892949133893993 
51.51055935083139 27.22292630125207 31.50776893333589 3.767351522723942 
51.5610774675258 27.41172506161388 31.47785196334864 3.229245499759742 
49.44324616571923 28.80300088124789 29.78186905272305 1.895368574070176 
49.80184056782509 28.43824470039225 30.32323937800907 1.508609961173974 
51.81655509301383 27.97112167004242 27.40164222758964 1.401066878671642 
51.83420953710004 28.06263206974895 27.98082794388467 1.39991643903744 
51.97840932938254 28.18277549047333 28.65474433156293 1.556967583541464 
53.08332445937821 27.75542028193137 27.80740179921987 1.628335932308104 
52.65476463097607 27.85767570078558 28.05631461271621 1.585403226828987 
51.99490438700838 28.13159846732208 29.37246091004181 1.572633455660821 
51.95611776247014 28.01569476540193 29.77454254183233 1.540127704634983 
52.7126761850366 28.02214531780947 29.04238536908296 1.802875837995742 
52.52758831093397 28.02580739611433 29.49563774190848 1.689945425192519 
53.48346788505783 27.54817645338922 27.43292648765611 1.632564846399958 
53.60635476323399 27.66595299548979 27.86800953594325 2.011780882646207 
54.32159978254624 27.54817624767308 27.87473347665688 1.941862941070454 
52.73581212793938 27.96438738420897 28.51674495213853 1.7910307452225 
53.73032114434759 27.82980813423335 28.6651537624358 2.22512863776555 
54.35238167745159 27.71483696079554 28.52133866722785 2.048520019480094 
53.40135078703886 27.97223506234012 29.09901167728054 1.956507086467724 
54.14004729801186 27.76141393584405 29.3832068396587 2.007665816031547 
51.9857107273929 27.93114222095647 30.0890333041535 1.745590736386816 
51.97675019535482 27.82005940178527 30.75213359667829 2.045619688527097 
52.61529459779327 27.97512057632245 30.70126434807847 2.072297705635378 
52.77722960989165 27.96970230889157 30.01347081585804 1.915838157098307 
52.09999655420503 27.67910333211382 31.17790990127636 2.464695394368562 
51.91434143471925 27.4148775459004 31.72831620663171 2.860432125670684 
52.13303328996445 27.48048008478352 31.94793692209873 3.652378381619712 
53.07157229430245 27.52548322440073 32.09295279459751 1.814417337496465 
52.19761665273257 27.61919856999461 31.68186737821519 3.042909327605429 
52.75172600656605 27.83131296988114 31.34108898151493 1.789307805058073 
53.38727506176307 27.79616160904283 30.672168029285 1.824364972316459 
52.63680186766371 27.81867304014762 31.76953261834283 1.72320109511007 
52.99189082809548 27.71057590229658 31.85936129316323 1.412872451142292 
54.02966763001744 27.66157825359063 30.24177466124199 1.908150914386567 
54.04205026126944 27.53260882388745 30.93820143303285 1.733115977630362 
53.66636334469731 27.8635849672449 29.85103793379525 2.010144717947412 
53.36590492514627 27.6364592917954 31.31855399129153 1.718042426621125 
53.21467575445691 27.53063260543269 31.82763181579944 1.780892639464014 
53.53121885674596 27.39875221677832 31.76267721217765 1.826910345689285 
53.83265105502837 27.16879839911652 32.02826018642266 2.198106419367406 
19.086272284732 29.85633782169649 23.20143346431691 4.571218890621537 
19.22567819113924 30.40629201619681 23.58550725334683 4.995888834280834 
19.12210874440849 29.91637949330568 24.07573240669437 4.970773258982717 
19.09403305887205 30.1656065243312 23.58387885154489 6.394120524027301 
19.41968019810652 30.03359080779592 22.66907302274442 5.191510706401004 
19.94038198471673 30.04452387528439 23.08395373383156 3.795133207732164 
19.27670968007554 30.33541086825564 23.09584632479549 4.91972463032306 
20.00186614668097 30.13936583928199 23.80434430291281 4.018238972733371 
20.84098692741307 30.22816262014451 23.62901645853893 4.107658552066709 
19.22531779888743 30.35717462249626 23.8715826194671 5.17281023098559 
19.53226904809876 30.10144384044326 24.60875384341414 4.811446252649546 
19.31949315132148 29.70577586380107 24.88129280178929 6.059379451918858 
19.6126226365788 29.91480899077738 25.12864281255582 4.676552703608877 
19.93070826817265 30.17943720884432 24.25128541493956 4.143673029162528 
20.36537111886057 30.21814113182315 25.0384242599339 4.031948046016993 
19.66083715081691 29.65636097461628 25.63915425494461 4.148316362574235 
19.99596412100101 30.03706730670095 25.56395468414817 4.357402693016411 
20.00322325158508 29.99812578162205 26.04153780516405 4.267287701386067 
19.97873304564427 30.09853813004709 25.12599737704757 4.446078517174954 
19.99934484423236 29.78356012030697 26.78877154770329 3.782664370978239 
20.3798469138243 30.23991548802772 26.08728642269908 4.018909730162704 
20.23852722308479 30.03113543920163 26.99910853292137 3.999141360576914 
20.76410773772212 30.24000226775502 27.04823946650879 3.526694634226772 
20.93364176570483 30.09284211996079 22.74450230567922 4.376257382211975 
21.15886012851516 30.23300079507997 23.61294823384838 4.263587054091261 
21.60717641262823 30.11023528548002 23.58516448277705 4.267166360762815 
20.91599616152202 30.27710590476266 24.36470347396567 4.199687921657528 
21.39462945856098 30.24382093160809 24.63659521214491 4.131491107388285 
21.2047876262476 30.24262099633561 25.3843661406512 3.898905545766894 
21.80791919906899 30.14256323391589 24.49569761243045 3.93007800022329 
22.41118560298372 29.93670910701005 23.47585209538754 3.903098806986378 
22.83308717194698 29.99841895993527 24.4318894432955 3.517746850976664 
23.12462206284833 29.94686973571719 24.1863692486425 3.341093515529252 
20.51649765301908 30.23806471531024 25.68858722406145 3.870287045544131 
21.13609657838414 30.2762890093018 26.18504893230259 3.852648663153758 
21.7505934994095 30.14111321847126 25.53312616205363 3.622906387889572 
21.85012281054439 30.14076986509683 26.56262005222526 3.418856176741144 
21.10402552808652 30.27717171392809 26.67119939959028 3.792586021501421 
20.75150897092972 30.26303486517073 27.42711294636427 3.446685479483989 
21.18517641757366 30.28202631567537 27.41106027022959 3.725277991040343 
22.55892549163376 30.03710542195248 25.63874642536505 3.260866092693249 
23.33209192434093 29.95413543760619 24.63263442157634 3.166141607665651 
23.09820570502875 30.02484712472956 25.83388413704292 2.935552365182588 
22.45740340677827 30.11153744070548 27.30552468376711 3.080898852973348 
22.98970030229097 30.02713153415725 26.51991616029466 2.703559970671677 
20.19554206993253 30.09908196232821 27.39699937400894 3.918657478774236 
20.24543624129821 29.96074930213789 28.34811960801792 3.452569774568559 
19.74606478394673 29.66096061374206 29.14757308791642 3.349110456667518 
19.6223860987774 29.52727428949498 28.50146594018433 2.981600648278061 
20.30666297777671 29.96884948359597 28.98324035165167 3.484100208034988 
20.41377419826837 29.98926857870912 29.70901430708577 3.363272744430418 
19.72206703625624 29.65824030108321 29.80756025354273 3.211334946967412 
19.99150385048486 29.84109467180218 30.59788137144253 3.590087616730045 
19.68803136224362 29.71695651709339 32.02301754079978 3.489011844418428 
20.39914429839634 29.87404096759204 31.11874553239032 3.298504890482803 
19.77609079570458 29.67787725316349 31.46613773727831 3.365591268849215 
20.46257647974017 29.97506107086727 32.02922830324362 3.471671737584018 
20.1708132528268 30.02900579472289 27.88698083299035 3.832148624112619 
21.11465422013075 30.26339248678963 27.68713437867815 3.635701539068577 
21.16068813190233 30.21185768180139 28.28375749846647 3.323684036665213 
21.72849385078091 30.14228967712404 27.70030737992865 3.336161816851529 
21.50662421373995 30.22631163568056 28.52142285857495 3.498244367218717 
21.21172200141705 30.21675332279591 28.84485729836047 3.250976106755019 
21.86798567889479 30.14156680319709 29.28979200099868 3.179890080394671 
22.56388449183044 30.09212506454401 27.82682494993056 2.791725535755148 
21.97821630991353 30.15196395970668 28.48708865442078 3.247459645824591 
22.72635176114504 30.12674429582406 28.73607910400777 2.711292897402927 
23.15054359203003 30.2439872050671 29.30828303511603 2.824612228657969 
21.1802314407709 30.18406318468274 29.70200408537496 3.311879672766509 
21.58532300169312 30.13745177020188 30.54897882681518 3.280377036454809 
21.1862712496973 29.9888021544753 30.93721728659991 3.268802301225605 
20.40147909694512 30.02396152054962 30.58115573434037 3.547303444742937 
20.39058389414992 29.85752411150631 31.45398822120925 3.434173134140053 
20.80666389452656 30.0123006393175 32.01649319913827 3.653856948536912 
21.34951066235222 29.98931749057421 31.45312369608076 3.292254881527754 
22.46411397677099 30.10810102208761 30.46689614555417 2.990148635928847 
21.79679930071362 30.18117861600035 30.01468172407967 3.34319570556994 
22.24679096527334 30.07465002417877 30.83892673941962 3.085350506874619 
22.83920733390687 30.23157383994795 29.82860893626382 2.829385120982153 
22.72482488973585 30.14560746669416 30.82176010228352 2.799050690312242 
23.19621837381753 30.30204251328199 30.8822166748733 2.807611972254421 
21.98370476029408 30.08682993206829 31.99944217679999 3.215630211659033 
22.2822940253994 30.05690639809841 31.54327473633539 2.96549546025679 
22.74363003135494 30.14479616074952 31.46987253527127 2.806870875937904 
23.02131565703601 29.67680006942851 22.92887613614679 4.052248912401637 
22.9085852178813 29.9137590447664 23.6782992302658 3.570450739771843 
23.91792962649934 29.91098889143387 24.56198810691351 3.175197195533229 
23.88416226764504 30.01772870817613 25.14063865356207 3.073727670482015 
24.01770953494034 29.72864215847384 24.00895355784648 3.451533544983135 
24.74935513958399 29.83562777767216 24.68047547712242 3.109501883475218 
25.38589505326954 29.88297564370874 24.66540325419035 3.215804971162243 
25.76477734994571 29.83180172124651 24.62601215672524 3.605195249468125 
23.90438556577002 30.15650873803789 26.14843042389291 2.919588580078852 
24.43248766847217 30.13642856425682 25.70939973902216 2.949776048400281 
23.21077558157363 30.12472607978926 27.37839077052171 2.631898664065631 
23.94499155057986 30.28631753442713 27.41946970718997 2.975409134205137 
24.34438699959032 30.30609973179746 26.82917232661324 3.115118842445611 
25.00736462467751 30.06629382426381 25.31301235227081 3.099725019871016 
24.84145242834246 30.3179935146966 26.18376766914967 3.102988889264992 
25.65294029428194 30.03657727391119 24.99428693525935 3.301608261522517 
25.43456790070121 30.32205164052016 26.13099646319258 3.1369891603577 
24.60307860232676 30.37957441331327 26.84426638736123 3.219466702440428 
25.12966994861669 30.47137367636089 26.99422098838654 3.233978750924138 
25.08801825766243 30.53982299525515 27.38172204396379 3.208845530475628 
25.71210478815469 30.57462034130499 27.40309639315419 3.240261633036084 
26.24062928731547 30.08808034618619 25.34558201228343 3.848498185381118 
28.07601956716028 29.9534073676721 24.89615942484313 3.717135600134213 
28.33058782704951 30.15204602112102 24.79792090378426 3.979542916206555 
26.76828591523623 29.67346329550895 25.1347774152564 3.05742330980425 
26.12397109953699 30.22563725135852 25.62136958999494 3.477314801708417 
26.15355723592859 30.40369006634905 26.2307854674754 3.196292093685571 
26.88273629446341 30.24155743521473 26.14296717785775 3.326222037749176 
25.99633833395187 30.5241533750633 27.11776271200933 3.178482094079044 
26.81779490072567 30.42962208197211 26.86444512125961 3.043034535658904 
27.2979567786402 30.38064058445982 26.6885401192968 2.93314899901327 
26.86847167851228 30.52639025865309 27.53809843464358 3.015628716525498 
27.50283103938541 30.21129487619238 26.12867373787486 2.980398360907429 
27.86622332269699 30.04693939962419 25.50930845041951 3.808206088744072 
28.05245489549105 30.23656382757278 25.62385885115673 3.678558467086759 
27.73894142434009 30.35052016750023 26.2929634659093 3.305279177947483 
28.31823308504067 30.51740936597955 25.98712877191419 3.604678464104552 
27.23243764019571 30.51691038266259 27.41878437525198 2.961911561011846 
28.2462317978477 30.58690578792604 26.71835442662582 3.479674175858946 
27.98019363968429 30.61671880968489 27.39899611435355 3.279991502004435 
28.63020495232643 30.82381595166776 27.49563797534948 3.731126754109738 
23.22009003795532 30.1298171883419 28.02362635989004 2.600225619109722 
23.78932982337635 30.29231036015962 28.56353356098203 2.777333619322746 
24.48339774507538 30.42607209389312 27.38119081638658 3.143631230051625 
24.22761281008609 30.41363227325197 28.43334473014142 2.95305538751515 
24.19222320683143 30.422536601324 28.83529049616601 2.894715444312851 
25.17068461059232 30.53623737920882 28.29142500444713 2.998202075939844 
25.15487849540478 30.56496385081434 28.66330811490711 2.950482096130401 
26.07352504450178 30.57259601636278 27.86121082041005 3.134697707950465 
24.7221948750874 30.50448373560253 29.09808866819175 2.903990508845595 
24.83130173739163 30.60715411087938 30.04386224084539 2.767420428803177 
26.09421376613463 30.63429015898027 28.80993475124447 2.93731325450608 
23.34098659591982 30.36100718936941 30.52378823091481 2.836028157533633 
23.98500107473144 30.44093112677069 29.6365378320103 2.876598709146748 
24.0034435625871 30.45191659023373 30.62058469800147 2.771022698341682 
24.69760006282563 30.59985250481312 30.54699931071708 2.773798304669981 
23.75410034561813 30.37405177485928 31.39752689065875 2.714128932328464 
23.21249146262621 30.28035028568537 31.52747993131737 2.788998755733417 
23.29597403514621 30.34815085673464 31.99410056414904 2.748513529299601 
23.67779336503304 30.42945070987302 32.01515716849143 2.746544765601612 
24.27017173929921 30.51622544502425 32.05007354206275 2.63510428029187 
24.6183455963468 30.47740529739867 31.46813622205416 2.476159666122015 
25.41107308772329 30.64026384878357 29.8555756255323 2.77818131168479 
25.37070743837003 30.6157562452036 30.59054130195089 2.665157597127433 
25.11285172327762 30.54658329390017 31.37384084557938 2.405863804099141 
25.00529084270872 30.58314666241144 31.86686793254667 2.410523815803685 
27.06333203613629 30.635977764267 28.352544284322 2.980180576242986 
26.19152735674283 30.64021360407745 28.60122479252129 2.978515405817518 
26.95433313777488 30.63061036358036 29.54584509830093 2.682377088481758 
27.8244304603987 30.61695805157628 27.94506515292378 2.923494442889876 
27.7483613954378 30.66059201406031 28.54163100591855 2.812328545125979 
27.22848160155002 30.60741491307198 29.00961506735332 2.727352401404687 
27.75086059047274 30.69596556733108 29.63040781751793 2.554650129359032 
25.78061323796043 30.67091650842539 30.12586514167145 2.807710350010723 
26.22749037119374 30.73987354650792 29.82840805993665 3.138348078652371 
26.54526248803271 30.57122350227677 31.38070802949321 2.429306232396954 
25.8145313767995 30.65988511732378 30.61044143397045 2.686600805714249 
26.92474820228668 30.60995928875047 30.40902423184968 2.533714520989008 
26.32164272960217 30.64440317658185 30.41236920345924 2.74969333723206 
26.09656163200864 30.60440883343249 31.42994718004243 2.453036784246393 
26.15088326268119 30.6047824071649 32.03697854055872 2.049042605989001 
27.3075111331003 30.62580232659391 30.7977239029465 2.370901751452806 
26.85691304226927 30.65214408228673 29.88238854872566 2.864929705305855 
27.75336821022609 30.65707116683525 30.5489082266775 2.430344395697489 
28.2946783182621 30.83975727646206 30.15330339068125 2.492103630645857 
28.38565644990946 30.85663457992365 30.59348942107878 2.447520861890581 
27.95305032031153 30.58134653243377 31.45464898734396 1.86622434505145 
27.19518069930615 30.5962962037481 31.76460580440159 1.939688961856248 
28.45595660378237 30.70501737549468 32.03469918518999 1.853651812824666 
29.45459066580402 30.17791742656726 22.91132075997822 5.450412922119199 
29.08515729187264 30.16309673733281 23.36600804966627 5.017975728285421 
29.48896797463263 30.67992132463958 23.44333243268618 6.064589847287039 
28.56333439192711 30.08453065043442 24.14217974965891 4.568779025579488 
28.83703841377948 30.53723774413 24.7978064998182 5.103953536434517 
29.13732405381791 30.57924913787265 24.15241907235004 5.15409960356584 
29.55449800192779 31.03972810054679 24.02143036304278 6.387917165949318 
29.44639322552581 31.139369966276 24.99160193744925 6.139836503424362 
29.91067707898245 31.43101014411754 23.16817466303761 5.438508005034691 
29.83227591692342 31.46719041231395 24.49515685449559 6.029938155916113 
30.30132757572571 31.69471226953353 22.8225133519515 6.370302471569062 
30.18479409180143 31.72085398467504 23.30908128315579 6.100993001120287 
30.15832232318211 31.72063941463571 24.49873504598763 5.752680632929923 
31.16640333822092 31.72243248958566 24.21003585001495 5.381551876709125 
30.50078540596239 31.8083897263439 24.5976967717378 5.600861275517502 
28.92737989078221 30.8113445727058 25.52172123310127 4.700968274036597 
28.83919456230359 30.87382748026452 26.28184128812139 4.167250334089374 
28.71018554027218 30.81401952449948 27.12074861304977 3.875792090752441 
29.55329008434254 31.42164949182396 26.31119874210133 5.657440329396309 
29.39027008886037 31.28017689727752 27.18492434188986 4.847191459916075 
29.31016574085865 31.24242440074492 27.62791519570172 4.527161125519058 
29.83169715397542 31.53371192440881 27.24896282193304 4.987032419069749 
29.76173949611639 31.51074643834692 25.78693697834156 5.516251570809857 
30.09905589259813 31.70329076927397 26.05219059427112 4.883961536191748 
30.74163993326152 31.85304599171241 25.78876571115181 5.01839679475097 
30.25639036383913 31.71224255046503 26.65284061301914 4.554395569150699 
30.94628257884263 31.80448817442897 26.56550257253205 4.827700578448798 
30.75089983260282 31.78397565912482 27.31762778331004 4.892292947750036 
30.32282649641478 31.72008788137288 27.37480062895769 4.697265693026679 
31.61610003712381 30.92665976964627 22.8367543152281 6.019870268187617 
31.93150451039294 31.0325120712733 23.27356033454131 5.150961667368506 
32.77987139582999 30.55255949393019 23.27095001165132 4.975354230082075 
33.35406895155615 30.43329824334374 23.40762302627196 4.531715024606854 
33.25186581627464 30.92114608327552 23.97480435634034 5.466147561982211 
31.46256024373885 31.52243711148346 23.71216222784575 5.327578020514409 
32.11656104333583 31.19513487678802 23.69925274400698 5.318687281860093 
32.18751351605328 31.47917313897606 24.37940588767843 5.862774769093221 
32.57915173954952 30.9403142489533 23.61268087171837 5.313126884056715 
32.55269016469737 31.30775083211613 24.24904168277589 5.509211880946111 
32.52719131550432 31.71737083896019 25.72171006255391 4.957877796332298 
32.61775407320877 31.51270760904069 24.86181724155373 5.13439311286362 
33.25014090128675 31.08584888046354 24.20265217043873 5.265343816791756 
30.99529660761596 31.81622847570278 25.17607171725119 5.070227127744488 
31.93312973114871 31.69870721284518 25.07658723470264 5.514825939343837 
31.70252795968244 31.81627224972225 26.75190572351431 4.780449766268305 
32.25480785166193 31.80377362784632 26.41440793531899 4.790515720281689 
31.46662808745715 31.83890055769963 27.4415076128438 4.955652573667635 
32.0381492763184 31.86063421066449 27.34977067652461 4.528104295064736 
33.10809378589002 31.56008900720969 25.30564520343381 5.078531950719992 
32.73997308044981 31.97108607906127 27.40670107824838 4.933437571036905 
33.05582196734826 31.84562890164373 26.31815945136792 5.14021987992362 
33.74901076646667 32.02409869399251 27.44767682256707 4.969596593337315 
28.37445699476757 30.77348616816409 28.43596926807547 3.039117795700378 
28.44135711356863 30.79718058093114 29.01302915726058 2.875116758228103 
28.80088295524824 30.96239105267542 30.10029524630252 2.875743281924258 
29.80742114759031 31.49917198190024 27.79765551181075 4.67227049149426 
28.88327027078955 30.9536523365775 29.04509417453965 3.204976649966113 
29.06844478608427 31.08325207175828 30.01006779719863 3.015668357685286 
28.94110814411315 31.03647680196033 28.52731223280211 3.511923467918109 
29.33655681464001 31.25373069014561 28.69713771689418 3.99254739204639 
29.47796127493172 31.23861575516095 29.61983678836463 3.504087329142777 
30.16929136457684 31.62651969535644 28.02255597947451 4.310758583952179 
30.8973577300086 31.76644278414277 27.72517577301482 4.95342541728786 
30.23344538774325 31.5662433414658 29.87629161995566 3.716685286227602 
30.20798202143788 31.57932249353188 29.17905925535937 4.006326320788418 
29.91579181603404 31.57239249963058 28.57943274230987 4.57175646342256 
30.90034822910414 31.64603854810333 29.98735946231117 3.52808159139056 
28.99018970620723 30.9420607271913 30.62928699726731 2.762638109617825 
28.76438029794815 30.77821834831577 31.21744042095144 2.37782203440841 
28.34869955518745 30.69266769144571 31.38410410523228 2.025315438141007 
29.13754685062666 30.80169863132598 32.00221921033663 1.973512660587829 
29.93298591162524 29.88407474156936 31.41676006899016 2.022104504198211 
30.24178264484727 30.08677894074435 32.13494396116442 2.914620865957176 
30.5330226255922 29.86838365491495 31.31069427485488 2.421020504858177 
30.85324641809607 29.97275884522338 31.73072364191924 2.36860594818657 
30.74741474926389 30.13837080133995 32.13949505438672 3.477667704716282 
30.60890711583538 31.04861676475603 31.77171532884534 2.416812015632189 
30.86832023344891 30.79122575094474 32.00096634384631 4.470325854387966 
29.91734484484022 31.37716295695319 30.15233287309405 3.574155496211262 
29.40809151770683 31.01566002140952 31.12176884591668 2.661855053431225 
29.54853934749101 30.90780465811593 31.7921719204378 2.585464121376617 
29.76691996308717 31.26377911288695 30.59083202495273 3.125814220727818 
30.201764391549 31.37499519905493 30.43657100879906 3.383094291181777 
30.74983236994025 31.52352035588768 30.39399748078958 3.886945759516095 
29.76847071695622 31.17023169397278 31.46091499998072 2.461242504322428 
29.99189124584698 31.25849614249241 30.88550278101451 2.800835992789018 
30.34674621282448 31.09881177154985 31.39721570737838 2.344161130317787 
29.90640191635858 31.14593120832465 31.71340821641155 2.49718253338645 
30.48837732511329 31.20856283640374 30.95478607972963 2.92588040562319 
30.70486184067974 31.1963413302274 31.45800675750463 3.393090873165534 
31.03825067494753 31.47578394818128 30.85014899588419 4.016735750948499 
31.12480742559773 31.38571492066046 31.6487683698268 3.666670228295089 
30.88309065342699 30.98941728382726 31.89749785643491 4.295943425624728 
31.22787396987136 31.8064723527154 28.17566072005868 4.623693634175993 
32.66059294192473 31.9509872325022 27.72330582620661 5.115489597361488 
31.8653871179224 31.84542582585123 27.92526964564163 4.679242017900322 
31.77630031826927 31.78604687829132 28.47694750747555 4.430482621371198 
31.38834299962128 31.78945252053036 29.12247357433262 4.169448001313697 
31.72605902373672 31.85515563414502 29.62086196083985 4.11420031028922 
32.37051360158482 31.96451202554394 29.16224309106178 4.587651118211056 
32.74431768738516 31.99723766562873 28.52125216741314 4.825920110259801 
33.78557764033841 32.07071655892382 29.20135402490062 4.80281318153385 
33.07139692251388 32.06410640110439 29.67514668895574 4.603669047337917 
31.19062400138806 29.87169229636921 31.56570196972562 3.224341598236748 
31.79290957339002 29.81528834629309 31.77090830392206 3.271382602327634 
31.20584742860618 30.15356420840425 31.86235935886837 4.421684701042238 
31.62727492372509 30.14543472187315 32.04320622517745 4.497033844080477 
31.06940457892116 30.35234213174006 32.00379935433252 6.05557100000658 
31.36540671695917 30.44074516960967 31.97351116095925 8.995128330899661 
31.60069586410573 31.12307434078398 32.0005282948169 4.74372609915531 
31.32692219106475 31.74968530582083 30.29906240079106 3.747950075580576 
31.60633724096794 31.75844170213709 30.4883334877212 3.9124202806818 
32.1489447649058 31.8512401427267 30.87200592181173 4.51349942825567 
31.52721321248642 31.51546543145928 31.29182067984254 3.798680608104377 
31.38203335672247 31.11930504844925 31.95677697767289 6.283031008010312 
32.22240908772273 31.3841294893788 31.47264156909863 3.677579040382739 
31.75669791330656 31.26943767234322 31.82827747711743 3.239082791961181 
32.37901616695685 31.35039413776566 31.71347277104136 2.5454666745797 
32.21860671187 31.3913988214425 32.11821056554002 3.239411281815762 
32.47387319049631 31.91500135891687 29.88889240828733 4.348221897095357 
32.5913553461588 31.88806665096816 30.51085114133605 4.546399173735495 
33.16076301668965 31.86721192459425 30.61890995815732 4.888352519781392 
33.37889956319466 32.03374646410885 30.17140303246725 4.569088419997342 
32.91226031796142 31.73818921873566 31.01258702446496 4.843105519885285 
33.6627170181199 31.67867657393971 31.17107240381389 5.401329431441695 
32.4927356066168 31.79443841027338 31.01621341130274 5.297585132276083 
32.70373722128671 31.26938721693485 31.48917271055669 3.567430760196316 
32.90243498020546 31.27748408672232 31.6030303129557 4.125926358725906 
32.70239415612674 31.21891055564536 32.13921349434015 3.012604627805359 
33.08792913829542 31.18074389790398 32.32655112731919 3.405906328353211 
33.3137827317485 31.57926308447021 31.58879663393457 4.907475995377467 
33.19781549909568 31.6421648483797 31.44391108640349 4.892633765038454 
34.41876058811528 29.51020680958249 22.74403903383569 3.911357220799204 
34.57126536455154 30.01609339265131 23.88754517146882 4.223562535282781 
34.6362879472256 30.25480172134349 24.51339593410112 4.441557007815277 
33.65706922149656 30.45251949941647 23.72824807238749 4.616217891554584 
33.84016953201375 30.90906232811418 24.45940236923927 5.027949830831005 
34.2256086035391 31.0447647719629 24.88187215648391 5.018660746863702 
34.52768876378655 30.33674559483099 24.54382256393042 4.66319895047701 
34.43296042449607 30.79568075375612 24.79330366346618 5.391516794107929 
35.27258670095997 30.20573936755189 24.87638950469501 4.92894555083268 
34.86195488410829 30.31316835092155 24.76946868528056 4.420187522117089 
35.54792142166846 29.83736090896062 24.83657044707767 3.691944851661134 
36.13885852523399 29.81388484499199 25.06359519774032 5.634248317205447 
35.15041308275397 30.69836972073454 25.01341313011153 5.266950734049487 
33.97041200339739 31.17950176993789 24.93992020371146 4.928363019155313 
35.23413350792324 30.93486138640829 25.1815701816978 5.130545503220333 
36.05156879639835 30.76528608583289 25.16265603126949 5.067437260267241 
34.57670911651471 31.30965512950728 25.3396492381104 5.05576293870979 
33.79314581776373 31.37601548394338 25.19331842176176 5.144044284985569 
34.63463888935173 31.49169715876685 25.76643856028031 5.235971651104251 
33.73523955936935 31.6899561247626 26.04799248298142 5.287160957538276 
33.64050990726823 31.84243620235109 26.53889111785375 5.232657746831762 
34.59586943747986 31.97762057679283 27.12170868450277 5.268480786131533 
35.39949747905087 31.18213238219808 25.47517027758758 5.109939351562446 
36.20116519815978 31.65334147277689 26.23375092747685 5.371596144457101 
34.80712252582434 31.82836928756029 26.65629788217924 5.097898590991349 
35.31465592051499 31.56148033218336 26.10208562250472 5.007985672590166 
35.33779433982497 32.00545420366591 27.429497453137 5.129138725476651 
35.88125991871722 31.64784133079872 26.07711768455492 5.098902672563042 
35.60461019060457 31.88541097001558 27.0946868975934 5.459368440229753 
36.20677995202666 31.85449875004381 27.10510898591529 5.554669655789382 
35.786130266312 31.91957743839547 27.38644148847776 5.391035299045143 
36.22105271857814 30.30400967941578 25.08796283459043 5.327749637730562 
36.69513024586104 30.48998892819047 25.15374677916975 5.031916363953655 
37.43581576670464 30.69367350903053 25.59544382408377 4.864745725699095 
37.61701789976296 30.07577038926183 25.25210655744253 5.01667675515921 
37.80967018183533 30.40792217266046 25.5216586316886 5.219759867037453 
38.23576462015089 30.16564484567864 25.67487515234284 6.136422529394849 
38.28200117135692 30.62300726121755 25.91197785061615 4.903045854056813 
38.30703063196896 30.85066089505975 26.18936678235676 4.926248501680789 
36.07582718099696 31.39986669002725 25.6867811899962 5.335020406550143 
36.77271626928724 30.90689565373055 25.61923167577457 4.91766425687166 
36.53883573708588 31.39945845540698 26.04032664502286 5.599412439470143 
37.02814875723021 31.24568984800389 26.19608821804701 4.868219161468289 
36.99189884956139 31.59231063653889 26.87619613325405 5.090445569522501 
36.2526778175285 31.85338707182479 27.4047800789707 5.595078500476291 
37.1253709980491 31.62886634654686 27.27890950665624 4.804296824453218 
37.59256107480646 31.16129706726353 26.22898739583499 4.715531565970764 
37.73689765698831 31.45054026267706 26.91877371346074 4.768893884761439 
37.77904943919476 31.50385240439509 27.37622602107084 5.231099655880598 
34.03462436832817 32.09222162528983 28.5849551779729 4.896401608933388 
33.66644924067994 32.0430676480301 27.72228222838771 4.932631211835371 
34.58861374119949 31.94926820082699 27.84868383085873 5.024215343521746 
34.72086211099705 32.01559091589642 28.58678157318915 4.881741147814864 
34.47062757469151 32.05052074457069 29.22845806543894 4.847495053188595 
35.2111729802463 32.00740939726895 28.18929403930934 5.095964875879758 
35.69214391279366 31.91727852266066 28.34250772439978 5.56758397216214 
35.22406521939231 32.00507405163833 29.55196282383146 4.839551351510181 
35.45306556857123 32.00096979385878 29.08105962428043 4.954273351364293 
36.13107813710814 29.97759662580476 31.53562734893955 2.777761695505575 
35.98117121746781 30.12135656919362 31.88560227077901 2.859741547661457 
35.86763546233543 30.41656944173182 31.82882835191842 5.565709718790231 
36.30981012127629 30.70700045780138 31.17481865750592 7.119737934504883 
33.9711903596544 32.00033892149128 29.92101244231368 4.662510547897284 
34.11263500036355 31.88223782348258 30.67242028717395 4.89576203266023 
34.51324645415878 31.98977846412034 29.88266757130953 4.756711962987197 
34.81455208758533 31.71428114557529 30.63716914892906 4.713058827771818 
33.99891354665984 31.39483855294149 31.62608850251897 4.3990805382453 
34.59081604234025 31.52764017615547 31.18215313959124 4.811808340804191 
35.04892155577531 31.47298257150779 31.08070295978347 5.145467982736477 
34.65505130815087 31.27823872472434 31.95969329391815 4.296060415388979 
35.23946501500581 31.83837222631217 30.29108161673793 4.973443719551824 
35.47036439943041 31.69152628462803 30.66532185349588 5.623636088673038 
35.87335759557498 31.80056064152308 29.90238409304825 5.560956647045941 
35.37526477961101 31.2401403252218 31.18827316962754 4.715533499685876 
35.14583694070244 31.11779523986428 32.34144762256019 3.925328312480445 
34.912350980832 31.410379779248 31.73106157236613 4.261558103510424 
35.95865282313263 31.0526373190502 31.36429942491094 4.826048702314722 
36.11919584738808 31.16329136015812 30.98267443154913 4.98130185433655 
35.61674898077607 30.9558105447664 31.79994276928652 4.672803230007503 
37.06710183806846 31.6191230724697 27.73376199198513 5.426685754271205 
36.33560108036646 31.79328001096647 27.83986569721053 5.649171763579147 
36.33492721421408 31.84083222598255 28.57238422825142 5.57244726566779 
37.08609190475392 31.67488162420394 28.54528898130724 4.89454089156726 
36.80904511143098 31.6647703610291 29.05848600058865 5.469006559774698 
37.24000990609392 31.46476132822122 29.63048991640785 5.426959374959495 
36.26779897867295 31.85150160419442 29.16463594423776 5.699642694849217 
36.76441246680313 31.57325829869667 29.73245026167923 5.350155111299784 
37.94120108859833 31.41771200638382 27.79866052048983 5.096545473842014 
37.66706596086209 31.55385019839371 28.8441194283993 5.247348180534516 
37.80696558489129 31.31948404552726 29.57236993742144 5.242096693720214 
38.26428900733841 31.20007804048673 29.21301078987682 5.616740944013884 
36.5258952655059 29.81540047175992 30.34589054304931 6.589637492102668 
36.50985391035898 30.04661651098335 30.56718748901622 5.66327144731531 
36.85969801432591 29.8896988580854 30.08336094474408 5.302036061034187 
37.45501431702322 30.26052487161141 30.32935941959745 4.206472361126544 
36.72880282193523 30.3011673708964 30.71156094875111 4.175006948830742 
37.43425537855204 31.02784736334186 30.16911530143123 5.612737186875336 
37.00470825406665 30.88156920938357 30.61485107901492 5.793941279123487 
36.0763683433464 30.16694505942126 31.4284307902068 5.757118509111024 
36.34864208849424 29.8655571003934 30.90448888557801 4.651374765998412 
36.73016402400977 29.72705038082422 32.04577111640918 2.852710317801325 
36.54878581098376 30.46889340072037 30.96442221914288 6.579344326563671 
36.60111694022827 30.71270135268219 30.96224775392048 6.937181208536174 
36.31063748526093 30.92802448540327 31.09584278845077 5.126502104921997 
37.88191712999485 29.92325410158235 30.17459662949277 4.617238893133504 
37.74674846236727 30.45335591226899 30.34816285901739 5.416620283686598 
37.48280598382861 30.61202542181806 30.48731930273349 6.409545286043681 
37.97597163804156 30.60965431202836 30.32846624482099 6.365131233931891 
38.59200878804466 30.43533880200218 30.08844003344875 5.802603355965857 
38.17802604519877 30.88283140823819 30.18616262012443 6.117837110028574 
38.76384424639688 30.82169489198896 29.76580277904564 4.327525827684781 
36.07609917790562 31.62676756905579 30.08608852129646 5.781715365330456 
35.85152721815584 31.38880397206555 30.79763466736364 5.403998925153246 
36.45045589814914 31.28173104083015 30.31136305242915 5.380973695890759 
36.54918654934113 30.96144736810898 30.78981101279845 5.636585695346582 
36.90477030686263 31.4211990859542 30.03407584457624 5.426626775960301 
39.50941211941562 29.8102875445363 26.22179537830098 4.743659869412738 
38.9475074024971 30.25657888788074 26.13291425918514 4.767650989373465 
39.72667816938049 30.23982296457248 26.435948267657 3.515714032965604 
38.80155081652765 31.03323631845636 26.99035751232391 4.856365971263017 
39.57996062860025 30.67692310977953 27.04182877014715 3.62901402706953 
39.15787247660494 30.56502190532135 26.51454552944412 4.338041853890388 
39.86816311379675 30.63755696195191 27.38419500132624 3.459513503819892 
40.4376537749662 29.64131721886953 26.28142936842319 3.630023184643392 
40.66861441495967 29.94380749305182 26.57810170657378 2.819681496837802 
40.18864973061023 30.33480450817045 26.7716609317731 3.140612459048043 
40.81297792628342 30.21253914135982 27.1250626332268 2.615194991217322 
41.37123806948338 30.10705773824749 27.45459897765521 2.320241074387411 
40.30735227301045 30.45359362835059 27.13944774642001 3.306124936594415 
39.06982378545941 31.03955094472636 27.42132474679337 4.696200216000193 
41.61173849892332 29.77981909778607 26.68628422317423 2.562941416328755 
41.49130677876595 30.03500082412325 27.11233440421099 2.514803754055208 
41.9760736741224 29.94572611708837 27.44685356308771 2.70971015158409 
42.78392372296253 29.72573585441871 27.0820886685591 3.433926102034548 
43.3445909052337 29.72453856406028 27.00771895991372 3.680651471980667 
43.53937540819415 29.82198452980635 27.44425940293329 3.64358577900731 
39.96169650333806 30.58325287197571 27.87504436540736 3.524861230586595 
39.41715318639727 30.880511409046 27.48067215934143 4.31732789761503 
39.93384259280835 30.64725706110177 28.50384867906124 3.138731437673243 
38.93973632016216 31.08250153431142 28.59440414062794 4.265967940822406 
39.47494264591435 30.6776631739081 29.05032759037687 3.430666100070795 
39.14292494322166 30.60791295197047 29.85860228795531 4.217025127919271 
38.84340552076902 30.9677052613202 29.28476859061002 4.593392318377369 
39.9803227354193 30.46803923053873 29.23663655814061 2.935534236603417 
40.85821896576849 30.33184412008033 28.64129094826198 2.648278197918359 
40.58814609406375 30.40707700896004 27.4113868271692 2.923069025565326 
40.83828638430411 30.33617674313893 28.15922978940052 2.678572020570925 
40.31792752790788 30.54667304405369 28.68140357437705 2.908585741093901 
40.33433744142626 30.17720931871868 29.40740224715841 2.574642809897767 
41.00203126431957 29.94622901744313 29.42529509858967 1.759575484931034 
39.3269876603454 30.96963920317122 28.50473599142881 4.393197210018286 
39.30502315269949 30.0712642946603 30.15033950215004 5.650580475037941 
38.65031722833923 30.01181004554469 30.09115623987408 5.661403961946291 
39.6739556838767 29.8353764044269 30.05099822523391 4.998563162280163 
39.66393291120707 30.12850873776053 30.06322645371262 4.843034939283712 
39.59493305314396 30.50585418551674 29.7477937376156 3.425533295021467 
40.10471491208187 30.073681120365 29.94179685465946 2.900239343243499 
40.64543047370826 29.76963835068463 30.08954617664877 2.149035739552517 
41.07418415455244 29.84285212462952 29.77837565496059 1.82263441814878 
41.03069351098792 29.64403231124126 30.23095573776325 2.001358399909122 
41.9135596504919 30.07978488594823 28.20426160664811 2.566817306555549 
42.47526546080159 29.83682992753869 27.41173409982412 2.985060306327085 
41.53396581323098 30.17904301058865 28.60480498855382 2.49414031608714 
41.54518473096496 30.07446198473578 29.00887097245954 2.33196857311043 
43.02891403690077 29.83314890576883 29.00331300414268 2.804879391087354 
42.28319746073588 29.78201360840323 29.57825678045982 2.504858415521909 
42.51264393483606 29.93972097982288 28.48077113836106 2.766462272965384 
43.1923415853736 29.8597240909524 28.53538963754766 3.095043737300244 
43.92783038561659 29.88649677395579 27.95610327126054 3.562238976836085 
43.52548594409279 29.7587042222432 29.32591347882952 3.522584281042697 
44.09331931151583 29.85160870350415 28.45216330439287 3.778329223412442 
43.92876346874265 29.7710078547163 29.39705598136348 3.859350436301753 
41.56360494855991 29.86125606710652 29.79518529828112 2.140370278708701 
42.33210367257512 29.5585560362048 30.13930929534248 2.367912711319065 
44.09273262689624 29.80790516020055 27.33486221683011 3.699683096108942 
44.51449177050094 29.80437873930027 28.23448595487481 3.799963386366528 
45.08201281188277 29.57379446408101 28.04820870387402 3.821608668182506 
44.16948065413379 29.76120627595102 29.80344223398001 3.719793249840706 
44.66856428634583 29.94281284403136 29.65239266368964 3.571090316045002 
44.515314150384 29.93468333836577 29.06213119050217 3.725282583613733 
44.98396372783171 29.74327007893259 28.62872212000777 3.573742648034937 
45.11318380012131 29.73617458281964 29.55112850516545 3.43774035509216 
44.43286580101272 29.92962769409622 30.54305850593699 3.690455407596431 
44.78766934721239 29.98015944878171 30.90997353893256 3.655631857294964 
44.93068847982614 29.94211982964532 30.08862004428452 3.463971925724053 
44.16768876951026 29.63509970687417 31.27543392402451 3.498949206376892 
44.78263356768861 29.77000187203909 31.66503096942915 3.185408661608761 
56.79470908223086 24.58187508803411 21.35228564158372 1.075805361468994 
57.03268547919128 24.63528492653666 21.24739711346881 1.034228069425907 
56.68688836321555 24.60814171652723 22.11294454859974 1.224130012245993 
57.03345678991183 24.9236316122981 22.46622814182681 1.122640183186107 
57.36602944621075 24.71595353867145 21.45636171732935 1.062330871999848 
57.65885464594819 24.77428650375244 21.70477623777871 0.9914119911394579 
58.17500198146552 24.85542222501401 21.20367660690074 1.076770647881261 
57.92059852951405 24.44538289316765 21.7643741686781 0.9967391949860982 
57.99433835230926 24.66650967072665 21.36939076892634 1.612610356734677 
58.1677109937058 25.02747040294372 21.35187396552676 1.483075857411393 
57.3094652372797 24.9337497875023 22.04551492925142 1.092729477840024 
57.38705853013647 25.12085701323512 22.55030533734382 1.157143461922217 
58.03779111340789 25.42654792652887 22.13343301072776 1.345048602175197 
58.13373415819172 25.67118615168167 22.89219170943625 1.429092936927091 
58.42341095189809 24.64721299831412 20.95688088058112 0.9941630634572789 
58.51090519671976 24.52987156147282 20.80189422953346 0.9875294537669674 
58.65121099547727 24.73978014115893 21.28934916878167 1.00812104213292 
58.70680274945897 24.56933684637265 21.62272030360612 0.9121310009933836 
58.71293551306169 24.77726996917678 21.97636040093694 1.304608334617726 
58.43130720268984 24.9795935155081 21.32660027758609 1.1755602855022 
58.63646640926643 24.99892353043726 21.83955881876257 1.308025088362712 
58.56574683701592 24.54176776778406 22.19442927587751 1.164928357247092 
58.45543258757683 24.63366363422303 23.17946046769869 1.320057751501778 
58.70229696300293 24.74302152180468 22.67807561744789 1.489710192244871 
58.54628914083552 25.28236424200292 22.32102813478221 1.408217152868332 
58.30068606792989 25.47042448665826 22.41575009432493 1.461600984239624 
54.88777234414223 25.70744878268092 23.98349595580865 0.808149398726421 
54.5098523942296 25.74335337130576 24.4891654276755 0.8091898583136512 
55.47459390843005 25.74915574066178 24.3095104916338 0.7889899681149899 
55.39723180781233 25.81139722920119 24.96737525486764 0.6860169191359162 
57.18210950541806 24.78657944002026 23.20440258944363 1.569684781830034 
55.75121661360959 25.73314976028944 24.73752113265863 0.6450312834883789 
56.27490433572399 25.49500840091282 24.39980061740051 1.835270279545469 
56.62507647578683 25.38625185865567 24.41278441067349 1.17657560679298 
56.53314139106324 25.57890738534245 24.12756894441559 6.527347210641778 
56.72258756591215 25.77579952903491 24.24678683367575 1.354972065556296 
54.57133504506069 25.9174667572899 23.33058144175427 1.091193745469837 
54.52744915355431 26.14841546770901 23.51964079532556 1.068503894922017 
55.15644220013557 26.36774861211969 24.12280268312197 0.930911181728554 
55.36914468355529 25.90336337747059 23.9880331262668 2.098153652106845 
54.98200183063927 26.19919885958628 23.71855714816796 0.9990713158392737 
54.65831630581442 26.38052963480064 23.9168839983506 1.161808187057346 
54.49183624223751 26.07464356001198 24.93248952402787 0.9690237397204484 
54.63702233031756 25.87444749287233 24.83583627790322 0.8589404807046535 
55.33624466714414 25.99248474574429 25.46778096930035 0.7152804342055887 
54.56257083334535 26.30521055999576 25.03091834157509 2.062845947884313 
55.74219720263887 25.89923605336493 24.41990082946801 1.513108628523895 
55.42459740734622 26.08929522754029 24.05628178532415 0.9489153384180042 
55.67031773377575 26.11594369130017 24.6403116084494 0.7998343633179843 
55.41278111413347 26.3512830707341 24.73496221599065 0.8263019076220885 
54.62547912655619 26.48602831397003 24.48915694100738 1.053265736413906 
54.92346457882089 26.52391510719483 24.37081771516722 0.9388798404176271 
55.85744018786757 25.76631331484877 24.48077372833003 4.152898783959927 
56.31110167358814 25.8079109982201 24.22358332083946 4.314224768289705 
55.9836743228897 25.93966315145149 24.57059130730297 0.9384849999632792 
55.79337346265667 26.19886713675063 25.08561122343578 0.7480348489090574 
56.70701495839526 25.97558925817603 24.47801989317108 1.225940332162025 
56.42379781044232 26.18550411599263 24.86323248195753 1.438337787161217 
56.82829570477312 26.23240148354133 25.13996456014371 1.318965565035313 
56.03737766196969 25.48518905456659 25.16441849919838 1.307197941723729 
55.68220732260632 25.71550827169125 25.12132938290268 0.9675390695149275 
56.098570206739 25.52120275331745 25.99873985907317 1.359898567374657 
56.48884066997792 25.32866251734518 25.10597949891109 1.256867688228027 
56.99471513267429 25.30553781020949 25.89596062443431 1.557840172485569 
56.73084836042013 25.39212075076416 26.49597173613367 1.689015912509817 
55.55002208495078 25.77041504735389 27.36300612555306 1.710414403934678 
57.03495905237158 25.25606421940901 26.39961180031847 1.996037299350803 
56.91039362794925 25.29177850984939 27.25728530170209 2.577008710336798 
54.83810390509142 26.1280436486911 25.38213266390678 0.6983821812741766 
54.76725716872953 26.23990116632963 25.50118378940208 1.863636550803363 
54.77466994863499 26.40401044927459 25.44712431811158 2.031376909872677 
54.44537487418715 26.40331583449963 26.16675518375899 1.972349772662596 
54.78844463882979 26.2138159941553 25.83506905615624 0.8260015170652224 
54.92111351245907 26.09259151323772 26.50630628200776 1.02468929449482 
55.57254459652557 25.85708845925064 26.63311745568715 1.356709387726866 
54.62022830811174 26.56060043989859 25.91916721703561 2.652516901442965 
54.96096911580895 26.78211692853288 26.34927126594171 0.9403168324599278 
55.06840196456827 26.47753559017436 25.41856807813755 0.6822218823722253 
55.58931880903987 26.37376097778205 25.444110408716 0.8152762870559798 
55.64910807154181 26.65306110464009 26.28474285364935 1.274979709963546 
54.44385737463631 26.34391584126856 26.48262551671972 1.156011876010353 
55.84851352144764 25.74277663165507 26.83768789640084 1.467319221538986 
55.02415670270781 26.06566174096956 27.09115969769091 1.261787301186303 
54.46420519106276 26.85636099983554 26.60207555292251 1.806211254848847 
54.90550250087418 27.00749003413522 27.78439501583363 1.540348873300871 
54.96919185380392 26.77288713696281 27.19902779893671 0.9312493401586934 
55.49880010314148 26.76123100011528 26.92416131080621 1.45432526027507 
56.49448030560832 26.29618234971193 25.14725656342527 1.53053961996855 
56.24293341576351 26.50893962144497 25.86334874623499 1.545570991816916 
56.65290381282532 26.54090159467042 26.1056343185447 1.683140319143249 
55.89483793394645 26.88090723594194 27.45421785443517 1.921544066963833 
56.67436380646601 26.67071125231534 26.90070555124837 1.989414083379216 
56.99094438907883 26.74349991542672 27.45497703921568 2.294517587401089 
57.13598884549185 26.58423978219288 26.88057780063114 2.053587078215628 
57.08164467495605 24.39421672895054 22.95591913470253 1.464781583026607 
57.26049520259035 25.02470496182156 23.19528995967053 1.303480011850112 
57.55738352327493 24.6798234109931 23.46400534749003 1.253683584582404 
57.37636627067786 24.8818085457771 23.67865987017665 1.586703650241532 
57.3278856193741 25.0685247075608 23.97063437964621 2.264716862101977 
57.64239025472067 24.50547665958458 23.04933927064818 1.077211897498287 
58.21493929587018 24.61844831799622 23.59212296144893 1.294980246219922 
58.2463221984336 24.4322997487822 22.20896224977789 0.9972354346266101 
57.77420783346486 24.62325002561566 23.50605011946863 1.281088678572644 
57.51399506773014 25.51830960418191 23.22536078925403 1.576422328707594 
57.74722376727242 25.36565350662507 22.25812026927915 1.321452685240402 
57.83287505191002 25.68546367325361 23.06752372219165 1.520690846333636 
57.55268189712891 24.82953401964742 24.08129544689509 1.636236125396508 
57.75539961928115 24.84133141358079 24.89393531690666 1.7768247071552 
57.93184302005404 24.78944679411475 24.75775679942744 1.56128242709859 
57.29521642810911 25.25794593713664 23.8763020593403 2.223771894900381 
57.26001395373518 25.22303281134362 24.6526780021425 1.609531398848247 
57.07443634118853 25.39773906984616 24.47011081476625 2.415469775630356 
57.26454799545633 25.43977062267671 24.15747563473415 2.067246116620737 
57.23608031245437 25.61524696718561 24.42303273904712 1.618399053778418 
57.43306174920826 25.65003162071935 24.1207534904338 1.828965763995711 
57.13593308121411 25.26978358721357 25.07937969552146 1.294719315537051 
58.80077323023723 24.92745796355719 22.52658364601491 1.894536834857803 
58.78121789375408 25.08948947007435 22.51340495630829 1.576552008477265 
58.86796034749165 24.82422794201498 23.98671575601764 1.344050080034449 
59.10235923687544 25.10632721521322 23.21432744976542 2.810902913659959 
58.89468006229606 24.84855436457259 23.21494787396506 1.551504838351221 
58.89993601988145 25.43943379792256 23.22886360365133 1.571337624821666 
59.13665942074209 25.25215830750074 23.31180857550664 1.897247420015475 
58.8996514213036 25.681929517327 23.82747234923974 1.350316525567948 
59.64176901532434 25.55902837157087 24.27776837126368 1.895020867921673 
58.32491948181672 24.79521943747423 24.75191001408912 1.623877268689554 
59.15717146429253 24.88221583117291 24.4046576807804 1.38173226555682 
59.5198660503098 24.97358160437454 24.33347335655234 1.847875201500372 
59.27382565317702 25.70261829384338 24.18472755912331 1.384491918735449 
58.04894442207639 25.78831021885632 23.39800294150964 1.403852999575861 
57.34794423136011 25.79559485242146 24.7103140612289 1.50892370645083 
57.7106781027502 25.89350982836901 24.56147874963878 1.7164878405286 
57.24344072934863 26.06976372670529 25.16958187126811 1.71635115104165 
57.47926120330424 26.01359513258791 25.16406615413146 1.838145109630432 
58.18504193713366 25.96212417297626 24.48224663133799 1.488093243839998 
58.87950913215531 25.81483045670446 24.24975635821694 1.444815974499434 
57.5697521198889 25.02693708073527 25.64504423609541 1.968590872200053 
57.86883149678943 24.88784318162194 25.98327585775936 2.066888379325093 
58.06874032432636 24.85250908805074 26.06496965911571 2.000146564820128 
57.64016637715303 24.86368350676658 26.88362092262843 2.487810783098126 
57.62440107190086 24.75801894713678 27.39101402847671 3.241685330786993 
57.96143076102092 24.68137307279509 27.40599950495643 3.015548225633978 
58.12149901039212 24.79318224295916 25.26491737097174 1.730211900104337 
58.88011086137309 24.91203766173605 25.27443667850458 1.594746213105026 
58.37295581874562 24.85568657210043 26.12920874716743 2.110024245748122 
58.89589111897074 24.94760528744465 25.95562782182087 1.876906791613848 
59.63979461739125 24.80326458277347 27.07260042322279 2.249070206276542 
58.64818140590344 24.78985485112602 27.36027341411855 2.629349060690998 
57.42261873471239 26.07149564875686 25.35365488016412 1.676522300031024 
57.39104194505075 26.42455527518609 26.25780875545271 1.885389274665229 
58.21260879556527 26.18677386264466 25.24952436775886 1.793061025232475 
58.1745521728674 26.33788277085585 25.88242762662633 2.022749519045121 
58.27654809237668 26.52930697556549 26.89153082447363 2.375102505818347 
58.41185786187903 26.57741561571374 27.38679169432076 2.611495794208849 
58.74764107111083 26.14499279644263 25.35576053243472 1.808013235618461 
58.53744850589366 26.34150927011673 26.08243341007062 2.050496518038528 
59.2675479265969 26.03974513937843 25.08437764636646 1.807489561394803 
58.95278113275227 26.57360149841956 27.37595083774681 2.704406937890553 
54.66893578920648 26.8573964313239 26.79544587090755 0.8483203964546036 
54.495600127168 27.42785506938483 27.36772816350143 1.799250001304316 
54.70655250285622 27.22250237269543 27.44106755315926 2.025261052403494 
55.1079534003086 25.70676078915963 29.46861287400097 2.3646070253358 
55.78138872556748 25.34378694944898 29.38811564944271 2.557532331732858 
56.4574786712105 25.44777274680291 27.71155399387099 2.067316938936699 
56.39771150204889 25.54400016309857 27.41723747323596 1.815087732354215 
56.54319492261834 25.45536520105341 28.5734880517012 2.077320288923346 
56.41324949309691 25.392839091073 29.14532032480421 2.290436965086855 
55.74276087231982 25.52478593631932 29.06775162482456 2.43539598471213 
56.83010126103051 25.27887283152431 28.669548690339 2.946416218393892 
54.90511749155382 25.88555155177995 27.76993028512352 1.76736231397102 
54.98655730518441 26.01145767419919 27.37638972551396 1.991199144141603 
54.48715656376496 26.23039982937551 27.80872402307163 1.46563060481779 
54.80568573322874 26.01905255289907 28.32362333180057 1.565830162469467 
54.51879214661601 26.17465287292858 28.45397174210563 1.578900142908708 
55.53550610742737 25.67958078086442 27.68957275669387 1.832580360968052 
55.38203879743022 25.76056959171359 27.99755812935481 1.667548653341299 
55.76931659591244 25.62417167956778 28.54282816883005 1.943126986467462 
55.12028022305309 26.06114992546214 28.5697894561368 1.460420330306803 
55.86970434155438 26.85428339726764 28.21789304790253 2.087591458452948 
55.25275204017457 26.96336228152591 28.52104815967585 1.825426340198334 
55.29700768779125 26.8680901429779 27.97859538561024 1.66162387109658 
54.6459072761193 26.06989652412909 28.94687464914038 1.749250413092696 
55.09710215053351 25.98025499858431 28.94896617640128 1.963405010842351 
56.42706667734262 26.84979523103892 27.80927341767439 2.212635387858342 
56.80625534018542 26.87127983740878 28.33692558317662 2.566163710847832 
56.44969441965965 26.91121672424669 29.13539224281707 2.59100518202888 
56.10787938020017 26.98837994009647 29.66625363406959 2.291210451131491 
57.20337855066189 26.87708936172472 29.83608755461348 3.06417680983148 
55.0097071675533 25.56115877752417 30.05277338262011 2.278641544620541 
54.51415076200926 25.7647855449015 30.62815920028991 2.252833215883697 
55.05863586577923 25.60965971677789 30.66003424916148 2.183692990354388 
55.5058104650238 25.3351035764062 30.11237181131392 2.444984311092952 
55.42852218408367 25.43134558046897 30.6680959273129 2.517004805280976 
55.52907523646011 25.17515640710252 31.73947402057112 3.233072080251191 
54.67086121685249 25.64226397298231 31.43032553245382 2.134402108731166 
54.32480597458188 25.83400076525251 31.5754867754156 2.186979339186536 
55.02013964586923 25.59757263872613 32.29595033320683 2.03533353270538 
55.13408803763061 25.47931590556366 31.55635742365639 2.351851273602193 
56.81227890095309 24.93478043629984 29.71414052587425 3.453723477347012 
57.03917850411634 24.49297982259036 30.29318820007505 3.83406396893065 
56.53173176053419 25.20239565546166 29.67718652248175 2.747641665498662 
56.48153752505476 24.44563119448153 30.96800947950857 3.227253773194803 
56.45921374864407 24.72281156881564 30.54910546597643 3.321052975541505 
56.90002044526226 24.4699085729054 30.79006265098442 3.354334871470257 
55.80879134268633 25.20747985989644 30.29905224128316 2.55130963650376 
56.257193052481 25.11013666449616 30.08402406772722 2.853565745023815 
55.98749912743559 24.65239500889728 31.50342196089235 3.675886072802541 
55.91192560767487 25.02590135590208 30.67348570038413 3.232865897877417 
55.56565121204882 25.20348349044193 31.46352589873073 2.928130766584303 
56.00417852516363 24.43922610165813 32.31687309722975 3.842019756328511 
54.26305638402391 25.86593209065666 32.10187806571981 1.839142906628012 
55.22268411834381 27.04713627479284 31.73449928095381 2.247000889392751 
55.59593426275209 27.07248993949433 30.9798317537197 2.434603161516378 
55.89728056923236 26.87364171930942 31.93211496224064 2.662126498690014 
55.75332714202455 27.06215758836908 30.27511614899997 2.34451451675443 
56.14797758007963 27.02453630587282 30.6631983922269 2.679270333440599 
56.74975509079179 26.98388752632719 30.51777146522491 2.893978457140946 
56.76641714181213 26.86020863176762 31.18238481139467 3.084687726020121 
56.94844562611599 26.75480569770107 31.96658998204147 3.281353079157384 
57.42232712397733 24.71150979962606 27.73099287851786 3.442382479931922 
57.16920661724251 24.87482115584706 28.3721731235423 3.439925453168257 
57.87351862222502 24.52663497622662 27.68396941817269 3.153401325652936 
57.67310665740765 24.464914215702 28.28326487110263 3.206286500239827 
58.05316917245646 24.39653425736973 28.31019250505713 3.124625711077357 
57.34578697839262 24.61444018986428 28.55861764918418 3.631509244706649 
57.16049246754508 24.62774285397726 28.86702239880486 3.780808729614279 
58.53005803611217 24.62748282574816 27.76351050535349 3.007252829519643 
58.80370568137072 24.60059388845353 28.26892822106949 2.793090255195153 
59.1776625192355 24.68976370436952 27.63629300016333 2.703790324484345 
58.80481427922457 24.66081237388821 28.60311432389568 2.635282182082136 
59.47608832455077 24.63207931461579 27.90753086694224 2.772309344034056 
58.77330151290294 24.61200288313857 29.12719589434003 3.117743377280817 
59.30453369970966 24.5067233753979 28.33032017219402 2.802581895820396 
59.2873779124023 24.48917673803391 29.39157326047462 2.967222751280218 
57.19343402858836 26.84673735787305 28.46880429475393 2.712698224860276 
57.60725714285109 26.69906014717994 28.13046015598855 2.617245212664386 
58.03765343811985 26.73117302177853 28.56477947759383 2.774742199358826 
57.40807633672392 26.85622355228097 29.00452901287199 2.833157557450477 
58.21165962550049 26.73623792223713 29.13623817446784 2.953992030772326 
57.63390076449585 26.83318333211195 29.81351519127643 3.165130516376678 
58.85640624519933 26.6961123130265 28.48712360418524 2.849023931655466 
58.85640131780301 26.6490702315569 27.8994031875722 2.857619537040875 
59.53249836185807 26.5711122406073 28.12387997393598 2.835540377896734 
58.68429618869143 26.7237435426674 29.19542498174369 3.030023533530567 
58.60063683664274 26.7942864391895 29.88664734157564 3.251361399491003 
59.51612425762924 26.67260005344151 29.50303412956411 3.049968112905901 
57.26771038348264 26.87014460708261 30.58978897081048 3.132382325818725 
57.94265633949538 26.86712778243525 30.6076431842684 3.347591523447363 
57.13698546539722 26.73828135117846 31.8839559675371 3.358702408764174 
57.5900675113572 26.7790279377327 31.41198439685688 3.39097611397662 
58.3160701294253 26.69403938143796 31.86864030011725 3.526552989594848 
58.08231893876025 26.73765996565468 31.4273883127843 3.456286616727425 
59.13273156458155 26.75143674957043 30.71911314112024 3.422648675503751 
58.9130192692275 26.73238222669775 31.53771053147636 3.484665577990739 
58.54194730593095 26.6122037670573 32.2223359565758 3.548411221787489 
59.32425369725285 26.69046789971591 31.25264402350169 3.520893247177611 
55.00706958678544 27.19125394672267 28.85258974095052 1.937128964762891 
54.68825011060087 27.44263209606724 28.20340434864942 2.219507569650546 
54.60840319233041 27.59923155745197 28.48257566488171 2.307629384429617 
54.5290609754521 27.66204732302067 29.14621180962885 2.03971388086191 
54.740212523167 27.52165667172321 29.44682283662471 2.363276871053415 
54.89705628097585 27.39247655264491 29.90788752755903 2.005906618708778 
54.59122380048088 27.59065824930111 29.78662194008859 2.008157342241475 
55.13373860424878 27.20377670984308 29.28127550615125 2.104364986759663 
55.70082697771812 27.04756113909665 28.98213134222802 2.429820358902248 
55.23560391623343 27.2058688882034 29.87505070276569 1.99831799546773 
55.62239633357691 27.14822530631595 29.56323199333353 2.161008094951541 
54.48764740951639 27.34711731006163 30.69778766538114 1.750676527987494 
54.99557815346297 27.23896730475234 30.41706779799389 2.00478167994261 
55.33233848414235 27.15567508915752 30.26733599337117 2.176216764304201 
54.20815339958444 27.39079035047124 31.39397162670843 1.763357831689305 
54.72162880591834 27.22531056773098 30.91764175416002 1.94996146081499 
55.20652484966546 27.14110888048172 31.13341695373703 2.282026271208991 
54.43859635123091 27.25908610665169 31.81444907342074 2.077312312348511 
59.59476454346757 25.1126544673031 24.07577598829818 3.402166765041784 
60.1203585439196 25.09420588311421 24.69575148100295 2.880133298656347 
59.76115601835714 25.34397684287323 24.18960179847234 3.002828972773102 
60.34958576526233 25.27865226233816 24.78038731612759 5.858261478022769 
59.93203256988796 25.7566442749073 24.84408242208924 1.897446955243552 
62.23308484453435 24.80054691025207 24.11540606730727 1.154530287663292 
62.10590050154566 24.86028219848408 25.00785476030488 1.662058352710716 
62.16847282718066 24.51960654533122 25.15117698391143 1.327441884369776 
59.62031982059377 24.86383877769246 25.36336706903788 1.573314244237295 
59.9867125331413 24.88793259939057 25.17897022537774 1.694644836342462 
61.18398588387701 25.09721550425029 25.60868267451688 2.130145276627388 
60.82506676341353 25.00594098030902 25.59148765148867 1.924103822342801 
60.53877366083488 24.86057086945432 26.10112462396404 1.866045959832405 
60.80490027168178 24.8546121365562 26.26142750182222 1.851629509389525 
60.4988921575011 25.12419465848622 25.00937781700484 3.445192409703452 
60.42579112668481 25.52196661061714 24.87135709127991 2.980172599668151 
59.98252859132639 24.79192448769452 26.43467143900157 1.963315697375634 
60.36622855708028 24.8454539554014 27.37318336282126 2.175524010865473 
60.69480123848845 24.83403620483966 26.62451709999629 1.835293484126808 
62.0359558718331 25.23123855236058 25.72011766815101 2.998978220842758 
62.01144829912287 24.85528903647482 25.79787900415905 2.049704661700332 
62.29284466505602 24.43210115857475 25.89741807191174 1.725383896899473 
61.86067640232402 24.77176336087438 26.34987994365942 1.8810810782538 
61.78230939251049 25.10183381923709 25.92406406117671 2.414175153363146 
61.47359285072461 24.85286976260134 26.42724973358574 1.740105270044012 
61.37249830990032 25.43287806836327 25.4030831220164 9.81138428637405 
61.76355447564774 25.2623982100917 25.78055159250259 5.918779026155107 
61.39708352986361 25.69290591805294 25.52733404854919 3.005142904618509 
61.98960372332846 25.50234155195908 25.96023990891191 2.253946552359196 
61.36544442679735 24.77963330105952 27.27869646482752 1.988288540327076 
61.8869549353747 24.65045577684788 27.00546230949824 2.011972320442254 
61.69650838560054 24.81744031590619 26.60345728368282 1.578785207716763 
59.91953113486644 25.95354085253742 25.24163662034547 1.826055401895573 
59.47967659078697 26.21677298207074 25.76019080291556 2.214893000251124 
59.32509140776467 26.37129331217418 26.14603975405088 2.216214452815507 
60.45297405569105 26.18477824520857 26.1712738968079 2.210695871601416 
60.84240061496689 25.77529839721581 25.37715022204329 1.82906027432179 
60.76633681839279 26.02567298324764 25.86513484399403 2.169823418716504 
59.29510822712567 26.42066878352293 26.5173397559451 2.325789628185731 
60.45902567236414 26.39269594789141 27.17563001953989 2.618651023550512 
60.94495100935652 26.34580354823293 27.21628246569351 2.393817725811488 
61.41328078601092 26.03847585387475 26.1042453376037 2.280096423527624 
61.95725958795566 25.79039384852468 26.27224471179293 2.486954389018081 
61.23433217190341 26.14286668098801 26.32661223639738 2.180926327458479 
61.46755069156425 26.19325090437707 26.94617964977384 2.427450591032994 
62.54417418745322 24.73438152241924 23.36877174163648 0.9709652501210826 
62.84085293131817 24.61486936482764 23.3020153171604 1.040686073612648 
62.64637985667219 25.02337349689275 24.08267320160542 1.229233690711453 
63.18369464230307 24.81478396980052 24.25391652826459 1.267604641385134 
62.92166274429482 24.98845277588378 24.07986818246898 1.626109017642719 
62.49192634928583 24.99176075534085 24.12416866684513 1.203225101603365 
62.32224569981681 25.18613559425051 24.98716573000926 1.566323259822923 
63.07637130251548 24.44815435751709 23.66838306147077 1.08559044336242 
63.08215270898947 25.19097332726283 24.86210799651983 1.641173141790787 
63.32440871785178 24.56902539866136 24.72545325343733 1.271620725957519 
63.460495933041 24.64629605638209 25.33050332111168 1.825671317731533 
63.30119589302296 25.061283197395 25.12542786110401 1.729285771423079 
62.7499582466514 25.21420751091978 24.55930435896061 1.485917693482264 
62.42948667540595 25.49778301257366 25.70755180787315 2.065475317007298 
62.77763907561422 25.50067550049615 25.50069778890422 1.817848835819177 
62.80769491122501 25.72864504735435 26.16294999410525 2.05507676399472 
63.02528871799055 25.4924958185577 25.63780921564385 2.000745533075943 
63.27657437330112 25.57039131847646 26.18409351733052 2.314398112463351 
63.59733848134523 25.12415574148199 26.12434824744883 2.812561799511315 
63.89539349580192 24.67713968958742 26.45295289758234 3.136621029343331 
63.75160231655347 25.15562999320879 26.64693496437481 2.663485658699074 
64.15356179305499 25.09533867133322 27.09025290870299 2.834194270464678 
64.0983769087931 24.58079973122927 26.99065735446647 3.792124588732918 
64.19588740982098 24.77911807611411 27.00905466403068 5.113807265214405 
64.40850257739713 24.9541801173497 27.32514860619051 5.25279013828731 
63.45110453899313 25.53532146455838 26.6268258318703 2.660903907310711 
64.17076617232033 25.31564979927736 27.52603177194807 2.201159755528607 
62.20707674153405 25.81779842413292 26.55024277116294 2.247564083919002 
62.92062356345495 25.76500016215795 26.49226496075133 2.050681429546074 
62.9852885225955 25.93556797586379 27.27946229439631 2.337551208637592 
62.12187460798185 26.0955269285148 27.25643047246322 2.644085661842041 
63.35603988876115 25.85075390583823 27.4206797936691 2.77899758117627 
59.6836566747257 24.78303870372338 27.36850523915007 2.395699714043843 
60.02326044588419 24.59747094484149 28.24091774299699 2.839006803948649 
60.42188918804203 24.696280730643 28.74868567807912 2.62481425703993 
60.41607207309716 24.74863333304836 27.86604492299631 2.372651280200017 
59.73332741699233 24.53968619846693 28.99317552753938 2.976261902569348 
59.54029207648502 24.43311599938657 29.84679173807626 3.172202112539765 
60.68021268898738 24.75164913185518 28.41532890445007 2.331675131842246 
60.92848730971706 24.78145509831524 27.6873544434951 2.064179002739365 
61.60275436269575 24.6339559228208 27.6971106578707 2.146064827997947 
61.3232751053668 24.70962034350984 28.50674819636547 2.12570691701751 
61.9593093039809 24.41100090799749 27.71258958396347 2.343996281104523 
60.96894738060641 24.66273615146266 29.45838164340509 2.355011689237699 
61.36929069237508 24.61717083167051 29.51257443521241 2.319800429056357 
61.7197829668111 24.63392586254714 28.5572131528994 2.220267277975012 
59.82359229752452 26.52136865833076 27.28638471042878 2.668451197391249 
60.50697574759371 26.41066956121456 27.70647919180993 2.467575421312887 
60.08845992425888 26.55403619273007 28.44806510397157 2.732537416762028 
59.73225298198675 26.63521612833685 28.6480447941124 2.849331875786987 
59.98851176368839 26.60287453394607 29.94450457869707 3.066971511596506 
60.29886629683367 26.53415007122828 29.48995669086057 2.863590849305467 
60.58314045612786 26.50477740610221 28.56169730233823 2.684215568124102 
61.41144844346717 26.28104461265596 27.55398525753784 2.380204613140279 
61.03495078641598 26.40037570774259 28.5714907719515 2.599227822112141 
61.71967095841342 26.24334118740509 27.88383279174925 2.409225567820641 
61.95295506511823 26.15933800465065 27.36968065099645 2.340277746944935 
61.5019728745408 26.3717765136773 28.58777116017144 2.593225328691375 
61.83733126656832 26.34121272328963 28.54025659843809 2.704511358506579 
61.76188894101119 26.40880004151254 29.26661976554845 2.749349135942197 
59.77528234268482 24.4728760555766 30.49908157788865 3.234622194627519 
60.24051034814429 24.59124134333621 29.61723162902896 2.791414449336571 
60.21643286553888 24.55872126366384 30.99009989485481 2.727748329573785 
60.87212862788964 24.63786894736026 30.11659484863314 2.355497535159486 
60.527241211424 24.63108992648443 30.29506055474394 2.526149827472466 
60.83474866313857 24.57646724132333 31.20369838549514 2.287021299056619 
59.86291864330443 24.45485526003488 31.52095912550059 3.233858377158441 
59.89999239289239 24.46135521896548 32.56909159057157 2.851128297125655 
61.60587583909913 24.48360126063357 30.37377188666531 2.485552445562178 
61.44777800006629 24.44882383343328 31.16115292030767 2.444335066244236 
61.03390519881135 26.39959524715956 30.72432258985657 2.865900188577484 
60.08541655233747 26.3651948747213 32.11894678691665 3.270760912919258 
60.27705258051839 26.38444782571034 31.28852397569525 3.004214237936168 
59.67902968669603 26.66245633060442 30.59122382905066 3.344066119084545 
60.80112239128339 26.39597749562921 29.71461937100908 2.702052398027803 
61.14520750120274 26.40466028678501 30.20630531750762 2.687365590040883 
61.28940035938219 26.36068749109566 30.98029781521081 2.77167387690551 
61.58281517720341 26.49340076066428 29.99497135087478 3.029689967673818 
61.6670866482693 26.51559136590087 30.72343224303819 2.977962605009992 
61.93229702974965 26.48204059181166 29.8833759088034 2.941739044967733 
61.9749311330932 26.51624801514085 30.8708616258172 3.151936294741517 
61.6404641437623 26.29239011024847 31.8543779649449 2.890976122715813 
62.21023865905475 26.27399040456345 31.4774946465576 3.433736597953612 
61.90480388452985 26.24967057248826 31.97951505606407 2.805680432572331 
64.20613426750631 24.62338586191472 27.41134351010173 2.916172188905449 
64.47304867494897 24.81197094597476 27.44003640883134 4.34952957193957 
64.83540026323838 24.55924772399214 28.12809138166625 2.365571224033317 
64.72719424649503 24.56510852620841 28.78674219433037 1.934688978863647 
63.88074690890648 25.64526260047819 28.02117497059814 2.648762593553812 
64.11226352323015 25.70751265011589 28.9686264092141 2.044153449043733 
64.95269994979202 25.50108168074652 29.07401694111032 1.536113312063321 
62.62592878101195 26.07947944525714 28.05863596418049 2.389498047966583 
62.31224616549135 26.22544447763856 28.62387325144767 2.639157588880153 
62.61984789117767 26.10793705548741 28.7914003484322 2.575147751256281 
63.29731909948912 25.93395450203007 27.78979289501595 2.538034923977079 
62.79575538552413 26.0764589514929 29.78805461231338 2.587842590963874 
62.20656610955173 26.38378831658943 29.59229662740671 2.962030967919986 
63.19785684019327 25.97659574333285 28.81882171122991 2.334029188276219 
63.43677543587651 25.92874478613904 29.68385077615836 2.380018734775177 
64.17013903502752 25.75905590027893 29.80838406326566 2.089095163666599 
63.8189208165706 25.78666765314117 28.94301163040869 2.19299609375625 
64.74109187563494 25.65164206996164 29.94198736862475 1.813340620750893 
64.47634179272001 25.78250780835779 30.75918668773873 2.050116059590323 
64.47304605927744 25.75798818279691 31.08516128976308 2.014243589698012 
64.88285859393712 25.76011490668506 31.41045684701832 1.798145849975597 
64.39292993469488 25.68654289634345 32.60286003512957 1.879903566608036 
62.42536912835433 26.24527125453855 29.98218589789249 3.121931562498133 
62.34274301366681 26.33917362857251 30.70433816261496 3.470561059966798 
63.02000691107121 25.93383817261039 30.66912454564212 2.462573867176758 
62.69814158847914 26.07834145747955 30.71267706125466 2.963188779843051 
63.61014679678706 25.73126690434628 31.83301343986276 2.004586012144756 
62.7196854560346 25.8870425909717 31.4778740945671 2.58940237391576 
63.0173705829658 25.80340545435457 32.22241425060915 2.333505151480978 
63.98245606274462 25.79022696054354 30.10364111029767 2.128388738162897 
63.5480438791943 25.86912676635923 30.95028128389648 2.211231752401716 
64.87767653946635 24.92681567473544 27.8889193915419 6.299005911975939 
64.86367016063808 25.10405911154877 28.01198249195663 1.861433565862484 
65.08768903140555 24.71280502738475 28.21202134562181 1.9219056716897 
65.19382607187187 24.93530876653268 28.09964463970982 5.71458161094381 
65.56806202303451 24.92705268363582 27.94616748568721 6.005483911186161 
65.60131535986127 24.75414410339172 28.23496002020443 1.432186276819664 
65.56966988140138 25.17042812719349 28.23085002962962 0.6270725086754538 
65.83945712386301 25.14628557166473 28.32572876353537 2.768820680258358 
65.83349543214588 24.94365985830942 28.11489794195607 7.452758967021566 
64.68769394383504 25.31607200761843 28.20534044780115 1.907739516496576 
64.46636534662048 25.50536424663494 28.51731411033305 1.914489753379556 
65.20843260695275 25.13046994290311 28.26229370629731 1.166201225219297 
65.20389368671664 24.64688459729712 29.07082292692133 1.974737427396633 
65.25256957890829 24.7459171998069 28.65194857210864 1.60038698094273 
65.1473215427536 24.40441631702634 29.76110912424594 2.094649035181476 
65.59967938459148 24.9587300826417 28.56839143144139 3.341166513274715 
65.61280968155384 24.93908526800273 28.84720192142305 1.506275604462701 
65.70630926139917 24.61400040829452 29.64719799079664 1.727561864401096 
66.14226902096144 24.92423305346842 28.81302816077467 1.2145913581721 
65.41731162391721 25.16099360639815 28.55191192784612 0.9755488800787191 
65.12261831472425 25.42988188724809 28.83680203828128 1.664867919910662 
65.60120352017015 25.44455014516268 29.08750696582735 1.372766958013514 
65.27544297537281 25.6405403315654 29.85962684888842 1.581995537373587 
65.67987058121886 25.10309402030073 28.63891085755182 5.117628286274908 
66.20367905436383 25.35446674653977 28.65422478275161 1.079942665807437 
65.51679719755025 25.61057726280496 29.58522311092369 1.407606582321847 
66.10220524404524 25.60568743083575 29.14244610364874 1.25049404236303 
66.49862621666618 25.26966173344725 28.47439269314687 4.093660871802683 
66.60761735078025 25.24711263598052 28.52805826553133 6.086364929729882 
66.39102178239973 25.12722707539677 28.56088565794186 2.446206660757866 
66.2180855088543 24.68252282269389 29.62663361842981 1.552789671185678 
66.34167374240451 24.82964743805866 29.2355977625104 1.789740232099902 
66.9478857224213 25.07751067309591 29.73184534156939 1.673300368083531 
66.54870991322626 25.41352011079997 28.73249895682067 1.265496771056306 
66.67920757564271 25.02604633393242 29.35282291199046 1.928042074881944 
66.77607352911299 25.35647477484249 29.00440371638956 4.575020574530924 
67.34806086547208 25.33022030660046 29.75659772301017 0.7214503148407019 
66.94711895412492 25.77135397538222 29.65490601980823 1.332055245197253 
66.8661851743592 25.58133998411683 29.20947513020874 2.346445331293353 
67.34982437359886 25.41174193282956 29.55739265883323 2.011861977823699 
65.99530423896577 24.58232005158018 30.43425695818497 1.91558109384566 
65.53292302001789 24.48358222302746 30.18828006472665 1.946995987834171 
65.10015782756547 25.73383707922722 30.86704092624889 1.782005855082318 
65.4445886200017 25.76259719475197 30.82619061650846 1.659843282050389 
65.59547739972787 25.73172051041398 30.15475228622087 1.527811993946457 
66.70733780572445 24.93578339492129 30.55167035262551 1.699482024694106 
67.29969519380101 25.38640178646805 30.43925928020191 0.7223183112114171 
67.25193608517853 25.73531837204977 29.83638142891171 0.8201547481395366 
66.37797269535965 24.76581483805051 31.45082880277248 1.915020558177687 
66.70737080133618 24.89395983594617 32.30747433720914 1.657099582021431 
67.23675178494634 25.27135283305973 31.37070346067342 0.9502151575445765 
66.93924041166127 25.14824190235892 31.69741683758743 1.217173592989241 
65.49684268449273 25.87827306043854 32.01410756100016 1.734231006106583 
66.11138342813527 25.8786747379898 30.30670694331199 1.496783238694292 
66.576728129374 25.84555909047874 29.92860712623346 1.391283730493328 
67.69174660189512 25.83025806208182 30.00200317190795 0.638241405445612 
67.19243430266172 25.75763709022137 30.51965931201668 0.9224535952592348 
66.42412240032424 25.96750325103566 30.99506283394522 1.607883873573172 
65.92520843367573 25.94518334234677 31.51996743122467 1.702622740606913 
66.15189199919017 25.96115657782019 32.0343065303631 1.706929245017619 
66.69667477034457 25.89821558516102 31.70662361279346 1.473362927263068 
67.08340935105984 25.88869738410961 31.21332847268666 1.114944963899532 
67.29444342199487 25.89578294730876 32.22755032534855 0.9559140576928229 
67.35451077545805 25.58820217489737 29.56387481493279 1.995740715795563 
67.85706673503934 25.47377757567634 29.66949886229708 2.296032411476631 
68.12205414469825 25.42736176437638 30.18571670842756 0.6008097568873865 
67.79688398404031 25.75954264937267 29.81808219559806 1.210179103716229 
68.08429965454101 25.57541275060344 29.81360285729409 3.182160261935678 
68.28332516378063 25.77171662937146 29.99253656618535 2.483374115488971 
68.53633258096107 25.5912059204408 30.25243745211086 2.120741861754112 
68.34772143172593 25.42539125912068 30.65864790813088 0.6826712898498783 
68.64939237545293 25.60177493794126 30.58789032597147 1.974067395110467 
69.0123471314234 25.77590049996153 31.07991022426281 2.197283381873035 
67.72441520773494 25.4366974415113 30.67818524935483 0.6180992849859095 
68.02185577004839 25.35806538781684 31.25564271512405 0.8190715655340597 
67.81351861521721 25.33627246071307 31.75918055777705 0.8583983153302412 
68.83691571605202 25.32151143804774 31.17889834132914 1.021966986189284 
68.31450958803117 25.4767787043223 31.8554249602717 0.6953119251057487 
68.80597810391484 25.45932939451714 31.86848762711456 0.66349626866036 
68.88659466353859 25.36638627911596 31.51481249381108 1.011920852755793 
69.05602896653379 25.5856163835325 31.09309711990387 2.406223475109897 
69.01359158905157 25.59134196709418 31.76024476030576 1.670228782485964 
67.91152123586386 25.87791688087259 30.6122846454336 0.6466149961647716 
68.31408583796696 25.91319549922249 30.52500875092745 0.9125002801511002 
68.51785374393661 25.7586488139846 30.25244676133724 2.839796484857345 
68.61486880729537 25.77500288597585 30.60602367330353 1.476338189676639 
67.73533234137568 26.02700159852071 31.38611388977736 0.8970606526997997 
67.79509537611681 25.99008231049829 32.08284187499457 0.8391480605371626 
68.79058522554128 25.98584057153622 31.16405240104109 1.339537272392775 
68.32903669091039 26.0729218618264 31.16612277353152 0.9530688376205063 
68.61280292190698 25.9626694589638 31.83910422300525 0.9615220128022273 
68.95456562798283 25.75932169409086 31.74270535824332 1.512813374397794 
19.1480666225268 23.08738860246301 38.40793100427027 1.034110596232878 
19.26954429330323 22.99340544544343 38.76807345029192 2.150626945374967 
19.04175579959762 23.04129384134603 38.73773920277476 1.524094789216008 
19.35786636439115 24.18452696085699 38.38780904320014 0.5566591734595505 
19.03561238021079 23.36283186747267 38.52425272109931 0.5122366009155499 
19.51742092971221 24.57664262715399 36.88129209833573 2.832622643507733 
19.4017611997588 24.48306416961913 37.52559811659695 0.9792656013803906 
19.44005599744889 24.09029463616235 37.5705785474239 3.058247797584954 
19.58581596295897 24.31029050861645 37.38111753870106 2.570500550414351 
19.82911214346021 24.34663351176102 37.54464583979809 1.308839544996275 
19.43613063491804 23.21235891984288 38.39784754268452 0.6391191912490797 
19.37745571132221 23.78009193963149 38.17915029224682 0.7482959608777193 
19.70938440484456 23.95177477843621 38.4116906683327 0.6208936846079496 
19.44970293942702 23.13874524532492 38.7214305498429 0.5649452031413134 
19.41154677083226 23.51875674320256 38.9740031349853 1.259371728440343 
19.55837651415907 24.07849699875482 38.15103134242106 0.7893075203934714 
19.90525125205426 24.37103321491214 38.40721604558002 0.7872255135042607 
19.346278743805 24.15769369334409 38.72767025703151 0.5576472414529761 
19.36195389076747 23.80553007447397 38.99587839877352 0.8673100227077981 
19.61546126602171 24.00712184199073 38.93559628950714 0.8891518787505888 
19.73965417039397 23.96518758620335 38.72658274422308 0.6356400147631476 
19.67518913882938 24.48237924877382 38.99745586952314 3.019200771765384 
19.92495572246143 24.72102087382964 38.74558006378722 0.9842700560891871 
19.42782646813152 24.22937075956191 39.58369934938538 0.8743872991590251 
57.4477178886486 21.58506688181611 35.47221600015069 3.049739692808345 
57.83484888334944 21.6784465786255 35.44616149246794 3.209573090786364 
58.0132744914486 21.71815656500853 35.46616156247192 3.274895679256616 
57.20724605757291 21.89640912067759 35.80917997980757 2.646682882951296 
57.36623345981287 21.58595567212404 36.01150480318723 3.297915832516935 
57.04422118757007 21.90768896818966 36.64002060072348 3.080121016069711 
57.3376658557465 21.65312950342523 36.6471426757673 3.489182736491415 
58.1784049599583 21.43589905348736 36.07209962483034 3.447548641566925 
57.84030135267227 21.58007698858653 36.01035858946881 3.634129186968465 
57.99646209103137 21.63044413103253 36.92488537324387 3.19741219816396 
57.78316961024645 21.63807931056391 36.647671220601 3.649864793689034 
58.46994770211987 21.62843351196836 35.42428089842861 3.354338497186092 
58.69744725647183 21.75867470097731 35.47545370622476 3.026619953219779 
58.80866162273845 21.49082843186208 35.81443414505443 3.726051960513757 
58.81784266562955 21.45527142084661 36.09908604802342 3.987970530091644 
58.56740367810623 21.37125782130154 36.00861690785707 3.820609179184203 
58.74347776518851 21.56404166837351 36.60758347306563 3.413643122514685 
58.94699463599662 21.70363783320876 35.86670095040904 3.013884263780454 
56.55971428477844 22.33876034648011 34.36554561707916 3.182176456799738 
56.87575422607218 22.52768519824635 34.32034930698588 2.261203301744217 
56.21938074105271 22.50239676207053 34.35092761357909 3.739572980002777 
56.00171291587478 22.8788096576672 34.31894627002344 3.142614579331706 
56.3344119431115 22.72059355439604 34.01998297416478 3.596651854390728 
56.56973112043121 22.5359143875116 34.03788740477253 3.424269612196042 
56.86786963231138 22.87312671268554 34.06430187687765 2.379003776055981 
56.75193706270497 23.22117511735336 33.82315639384952 3.172951427145506 
56.60705347528248 23.55624631214709 33.06087428809146 3.804250432768924 
56.40230873751543 23.98404749620493 32.73395497233082 3.843074114493106 
56.81877992506833 23.33125908860306 33.21405226135916 3.633816166834777 
57.12024184939522 23.37842747515634 33.05899650656184 3.66535481859043 
56.20535192770478 24.20719969081553 32.32957847391304 3.893792319583071 
56.59518444494264 23.94943611820867 32.35488995864685 3.542951618884302 
57.02468373136164 23.83765325573287 32.44781769257729 3.506483927309205 
56.4105420832794 23.39310064660535 33.91023172590733 3.472905689539601 
56.21443101240289 23.49918048579998 34.26882335936753 2.907877034505503 
56.58813434661707 23.30962147795685 33.77995970360692 3.824772951248235 
56.43282754566648 23.82873777633711 33.78993784217523 3.651813011663961 
56.26619647169028 23.85402010486541 34.25388584844278 3.689277291664695 
56.02194253469781 24.4777076363957 34.09219125829371 3.284595677685132 
56.06530191363746 24.14163524245657 34.76809912470732 3.728771005675043 
56.20213994728154 24.14592270708805 34.21790664582547 3.810266462195472 
56.29085031919217 24.19990722894519 33.64395257892551 3.858553745675778 
55.45505445644522 23.01512177298821 34.87863789549259 3.555885755836954 
55.45425790169784 23.33205076648185 34.8224933734393 2.972259112288356 
55.32971228755802 23.04151317341929 35.2187323272605 3.997726364544008 
55.49718892408591 22.85497945188617 36.36335267243788 2.806366418008167 
55.25055985527019 23.21557350801099 35.8041686633228 3.040510312295112 
55.63264666875591 22.65295908538861 36.44148211675753 3.39324121951546 
55.51119210605007 22.88732563333176 36.69014138964345 3.530931404036266 
56.16692739283756 22.56607508593742 34.75198636546566 4.022602642597064 
56.22704750640141 22.22805190897564 35.33890232427783 3.075315250588631 
55.81598094194243 22.70386078661809 35.41457089424862 3.529222725020787 
56.04525705255713 22.27528733124355 35.64133319411064 3.607963362650366 
56.47109200779868 22.39450537280431 34.7585654650886 3.17993165526957 
56.55318995247693 22.17756721928081 35.52951995338557 2.778424476360073 
56.79273954839437 22.34173132862395 35.53325446191411 2.019176738662068 
56.66390098179023 22.39682182626561 35.14450265506541 2.027975988420167 
55.94318757510889 22.77978765222599 34.78169527542909 3.831896757719335 
55.86600028066069 23.02319325543676 34.60166293014175 3.084948294131408 
56.65893445966663 22.45659754109344 34.89693160137575 2.220167449932376 
56.93706785714509 22.88307762944526 35.19711229121133 2.311888875391674 
56.19338420613731 22.10711173652183 36.1876340818401 2.99659781754039 
55.76448174828569 22.43165250605553 36.45630335739833 3.449944998018964 
56.59989556874867 22.18850046646793 36.00921682614771 2.628802302743196 
56.96230107363201 22.54502114635016 36.09909221043495 2.239485263897166 
56.41526059158628 22.22054788390237 36.77135867979461 2.302921513276061 
56.91326067092086 22.05615365809661 36.08182089349373 2.767828200977334 
56.77601207699352 22.32946475702389 36.26148351697056 3.270827384376219 
56.94812090521666 22.46504532003144 36.78228131806656 2.496602177138584 
55.68212762763383 22.81616762634668 35.81823396371703 3.235447890980168 
56.96068943658922 22.68600881430488 35.53866859195662 1.877232501752957 
55.30146830183382 23.46069145713604 35.27979524081756 2.848556939456017 
55.02076569011665 23.24959981989089 36.28148504286282 2.122972643849721 
54.97798080210028 23.51288268096005 36.24307845795686 3.339615190326441 
55.28268127126815 23.41453950486957 35.69998319683829 3.094170181498583 
55.78462091102163 23.43509826073243 35.85317928942021 1.409905044446361 
55.22316284126851 23.71371854200678 36.3257841742998 1.599460127118306 
55.10861462896408 23.57317161989682 36.72479513400507 3.117420688571571 
55.80032639549149 23.63226031421748 36.38511185598616 1.823583630554182 
55.56303278715865 23.66813141275556 36.72715516762513 1.568338553540784 
55.80930369240596 23.42222144141648 34.87951773156659 1.672475759445632 
56.02283270578 23.55381165416873 34.87732382655867 2.75664455962945 
55.9055925759272 23.58575778325946 35.2594630480004 2.233433944169832 
56.03850550813289 23.88309243993746 35.02968544340069 3.530353948361068 
56.04515107611078 24.02372515617607 35.47413432645118 4.106741971103816 
56.08344066528021 23.66492659568758 35.80005259509491 2.853186253433165 
56.06999113024973 23.8049844710471 36.37040447843845 2.868889228711225 
56.14823867512732 24.16702424107043 36.11656027349704 3.825164045129554 
56.07554273422322 24.69603766443478 35.91206349607011 4.366091358441565 
56.31087181550785 24.28609178125934 36.33572415672818 3.241489300417555 
56.25872170407988 24.0781485105386 36.6661867991121 3.157649456038712 
56.70399089891012 24.48304798620615 36.48002760697318 3.488704142001296 
57.59024158728895 23.10381527995813 32.63613365648362 3.8239578903287 
57.62562751008558 22.68209253116059 32.99228275186725 4.1537326986018 
57.87687935824415 22.95182255132008 32.5917718307701 4.066413375594038 
58.32066105065375 23.07132040031702 32.64430764151685 4.068663253126374 
58.0392367356555 22.5943251153348 32.96520251179607 4.193053345109661 
57.88289168445355 22.52596446264604 33.19403182784296 4.251553061523055 
57.92801452334475 22.45318957994209 33.86428452653986 3.905837914441946 
57.66152538249916 22.38412295083141 34.32279141919894 3.623912886605154 
57.99380647474268 22.2204452919151 34.3854892299508 4.044709598895935 
58.12907330350703 22.45711012859227 33.87154976982447 4.163648789694037 
58.33621502795739 22.34166722997661 34.51858399312668 3.891018163541105 
57.73913500835416 22.62515591592675 33.70297062450242 3.519876354743303 
57.32031072596472 23.08031166579914 34.08078675686711 3.431617971334475 
57.05887271751173 23.33287266432585 33.85602391405343 3.237900808599221 
57.18930018730493 22.902383641394 34.36370803177791 3.13640977096739 
58.37562200984908 22.93185084811229 32.90025333614717 4.059034318728209 
58.33547515403264 22.80185569548942 33.13583047455002 4.179582118784765 
58.37154718572933 22.66318887337479 33.78120167697075 3.948762039060256 
58.5330138938158 22.60170443169032 34.24342846847745 3.845697199041979 
58.85609211088873 23.04587951446146 34.2251760835182 3.538996204623544 
59.11496954127995 23.0675094886763 34.29422633146896 3.137379045667075 
57.30913847920446 23.52498330797915 32.66633509943326 3.637573858725375 
57.27341014579645 23.28747099578804 32.98692500247991 3.569654532574646 
57.29207689298693 23.23299074868887 33.77855745293247 3.75710331606129 
58.33058062449845 23.2365479041207 32.16164125320659 4.320145803961395 
58.78840854324014 23.57622259342007 32.36153499071607 3.861405975465374 
58.93731757366334 23.38333637440929 32.9873925718889 3.859090351619244 
59.12076693564086 23.7793557123614 32.51625242846265 3.992474152586539 
59.17634859779434 23.774724075572 32.79707995204159 4.00276393412409 
59.59409876507028 24.31311119005224 32.5553291948893 3.43222153216368 
58.71939081341014 23.18922860404471 33.68577487070871 3.877378220572723 
59.2319081318396 23.6975423339709 33.95098921933145 3.80067571867076 
59.20345755565022 23.79928048816974 33.45893432743561 3.773983440413531 
58.96874707777503 23.39703874645151 33.77259955636433 3.546915009719896 
59.77770379536911 24.23900816660129 33.73584061145093 2.996563977525938 
59.50533290559873 24.03074947998511 33.90707390931117 3.397377677853541 
57.4228745590005 21.92576417069279 35.4777981154321 2.640836537025791 
58.00662372867333 22.18505988345744 34.9700810050556 3.520059090821348 
57.74708199718667 22.08837232767146 35.29237184210873 2.851628645910779 
57.76827241455386 22.253692587584 35.17506589881869 2.981588320844224 
57.15120322935619 22.8567978453596 34.76581784453502 4.236562901978004 
57.10178798274087 22.9171829293307 35.35866591970261 3.010542562353237 
57.26267604079289 22.41175164850865 35.8927350660731 2.490820610669317 
56.89411541187333 22.34005343322811 36.227148009564 0.938467113098497 
57.09049561379392 22.50241981844368 36.11092194701447 2.73139870027569 
56.98945677138877 22.20197871999846 36.40987700317051 2.79244487777666 
56.9579446980297 22.5138918007176 36.39951529155 2.775977359886355 
57.05927848702375 22.33353001832847 36.84907437973217 2.766308300899624 
57.025433 22.668747 35.815002 2.287086803656024 
57.49317339915602 22.50276427633619 35.28869766172537 2.840439445131949 
57.11877943488302 22.70391331984358 35.9142663735115 2.622504192624746 
58.35960383241879 22.29118486975164 34.95968671665233 3.29722259564943 
58.34128599281938 22.0262046436167 35.22546674044742 3.139328955642725 
58.58293718341253 22.3085725867616 35.25032692029529 3.096625032832748 
58.7147031482054 22.84012582476634 35.00602088574543 3.045801440269202 
58.8224136276849 22.26985501277773 35.51224677442743 3.116775069438688 
58.57371194870002 22.81024361152606 34.82888668502201 3.431414689533369 
58.80411757141857 22.96748806059455 34.68426678060175 3.377517215085561 
59.76195275963887 22.78579005980886 34.31525103503719 1.936762646606439 
59.42467217238693 22.84306666405287 34.8547005007248 1.526737331773191 
59.09044583027855 22.58675231454223 35.46908870887123 3.147569966019546 
59.35545505697519 22.67890126043578 35.46795613511581 2.449441282710779 
58.88528725572888 22.21770913564159 35.76249190643042 2.96581742382287 
58.81393295873798 22.12166654005715 36.26283844948045 2.947826863567798 
58.81520114067136 22.23826062241332 36.61354313968708 2.958964337467393 
58.99774040934197 22.46999814739046 36.57639882830084 3.199982830690431 
59.19566339503602 22.59319261164353 35.82907931435053 3.640304747891719 
59.1795940709674 23.40584627925727 34.27814441630721 3.411685477678589 
59.24984221253006 23.57745956458221 34.93890739342395 3.619668865363991 
59.3928977573531 23.03180133123443 34.31886209041961 3.385297517837046 
59.37505602736204 23.20428293283514 34.95036792722784 1.547685146719857 
59.43497381569992 23.62415467448621 35.52452825725803 3.377401433893255 
59.4374372471971 23.84583067985542 34.9356237083994 3.458811323519996 
59.52307097073439 23.82482222371895 36.59265547504616 2.596042268180184 
59.17823538418998 24.1868741740348 36.36077472945336 3.348898231434021 
59.13613585331451 23.99710773991569 36.78496641075447 3.072428939070193 
59.35273542354559 24.33994370222121 36.06467859891356 3.723308743913577 
59.49936805097565 23.95326188793632 36.2523603107245 3.409422305854861 
56.95730673514188 21.4529085613674 37.84410871360439 2.983103628348545 
56.83972480883976 21.77710444273869 37.53357795863785 2.404457026355459 
56.83028062242838 21.75000865885922 37.85637766671303 3.069793285373095 
57.34447225903509 21.64740227247202 36.92312420466705 3.239585074461417 
57.12213321235922 21.47812142797295 37.55492321552916 2.47085137642631 
57.23859390458036 21.64060582388487 37.24254741038348 2.506000516009692 
58.22799307044354 21.55963150355467 37.2764338597037 2.375757793526788 
57.66883759633628 21.56989931487397 37.26903859906441 2.508556887387215 
58.16101985892845 21.36631291927877 37.5464440193029 1.986689478786985 
56.98706523512587 21.75133066186042 38.16044144998828 3.793563756204719 
57.26843784122536 21.96326559669217 38.45118077889904 3.178576846119512 
57.35061039697218 21.60292795334377 38.43548612333228 3.789008648544979 
57.40909339211591 21.89204397988146 38.83297736382798 3.357807582096285 
57.993735609471 21.42666231950625 38.44089285899366 2.959394105650944 
57.51648193265574 21.64512098556192 38.85278943324322 3.530175804856412 
57.70906775031438 21.72381487523864 39.18025093473531 4.759911294639323 
58.67911431128099 20.98916427114036 37.5131212112515 1.880650464069888 
58.72956488909632 20.90053557833365 37.84653133944634 2.5264224813032 
58.20413547951266 21.28303632662468 37.86580235413525 2.255497150164302 
58.95024222659661 21.09606509312617 37.43377998638721 2.756700395653297 
58.94321608650456 20.88845477849847 37.84247133136775 3.465987823727886 
58.54558857632828 21.48275413448992 36.94313498319144 3.170220054550384 
58.71100882556624 21.31675713276096 37.21567077444271 2.009548891978653 
58.7792981312495 21.54009869397895 37.06602492935745 2.516754389174025 
59.08849850856576 21.3254355292656 37.87568696579333 1.685654269645511 
59.06098996466974 21.30107514362369 37.57789132257074 1.728355412740015 
58.94909848964986 21.93664075596996 37.8592957823718 2.263667096510773 
58.49014168486007 21.26809955665579 38.31051731200566 3.020980756525603 
58.73898437110213 21.07557345802874 38.21643290853739 3.772077764171058 
58.91266864782448 21.1261176710768 38.2398972650679 3.654123801222312 
58.76862171020277 21.41457732437878 38.46093996906929 3.288777578328336 
58.82828552189972 21.89904400356659 38.3969925504679 2.026286646555803 
58.75820006676361 21.41678537222387 39.08161181099671 4.252515568219849 
58.86503363285221 21.96417286658227 38.72483062463878 2.899430808612465 
58.1360052156076 21.59799167959067 39.03306491689484 3.967188410358602 
58.59555727628017 21.32546140094512 39.09995202782485 5.204819984085304 
58.27809916409507 21.67601943776957 39.13769001214565 5.590299323577995 
58.51658116984601 21.8935863870191 39.16724891224153 2.787196049820636 
55.45942983464386 23.21170906452888 37.06909005979119 4.494141489702315 
55.85728435155057 22.17936691636717 37.28315010814599 2.559915635607894 
56.16401715464814 22.16797521706912 37.03580810350019 2.159801940150686 
55.9669646391523 22.21381579320298 36.77633747928394 3.109478195465101 
55.7715504780801 22.37341564123626 37.04013254704756 3.776058800157045 
55.66790303882095 22.76917824345065 37.1893490507228 4.200510234008732 
55.72080745630772 22.04548451911207 37.73691600999351 3.187182845223646 
56.55532421583685 22.16076753992603 37.73843699823033 1.694380038229369 
55.66421112119832 22.5715823760723 37.78591212550326 2.5969124399804 
56.78300956051566 22.34360010911618 37.31075416312302 1.781736585253029 
56.96331507320097 22.31774400391878 37.30739360948831 2.197416566501346 
56.81170428576342 22.21931219834371 37.54842535923449 1.97265699165095 
55.83365560532548 23.00344261246023 37.8897478366837 2.166362793809924 
55.67988729247907 23.03034368542015 37.32115135085076 3.263503438391069 
55.77220447596656 23.25164078684557 37.30830536537449 2.488433922792836 
55.81394689205669 22.19256046272233 38.19506831230398 5.669031984632738 
55.95022568294927 21.95767846965237 37.69605706304575 2.112698332033062 
56.2437081461239 22.16194373233359 38.65992090102527 3.325595272338632 
56.12765747638836 22.18266372712647 38.68979213743112 5.587256139421129 
56.25071960888236 22.46494285539408 38.6802065927692 2.555943301339909 
56.83796378348081 22.27232109800655 37.8539224704183 4.381413633557031 
56.64899964855385 22.45561668605707 38.37136741247905 1.8647709164307 
55.90703576698369 22.60189056013943 38.33720941549323 2.224047207589393 
56.08759642806609 22.8210661499822 38.35966530705302 2.047393388713203 
56.15208290074074 23.30522947874227 37.77063980279966 2.244166546467937 
56.69998269144212 22.77152838607442 38.48676573618028 2.644667226661852 
56.95693404809526 23.02129837800206 38.16362315382802 2.337912813363459 
55.13276708595036 23.26920184530629 36.75253547515621 3.092375935589416 
55.52620733455627 23.500602018857 37.00195363697534 2.420655516130864 
55.90631591784206 23.72825461932026 36.69963977850221 2.279617587323116 
56.21348865485347 23.56001391695622 37.19208343204811 2.429456820461269 
56.74532567904176 23.56976447748037 37.56391531285251 2.473409681518945 
56.82469228745458 24.30192137540486 36.89094120912088 3.312180365466361 
57.04577011547576 24.06817120287268 37.15685522272175 3.958911626252217 
57.01605510243036 24.51545085595719 37.19531263959333 4.606429425659712 
57.04225321773927 21.9936632709391 37.0694194096989 2.485601997011912 
57.18102084244133 22.38854129936836 38.20982788065686 3.039258473474746 
57.68981695193029 22.05020052188776 39.08099034489131 2.344446111582357 
57.43748435177408 22.4784566681663 38.68943933228554 2.488572183423315 
57.64138400607884 22.37133500810614 38.87543284215455 2.423434023031831 
58.39349000438568 22.37424053109786 38.8875986739306 2.201714006622467 
57.06256506730168 22.67661018683657 38.20286429803394 3.735612973168628 
57.48224996226299 22.8651561072067 38.42708659351109 2.805171623783593 
57.32759773665162 23.10228773058733 38.15759469629143 2.901748124459317 
58.07454694928981 22.86371368955609 38.36488165283525 2.661328841206483 
58.01151466534779 23.22820923993084 38.13444298304647 2.831212723476995 
57.61864706662328 22.60161826902098 38.75299162248341 2.538091726858482 
58.18000638483274 22.60731208516445 38.65048256663631 2.120319103287841 
57.67592040978582 23.05929853499957 38.60880972363329 2.769768442377426 
59.07113656022356 22.31801804842015 37.54434808395543 2.678454063949118 
58.94592577183093 22.02499866837219 37.52542771795713 2.295585481571464 
59.29990355234328 22.56344978669839 37.46699061041573 2.208956494858541 
58.6865051987939 22.11264263019287 38.96747325056518 2.72545010916366 
59.08340712275753 22.45266843183327 38.65998305152827 3.591986766684016 
59.05336158766975 22.27803417881637 38.40465541878287 2.623934174949767 
58.59900248750579 22.96705443419267 38.44994893763177 2.129610604399033 
58.74970492449823 23.04534740681036 38.32754264999312 2.279119897396271 
59.17517233619793 23.04474964487141 37.92062095407264 1.765152923598833 
58.77817588607993 22.67461847741513 38.71514189020279 2.402195546532454 
59.17312571611833 22.85345236754095 38.23149887853197 2.355915459337979 
59.2783989623713 22.63544550952526 38.25697232146164 4.481814055865925 
59.73816836151824 22.84411393659257 38.08277899493658 5.64374914297747 
59.81164068797034 23.04821555244914 37.91182110100733 1.626027076464865 
59.29977010245783 22.63923898123962 38.4406825061549 2.960983377758282 
57.27794228821931 23.63843759952263 37.54180754419832 2.722116626025667 
57.89501047834718 23.72246895978508 37.91282101413523 2.810021139569074 
57.38077249488404 23.97150523528799 37.43000166751502 3.856750314619831 
58.33773316544814 24.34370953745861 37.17946190745055 4.566680944683412 
57.79641665398424 23.88561552467855 37.57911174913207 2.87370780505492 
57.81003792612575 24.04005759026007 37.46002968434153 3.90044937556911 
57.4462287600925 24.3769580412405 37.45238549859214 4.244743483757588 
58.02632650944416 24.53097368058524 37.37938265196509 4.003912802614764 
57.07733965892288 23.2664820683372 38.02768312825537 2.886909278121749 
57.69482544401585 23.30030311660336 38.1286682084929 2.805633539980875 
57.342831606495 23.43782042604161 37.8773189411694 2.744668578514592 
58.64876396011452 23.56636124807749 37.60167441331408 2.873223651133856 
58.86946776025471 23.91727361141371 37.2353375774352 3.144650539629822 
59.32743675853315 23.50462499720504 37.20337404503204 2.624046813855017 
59.66412545175056 23.64318894031075 36.9455123187299 2.082741217524301 
59.39491095153623 23.26723830939879 37.36509748165035 1.79179057440416 
58.31928802032549 24.0555078790822 37.14176630519962 3.395157772905435 
58.80719624306398 24.19543646347431 36.94076665968822 3.434927283033574 
58.68556022720745 24.36705687164174 36.86314036706527 3.565747461191677 
58.47153981276625 23.3646310069208 37.92943647585675 2.667437447243998 
58.13187208411913 21.96445905815208 39.24214054979642 2.938181976019962 
59.88122081636341 22.99084191623129 34.23262832911733 3.584902601372704 
60.24913655358697 24.47238177853874 33.67468297835122 2.386074163647123 
61.8903499493023 24.18552705432581 32.5112440984328 2.302245196415782 
61.95587720918009 24.08280999294225 33.00222052990384 2.221629580271127 
62.11031180338775 24.13018477193531 34.06476441590027 1.679896512043555 
59.91080959349371 23.17143403375788 34.64027299882218 0.6393200559062961 
60.09015106386025 23.00401352498523 34.67203919207484 3.492971851252577 
59.74028346639866 22.83085198476665 35.09251627473593 1.342689228024668 
59.75417737814586 22.69732331814896 35.50808179945804 1.798468055256066 
60.09563385157357 22.72795935244452 35.76656795079509 2.002910085428979 
60.06678928710468 22.97372627172329 35.16328424267972 3.853394352043665 
60.07183299417299 22.88996306032685 36.39074622788429 2.211096392343904 
60.34021590627971 22.97619189878561 35.83791283496542 4.11128475132972 
60.25922403277219 23.15118780283291 36.39552430396053 5.059057505831163 
60.07445052522067 23.20976640109293 35.15754175190099 2.159769066993789 
59.80847015421466 24.1592737438893 34.75229208483745 3.047580941600643 
60.20301391943342 24.54607280659868 34.57664156400444 3.009239721796803 
59.91175795479625 24.39276790172002 35.32817494406713 4.438278393843575 
60.02955401097751 23.40312569293949 35.54823773843442 1.442894828536069 
60.34784172865822 23.22648011542128 35.84769903532269 3.27909812562288 
60.21730980768915 23.35282441801883 36.3459904895592 2.538424084143287 
59.59206519565619 23.49247359924792 35.64464177636761 1.949623664956434 
59.60334656759226 23.8821170785385 35.81741081197409 3.865517295507004 
59.66029346396802 23.62641937737337 36.1318837814979 2.410642980997437 
60.05797877102387 23.48733346366939 36.28135371623365 1.854319427966942 
60.03692957746712 23.58153520902897 36.73805430160752 2.056047972409516 
59.67419139848327 24.14266945747793 35.82748501895041 4.384185614169496 
61.333469990179 24.42324550320081 34.66752635968466 2.968098724225769 
61.92420085123958 24.12972902569278 34.62697737433556 1.486879233321503 
62.00199036015012 24.24853864746368 35.09592317564079 4.402139192123059 
61.98494970025239 24.44635618499175 35.1385413600001 6.480700201004879 
62.30636033532753 24.132234535111 32.46336840152753 2.304592243132475 
62.71140253594012 24.08662978804964 32.08008146442777 2.730903669207123 
62.53213188272613 24.12880086361119 32.65831541694435 2.231893981797839 
62.92655414375221 24.20211453079234 32.84398867589313 2.302156487235038 
62.93073545405367 24.16940369414713 34.19411265822576 1.721357660322752 
62.01472533035567 24.06653735925489 33.32098660152553 2.213497341369333 
62.4165222951358 24.0576920222565 33.21598170719894 2.117506031229254 
63.35269357350847 24.31957768901763 32.63263167748984 2.118936255268665 
64.63307409048954 24.33271198213982 32.18109812785939 1.883522393582183 
64.12691167170702 24.32540594521908 33.3536628675 1.585996877368245 
63.42066314549543 24.29869194549074 33.65477472625417 1.540181002657746 
63.48190268182342 24.34610785692834 34.29125987947036 1.388559851044263 
62.19875956194218 24.17718583277453 35.09479828416242 3.582255103670548 
62.71414586491747 24.15780887422426 34.61808818768675 1.807020635480242 
62.33377574690654 24.44947778481883 35.12962929719451 4.033269256866987 
62.74736687911987 24.3512094824134 34.91607876562416 6.329024905368271 
63.54495181576593 24.46385016087199 34.65746904792679 2.861332270055129 
64.06976842474577 24.28802337510744 34.54183124982364 1.309978865768585 
64.94177086824168 24.27264531770609 35.24360946912206 1.283361881543513 
64.1415155455006 24.45298212642838 34.96779600123327 2.941643567784098 
64.85186247915883 24.44814943820992 35.41594739437214 3.297396388295084 
59.93823463486576 22.82694365192974 37.20256642375387 1.666322194531773 
59.37523118182198 22.75614291426162 36.59064282466012 2.717331647982036 
60.17421258314288 22.99092148644385 37.01864540144125 3.140104617116862 
60.25729154174542 23.19058214761106 37.02860410076723 4.656442066448335 
60.03669125317125 22.96653299470104 37.7603437299219 3.963253541820905 
59.90186199747367 23.17474797359634 37.51289203734383 1.267921166377462 
59.74647002431224 22.66407182632145 37.85655585720058 2.511484048637385 
60.23520764577322 23.35847973253934 37.01720775124831 2.829224380913502 
65.07012753719548 24.29335967389307 32.09709840316177 1.941035431859888 
65.15997360712893 24.33043174083188 32.64879708796429 1.798393728081464 
64.62408298994269 24.32518444855117 32.90663528350082 1.759579110646868 
65.32695883391976 24.33568964044965 33.09685276387215 1.739895824525988 
64.10809293575626 24.30457569138442 33.77131011435481 1.459283547535577 
65.48022399511969 24.29954405478871 33.69271340286719 1.606198519996227 
65.08978795712093 24.31480452814098 33.96878575667753 1.481697360251218 
65.78643819083619 24.34116057794454 34.39199038822832 1.42935193389485 
65.04214964515891 24.20211466321614 34.69531016319276 1.293873194318536 
65.70101230098587 24.20482891134565 35.88572581468058 2.496297858722897 
66.27556379874981 24.54230728042613 34.63287078299197 1.270064206149883 
65.68333296529501 24.25118876642204 35.30064370243438 0.9656424575620406 
65.19320965585108 24.33592231909854 35.84679511602629 3.357028536620703 
65.62100557324176 24.46128706477595 35.95289796482511 4.25372704073726 
66.15911797831988 24.55311527566568 35.70143359250525 7.289570331610548 
66.03133330435875 24.33518640240401 35.53158043283721 0.9645221113692628 
15.31603151340322 25.58198340690068 35.78626116571774 1.926357688162554 
15.42591802957943 26.01698592572504 35.29474734139679 1.331417481782012 
15.21811114268954 26.12940092183339 35.81497359756089 1.296379409960352 
15.24785913099985 26.35200071462756 36.08572429511533 1.16333521770953 
15.27181499394452 25.9478191397395 36.55246148483627 1.617162926393334 
15.00653805180071 26.19019408720293 36.93246443948369 1.111703936515312 
15.12648952603517 26.66477546352863 36.64535829956628 1.281854913185612 
16.33103386161909 27.08831869140054 32.44985623488453 3.120415288136257 
16.12539239647237 26.88479606632499 33.24231835681561 4.22692236528917 
16.36281961743517 26.87615800647146 32.92979766983886 3.127925837629675 
16.39488181734596 26.57609246449448 33.64545272682002 3.234657001499528 
16.12454620883257 26.60709818560195 33.75910229380541 4.005132735135788 
16.42030254659108 26.6403170098557 34.07913882415338 2.451570786477419 
16.28038148953703 26.49302872299014 34.37070121111159 1.812385607200156 
16.60317541851643 26.7534801630042 34.48484013493849 1.664810633600482 
17.55814053373365 26.17440099931553 33.5363890488758 3.316457018150032 
17.74846529138011 26.4136991780425 32.89477657901473 3.518512602160854 
17.15751489935788 26.81664118347458 32.9108386713436 3.356037991054791 
16.91630603682626 27.0229378156081 32.9101885316422 3.074085407777659 
17.66817662860524 26.6144304034797 32.60984037858561 3.422832620153741 
17.42899543898285 26.77709940865081 32.58979570879096 3.49724802050747 
17.18453307239632 27.09183824243632 32.58101536401015 3.559358466462982 
17.40585521220521 26.46750878960887 32.91113569694115 3.359409906780627 
17.27072636106566 26.35126655756752 33.44072479794506 3.107495170618165 
17.85936282667342 26.28069731514097 33.35630365815214 3.472681136872268 
17.64058972673288 26.14821484644223 34.28017311948549 2.872042634629452 
17.19996914983885 26.62780957626963 34.09350535013477 3.001995783274396 
17.03500400241557 26.82539774276246 33.48561789418602 3.415412230127401 
16.95255152655065 26.78892720231677 33.77181672630937 3.156380697211119 
17.39385871443203 26.25550894446591 34.52024154569917 2.075117787411244 
16.78845439619719 26.97530791668551 34.40436755443492 2.49721008882679 
15.60059345896047 25.84761215033115 35.18902451397381 2.775482812246565 
15.9264027615732 25.91763144683845 35.27041064409283 1.273283479239097 
15.58396349887675 25.41784278344416 35.78263908682691 2.184534398142318 
15.94636805977616 25.60480007048162 35.8018458769684 1.297893871464311 
16.01772541601958 25.65839621856033 36.12398562382626 1.444370615737796 
15.45437784024994 25.38799274029725 36.14625517689073 3.122020996822044 
15.51535485918365 25.70832063040676 36.71917705827643 1.930291348128307 
15.70885855380103 25.73354298154878 36.76928441609067 1.451448254760606 
17.49604864729067 25.78883765212306 36.5829146531946 2.371082553815739 
17.99116959504062 25.82531443923127 36.59847728514667 3.004884511936723 
15.51553405817586 25.91261314120286 34.94398293621647 2.517156360202847 
15.70466917554104 25.85997749625317 34.62156699104618 2.938659361938136 
15.75175924773424 25.80006275647636 34.97635412333882 1.951917171935975 
15.49737699105149 26.08706619726307 34.61226391860782 1.817844726674565 
15.67483103747291 26.41488950643264 34.60199127518887 1.09635096367245 
15.65167142678424 26.10406003682025 34.42587608390213 2.230785237895731 
15.47055785900718 26.21628388729416 35.24957345176584 1.032074998506346 
16.12285337402559 26.08877986508619 34.57135936502356 1.519208653700602 
16.26702617274664 26.0857314457126 34.9396210903727 1.365316595402945 
16.23256588529863 26.19249639113974 35.25342399496722 1.315912833160084 
16.30407858918564 26.35734126303374 35.54764004696141 1.187549077479673 
16.11344682251378 26.63164859426667 34.23085870388565 2.738927861777057 
15.65506096361715 26.82486457013555 34.94701884288482 2.519029888431589 
15.92783398976318 27.19216291242796 34.60656434769803 2.965859482126547 
16.1101144767406 26.97791665868306 34.32143410645365 2.581475350530184 
15.52794268841466 26.51939043189132 35.27114069149569 1.281018823114238 
15.5554344815964 27.29746740306312 35.20090888497305 2.509842324507645 
15.4933021653405 26.67157301006434 35.77045255483228 1.198219075751041 
16.42953820737699 26.43034827902952 34.63204553969947 1.472309173384446 
16.62527357389833 26.67194195281324 34.95423888917278 1.808913259145712 
16.64528982279443 26.9289518015598 35.65326092859605 2.051688895119213 
16.49364947821628 26.76972466489484 35.62100189778978 1.4152366595806 
16.32941089796956 26.26928851211701 35.83187228916268 1.219115163818472 
16.31136725520878 26.28236915965316 36.07453075808556 1.1942917003594 
15.50596805469311 26.83512848911453 36.07875443084768 1.212823579988523 
15.8159089373379 27.13381433317926 36.10730782669528 1.429236031845349 
15.373611893351 26.98524705696687 36.7003808348352 1.339099890205972 
16.655215201385 26.86447270126581 36.09617450925455 2.081045591085825 
16.28076911920106 27.0556770175521 36.47878202644458 3.063517896407205 
16.49719633219887 26.8833056222143 36.12138399184999 2.152804792019396 
17.30094563437456 26.03332290474532 34.99890832106415 1.865031605399182 
17.55878030314018 25.77625461402755 34.96803575719876 2.481169438547369 
17.86283481912081 25.80644047383399 34.90451100288527 3.236041541519427 
17.43512750817322 25.88072298200895 35.74063890949195 2.06753520702992 
18.08312485066017 25.89897913582948 35.51948332058733 3.008428528307491 
16.81873206962772 26.7524136818392 34.95646072556744 2.772365663486681 
16.96035557756208 26.92266350483669 34.3663458050378 3.1046356893969 
17.0629289771273 26.54591659905603 34.94087949683634 2.357138292431671 
17.17275787116294 26.36102758511087 35.78294308777904 1.607930524450239 
16.81403769028342 26.82940635660637 35.70399257589006 2.183242676447776 
17.38077672732493 25.79755427998748 36.09632809787532 1.787795639840809 
17.29093266159042 25.86183415108585 36.42279691403379 1.820367983180802 
17.10259107525623 26.06426225996727 36.50357940399723 1.650782980752226 
16.97661689276834 26.30223107779506 36.61029278939461 1.798374874359126 
17.73672631986431 25.79996113763302 35.77592750039418 2.270303606773751 
17.4694133761454 25.93273840498506 37.2737648008609 1.490455276848806 
16.75130765129666 26.76898145059822 36.35706981682601 2.245495492178378 
16.82660664934081 26.80802642547163 36.74226106418529 2.714703729145384 
15.19839869995934 28.49103903288886 33.01092921484366 5.580056434631899 
15.32590563549104 28.51869641672778 32.47881102564828 3.973805100041687 
15.21944645769689 28.75153037936459 32.36488743266366 7.142853081520059 
15.15105992510074 28.6478672027379 33.40413378177424 7.044664829298824 
15.28871697702369 28.47118487788745 34.94752108963085 4.439546427528001 
16.10106052868799 26.9832588768015 32.91537732282053 3.793736823707206 
16.13603048965482 27.16130697152246 32.59196816014084 3.966376733440512 
15.8311829896829 27.56725914723954 32.90781450873727 4.0710992507382 
15.63323432810746 28.0377499826033 32.684108250739 4.159565750235913 
16.00950053530968 27.10434281568158 33.55200211588855 4.767236690910806 
15.88648602319367 27.34785205870552 33.4992151751055 4.222709283489792 
16.05406523353518 27.24162501307637 34.25101287016358 4.106714415663475 
15.7242695317363 27.69886140032912 34.31985501550569 3.564520760667762 
15.59545454777556 27.781736934128 33.58359598074087 3.994330035664888 
15.41839127417598 28.133171352104 33.55241045797536 4.572125319580095 
15.36267868659981 28.44296623123088 33.83283013849785 8.355216558169218 
15.55222074578663 28.29613789242651 34.34204715721563 5.601328751145729 
16.86932202172487 27.13993168754515 32.63518724976328 2.867445952094812 
15.27382699801443 28.86496832699852 33.3269037694871 4.368073416430946 
15.42184952592579 29.09627452310836 32.32875106499901 4.457433775738991 
15.61193156212111 29.20298645963342 32.7525013803442 3.418316911939399 
16.26605076416415 29.44312363717097 32.55055659094797 2.889392651753809 
16.10009788225606 29.33380671344752 32.86594002711806 2.859083117665961 
16.67722316317445 29.34723633794379 33.03560500045567 2.947840883002357 
15.78698409236003 28.96440329490867 33.7942293182635 4.136864901683396 
15.59930077549179 28.5419482543488 34.35068912783051 3.905760807551871 
15.93535024235766 28.9136546124342 34.33176242597545 3.984574442926913 
15.90546415760469 29.16379799164894 33.48345926404696 3.036494227722727 
16.12865176406018 29.31480962804808 34.12704819295502 3.705620326644691 
16.11495478083283 29.18848213763863 33.54974553348431 2.759719166656879 
16.57765444414516 29.33490966213383 34.03273340242926 3.182213680815636 
16.23092561619152 29.19840925403351 34.50981673389551 4.000822484152053 
16.83029868236713 29.41728410621543 32.60177318641763 3.020724297558928 
17.39449671063885 29.54172150829612 32.60753460245594 3.353263109869658 
17.17206453112156 29.43196911067762 32.88735000247412 3.253302366034262 
17.39466679597905 29.56387626612503 32.10586311509791 3.334698719655222 
17.74892142773786 29.4677871744919 32.90260725273473 3.27408303548097 
17.3038273366038 29.42060293194985 33.47407562210525 3.2450316247876 
16.9806138289566 29.42500325306365 33.98069365888011 3.297384544290026 
18.0140443570342 29.45901206753561 33.96511040850548 3.346264994880812 
17.52011269971936 29.42133305911721 34.24712593089931 3.391120417466823 
15.61616716675007 27.31795545951945 34.92959686383009 2.798415223183696 
15.61504025741793 27.73533699638409 34.65601916228926 3.212398006850009 
15.47482095050412 28.44191510177586 34.64179740405937 4.343535538522417 
15.49141602180548 27.7725665263259 35.2685335199589 4.618042351762369 
15.65044889549414 27.18349771891904 35.70612482606091 1.987425861672918 
15.7099677724548 27.45286462043844 35.70087657934558 3.639706263064681 
15.9016677324375 27.74820881210072 36.11692278684001 3.471267832840084 
16.17628012413983 27.21084267567113 36.38164358392176 1.663066905998605 
15.97070499700606 27.16026047282791 36.68906855274693 1.497374834661244 
16.0961692680352 27.6991924642018 36.74493080302933 3.697113672154416 
16.16187087177562 27.47680736912048 36.09486706862986 4.874416234972159 
16.17748242620427 27.49232854879582 36.327429210955 2.739629800362565 
16.14268178174399 27.28062651108407 36.72437011220871 3.11074550400636 
16.6990285429801 27.6957436276752 36.39879778379681 2.111904300265365 
15.70606281122342 27.79908538995068 35.79596137904593 3.799948641788802 
15.92878168448217 27.87066208649114 36.41299295424543 3.953683344019254 
15.95494891278394 28.04590117111289 35.90544190383993 3.141323824494719 
15.6469928463686 28.11754427475575 35.49920208199622 5.090835213117487 
16.14504086870742 28.47137124961013 35.54871666980331 3.084498463653574 
16.28418024982628 28.1780158009759 36.0614976888173 2.605938296978138 
16.62198119034533 28.5520468935818 35.9059469733505 3.053542343575288 
16.05501652562562 28.06174436086854 36.54889159307859 2.66134576121371 
16.31757672881707 28.16569503388889 36.50152232215082 2.019566623971443 
17.0223121336178 27.79804230156352 36.24049335808856 3.734677780197785 
17.24335650899688 27.5992756562577 36.33807853617611 2.475634179040441 
17.70671272302644 27.42802807177527 36.31706964466856 2.116748981763067 
17.34555999210357 27.46929439369149 36.71442107466349 1.709363308914334 
16.72524879304702 28.32543941557156 36.1264668726751 3.528260701752771 
16.80231160101938 28.54849135011166 35.95005258807947 3.255974035175313 
16.60784207116503 28.09636888231014 36.3655367837326 2.995102814044742 
17.26244814446573 28.33851823050553 36.05134132379417 3.156897482574692 
17.43520563724735 27.99013430682207 36.44972325350212 3.89809024313297 
17.57852888712073 28.1973239394315 36.28415731753233 3.897308780513498 
15.79067289316578 28.77008363349729 34.74071974718122 3.486929958386412 
15.31330998348474 28.49437298137586 35.21004846898047 4.296382862383837 
15.87441819614688 28.71455090232856 35.25879759001043 3.074727642909096 
16.07020057817765 28.86273111944096 34.88845627607439 3.241428630105929 
16.3858938089143 28.84016271141665 35.10211258128145 3.052284703609587 
16.68805190432525 28.80134137257348 35.43507130882412 3.160047021062695 
16.67067296121709 29.16672571757596 34.60432136334576 3.22549554272959 
17.14531250622267 28.76406140278078 35.51363420330637 3.022549482909881 
17.36467574003008 29.30592282541659 34.72830668717765 3.469611122418229 
17.15218381593611 29.05814335424158 35.18701971049676 3.639159746831268 
17.61142860133287 28.94688713263103 35.24856352154672 3.266971073014929 
17.69186253028207 29.37773091295935 34.63522482400774 3.554336124889403 
17.52400340915299 28.64835162333623 35.54701630435167 3.034926226481616 
18.01584595278421 28.6600002100551 35.72730184940657 3.206546826636725 
15.17772962803459 25.50749226500626 37.73830278663749 1.106681594941733 
15.43407811746108 25.45547237178508 37.57053909246035 1.108852552726077 
15.329729672931 25.48661524273518 38.03323655519694 0.5537444000718139 
15.17944583160381 25.72089959489329 38.12111663488126 0.4050621328563651 
15.02784619474388 25.4254508650414 38.12395728665701 0.6162275091864871 
15.01539011806898 25.19550484288525 38.47792312180071 2.510366603017275 
15.00805127976564 25.45901598709882 38.50565930860624 0.3871133589762827 
15.25165084664263 25.67650601556596 37.1471928966368 1.256122845338481 
15.02668921372766 26.4141942453822 37.22028891726258 1.174960712960413 
15.03451822051208 26.04763872875344 37.39608683774551 1.037146166386492 
15.22600264240613 26.24971443033014 37.83621995270631 0.9017572237056726 
15.29866751491267 26.79641099576261 37.15889324943128 1.286461385153004 
15.37188187729707 26.21207167334952 38.44634039854291 1.445759385759501 
15.34573403854388 25.73941923877545 38.51008694521406 1.743686873002261 
15.73591057131179 25.71790560563281 37.54579778228004 0.8440987337944179 
15.24783183305144 25.3836313169699 38.45192005924131 0.4775049927247785 
16.13001907862841 25.95458947885863 36.53731402363997 1.319934477163414 
15.85175924363686 25.95221624044596 37.25859279115544 0.9623418475809444 
16.10050966753052 26.15281096016144 37.01149861140078 1.197454895710379 
15.77702173920207 26.25618448519316 37.64173122456704 0.9473517484644915 
15.66630962846979 26.9689672409779 37.15712255899873 1.449952284407402 
15.62709186580607 26.54258006920617 37.55129621244846 1.13169129933749 
15.99677815661283 26.7694911348975 37.18555106935972 1.372656615394959 
16.19120768360787 26.55381760129749 37.0242959264928 1.337434236351726 
15.60295354691777 26.03132048995557 38.20626424449786 0.6968237881800263 
15.44803232226276 26.38464235016388 37.94695777990604 0.9508481471006363 
17.24650314713667 26.02488555659563 37.26411253759839 1.396320091501465 
17.07648269798367 26.29467549707323 37.27418321182346 1.322579316007293 
17.32305211244451 25.8823953989658 37.85058768391209 2.052770083580981 
17.11838032282168 26.13164872155018 37.77375692535965 1.346632798280368 
17.18376280938516 26.39352200897975 37.9110670245377 1.099338795234246 
17.7908267452092 25.96083526193967 37.33380092797623 1.643793446624187 
17.61264867787879 25.83203031490438 37.60619159119462 1.139587383281281 
17.06636175776686 26.6663487748141 37.17329561441429 1.368782538026082 
16.9718243138929 27.07457552793744 36.90813255856846 2.851999194069037 
17.34891337667354 26.71060400043231 37.49644218463942 1.234062298202289 
17.88620145319562 26.84723796553133 37.3634921295309 1.625381819903566 
17.56293984916761 26.72251437209334 37.56512169214447 1.176237206648452 
17.58148844614418 27.0760064639328 37.30627674669744 1.901122101670325 
17.56008416586129 25.7927726823859 37.88226763666056 2.086026841213283 
17.74528773282754 25.96945670546326 37.7897512203774 2.146481543604494 
17.38878966980608 26.21408038716848 38.13809551919589 4.716601393856251 
17.57355384333633 26.37659652166734 38.16720253561582 1.731602603841154 
17.93970630294978 26.45667941223099 37.87699592960449 1.583779026992445 
16.39078688456763 27.16128786840558 36.7316701795647 3.552122987944188 
16.33528504994609 27.42399453031918 37.04907189235437 4.548239587092951 
16.58651367698798 27.13453581487004 36.82567756216876 5.35631641107409 
16.70405189955576 27.43201071307829 36.82830767485199 1.831118714058078 
16.36025883617225 27.74231725400703 36.79659284563053 1.969053996969279 
17.30399851566272 27.35362784099129 36.89818272626998 1.996911942867214 
17.95749462731559 27.23877648143429 36.81244832753703 1.649902777804868 
17.76228837302686 27.4094444794772 36.90164809968962 1.694647011771963 
18.29924334248235 27.08243616253942 32.21985375851085 3.209293185523961 
18.03044743194183 26.74934737857472 32.61416171751547 3.368329651161616 
18.29689459701622 26.57858368122161 33.35310816477761 3.042240503891207 
17.98675544986504 26.17811338471909 33.68008169063528 3.540417485230563 
18.41918982840146 26.48284527596739 33.85377899747007 2.953129110403779 
18.33718640999618 26.853960787898 33.13869491020942 2.821324429539487 
18.53097041565335 26.77067075795831 33.79893169796978 2.725956742522897 
19.93329971736026 26.23651227199893 32.8821471020194 4.18071237526749 
19.96735405088519 26.08185551753297 33.23366492047905 4.008938286475399 
20.18403759108637 26.35199233514469 32.52766709145628 4.122739596222004 
19.87033199322773 26.61229890190383 32.61720700282369 3.683296069110156 
19.71199997345175 26.99154766985745 32.63000065981553 3.610442627137814 
19.77374131035401 26.61179591438099 32.92522363938495 3.416970562792955 
19.59351953837186 27.27192051852445 32.77691527320968 4.480111903138948 
20.672934958859 26.39580896406833 32.60692458700335 3.570161407648271 
19.83789501875662 26.12583790312422 33.83537501918054 2.926994708956244 
19.86411931804519 26.13781346681104 34.49548499868876 2.441882390339572 
20.12531566436705 25.79320731222324 33.60931052192256 4.217715947642887 
19.8814683965135 25.94066624840164 33.60171003160633 3.610258440773435 
20.36724631868079 25.80928244058758 34.00668465132184 4.114368543503929 
20.04553899815831 25.88600160721724 34.21965338989781 3.9418581926831 
19.77424802908209 26.8854868412309 33.44499025487332 3.462072050626915 
19.87901822290292 26.68174845211345 34.07797241489232 2.542811200302708 
19.8055427337699 26.96422569552785 34.27789743553153 3.38501592057392 
17.88990059636162 25.66963742906345 36.10296131405683 2.216897295964287 
18.68711802913115 25.66540054979001 36.40085683246519 2.388095137653124 
18.48516886972216 25.69775836172929 36.81862776171972 2.654846061294876 
19.01556481815623 25.40859719998287 36.39447284797818 2.854011224642647 
19.7640847167083 25.40756996488199 35.06446026281741 3.254629378029591 
19.65741056641883 25.66389358568357 34.90814110172473 2.865485406686048 
19.56153699692179 25.08181721769261 35.77734606813999 2.932288495788612 
19.44365438327646 25.6862874663116 35.20063769783268 2.461728591958604 
19.3738863239531 25.81541070156524 35.44496960110694 1.990135600830229 
20.13397208078398 25.43896168772184 35.02981938440763 2.573454058532917 
20.46645925751846 25.55155966573242 35.00694678930785 2.49174444306388 
19.9477860951102 25.08740375899663 35.47985121886878 2.512247382677685 
20.60071504041427 25.32749717696457 35.70226003708418 2.407672069442867 
19.56298483558929 24.79719258281363 36.09007151486247 3.224780068138301 
19.82103169258333 24.70604444809877 36.09110625081696 2.703646746137309 
19.75739067962437 24.98925730533881 35.63329764904169 3.170160592810703 
19.56987949472817 24.57641334898133 36.45205520881919 3.227805607144774 
19.75257360136814 24.6054974008674 36.7781794270155 2.536123446589272 
19.99640259189315 24.75588454046998 36.72250341986724 1.869754825416436 
19.47028126821554 24.94854879242108 36.44883133882016 2.413755295469542 
19.45401674332296 25.23705177710318 36.84044176237501 2.59338510190247 
20.11348994382716 24.84876640508381 36.12433117723861 2.349448149147264 
20.33824677249541 25.25929006465561 35.51852008728742 2.376523061282199 
19.98768437460664 24.70554606123547 36.39679764130215 2.195661961751966 
20.41264362068064 25.08340659965218 36.14480559201791 2.130015234286134 
19.1318270430546 25.53153635104367 36.09770469612181 2.481652625610877 
19.36782916184502 25.54287741748868 35.81244308795592 2.218808048208928 
19.39422124330522 25.85365877657297 35.80909715225958 1.875291535209698 
17.98899789597609 26.16981354800445 34.49961014298577 3.238485999134866 
18.2306366628191 26.39709427424631 34.5714330360078 2.559989600210912 
18.2129416679607 26.12579392030822 34.92391646345425 2.314656263430749 
18.27037809200295 26.15545334544759 35.61617815704157 1.888623896618142 
18.28288153375129 26.74435178018144 34.84490807101769 2.20017960368142 
18.26243617705707 26.75962365299319 35.47705587236641 2.164367199814762 
18.30420172722216 25.84421859458028 36.02798224418047 2.33188348964552 
18.3548465387955 25.91465041175714 36.50213616975137 2.615230281518109 
18.35530952190973 26.15571447122575 36.26802133532304 1.41672090678594 
19.41611766783186 26.11322150104531 36.3043677382814 1.928433047906069 
18.1917248986813 26.51455274791093 35.87327733578512 1.800948165743876 
18.19514493268951 27.40130469757364 35.84665465237002 3.082635570857946 
18.04570623986672 26.63291929447756 36.407753525175 1.435111866926306 
19.93068514432856 25.80786916286586 34.6475782572146 3.010501712621505 
19.75729234626596 26.17411824008315 34.86424236775542 1.924659523722994 
19.59174702580675 26.00704774675241 35.12919801448557 1.829673503726553 
19.70711846917283 26.35760901045641 35.45845558913574 1.849176954342056 
19.87368719788419 26.69275160542943 34.46230783961341 2.714262358671164 
19.74130816065608 26.51390492967667 35.20341821362907 2.418209124800313 
19.2097943135536 25.77121086309402 36.05224540337971 2.05194245351322 
19.72560933917019 26.5065830587195 35.88461284081411 1.997931615016995 
19.65601427717757 26.93328540365125 35.57637083918826 3.28941352888566 
19.51613738336235 26.64680008544728 36.6552477298899 2.162228994330121 
20.42441821415549 26.19010961863782 32.75010953400659 3.928878129996548 
21.08839460630619 26.63815289565566 32.7182142407644 3.473581522971102 
21.47620069767606 26.86227077194119 32.90496592170284 3.618056872104091 
21.8061967960713 27.20589598853271 32.97185477344011 3.755475853080497 
20.66517964715809 25.9261664665039 33.50824982895107 3.340801766261791 
21.29056249862743 26.22847534532079 33.56848576191924 3.37529610156551 
20.9851622036691 25.97635547911215 34.11880353549383 3.371858197811491 
21.58876258374153 26.27888706436621 34.61820633169751 3.21852353289475 
21.44203853649275 26.36767524105503 33.60181731992103 3.414222753619384 
21.82552737947155 26.64657764184612 34.18682032394369 3.502069497423832 
21.94324378909701 27.07609650682339 34.60820026576499 3.99060666721752 
20.32877374728848 25.72759088477039 34.56761498825943 3.134547603314928 
20.60583781500837 25.25606167734275 36.14117591481837 2.469583826170663 
21.22033561144057 25.66539189515671 35.81975412978737 2.705780600762949 
21.08946609465667 25.90223176817738 34.78878850955707 2.998912957957742 
21.16534400557126 25.79699364142687 35.35692831739839 2.700770103194429 
21.82937916585072 26.68136115487724 34.77446945134697 3.306689581406999 
20.90881084589223 25.74452237810246 36.73651989866036 2.388103597656738 
20.99293910269662 25.54634784528326 36.07760197023272 2.891361415451797 
21.74425781136148 26.04839189594206 36.49041857761039 3.460991829022703 
21.87453943498071 26.57520940040605 36.32636729643564 2.600057627609402 
21.54089852523964 26.90413811836168 36.37345175128239 2.498239550409323 
21.92246664944855 26.58187761194552 36.95964632731896 2.821541730775152 
21.73317757696081 26.06587114831417 35.32786796534088 3.112989338678972 
22.00176560102875 26.47041285427177 35.4865783747964 3.021609939080037 
21.81853227886682 26.82784799035896 35.43119902554019 2.853837431996993 
21.85923424937241 25.96832597353034 36.12797735816888 3.37598837157546 
21.9664664340053 26.07492448276473 35.71797581307681 3.455998493175798 
22.05395418838893 26.37099915871163 36.01877984808601 3.503731767276633 
21.94964098301579 26.32173803001993 36.51278748384209 3.262745905496104 
18.64800686240443 27.34649265326311 32.21815882019564 2.976381309477489 
18.5009796459437 27.31455893286656 33.38472534408224 3.051525720428288 
18.43756587097014 27.1768112231711 32.70044036166622 3.12951607659457 
19.04594994771522 27.53362467893002 32.81487680457241 2.717245839373959 
19.11404056679941 27.39831252182088 31.56594847663421 3.1463089420524 
18.49285126913362 27.21440914402929 33.76168742951113 2.967124373523916 
18.58472587733207 27.40359878333459 33.80359482302656 3.163591279147852 
18.37047670847993 27.49002860969959 34.27645419933359 3.12968841895389 
18.85269954548188 27.49229477063721 33.7478805394934 2.75625129031863 
19.29535739631601 27.45713588687198 33.26398893445359 3.329257728759984 
19.20311124290054 27.4605125402981 33.78509135349074 3.528890126021594 
18.96632629074405 27.6265386515845 34.22985556046515 2.728745401428199 
19.44576756633334 27.41605314286643 32.61193362236919 4.101409268254827 
19.48563336707613 27.27893402884732 33.5423355021415 3.958076503038399 
19.55696139413175 27.24600232827196 34.23175281686314 3.320468993577805 
18.10125230092505 29.49883408290913 32.13793863249158 3.266203388115628 
18.59162647232085 29.42146302672082 33.01341138496726 3.27430154528858 
18.86751137792086 29.55386088140233 32.60293604039251 3.423081827688748 
18.88812206542382 29.4169174335603 33.45507022172278 3.431877572588206 
18.61587412290775 29.37415875065382 33.48256570363919 3.28365105785312 
18.47658144582664 29.48247973253631 34.02254140765508 3.370679840165366 
19.37794552646728 29.60416744025888 33.4139396126815 3.51460673934983 
18.98500897492572 29.39232943976748 34.10076191109972 3.346819004260283 
19.54510821090068 29.63686892383276 32.67853254690628 3.445707261351913 
19.82575746877806 29.55570879861874 33.87459264454367 3.493236045079698 
19.59603168243521 29.36072167264256 34.42272763777913 3.313542909476865 
20.31314651083237 29.56532430372256 34.6700211599462 3.451305124885579 
18.26641574468556 27.24614877206598 34.51538654070567 2.505569297539807 
18.26020596879175 27.382253961326 34.47888639634461 2.95128023704271 
18.32644254915877 27.52820360400056 34.65400071828919 2.674235664433184 
18.61884545698595 27.72588069881559 34.53941489160661 2.323084119030227 
18.21293008648588 27.20905998624207 35.01741718203731 2.365344012507705 
18.24183925600474 27.39195654505253 35.4851134593514 2.480612286880842 
18.35909905848374 27.57512660748024 35.39575711359073 2.405898127542372 
18.64731367828108 27.78553509855358 35.37417512360923 1.778313909505513 
19.10182596411276 27.67680395950137 34.87461967641807 3.83555631356802 
19.23924339178485 27.74877259766922 35.42364040292312 5.493894923547202 
18.93095439517759 27.81201855125705 34.94325132986457 2.2455409344835 
18.92905409127874 27.95776010598494 35.84240305975479 4.489876197594924 
19.08637467935007 27.9256272565335 35.29196864615748 3.603939059788758 
19.16450353021616 28.07665702178246 35.54785792274652 4.386952760494182 
19.36790345130338 28.6504912452988 35.37838376016077 6.079245474117783 
17.88172047361944 27.60519445091897 36.1633368970072 4.117774782672996 
17.98426485848857 27.16197955060186 36.42670018223983 1.745449816898059 
18.06395793506188 28.14417959980203 36.10478844019379 5.127057564587801 
18.34218252173914 27.8236305013684 35.7603843929373 4.233762399067643 
18.24342441629944 28.36230708784613 36.12438583127989 4.798622337458255 
18.88188914928183 28.2019689405017 35.92852539318974 5.36757691759766 
19.74542642466987 26.96738622870186 34.68031596567712 2.97675354963647 
19.2498759564414 27.50965523575644 34.52021990689192 3.427589075899476 
19.57850410231616 26.91676026921042 35.22347161054347 3.178720424466547 
19.23986117428483 27.29125134862412 35.23598798097823 3.472535141381343 
19.28025132203503 27.52257440983654 35.64987389921174 5.598905806110906 
19.28562576521053 27.98961589656414 35.42148099126618 5.72788170348133 
19.5185571363885 28.17251394314062 35.49373253456833 6.973170547335542 
19.82948515233755 27.14549763923477 36.11263172327669 2.126865212369353 
19.73742260928492 27.29049430551748 35.82325074191521 3.6180020029378 
19.80385940586035 27.81930673210114 35.59109134620572 5.083160781268361 
19.79697539480506 27.44021684779459 36.68281038150018 2.383566860290557 
20.12749854544927 27.54145229825062 36.10382211245187 2.290179539262624 
20.04714925800176 27.6549014080104 35.76656825493068 2.928909570345496 
19.97151886837836 27.90236009548256 35.64607792020598 6.383298003976506 
20.39797797080882 28.02882843788381 35.80769666709908 6.400097637437227 
20.12165839823719 28.53364244143086 35.98109995118831 4.975595944471024 
20.49354522815434 28.2647277875458 35.79781347191042 4.146263723983282 
20.32684192411733 27.79202714843623 36.66571895234009 2.566208669724176 
18.39504366495324 28.74762335923218 35.47866090833944 3.140308382346745 
19.09529857801688 28.71449349574313 35.32910726115591 4.06537835458056 
18.36350312069673 29.17381297320421 34.98859840801684 3.792842238753707 
18.16461510619162 29.25591411806205 34.73178549898162 3.490710854858349 
18.71865534102021 29.38464114248978 34.74115222578148 3.446935170447773 
19.10362962277391 29.30019571081138 34.81810308070551 3.234103958977613 
18.84552553976553 29.18468688939427 35.14068298669344 4.014695439791382 
19.13291998977759 29.13373154709125 35.2352976582822 4.849243615078251 
19.33949467998056 29.33637921203778 35.2341988191416 3.690246324649991 
18.68932467790099 28.51411684629307 35.92968832039095 3.326295035494638 
18.72534133451573 28.75380967236859 35.43323416741087 3.205611150237104 
20.20267508197721 29.07396082134015 35.52225474294166 4.242259143267972 
19.78892901464942 29.35994226821336 34.84561849229674 3.308366354123137 
19.3975758377842 29.29906389290048 34.92550747704041 2.929802221583884 
19.64567183222988 29.38548088760764 35.31733306138959 3.670404232175571 
20.09361645816821 29.3204931371603 35.22248919602993 3.886657394250079 
20.7125283277463 29.56659744525167 34.72775722872215 3.526990009210067 
20.7453812120756 29.31723122561359 35.21710191008302 4.659054515564094 
19.93241498690556 28.47183827222625 35.86838195507125 6.744398030199818 
19.63837357869289 29.02681493515771 35.76386590544557 6.5735891069628 
19.87548722331475 28.93836692416411 35.87490814780129 5.327503572482613 
20.08376046278689 28.64904138950375 35.92481835375867 4.971315666071519 
19.69261934364885 29.16354651404242 35.75186317883681 5.609418448315068 
19.9368691222244 29.15006081796368 35.66417147456774 4.153425237899057 
21.46477222376464 27.22074583429409 32.15427151879683 3.725290801902958 
21.66996904509606 27.32661717963641 32.60126702846433 3.754206852538516 
22.06503234283 27.53893604041963 32.66450627867068 3.532409729239077 
22.14235865025778 27.52365870205742 33.01435635713039 3.643598589869924 
22.66105054620028 27.98446551874763 32.60749889350659 3.0146969075561 
23.13668671153191 28.0371198984267 32.70443592023181 2.864874594425174 
22.70781511139775 27.93150922868869 33.40860961993128 2.91347248089528 
21.95505620517811 27.1493911485852 33.41780838278029 3.859601094123093 
22.04545429359894 27.33081152550905 33.86120770171378 4.321463630809944 
22.03844991036699 27.89942128434455 34.29119660618983 4.135977326447176 
22.4757505996628 27.87700180964052 33.49229839879583 3.745152714957271 
22.38594003415028 28.25647916041119 34.05768808879068 3.096465984764819 
22.87919569336697 28.29156935585359 34.05782182161506 3.006992744837135 
20.71962666088422 29.5793617859868 34.30543475982979 3.325467888855655 
21.09353783118927 29.63637486107717 34.2091805081181 3.465796627646228 
21.70982879961401 29.42552059740766 34.4055282152298 2.436715745275791 
21.80985611792228 27.12965920349983 34.90925900474966 3.252904504150052 
21.58724095900676 27.23920539417431 35.3430922896325 2.770688165627377 
21.54832295606527 27.61449747224527 35.12889646765213 4.22436067619509 
21.29499171177852 27.76013199562966 35.5099127266156 3.228772948129347 
20.96549586607693 28.10869732823156 35.48679695090456 3.909603099478602 
21.71120212267336 28.03100518840181 35.13449111323233 5.011702273034643 
21.01306976786353 27.76734703638931 36.67557678124037 2.66435099621151 
21.38831344631294 27.31219782458243 36.12295444297699 2.59169044232155 
21.39121128962629 27.32468169875563 36.67149945054295 2.455986666649125 
21.20944405761912 27.60408243025852 36.69821754863172 2.568905235447289 
20.60316144080684 27.80087130140889 36.1098615271879 2.579184623266116 
20.92431547236792 27.78221938187889 36.09291264191787 2.533367177412089 
20.72438846452702 28.03466031970999 35.89941653211624 3.309500236321696 
21.88208601914739 27.69924870947928 34.64168389221397 4.253107285043995 
21.97559433938168 27.99199061225319 34.67934258289599 3.856034598314153 
22.13628823277382 28.16705868542523 34.47857804306161 3.351380396494136 
21.99699840368987 28.23842704257736 35.06325515585837 3.161888884706485 
22.05725533465256 28.34298974127711 35.21721956517019 2.271354580936901 
20.72185826156274 28.45510341505153 35.53471305355595 4.473460890012632 
21.17075979052532 28.4812100694621 35.40354181353215 5.85530627790348 
20.98314145297232 28.90333930185822 35.32831347874159 6.43490160887319 
21.67191569555759 28.43507099394848 35.32785932560407 4.282979316087847 
21.85460352986835 28.51404960670688 35.52172054693256 2.977770925499556 
21.48053511095193 28.77759842928845 35.51838203492672 5.066489256433783 
21.13835459091614 29.65411197799256 34.66818730668962 3.31129061480064 
21.19943818952434 29.4355276287916 35.27390111673057 4.095818897867218 
21.52440082347054 29.33869892189023 35.21611968168317 3.696764394862385 
21.66812119331438 29.40725126742541 34.81322483885567 2.490944610150848 
21.50049797792863 29.05219870058069 35.55119036792548 4.495724235521152 
21.82869653732705 28.83711048014759 36.16467329649382 9.049396111791339 
22.08596610830206 29.23934653800513 35.83395703322784 1.415226870147848 
22.38632966951139 28.33684082653615 34.41537148021417 2.170463236704052 
22.44152184087708 28.44129186185802 35.17313452024111 1.676149093014487 
22.77859977263139 28.48824773409975 34.89766547512237 2.387179281833397 
22.47185194900427 28.44965853307334 35.6745798005732 1.98467406421193 
22.84252346146693 28.72271486281159 35.28290758001229 2.052479059456687 
21.86591152250919 29.29575058940061 35.33719326188805 2.094433184232145 
22.13994086868997 29.73998646810332 35.23854122577967 2.637633096229052 
22.57976003720571 29.48712888989449 35.55022029755244 1.777230545614245 
22.03154243629593 28.53636351307438 35.91086127604216 2.560197232871019 
22.19568543246531 28.39865708481154 35.75868063023218 2.389447287944904 
23.02181073240884 28.93276679760217 35.76570479007729 1.469952699806583 
22.85947453165494 28.97118463950506 36.20048546316877 1.909325283745275 
22.62061837880378 28.88094573847011 36.24149597219584 2.900130571768472 
21.99867777885173 29.05687931520539 36.15842280640019 2.208232560263639 
22.78993087472043 29.47167290642345 35.90076389150719 0.9726086058229484 
22.49470396862108 29.33142052511819 36.13286111244882 1.048685853029298 
23.07270411255064 29.68325879082184 36.01169364539122 0.9945078690331144 
22.52610541811421 29.1661103743297 36.35168703703767 11.20309548876423 
22.68393424294159 29.36214021859414 36.48690110046003 3.260128138663788 
23.19548699771572 29.68057967678332 36.62684451336305 1.04856221611935 
18.7034004221241 25.5945832171487 37.1247369822476 1.515637202746689 
18.60867348089755 25.8045677986278 37.24999388588461 2.626183810767714 
19.04898260768745 25.49239320966181 37.14338708387142 1.921121187640367 
18.73034879563538 25.59150898117951 37.57286518167498 2.776673255612138 
18.76477427737074 25.60896299761064 38.01372051329759 2.416820717350191 
19.0746473118328 25.52162055673192 38.12965111713677 2.169502663722369 
18.65913685212092 25.81262530231727 37.8097783367905 2.348251904636356 
19.06282891573111 25.60151184282282 38.5072680917909 2.829508637034905 
18.69043395232557 25.88417010676469 38.35193663926737 2.763741052374598 
19.97330083572104 24.67466421906027 37.03208410072057 1.49518768201284 
19.49286250060073 25.07295027753623 37.5756619382943 1.659924860656659 
20.35976763974623 24.94397475441521 37.52460498063137 1.76567925668077 
19.78905371982821 24.36898246784905 38.02208521639696 0.8158788810276292 
19.30549380759278 25.30047224460595 37.57676065240039 2.390683415329988 
20.22907244994994 24.96726092160319 36.75814263220129 1.887111368829295 
20.68497349120444 25.47240615155472 37.02968861742957 2.088412320517818 
19.44455805965486 24.1575921803281 38.06152636884434 0.9239557897579544 
19.48604589373609 25.06533186759453 38.12330288507911 1.440375802031639 
19.26326580405264 25.18207000556001 38.62438447112471 1.771912708200176 
19.37047374482024 24.51718931106625 38.8069123194628 1.412503836699145 
20.00505883067506 24.88544349221931 38.18191336173834 1.252588376686077 
20.5042490366349 25.65501511836586 38.19311484035277 1.845925291524722 
20.23968794213518 25.23716161718987 38.25288095824484 1.697491627558307 
20.41377712494149 25.60356950585095 38.82908535516437 1.481765886280485 
18.21514478767351 26.31116812487357 36.91527667049782 1.62001406846818 
18.136091913127 26.08126636081276 36.97287857654928 2.372978319768265 
18.14166853467223 26.47888607680862 37.27655625752423 1.496924037325854 
18.0331297451661 26.28850541776603 37.74811489793741 2.036790345327574 
18.54392975084697 25.91516982659768 36.9266318103319 1.68949112299849 
18.99819566706985 26.08294403258524 36.92033079541438 1.614708558487948 
18.97495292526284 26.04463245471618 37.75694796795316 1.540565932822147 
19.27731733570747 26.35393450455713 36.88359318397738 2.0963610981984 
18.99912881205628 26.09712609472843 38.37509489962923 1.879073035967608 
19.0827063501186 25.952413534664 38.65666877102411 2.40028551943098 
19.69880642586245 27.10083660154507 37.17246182328328 2.328109361176473 
19.386234107531 26.52919109176685 37.28901392269963 2.118748443188451 
19.4872618427269 26.51048817119342 37.83712597749175 1.951112142163581 
19.75221306435732 26.86982360834339 37.8592382053667 2.008800785944857 
19.3197709539658 26.42792663321751 38.49253341458515 2.042832479908128 
19.62644488632155 26.39739008820021 38.87142309598107 2.324062578876692 
19.61768468319543 26.80179404374408 38.41613340560265 1.995620462887061 
19.86181428727198 26.89564693364427 38.72854211670603 2.206600021280678 
19.99005519227992 26.44848011587493 39.01895232875056 2.240989210825205 
20.16945386636694 26.88675532050434 38.98567049503549 2.243452763877372 
19.59484644709003 24.66542552339886 39.31197707090405 0.3894407361845751 
19.44493342220894 24.75548369089151 39.22741662063619 1.735219859671773 
19.23237663823306 24.47155941184074 39.59106422561299 0.3995791138717486 
19.42706635465695 24.55163657299312 39.31493013468494 0.3402773286872254 
19.53890594307457 24.89361255716967 39.26705670347049 0.678736542169375 
19.68184741309889 24.77644067660019 39.57601239460053 0.3417801274719174 
19.41214922495451 25.19541479477758 39.04660226992268 1.481174411170727 
19.45595493572493 24.63237925409786 39.82515591403621 0.8395916668694809 
19.52523045807116 24.92235895396023 39.638549617122 0.4550188167639462 
19.69686705757022 24.92748905990116 39.28430946271288 1.519091059650378 
19.62828831627357 25.38493780537015 39.28389174165968 2.392201623406976 
19.44614203132838 25.85978895578954 39.21764361218229 2.377698760070047 
20.05636953789299 25.22963302427796 39.06502463861229 1.39061393992155 
19.89946721344266 25.30939626459367 39.33725720950707 2.973655012884535 
20.22851908673196 25.82609083345165 39.60595882534746 3.249479169544259 
19.48774337270994 26.01751338003281 39.18252582606033 2.246210725055278 
19.82385021091096 26.0831042735765 39.31618950876487 1.766999258958819 
20.17971783825639 26.0285984570327 39.61214011078039 3.464087706916359 
20.47051033188396 25.95520842444225 39.33153099070904 2.262708698958591 
20.63204671087156 26.4640284791602 39.20480907473333 3.589402839866153 
20.37873298251178 26.30681304502244 39.31050373732166 3.108397973860889 
20.47765392250212 25.11837327035957 37.71080854800708 1.945981633400947 
20.76004200605119 25.69566036189189 37.54042963976249 2.316404100177238 
20.98587636062261 25.80663967670526 37.11645485824044 2.235080019158573 
21.2410443472951 26.03519795891266 37.49060705218409 2.757454786261206 
21.65606509698957 26.05798324228583 36.98400437804492 3.052697310071522 
21.36762414842943 26.21880080974047 37.6466250436464 2.680192957263216 
21.45474514097155 26.39017538289567 37.68763965173844 2.661502875566526 
21.68613936972183 26.65309131516031 37.29682858258713 2.766093900236626 
21.54794215047562 26.92925760753775 36.99457716801442 2.669027927923281 
21.42603446974606 26.82494288979376 37.7229644443215 2.460118774128205 
20.75693826610165 25.98446611070078 38.29498698970119 1.931871314231671 
20.69158565056703 26.01262995151255 38.80255233838969 1.687606717622245 
21.26704811547218 26.38851731745899 38.4323490248311 2.097870121128608 
20.90212959746389 26.39076374835513 39.05485420411217 2.85324039745629 
21.41560018326168 26.71186537633142 38.37201749075568 2.751346421938081 
20.47666364913723 27.0401672650597 38.80008266223862 2.45583825401431 
21.45748863125519 26.56542390714755 38.24388226641414 2.400125504505496 
21.08358282568234 26.55243064408166 38.86978983564934 2.765178769560066 
21.93087132944206 26.32085303286049 37.00388939724042 3.551781687226992 
20.18905565201202 27.10444337814834 37.79753685908854 2.068097676413004 
19.94573652490722 27.3164980104637 37.18193964551956 2.444827680168913 
20.4686354277269 27.56108864437077 37.20793072973834 3.037103589697267 
20.48770081960321 27.27289922579916 37.56332876307512 2.40892922597979 
20.06410452068726 27.06942752964731 38.42850374451545 1.935591298677593 
20.25810528895746 27.10536160902073 38.65930058018723 2.112800335505199 
21.28179440402849 27.29571018161785 37.1414089749732 2.9197821933044 
20.70292901914615 27.83250839590215 36.67662173975684 2.657518455579094 
21.04251165111078 27.5899491724237 36.98320127275688 3.086976519569077 
21.24154667341177 27.01255206430854 37.57525300085381 2.191387001069018 
21.40122243443988 27.15565600032599 37.18638510477562 2.612830541064625 
20.66423856232843 27.12390749458887 38.30704662589741 1.985449483971678 
23.43222225621866 28.16135535144278 32.61370509836227 3.428974341062542 
23.2498906248732 28.0236336413901 33.59803775292793 3.673031667583444 
23.29325148927843 28.47121047859407 34.02487453745621 3.074134475798616 
23.50730231575965 28.39361540562424 33.46073874374452 3.61592108376334 
23.90346959279494 28.47837078721989 32.56882544280964 3.123661754094229 
24.13673540339763 28.72771365416714 33.14945112386557 2.263388158105926 
23.66741351317964 28.59854928752382 33.62032364164637 2.939981056216908 
23.58883062552807 28.73458417533305 34.09008952254305 2.584932108006541 
24.29117155254509 28.89047694412682 33.79799399142427 2.386326271754797 
24.34455890267318 29.04081916312311 34.17516849671176 2.146201396627703 
24.5499460504108 28.70088363200889 32.47695115482978 2.44693470449738 
24.82106414119788 28.9653956484255 33.09740075013699 2.584381240914126 
24.98017332495628 29.19540174650144 33.75632226585743 2.211470082789219 
24.87538948894781 29.35322788635985 34.33347312403186 1.938510725067317 
25.41388619284785 29.32343118262285 32.918958313273 2.030162536782598 
25.76498897568888 29.63659664981651 33.81009303612718 1.550789484617127 
25.53540836037566 29.72894820948614 34.31747388741831 1.731120987921173 
23.19826834214189 28.63681260090761 34.89807384881917 2.318369963302558 
23.41887017382754 28.99448794274572 35.50688896180376 1.661889998638813 
23.93457716731124 29.03686625451798 34.89344944708326 1.904446883090316 
24.1957730025642 29.25392119873588 35.2468169857697 1.567336284827007 
24.32837590146965 29.14081141183137 34.68068935969384 1.926427301906571 
24.65049755593681 29.48115791298272 35.48408045857665 1.085267996367563 
23.04683066031254 29.12918167394982 36.39668440552072 1.779122806708131 
23.32936181895746 29.43179247493191 36.79351781634885 7.789239415872885 
23.40670411616492 29.32737758256757 36.68723367680205 1.674367295396351 
24.14985215574964 29.54271841088376 36.06554772519814 5.093534195984489 
24.07702847472709 29.29322118199943 35.84608166568068 1.416285941743027 
23.92679863634859 29.58403032376773 36.36727020299198 0.9623392491512632 
24.72862471374804 29.41096283993278 34.88900908571305 1.655519253346483 
25.02703763249 29.66454282947502 34.900929819711 1.650682064994839 
24.73952796663035 29.49513176136967 35.22603581900948 1.355744222171793 
24.6301467550393 29.58530869262059 35.9048153710371 2.204712231902988 
25.03751374399063 29.68704173703991 35.84223380973781 2.349077600989006 
25.94480389678409 29.35370063729905 32.58885133633026 1.728258726984436 
26.62455959856032 29.50175593283306 33.00135688196318 1.439919324408109 
26.71588687634006 29.3714066947004 32.2716457148679 1.811229487277814 
27.15143718649646 29.26470558610048 32.92067757258226 1.816977455447017 
26.07038950290025 29.56166311691113 33.3810211660667 1.47496174708877 
26.98435259640717 29.48577987324733 33.62406225777097 2.075732950531119 
27.07184827172135 29.72584622344633 33.97753059348464 4.560337875688617 
27.44724112828585 29.15583908585435 32.18576720379595 2.139529354349548 
27.36797977982849 29.25152935882177 32.94481011262669 1.848292037964114 
27.63581612723923 29.29616502050718 32.88980142424943 2.274190857576826 
27.27385007423754 29.52699373985777 33.66285097883291 2.199360191902883 
23.63762797275882 29.71488551146631 36.82150257138685 10.41698131759176 
28.21369816564589 29.59577952797799 32.81389419092901 2.534801268881722 
33.71064385400322 28.22241718586464 32.37931865169101 2.850431192827926 
33.41990163817518 28.21476515099983 32.89382031011628 2.584079339642329 
33.62091462202069 28.29708551147978 33.38192044860963 2.368717620234264 
33.27139883023375 28.41081718893765 32.30569970885816 3.970065778444649 
33.12452845855454 28.67913694296054 32.3527566088451 4.04730682000519 
33.1374076104501 28.38989902873994 32.8904674654807 4.125634851172833 
33.01001309433288 28.72802130469063 33.38214022437071 2.92051555476047 
33.09759261794247 28.92593527484411 32.93178788207752 2.278095270101517 
33.21154755339351 29.03591686654579 33.42177722346577 1.739230022241628 
33.37639209630829 29.30837061626343 32.29237799449727 2.822578202074965 
33.67958704772123 29.46453632949131 33.08614308512275 2.558681200223532 
33.64037085985391 29.32022755101827 33.34753948481017 2.064063946690226 
33.262222107201 28.30841800458589 33.35971013607703 3.128409266407573 
33.04463338074216 28.60950629040647 33.64500196451651 5.485476978237671 
33.90332483239457 28.2294827145392 32.13700554873012 3.15913527438758 
34.04768570740083 28.28330395891481 32.7747162034065 2.701244346825547 
34.40066844709272 28.32007785863324 32.67551687069278 3.24407516095053 
34.82219449987895 28.25961466190927 33.04762181549963 3.055287521463498 
35.08451705167988 28.18838705093462 32.5088646015228 3.352112307663873 
35.10791996955441 28.27853127778428 33.37022726724813 3.010328161690239 
35.34657616543685 28.31591268596197 33.10089353427799 3.183749050614239 
35.53555602302177 28.11550674921268 32.21870885742769 3.877604948669557 
34.40756355085315 28.44525451266014 33.32207594524564 2.836320148515483 
33.60147041339067 29.57999170002337 32.28269148555137 5.394231246695824 
34.19792886921821 28.47245099795405 33.3388898769548 2.894034534879182 
34.28024113269569 28.60958905430527 33.75098042194492 2.55638225467024 
33.5325669153601 28.49414612483089 33.85751939671337 3.130993193225436 
33.71328638768095 28.75795522819765 34.09924669534895 4.532257915124433 
34.00953764259461 28.7374431381237 34.01616126672661 1.508890712436738 
33.67298192533393 28.90046265371178 34.09820719471761 3.058027595776622 
33.98148506755329 28.70803430235367 34.38268938165618 1.155426443760319 
34.77046240075587 28.34925642824356 33.77812464732298 3.267091205066237 
34.52586936590463 28.67931702638813 34.24971019828221 2.444395494841473 
33.27641348204072 28.90058805771347 33.86617760354295 3.569011088871264 
34.27289178157869 29.3915959064853 34.16605322248471 1.410909972018416 
34.30187452475409 29.47694211885843 33.79334669928406 1.820391550333724 
34.53854129785642 29.61269984331959 34.37354344717472 1.499569117884121 
34.79946991994316 29.61323151128775 33.76049417413805 2.409582096544341 
35.5481853861506 28.30744089624949 32.87866881303343 3.937826880104211 
36.18258897509548 28.72179993018223 33.1855191361219 3.460950254147804 
35.32583266063698 28.4985273887429 33.93369389655049 3.020999610247941 
35.56959290748129 28.6829927500223 34.47820542649342 2.665485120124458 
35.09656708590163 28.65311658158765 34.23935663874916 3.153230433579949 
35.72246155771249 28.58161461473682 34.07472301579482 2.70551834065094 
36.24817398252948 28.91114153569356 34.21698558977756 2.807709383153167 
36.32798254314521 29.11376099223144 34.45163731654803 3.895880731903588 
33.76219708360377 28.84657329969542 34.66148292625471 5.050696121688645 
34.1323835964378 28.81640191531864 34.7094979853313 3.229300368926033 
34.67441985311869 28.9292984788003 34.52317307953201 3.097480460055237 
34.34721039283993 29.10359724896584 34.84270617260206 9.439929215728171 
33.70700786695592 29.04073135996252 34.52980911511649 1.838827469350434 
33.82718289677507 29.0783473909228 34.74763606557697 4.308115678823413 
34.44096569528607 29.35880084432145 34.68404735017952 1.88355985931247 
34.63167688910485 29.23564234214646 34.83417037264608 4.462928427228576 
34.83697105468533 28.90451730852518 34.50879959042015 3.355037776913321 
35.32625344372749 28.89978180957312 34.89006014497378 2.034162426490923 
35.11513110086436 29.09435523799591 35.58156350554366 3.95300364315753 
35.33431046013011 29.02496647404286 35.13770979012315 0.9638431960793028 
35.42742617549848 29.10732528906386 35.59815953768793 6.994863446886143 
35.12906668472031 29.23686926367853 35.24226025581828 1.324743264074357 
34.96313725432626 29.29836328828363 34.99961541092446 3.143747978101487 
35.58595170713482 28.93259610238763 34.93828278697215 1.824702284746238 
35.38822842029217 29.33931010474025 35.49229233637573 3.234163179002906 
34.901578027742 29.65533277279672 34.98013241804436 3.012032489846717 
35.21248524846094 29.39863628134125 35.32854372268896 2.370767599966939 
35.95096724129728 29.10001700727479 34.7808785327512 2.795034364025469 
36.03823184596725 29.39358715601674 34.81750343331962 3.342466936687259 
35.89466740088551 29.75077691972887 34.52171571828606 1.854539025489302 
35.913416738043 29.25604314305984 35.35927798548436 5.004942488433301 
35.54106195103819 29.70707140691239 35.10405301466528 1.679447044137305 
36.12265599390506 28.34074164933437 32.43290091294032 4.219298693461724 
36.48879367457513 28.65426697550251 32.49531165786138 4.23034165703524 
36.57795271225489 28.98106857910561 32.9353864443307 5.273827024986304 
36.69702354847116 29.22162354859533 32.86298990860305 4.728541601241545 
36.35341400481007 28.92788176167655 33.49153734480685 3.264961701299598 
36.12647459133225 28.76562211832033 33.570312188804 2.59782757065696 
36.62020425212766 29.27361797354554 33.71535748149672 4.474019250251104 
36.37621946031322 29.31218563337461 34.53666904174246 5.572328342188428 
43.74721055000801 27.04020491118097 32.8947958227895 1.667014706256111 
43.48086344999744 26.94320659042633 33.07085070133368 1.952620439950621 
43.53127100918996 27.03910411568207 33.96888162358453 3.556906515701485 
43.56379733398739 26.8958023876871 33.41967092240237 1.64926211381696 
41.38456058113577 28.83432122998299 32.81857943161419 1.077570359937098 
41.12311190669391 29.17456324470864 33.27344311704072 0.8059035699101003 
41.59074695024015 29.26028876448807 33.19073324786319 0.7237273852417943 
40.31304020115104 28.9817100271983 33.42575250554499 1.254332346002343 
40.34934831954514 28.99583604689023 34.05607939855079 0.9088266444392588 
40.54631083240002 28.88018952653941 33.54708484356617 0.4872347824517327 
40.9985301419356 29.00642567184634 33.27428651981984 0.8350687072234706 
41.12650024339896 28.83276699894053 33.43657652050713 0.5586488454521827 
40.65937976091292 28.89340071620343 34.32508863926076 0.4333453147930584 
41.11397096002497 28.83280726342866 34.00586462170035 0.5243336809392716 
41.41097280052897 28.9956827517342 34.24141994211672 1.492524593732597 
40.4816544805845 29.2000138454155 33.46764625289544 0.6666599474401167 
40.44461695934024 29.19673025115967 34.09404242564422 0.6426442330403148 
40.85221980508896 29.28322269803838 33.69731194859474 0.5521377245284711 
41.34066760356738 29.25432272562828 33.56186370235218 0.6392306820109823 
40.86384397419354 29.27824993746808 34.34665414315591 0.4832974061272495 
41.34346819378297 29.1606174261452 34.16168449148935 0.5951228216013931 
40.1506063516244 28.81265371014909 34.64838070318792 0.4517385107915217 
39.97509972521218 29.00170512931937 34.61985360642469 0.645521963697945 
40.10048021540459 28.99357136525227 34.98895046444447 2.774792234237339 
40.51256401801149 28.85971981627647 34.53160003466579 0.4257382004012555 
40.68294899735413 29.00990227884705 34.86101351009108 0.708689305819135 
40.18049303214727 29.23539617048908 34.64523074736223 0.6634743330795629 
40.32820850877587 29.16842700687461 34.99184394657547 1.015792875552364 
40.77735658549385 29.21740628468497 34.71091541044849 0.4912953424716839 
43.92870212809281 27.17489969067092 32.36981108575321 2.389566694853045 
43.65094734943947 27.81130268827101 32.75862810636374 2.675837022259969 
43.66674721486078 27.2633000342198 32.68850260592898 2.251339904388772 
43.3742317803838 27.23711929831989 33.28681021761849 1.099261446629782 
43.62297661132214 27.49600093694051 32.96162237881551 1.579609574640273 
43.21507403208354 27.95948170940943 32.13280884764311 2.139610812098624 
42.88763186460473 28.22168965869462 32.8745173393563 1.684760047263595 
43.17568137712644 28.0312526655642 32.80741829320239 2.029917921820982 
43.63846538311267 28.0201355794768 33.23605714823321 3.187059329170893 
43.65171831945175 27.59307363393733 33.63588566036277 1.378468758734428 
43.72875310614797 27.78321387719534 33.40482868448703 2.185112337246295 
43.27079930369747 27.11225735734994 33.70167798286312 2.811437344173925 
43.53390946099419 27.20280642898559 34.11743462595549 6.074442125780593 
44.002006201112 27.3789867233758 34.40591347731283 6.105874664919497 
43.14780630268391 28.26545682282788 33.23276157340034 2.784820239091658 
43.72769173226536 28.30910883101948 33.45307357983548 3.909452994843065 
43.95098217879568 27.97083457638006 33.66254785046572 2.477559917577196 
41.89406154497488 28.76059200590993 31.84348345567699 1.999819887823463 
41.92147981581051 28.85392653980101 32.51774485442045 2.374694733644191 
41.98642953469808 28.68126935313509 32.6517318986244 0.808018208241819 
41.50229862072439 28.64824684262292 33.08463941977362 0.7276265404785249 
41.39882079968764 29.01203640616255 32.75552138569933 1.379836620461489 
42.26865450230041 28.51585899335366 32.93568249816438 0.7326676753458443 
42.12892616978814 28.58635262705929 32.10233038220974 0.9710729338813593 
41.48897412545726 29.19334165212618 32.9158545512938 0.761452052068023 
42.05622912814759 29.18881883121582 33.07369360114638 0.7733027647008086 
42.11626528606033 28.99666433651857 32.5689206080616 0.7895285077735679 
41.93644582899881 28.62925896731944 33.77522790276083 0.7926276488114752 
41.51032151181755 28.82693682422062 33.94482154603575 0.5793733767320575 
42.10608647760143 28.84006462921372 34.0467710086976 2.026135695919905 
41.78610338223328 29.00256566533257 34.14811141823643 2.190668142476284 
42.44974339042442 28.53235731464293 33.3008843338928 0.7282671440378365 
42.51618499843594 28.63017577476635 33.5394944791358 1.227180206120138 
42.56346580797402 28.83160822058692 33.59084019303236 1.06188418380907 
42.17625783887225 29.0545222473115 33.91029439884245 0.8547011124654773 
41.55728715890044 29.18903596722794 33.87540607050548 0.6001073953016984 
42.07683271704259 29.22087523774814 33.47223057192253 0.7928875522081924 
43.11295223297118 28.93189560228873 32.5230533065987 1.248505820656732 
43.38514049455863 28.5818874768243 33.2225052343823 2.467010051357136 
42.58986436329285 28.98950116996898 33.37530722637367 0.8641821780862031 
43.28611222686958 28.86973125060543 32.83795772762236 1.599096467820132 
43.5925538176364 28.95142980125984 32.60337880056093 2.360460173278994 
44.15822987634326 29.04893829392299 33.12015806997337 2.430030892135022 
43.59823821578041 28.73660371871904 33.08805791557959 2.685034013045083 
42.69470965889767 29.06613461462376 32.9284370032178 0.9162492703236964 
44.20318231782519 29.35171195693524 32.66443003851778 2.56000845393325 
42.93339614057831 28.57057594455761 33.43233059459829 2.704458906484177 
44.05364980017661 28.65140025342765 33.67632693090339 3.722873658013469 
44.09538768163679 27.09268317581549 33.50050860294087 1.833340431864102 
44.28598646597328 27.14720727910422 32.27552643757407 2.665879598007223 
44.28870121956678 27.07940467865549 33.06927890390137 1.898071786938985 
45.08343073143345 27.20667181630764 32.62195140303811 2.29571068962494 
44.97827618892372 27.17852827990705 33.22235142071678 2.019751172907405 
43.85575082296518 27.20230508557251 34.05070540576826 1.756266898375102 
44.38379959461405 27.31807037050195 33.98408416324405 2.872472886241781 
43.91227425807904 27.45732983182938 34.25627273616305 2.052549881772649 
45.00796234350366 27.22194634018841 33.50446267137042 2.293493685249501 
44.98554788778288 27.77846633656722 33.87143701348175 2.413989274998045 
45.05371731351282 27.37813346379411 33.84971875224308 4.396098749543228 
44.16515805833551 28.10132438599612 33.70716653601175 2.931095876993538 
44.28070664882198 27.64073819804166 34.08904587216776 2.443813930021662 
44.57761805894923 28.27558843455226 33.51172339339293 3.606137935585025 
45.61834472099917 27.31270156267006 32.88560204516905 2.603564419964272 
46.10242717557585 27.60466044253464 32.75672135462654 4.295143834426085 
46.39427182281503 27.49535546406373 32.16951111463029 2.30435898874714 
46.55301703529474 27.7057229254156 32.25145026852103 5.001527064117454 
45.95238565914648 27.59417687306544 32.95021590483182 3.630967079332237 
45.84391043881516 28.01435132693305 32.741065948679 2.135811303618738 
45.26244260555105 28.20932079830137 33.21739173401778 2.667699465641618 
46.4925309023629 27.98187363246355 32.17448599240335 1.791804956410303 
45.63960166719163 27.37083726190587 33.32525485594048 3.905990919650151 
45.13218352974445 27.53580640829704 33.88481738299371 4.18141141328033 
45.78419040246904 27.61969595664793 33.29771572578191 3.4132534789197 
44.55332586519942 29.61408195325118 32.30687643329536 2.907541051504865 
45.03290023659126 29.69749372588836 32.84558295573868 3.232808369852847 
45.3182446375561 29.4279246090095 32.25995486693115 3.294056862297367 
44.39906079529699 28.86392464997874 33.46105559466946 3.478751793750718 
44.53538989987001 28.58571092826136 33.5378787823889 7.069015620270306 
45.05746103659416 28.27422812971496 33.43341221615813 4.014605522038693 
45.03200934284056 28.71416418122144 33.80296713425609 4.167466426753094 
44.86385296177424 28.88427965280546 33.83705299816439 4.847989600828384 
45.39916568046491 28.79317223315727 33.20423365627126 2.353128009004621 
45.3263161402 29.04088263196049 33.25172154652263 3.206547310065503 
44.68955031632034 29.53339967153085 33.24228982079037 3.279022952447917 
44.89128996798874 29.51763935774261 33.2591068151533 3.089190865086238 
45.66911001061963 28.49543051101272 32.18450775779004 3.381688963724429 
45.46233521224607 28.62804777971713 32.50146454655318 2.806245802528082 
45.4879245310021 28.94433691559454 32.33565089425537 2.687133060798715 
46.79576502420634 27.54900744336951 32.06852544287369 1.981687924650856 
47.3648196261146 27.69379221307693 32.22168605738366 3.184763284190268 
52.2971787721895 27.04062404889826 32.30786431081481 2.454775435846102 
52.75153279412499 26.70522794434234 32.1509361774672 2.070346345373395 
52.86800196558258 27.07630169894943 32.3357679466688 3.225749584552375 
53.58663493095769 26.41386363281689 32.39770919673312 2.184956673179812 
53.76444593961419 26.21489441224994 32.43328690303012 2.073634627920654 
54.10504603325853 25.83093516380096 32.93073389586628 1.730515976805634 
54.08705651781897 26.08608384393337 33.67039196377245 6.034755523687863 
53.95333202254594 26.26450260415925 33.40004737069486 7.009244486171042 
52.68059292784574 26.90111348026499 32.30800943008352 2.654648097210327 
53.48832979440004 26.57782635749433 32.50911269074576 5.006548922262255 
53.34849113949618 26.75865933482414 32.42653919959176 4.316933903161043 
53.69098712414569 26.3351699935794 32.9442853677227 4.459804993894579 
53.83643891545058 26.90867623911501 32.38515019831591 2.149197446478723 
54.55791506827457 27.02638430612973 32.61123834597478 2.546238226909225 
53.85014766044831 26.54534016733715 33.06008935829402 3.807160915726257 
54.18310277865275 26.50000882056698 33.38186713803672 2.663228716303621 
54.21523917142333 26.79625609387943 32.97259975538927 2.566158393131275 
54.55272923790032 26.15214267747699 34.05171971265138 7.240997341722505 
52.24194992717695 27.35769632424692 32.31706879486335 4.154916615678871 
52.48519018636538 27.39311529536142 32.58413104734807 3.378105789622651 
52.450520110607 27.56902840172651 32.57409019590144 4.549983798123606 
52.4765216593179 27.74553516562429 32.38405163982541 2.118102098912402 
52.73524614103869 27.67548380551493 32.52906105591995 2.245464311022204 
53.28925029408445 27.13287509218538 32.13072768342442 1.837021621150598 
19.96426367569634 29.7229072832015 32.62311104630037 3.541316421043064 
20.0275462386465 29.62015708205194 32.9909380671055 3.456093003501877 
20.39395817153941 29.87678726996979 32.65878645095348 3.604704327544169 
20.43888806403123 29.80361191796295 32.95228365052635 3.52557066231816 
20.3684846362532 29.65876616394295 33.7971413656468 3.485486681769999 
20.93861554229137 29.89292130221751 32.48568062207423 3.492819571187539 
21.15199932977653 29.74188628365097 33.42237316933048 3.562706210749923 
21.41454398182882 29.96425983985431 32.17433382188953 3.502661455962368 
21.15169761706564 29.76550740190324 33.00849972107548 3.435902842307371 
21.60250640098082 29.95434790841203 32.71046176126595 3.413337837241443 
21.75966201293172 29.61665630087242 33.78298379593673 2.912143051756061 
22.2546429484826 30.04712498195165 32.5577601698042 3.162075729929143 
22.29720947453543 29.89830600885163 33.03001024964458 2.912071020868154 
22.4945436855442 30.12242056745133 32.07426131201993 2.93609912313039 
22.8908420884496 30.2348162573379 32.62245166147778 3.001546919654118 
22.80344082962998 30.09679302410716 32.97374320799661 2.866926991301739 
22.00703819505668 29.77647629956476 33.90628103903617 2.586189506257853 
22.1343964333003 29.82371379321193 33.47963481412138 2.775814686102592 
22.39576660992934 30.01050415834321 34.1697794440975 2.562280085760591 
22.48297138349386 29.9987701190704 34.80956078036574 2.566658983630788 
22.66391621699904 30.03020786081558 33.48708443922703 2.509031372732721 
23.22265120084514 30.0850866620376 33.58822414420877 2.34971572697583 
22.94450423841623 30.04952850238783 34.5485119357541 2.291051644777951 
22.09781163240828 29.81534280411996 34.95665268361083 2.2931306302373 
22.94391955388066 29.89025164620498 35.30070798770566 2.13222812951696 
23.36922420621531 30.42759678784057 32.64225775561412 2.821411446719509 
23.87284311468204 30.39837067562253 33.08030210205954 2.673432930947484 
24.1774269419702 30.49320648825601 32.55049301480314 2.585039912624012 
24.75403371808339 30.54067456949887 33.02353122253972 2.44845242914559 
23.65822285801731 30.28559215793637 33.37546767238035 2.624859215916274 
23.36510004188145 30.25933031686034 34.41507316512 2.134281976679858 
23.74775613449973 30.34597426071718 34.10895113006755 2.035250141241193 
24.06772540474029 30.38323330952096 33.59294122707816 2.084131558689535 
24.14861115439993 30.37854068819686 34.72913069458635 1.831287430701565 
24.85900842727342 30.60478390713084 32.61160907825565 2.516779285756087 
25.31985984799476 30.5817158096532 32.56325248246556 2.328207013789608 
24.56390914150544 30.4432645128834 33.47227251925975 2.298750731494749 
25.25695724132932 30.47593567722423 34.1842475521611 1.647689640859653 
25.33518541003249 30.54397557818635 33.5127636296764 1.730569274828397 
25.63405761956099 30.58060957452265 34.05683181787849 1.723659385591517 
23.55689371063915 30.15599532990354 34.94237578983022 1.945686379274846 
23.7350434821309 30.12532570422539 35.27696053569769 1.945676106413316 
24.66088368911876 30.46112748060094 34.55011795781149 1.803569437434831 
23.36675208464347 30.07070868344884 35.4018649408135 1.807556637137736 
23.8677410679166 29.81617646772781 36.01334429584958 2.607813275493214 
23.44454065621432 29.88909473138852 36.09563345586832 1.037235358996014 
23.71256676405149 29.97459977057952 36.6532959905505 2.284638478610361 
24.23819274367899 29.92981369752361 35.89643311285487 2.221025536013144 
23.93950794652331 29.79658899559498 36.6839383061331 4.215378086072974 
25.494663758832 30.12793856450218 35.22427391719837 5.942105914975002 
25.81934069736587 30.13703702873197 34.66450749875812 3.332433855830772 
25.70230814993454 30.36188799118521 34.59641054904003 3.64318114912021 
25.51274120157731 30.38003594835524 34.95288299144786 4.466654212819833 
25.23188560996815 29.96787726141082 35.32326528517995 1.837219343520758 
25.0891413907173 30.33843400064997 35.24525560122823 2.716488064764604 
24.43381691769683 30.38225177729477 35.27347292327242 1.878162739578826 
24.32955760006187 29.71071685555431 36.00175718828323 9.68729392023306 
24.7373026867999 29.99274070700692 36.0898507578848 10.36030219395593 
25.07109516524325 30.20933372684975 35.52435726393305 3.360996761744076 
24.8677854253209 30.1723393313882 35.99243449008974 3.843506058106158 
25.10455723120096 29.98854673858071 35.93505662880272 7.35528860653551 
26.14891210905312 30.61273298438395 32.60514661297314 2.157150091589529 
26.50010605873331 30.519921001338 33.18582116768405 2.037925919526856 
26.51195790060169 30.58331258634145 32.62270262274396 2.007424705928571 
27.21972163124115 30.60719697934704 32.11881562842861 1.848847981058697 
27.15987142127443 30.61296584355996 32.62673419331035 2.080952772760469 
27.03373192174882 30.35783753747152 33.44868706858362 2.260410961977243 
26.50622035147428 29.8223967468933 33.87276411638451 1.623368339043623 
25.95993790066771 29.85069297783151 34.10898516060525 1.313892463440055 
26.25166849029168 30.12122895212729 34.69279553680846 4.966518118879662 
26.56819042970113 29.95890029711457 34.09288376185488 0.998547641615616 
26.79349485410479 30.07491211006969 34.09020091872055 5.855649995764566 
26.82659371736687 30.32461806977901 33.95184829676203 2.530995475827723 
27.28896430159922 30.07260376381305 33.79761918651215 3.627991816918666 
25.96381067127765 30.59087749360181 32.9702058125301 1.888922534745689 
26.16304840819843 30.55933328314698 33.39515619671155 2.014498114949575 
26.17091201573705 30.43869531248569 34.17618018970251 1.755097725875757 
26.71294203984689 30.48782833328475 33.14761815859374 1.970999314371539 
26.52124209759875 30.4060947889774 33.64064828292242 1.819464575652106 
28.28799063086704 29.91182105165489 33.4140418080832 6.341420019233567 
28.01794263533611 30.29415659372318 33.17597601230602 2.322466780480852 
28.31904516613542 30.34109401147668 33.03040618883665 3.209574782787087 
27.5472724460769 30.54186478007201 32.68927323770112 2.4307487838702 
28.17138867027473 30.67265780296355 32.55679215990637 2.31614594920984 
27.68307006892535 29.8004393490875 33.72695460457431 1.976703290521954 
27.56522085940954 30.02829127835692 33.69195823485869 1.959791259870372 
27.64750327067445 30.30254263923245 33.17504636371218 2.130595348819611 
27.70657054651882 29.98193464454061 34.08070611298332 6.874551560073201 
27.85689387242275 29.77659319264605 33.4679286937549 2.370635382196184 
27.97106280238367 30.05768238929951 33.58578888673257 4.102403197822184 
27.84897112446002 30.13563639135617 33.83095085557185 0.5780455791649644 
27.87674888006142 29.97502930563873 34.16195905255944 10.98207765265477 
26.20236514934005 30.30413699331159 34.66922868031278 6.287585390526885 
26.5504543202561 30.15231510853177 34.42350495438959 4.270499118757641 
26.57346824626562 30.31452763952603 34.38420635209462 5.865576238861138 
28.77068604558095 29.70515373985675 32.22724260589835 2.403473732221215 
28.69795270908705 29.97998518716238 32.7239573591696 4.090318445232299 
28.32516543661214 30.1454953794155 33.2253344681968 5.567484385833893 
28.89382902903119 30.22694901850656 32.63874430719615 10.63117507307243 
29.16045402204509 29.83880216064824 32.23196978892069 2.142832139760145 
29.81819226935663 30.10355429599543 32.06585898033801 2.318661954284408 
29.30202256537998 30.24332088363609 32.535222430442 6.101858338632724 
29.79030556594972 30.39294171635578 32.30159157818427 8.736580951904443 
28.67326118804312 30.58703122201317 32.46308168916154 2.965183406980657 
29.22322965421246 30.60741323259369 32.44044238303662 4.413109157951112 
30.20315905762629 30.30294678517924 32.28605605872681 5.679084402640342 
30.96948606419015 30.38787649295835 32.23169789249481 5.359366846662624 
29.70930242148356 30.77512958348258 32.11422108690792 3.107697243847326 
30.36628393931516 30.60047428132701 32.30950942064806 10.41883284981111 
30.25187873724538 30.93333360890756 32.13958309038468 3.479049585877902 
30.76587119706741 30.36747524680573 32.29554795447207 6.231510069434648 
30.82128352991451 30.51993492677357 32.30182632440788 8.875806506223853 
31.73942331575051 30.28034355223292 32.34499501889275 4.08897064579952 
31.95442353762075 30.21412174658566 32.38521398529594 3.081445369206762 
31.87590268152074 30.40525019183809 32.79551053511639 7.193664346649769 
31.51771073923445 30.41513242197287 32.04570399536256 8.235891832920743 
31.65390620671863 30.61231141390848 32.20873986379313 7.961083360123382 
31.67375481713325 30.51481304582977 32.6635933351341 7.248365279726443 
32.02118926842523 30.90901744332588 32.43303151324061 4.794713815788953 
32.65579060789327 30.0785514915625 32.37197767430825 3.168587273853035 
32.37333858721471 30.28541614961767 32.4977862361552 4.165286162964776 
32.70382139049242 30.09991372242971 32.91878857980918 3.986253391072552 
32.70642265593569 30.3563141341736 32.97725516040575 7.57075716370349 
33.31256002390001 30.0053938381133 32.86114975900243 4.313297068464919 
32.98031596998742 30.13149473342396 32.87930996899518 4.439401882323409 
33.43555262690409 30.35826391237593 33.0968580475218 7.30630760275892 
32.32647601828708 30.57040962474699 32.56554992340993 9.251485777531002 
32.56133923939721 30.35040925186912 32.64625699895971 5.173896495449526 
32.62498058100025 30.90147226468752 32.49683502593925 5.016153685221525 
32.96621925186589 30.91706668577713 32.74217720254577 4.2181268621041 
33.09929231925603 30.64957573466724 32.93011965514464 7.760728720267593 
33.7333220950168 30.66902796170654 32.93792430928129 3.48152208236246 
33.44960670044183 31.0122129908907 32.54328487997393 3.041705831662853 
33.75966000960142 29.78683690745723 32.94788934307259 4.520278066579351 
33.85201313292146 30.30626168640994 33.22226836364617 5.479840198687384 
34.03283250498183 30.67941028633701 33.08382321976282 3.461708753900325 
33.81167685350541 30.859532557602 32.61837326243596 3.046601514896622 
34.5314746230867 31.06542653328034 32.5683014426216 3.728771247389432 
35.10282247769802 30.8855718374778 33.09834276749793 3.460447971647568 
33.91403237830003 29.69566238319032 33.17285701848806 4.066681195136994 
34.28027294547252 30.408881578993 33.6675443760658 5.332881234207946 
34.43007020729164 29.72934682446088 33.55427700629345 4.897139804677238 
34.78346555695383 29.82597407606767 33.60526507368933 5.760674611201239 
34.42826695725789 30.03601719232374 33.68349938240685 5.884027265027157 
34.91113437194683 30.06442136661493 33.67849617499945 8.749761154105045 
34.54529511085649 30.40369724355606 33.75682979865372 8.160024454232598 
34.35724532437398 30.80380823103261 33.55876045192777 3.817334674357113 
35.68204903110362 30.3676252065542 32.58731664708375 3.264295536443655 
35.90828208861055 30.14963956130445 32.62288211405291 3.235331868073473 
35.5647579924491 30.10857812913869 33.47631209993031 3.517759903553667 
35.58480848959417 30.73199831945659 32.15465949668398 4.424198047258528 
35.44164711700116 30.77341002093631 32.77604150934965 4.059035769014542 
35.28156010366036 31.10240458233978 32.09004536044714 3.552125405088077 
35.21557115919278 29.94032303325415 33.85572730473665 2.920918976075626 
35.35910931433899 30.50009567536998 33.62236654785345 3.584813650477571 
35.26515751434829 30.17407085176213 33.73325424999662 5.04934300453931 
35.31739362064854 30.29124668975895 33.70802955565011 6.044496130133723 
35.04557254680393 29.83045850109876 34.22736896768968 1.432831170809379 
35.62654920659041 29.98097406816363 33.75659600271975 2.306967570432676 
36.32142782682931 29.58770007622238 34.51572712328478 2.765019479777749 
33.77261204261744 31.14421016011884 32.01861961762185 3.635435653240734 
34.85136871204173 29.80113462740758 34.71293524062302 1.56193989023653 
36.18514722080256 29.96947657923498 32.44190291793127 2.858575759163557 
36.5946474492233 29.73651118693373 32.46832082976606 3.515098628131341 
36.15299781151555 29.93846864762213 32.94580427673007 2.338240094646096 
36.5912039417206 29.56523229566494 32.89070120052766 3.358273124009401 
36.58410158382966 29.60739031951497 33.83246291875709 2.891362624023742 
36.20113560431405 29.90198962736667 33.95859467149648 1.848387152576166 
45.00657152529764 29.70461919191652 32.31254651063632 2.934511059594996 
44.77242339895771 29.72031221323281 32.93552445732052 3.19872059815134 
55.74825793714626 24.76383349131054 32.28904306515582 3.548253140577117 
55.57217497688175 24.94519234637087 32.93186834079001 3.651696988757266 
54.91647832089144 25.60996696899105 33.18784143560419 1.742552628232119 
55.27389269193819 25.42313382197272 32.19407258142888 2.788437978351055 
55.23562629265741 25.38513829201329 33.15092396550701 2.699839986225754 
55.65760717823397 24.91756309981506 34.06567150657445 2.968684398190192 
55.31229489975012 25.50562834405489 34.10547794371099 2.730823661744381 
55.17167080397273 25.59493378024048 33.78012663261556 2.26133382751425 
55.3304841190422 25.59212630055586 34.28468453040186 6.010616957949878 
55.19977044737823 25.8388411938248 34.04652091005529 6.642662861035149 
55.47802383303743 25.89980860893513 34.19855105721699 4.376291705655206 
55.97309784390829 24.46775965793379 32.79930800889915 3.850473717081996 
55.79765338832333 24.72220325838911 33.66442982109585 3.479714058733123 
54.64665747740814 27.09249269846009 32.26448143952174 2.188412705513002 
55.09048626963488 26.98659397653832 32.61241105711588 2.166812382573369 
54.50825581151878 26.52957797547582 33.48903841886163 2.205477257944011 
54.93805221551751 26.80684373979015 33.10911959033064 2.318415405607681 
55.7210510292204 26.72220029932646 32.55544415337125 2.373226077016938 
55.67717878785616 26.6093994982486 32.96991845414742 2.332747618586012 
55.24825633902469 26.73527606326336 33.16428698475493 1.959950670509883 
54.44826829439801 26.28886387121939 33.89363424750981 3.4532731634404 
54.33055462146965 25.87968725727674 33.88328448284759 3.822774456680406 
54.94395188040547 25.83516937887025 33.91551724567016 3.143660719207077 
54.92411047222259 26.51957641512614 33.71639474204932 2.245554470489282 
55.27362132647708 26.10803474683311 33.98118157916156 3.217652394236978 
55.56503612792159 26.36618085357199 33.59926782874238 2.289550598422579 
56.61245816163645 26.60970091294368 32.80238312081209 3.116814710598476 
55.72418143367746 26.0290697898395 34.10293534705748 2.771071766362638 
56.30763555406625 26.05622755108222 34.09777868051037 2.903919203100855 
55.6307001688976 24.84152409723596 34.60317244206486 2.949923252463151 
55.50300954394606 25.18739072171173 34.7413162895153 4.90604504619489 
55.66570439482367 25.26393106562807 35.1178416923887 5.269912702171666 
55.45993267206158 25.47723739167699 34.64721831521494 5.404667990581856 
55.72510930404885 25.64515696165254 34.77842005063394 4.354722080442968 
55.65550718687495 24.76560606408592 35.0147085860205 3.577786046333273 
55.83775516877475 24.54454309795783 35.63752704324895 4.95717827489068 
56.14963795291854 25.49046240640015 35.20357521974559 3.490828811480156 
56.59167815208697 25.81379495597648 34.74152700244549 3.298487970475577 
56.53164760069587 25.54617924373808 35.20773552101303 3.504100140005391 
55.68608105916714 24.88479528642666 35.38757559451378 5.140520572623473 
56.15426135813473 25.15245034335312 35.60223173328595 3.854212071821479 
56.4340257144361 24.94991634593079 35.93756869604851 3.316865515467356 
56.81485734683903 24.7398903754002 36.11262200941763 3.522099401978465 
56.89058389790885 24.71445253008372 36.30851910290456 3.224578236623529 
56.95119310487414 24.86016991734572 36.74901548900857 3.353317737321561 
56.81110345096025 25.25691714383132 35.73409450585417 3.599249075499984 
55.91287737268682 25.77513186774105 34.69517925926893 3.034949189348566 
57.18915651720901 26.5537687781435 32.70706733825197 3.419134390002824 
57.7799608185249 26.44268931274405 33.01587803833322 3.505713825266014 
57.87053799788575 26.70203895701198 32.5046794536536 3.665359894592598 
58.28311741764647 26.6341519391229 32.67386336666615 3.621742533106783 
56.63206405303576 26.24634436670374 33.55559049919152 3.082515922235416 
56.99475527037766 26.16517245085167 34.06178307412263 3.451088065364303 
57.3033582072438 25.93818097249331 34.71992342149692 3.619795040275022 
57.74195638695667 26.24650085235719 33.49880567888101 3.484727940303088 
58.20807163585359 26.28078169146171 33.4673109901877 3.561975024723353 
57.569374588404 26.16931633070297 34.09331334124256 3.54408356736775 
58.86318253570517 26.4630835055603 32.88953044767728 3.561122739787919 
58.46471244565364 26.54778913429568 32.87645822578941 3.651591117854906 
59.29679615244456 26.56642298470608 32.03652363212905 3.317179744172989 
58.15782638577357 26.24995667017718 33.75267029000435 3.461421113777476 
58.62352126389636 26.22020406315358 33.53311698887769 3.469526280667708 
58.16119312740777 26.25020427072306 34.30845642785106 3.644754226363489 
58.7486110793837 26.0644668964877 34.09975738086512 3.42837682309306 
58.95389222164216 26.14833492828327 33.99777525698716 3.463024163604985 
59.32827621825037 26.11830308550571 34.38392202349384 3.661761975913095 
59.15486975783545 26.18132143668623 33.55306036513729 3.33196057905721 
57.03038187903477 25.70105112756232 35.27574131567467 3.606514526603007 
57.94221621826196 25.64357749043075 35.44143465387672 3.504004421107368 
58.55396893627763 25.61022727856707 35.27634535356524 3.546908000002617 
57.29209604037186 24.94287858624208 36.09478987225749 3.342835792844795 
57.432612693587 25.07953188565683 36.11671948324951 3.375428802765043 
57.26175677516307 24.95507075452599 36.7082041181464 3.357205471553414 
57.28516004243626 24.93851944679814 36.39515985406137 3.116709806553672 
57.67186091801754 25.25887782662736 36.67630381387563 3.705744084411833 
58.38910204573491 24.99422961121348 36.39773713766687 3.433819022560243 
58.50077841481215 24.87254592827163 36.87433101899477 3.410727080126406 
57.3889834469165 25.45595047943813 35.67422834701645 3.726582040168722 
57.67573483266679 25.38732786809675 36.05884478033058 3.501890870490399 
57.96766378717965 25.26922290306763 36.7035593688014 3.567890259249708 
59.48058087843889 24.92399625994564 35.47489331186026 3.861110842196467 
59.03182605121807 25.52315644931933 34.91670160387107 3.455627703303151 
58.98217049387379 25.7032567329009 34.65351609406267 3.491183889917522 
59.23865106008899 25.78636215187712 34.52831039997118 3.580374565724526 
59.1970149436027 25.26299712891191 35.63480996605405 3.743233502709018 
58.9117119940742 25.31755351431933 35.7918638514723 3.404206834484512 
58.97460691292088 24.56339750506598 36.09843613143319 3.696187180901575 
58.78849956104143 25.07146634059943 36.00916070083409 4.077568011215249 
58.67551408849997 24.49323042094337 36.40281601091021 3.374385805176729 
58.69034338589776 24.77036163389124 36.10638026263805 4.016886822441592 
59.42101135951701 24.64890010316773 35.92050179058488 4.402009633210582 
59.19763517088874 25.01046076508913 36.10811474906495 4.966029372385208 
59.42398364593472 24.8455648604501 35.85974764354954 4.159103592324243 
58.07382771030413 25.31136281686322 36.0309275064909 3.479310395703578 
58.41914334891982 25.10976978562971 36.10511650984927 3.829741632227467 
57.59456647559166 25.98943745413535 34.64890805734785 3.67612996262099 
58.18881658106831 25.81354778804802 35.11114696771262 3.727064502089064 
58.20759006148297 26.15109925127135 34.59847171681543 3.656921403560006 
56.98309122337692 24.78936101976825 37.07934943214473 3.582550962082621 
57.53742088394969 24.88301797060904 37.00521668385989 3.683839684770902 
57.19367342818877 24.57018548637399 37.3578626955245 4.233722757907856 
57.95669681893467 25.08745057019974 37.02262520675924 3.876798347753635 
58.45307124595799 24.8012060639052 37.09709089668866 4.272821994035439 
60.48936298688032 24.53110197324182 33.14698210215186 1.981960699338785 
60.85213248923324 24.53023041820666 33.1245177317379 1.899288818887342 
60.37658378056287 24.58023866680098 34.21900434695851 2.111325152589444 
60.76905391162832 24.63374553688165 34.00392946693608 1.517901703999556 
60.80973671160982 24.78906799820781 34.41252961219709 4.452403215876188 
60.78930209321319 25.73731966659781 33.32482764220004 2.494105025786354 
60.88511190476605 25.50255217418264 33.91425506744693 2.252262044782611 
60.34073859890368 25.36249987203791 34.32597197111742 2.724830836899173 
60.15403432526245 25.81125365229892 33.6574680655056 3.154850886843462 
60.71492734031738 24.58012288999189 32.31939257211348 2.135647904691808 
61.19252614104192 24.44682797740467 33.0751405678395 1.882172902148682 
61.96673237074607 25.71888943396525 33.07206582748965 2.470898994160933 
61.47766971009909 24.44161544684452 33.94042085490899 1.481934965495554 
60.97266977792805 24.63582890047293 34.29595641513867 1.815004220032833 
61.01078471348004 24.82851142383922 34.43754597653728 4.091377637684673 
61.65837606412268 25.03341745969252 34.33482015659199 1.807367979057162 
61.32079888931705 25.4980310398748 33.81479885057882 2.009808009803606 
61.70418574274633 25.33792588395909 33.97392874307946 1.736200857519322 
62.16433905513195 25.42752538296508 33.79557954219661 1.787355840510116 
61.66812630738714 25.48011523561179 33.50204482794752 1.923524674666879 
62.10758004609739 25.50984830454857 33.48724755729387 1.96556207004933 
61.32229954353115 25.36158775480943 34.00984973447314 2.420560522376007 
62.08409580513514 25.18264704866068 34.27833317201223 1.681113543991913 
59.73986193822898 26.36531179018015 32.55447823016755 3.142110846545137 
59.68834055363517 26.13190255778924 33.17512645408461 3.260393541062854 
60.0309530623583 26.31680662256057 32.72569070465221 3.247513306418938 
60.49192849882098 26.1144980820121 32.63986993966889 3.133314376502511 
61.14607640086476 25.94045292240335 32.79812896234045 2.61583021663148 
61.07301227749198 26.18876997909619 31.98080149206015 2.571262917597096 
59.67958834639891 26.02437308866547 33.54899875414212 3.399962813243349 
59.84522595521351 25.92489273407146 34.03677647503263 4.110909127169293 
59.90172176441173 25.75721936809418 34.15233083401537 3.992716592118654 
59.34813184074093 26.28228762696275 34.09632489666935 3.494311915824909 
60.10711570438887 26.11067635911549 33.15658181221546 3.223900227762527 
61.75423788691006 26.03125320375076 32.60150414491568 2.740538646465012 
62.18953650978998 26.18647531869695 32.06852950001028 3.20107973058748 
60.34543562439966 25.01529524112536 34.6755245680694 3.80328115806924 
59.88411397229918 24.77564834307182 35.14359293824776 3.979627274528298 
60.13325077960898 24.69201201861668 34.97285107273218 5.501809619498943 
60.36996871258157 24.77341508209453 34.68072240955675 4.988512677987671 
60.90361011914611 24.9476610307029 34.34526934811922 2.693984938582247 
59.43680881512577 25.28385748870153 34.93601848531038 3.326527806451196 
59.90438241979212 25.39009977501215 34.67899031004057 3.081144676506909 
61.19120508492117 24.55535765105984 34.67101228179645 5.189837075971923 
61.59154111404499 24.69879026464809 34.79430362874378 2.032523361219461 
62.12904771458615 24.9559063232945 34.80507055740318 1.630917200267689 
62.11295664066573 24.767426417578 35.05295888415287 1.862615549224444 
62.36942767728947 25.57374249772985 33.26122276547413 2.177889427875726 
63.23085696604801 25.38345273203068 33.36650355700572 1.689854661439469 
62.62423046071758 25.00180622202992 34.44077997115242 1.614266100298977 
62.52782848947968 25.32297891242597 33.90357720081669 1.718111919507948 
62.71277293537078 25.43693344987519 33.44838404289967 1.811514710256773 
62.97949516538456 25.33327288661692 33.96266295082765 1.706283021598765 
63.67811878812228 25.58978098974147 32.62220752209963 1.933148774777266 
63.7722741135763 25.4263229225601 33.18486617830367 1.725914218268827 
64.20425634174539 25.53369314590348 33.05971229141308 1.815286179867542 
64.28326123462436 25.40819865781842 33.51475038501255 1.577037491827468 
63.8533373679478 25.23789256228424 33.98768283232864 1.418327582329283 
64.26583389732961 25.3395994391395 33.79243854842173 1.544178596079377 
64.55358704368916 25.50201058176688 33.49192602647402 1.727046891895441 
64.73195208771831 25.32272490125969 34.17792071750478 1.435786008357084 
62.38268170136169 25.89660479004168 32.60302893053679 2.753061385527673 
62.58983770039632 25.93083650570353 32.17733809477497 2.643679098239829 
63.1136897444803 24.7606073369129 34.77517534289962 2.070258361335817 
62.55911231824873 24.83455124616218 34.72463718386502 1.78895200147754 
62.70634184972696 24.53839093269489 34.9142270611779 2.044179795912129 
63.25595343925956 24.98506331883433 34.55978365842878 1.753458298032712 
63.63884341038109 24.67397151099197 34.74374412311371 1.575794717296688 
63.78983660891779 24.94446424306681 34.52551542438184 1.340151347797899 
64.25886897583051 25.08758623382704 34.61771248514552 1.342720530038036 
64.62106168550565 24.96261372801364 35.10500099941824 1.637352725016257 
64.19868302165725 24.6855780769728 35.05071706006812 2.331633073538569 
64.99450517921287 25.29791231276245 34.66351420364233 1.441151100934192 
65.45474176295112 24.39096815219225 32.73832261831734 1.885406073815261 
64.90419588787121 25.62020604549656 33.39409536204895 1.734519975658571 
65.58688078017011 25.62466183609459 33.57121621710196 1.57317985103704 
65.35068909794332 25.5184107193423 34.12594617081141 1.595111322689533 
66.02964906158249 25.54575600797913 34.0151556303878 1.526633998871915 
66.38124029567632 24.70851576248342 32.17725649079411 1.921439162919029 
66.03937304095605 24.61100635167016 32.75120161942961 1.771960688506383 
66.38803296697654 24.69675580322699 33.24653601848008 1.669172732320646 
66.70049003916043 24.90222375782396 33.35060160185624 1.386096418849291 
66.86552874321268 25.76359611087524 32.83155143963371 1.404437827539923 
67.17819401389859 25.25859286333666 32.88668725187084 1.232863878261881 
65.91646644157204 24.40807535582323 33.73393999957212 1.832133189348497 
66.55510122638147 24.71982624673255 34.38901061734046 1.64159215368403 
66.61200299942981 24.74834250547067 33.89969264169645 1.376359196404877 
66.87834699914347 25.05637326759327 33.53059270769997 1.503012581069086 
66.96790259434884 24.99760835310212 34.08614031806066 1.344279104417978 
67.1983293993288 25.24360953403055 34.07421636045616 4.988376834501082 
66.69236911959055 25.30686034213204 34.41925850894873 1.705917066013896 
67.0524611731956 25.34348773290681 33.51729917345101 4.52400578588572 
66.58390044265121 25.70800600426366 33.49719912041377 1.664729659280184 
67.20059901025002 25.61249085924334 33.05898668488979 2.011349301604739 
66.98353718915122 25.15073877434769 34.40121032958577 6.05313355210842 
66.979714016887 25.41425167513466 34.01715404714417 2.056503362318296 
65.17284595105141 25.76785781198046 32.50169324167805 1.806538777845873 
65.81805629973663 25.85203212968151 32.61747133225629 1.709421320367682 
66.9279826847165 25.83370817115345 32.59298176302793 1.192498663022178 
66.38822234150616 25.85165789105766 32.75726515310757 1.548100291182877 
65.14182062159881 25.1270389410204 35.06910503918806 1.377455854587538 
64.98635977947252 24.69427530306771 35.49968748227091 1.312945184749765 
65.65627561855403 24.89480729052736 35.55039050512876 1.250952695416061 
65.40905177119768 25.37760423618396 34.64312044227177 1.599190978146211 
65.96734039072197 25.33558260951354 34.58672135486879 1.397578094038749 
65.38577728634021 24.69880003545193 35.78272186195088 1.159436122901397 
65.90837514869328 24.70179985396037 35.79149081858584 1.855629157383461 
66.42136045035268 24.68778945270397 34.84690265532448 2.718700959995431 
66.01373660893223 25.12437883861638 35.11705003766112 1.362098530885675 
66.76502821116279 25.05720220724589 34.65172922565475 6.009308316248109 
66.42666778655149 24.9139437005817 34.94010933077872 2.947511909718997 
66.11882387739993 24.82219832766854 35.57090865711146 2.109569097553731 
67.54015186477292 25.39185934654979 32.40920154056953 0.7352535358788188 
67.9037292684794 25.46007446308371 32.33834671671162 0.6962949170970063 
67.29485046126773 25.42861132739974 33.11527288027259 2.930932961495387 
67.66561948972917 25.59503600681315 32.94364739457314 1.554826356626961 
67.65656822977849 25.74727781208456 32.81259729689134 0.6406719644836869 
68.35028613538017 25.49916757406238 32.75122742199623 0.5966626026875943 
68.47957701673808 25.5940804242224 33.16218914689426 1.352351156436924 
68.55156419362065 25.75885560032809 33.14118068394536 3.036622094634481 
69.15824333928806 25.53087927016421 32.39753520154576 1.546037984016365 
68.73211452632066 25.42860243178537 32.58370420144384 0.6416792487710339 
69.05704372680562 25.58860611698051 32.79789659516671 1.537310523431785 
67.66880761451961 25.88613254722369 32.46258883245505 0.7174226884062449 
68.02811632920044 25.75475596228793 33.16168909091962 1.692931685610787 
68.09926976123349 25.98696547223973 32.74082879760203 0.7426973722008867 
68.49907467388584 25.93380049674636 32.91986803983656 1.168150772623363 
69.10535247860331 25.76703495772792 32.57483788524895 1.88799447234932 
68.71054576932993 26.02325006072934 32.54540221951086 1.053150196935988 
3 16 0 2 
3 1 2 0 
3 1 21 2 
3 2 18 16 
3 2 21 20 
3 17 6 3 
3 98 6 105 
3 6 98 3 
3 5 131 6 
3 26 131 5 
3 0 10 7 
3 0 16 10 
3 10 16 17 
3 7 10 11 
3 7 11 8 
3 9 7 8 
3 1 0 7 
3 9 1 7 
3 1 9 21 
3 21 9 22 
3 9 14 22 
3 17 3 10 
3 8 11 12 
3 10 3 4 
3 11 10 4 
3 14 9 8 
3 14 8 12 
3 13 14 12 
3 15 160 13 
3 15 13 12 
3 18 17 16 
3 19 17 18 
3 2 20 18 
3 25 20 21 
3 25 21 22 
3 22 14 23 
3 25 22 23 
3 20 19 18 
3 24 19 25 
3 19 20 25 
3 17 5 6 
3 17 19 5 
3 5 19 26 
3 26 19 24 
3 26 24 30 
3 30 131 26 
3 24 27 30 
3 23 13 162 
3 23 14 13 
3 27 23 162 
3 160 162 13 
3 24 25 27 
3 23 27 25 
3 27 162 28 
3 28 139 27 
3 28 162 29 
3 31 33 44 
3 33 35 34 
3 33 31 38 
3 35 33 38 
3 34 32 33 
3 31 44 36 
3 35 38 39 
3 39 38 40 
3 39 40 41 
3 70 39 41 
3 38 31 40 
3 40 31 36 
3 59 40 36 
3 41 40 59 
3 37 59 36 
3 33 42 44 
3 42 45 44 
3 33 32 42 
3 32 43 42 
3 43 45 42 
3 54 43 32 
3 34 54 32 
3 76 43 54 
3 46 36 44 
3 44 45 46 
3 37 36 46 
3 46 67 37 
3 45 47 46 
3 47 67 46 
3 45 43 47 
3 75 47 43 
3 75 43 76 
3 79 75 76 
3 47 48 67 
3 50 35 52 
3 49 50 52 
3 34 51 53 
3 34 50 51 
3 50 34 35 
3 93 51 50 
3 95 50 49 
3 51 96 57 
3 96 51 93 
3 52 35 39 
3 52 39 71 
3 71 39 70 
3 101 95 49 
3 49 52 71 
3 101 49 71 
3 51 57 53 
3 34 53 54 
3 57 56 53 
3 56 55 53 
3 53 55 54 
3 55 76 54 
3 55 56 58 
3 62 41 59 
3 70 41 60 
3 61 59 37 
3 59 61 62 
3 60 41 62 
3 60 62 65 
3 62 61 64 
3 64 61 63 
3 563 64 63 
3 65 62 64 
3 37 66 61 
3 37 67 66 
3 67 68 66 
3 48 69 67 
3 69 68 67 
3 564 68 565 
3 61 66 63 
3 66 564 63 
3 564 66 68 
3 68 69 565 
3 115 101 71 
3 70 72 71 
3 115 71 72 
3 72 70 60 
3 72 60 73 
3 115 72 74 
3 119 115 74 
3 74 72 73 
3 73 60 65 
3 73 65 574 
3 74 73 575 
3 120 74 575 
3 75 48 47 
3 79 81 75 
3 55 78 76 
3 55 77 78 
3 55 58 127 
3 77 55 127 
3 132 77 127 
3 79 76 78 
3 80 81 79 
3 78 84 80 
3 79 78 80 
3 78 77 84 
3 132 84 77 
3 132 85 84 
3 85 132 134 
3 48 75 81 
3 81 83 48 
3 48 82 69 
3 48 83 82 
3 83 81 86 
3 82 83 593 
3 86 81 80 
3 84 87 80 
3 86 80 87 
3 85 87 84 
3 85 134 91 
3 87 85 89 
3 89 85 91 
3 86 87 88 
3 88 87 89 
3 83 86 593 
3 593 86 88 
3 89 90 88 
3 92 89 91 
3 90 89 92 
3 93 100 97 
3 100 94 99 
3 97 100 99 
3 95 93 50 
3 100 93 95 
3 100 95 101 
3 97 96 93 
3 96 105 57 
3 97 99 98 
3 96 97 98 
3 105 96 98 
3 103 94 100 
3 98 99 3 
3 94 4 99 
3 4 3 99 
3 100 101 102 
3 103 100 102 
3 103 102 104 
3 105 106 57 
3 57 106 56 
3 6 106 105 
3 56 106 58 
3 6 131 106 
3 106 126 58 
3 106 131 126 
3 4 94 107 
3 107 11 4 
3 107 94 103 
3 103 108 107 
3 108 11 107 
3 12 11 108 
3 15 12 110 
3 12 108 109 
3 110 12 109 
3 112 110 109 
3 109 113 112 
3 111 103 104 
3 108 103 113 
3 109 108 113 
3 113 103 111 
3 123 114 113 
3 114 112 113 
3 27 139 30 
3 101 115 116 
3 102 101 116 
3 102 116 117 
3 119 116 115 
3 104 102 117 
3 118 104 117 
3 117 116 119 
3 121 117 119 
3 119 74 120 
3 121 119 120 
3 118 117 121 
3 118 121 614 
3 122 118 614 
3 118 111 104 
3 113 111 122 
3 111 118 122 
3 122 123 113 
3 122 124 123 
3 114 123 124 
3 124 122 125 
3 125 122 614 
3 187 124 125 
3 126 127 58 
3 131 128 126 
3 132 127 130 
3 127 126 130 
3 129 130 128 
3 130 126 128 
3 131 30 138 
3 138 128 131 
3 128 136 129 
3 128 141 136 
3 130 129 132 
3 132 129 134 
3 136 141 133 
3 135 134 129 
3 136 135 129 
3 137 135 136 
3 137 136 133 
3 30 139 138 
3 138 139 142 
3 128 138 141 
3 139 28 140 
3 28 29 140 
3 140 144 139 
3 142 139 144 
3 199 144 140 
3 138 142 141 
3 141 143 133 
3 143 141 142 
3 142 144 145 
3 144 146 145 
3 199 146 144 
3 145 143 142 
3 91 134 135 
3 147 91 135 
3 91 149 92 
3 149 91 147 
3 133 152 137 
3 152 155 137 
3 148 137 155 
3 135 137 148 
3 135 148 147 
3 92 149 634 
3 149 147 150 
3 150 147 148 
3 150 148 151 
3 151 148 157 
3 151 638 150 
3 638 635 150 
3 158 638 151 
3 143 152 133 
3 146 153 145 
3 153 143 145 
3 154 152 143 
3 153 154 143 
3 152 156 155 
3 155 157 148 
3 157 155 156 
3 157 158 151 
3 156 641 157 
3 157 641 158 
3 152 154 156 
3 205 211 154 
3 211 156 154 
3 156 211 641 
3 159 15 110 
3 160 15 159 
3 159 161 160 
3 160 163 162 
3 160 161 163 
3 173 162 163 
3 173 29 162 
3 164 226 230 
3 213 223 164 
3 164 165 213 
3 220 223 213 
3 164 230 165 
3 230 166 165 
3 166 216 165 
3 166 366 216 
3 159 110 167 
3 167 110 112 
3 167 168 159 
3 171 167 112 
3 159 168 161 
3 161 168 169 
3 171 168 167 
3 168 171 170 
3 171 112 114 
3 168 170 169 
3 184 170 171 
3 175 170 184 
3 175 172 177 
3 161 169 163 
3 163 169 174 
3 173 163 176 
3 176 163 174 
3 173 198 29 
3 173 176 198 
3 169 170 174 
3 170 175 174 
3 179 176 174 
3 177 174 175 
3 177 179 174 
3 177 178 179 
3 177 172 178 
3 176 179 198 
3 179 180 198 
3 178 202 179 
3 202 180 179 
3 181 178 172 
3 183 178 181 
3 181 182 183 
3 178 183 202 
3 183 196 202 
3 196 183 182 
3 171 114 184 
3 175 184 186 
3 184 114 186 
3 185 175 186 
3 185 172 175 
3 190 185 186 
3 114 124 189 
3 189 124 187 
3 186 114 189 
3 188 189 187 
3 191 189 188 
3 190 186 189 
3 190 189 191 
3 192 820 191 
3 191 193 190 
3 193 191 820 
3 181 172 194 
3 194 172 185 
3 194 185 190 
3 193 194 190 
3 194 195 181 
3 181 195 182 
3 182 195 212 
3 182 212 196 
3 193 195 194 
3 195 193 197 
3 193 820 821 
3 821 197 193 
3 195 197 212 
3 197 821 827 
3 197 827 212 
3 29 200 140 
3 200 199 140 
3 29 198 200 
3 146 199 201 
3 200 201 199 
3 200 198 180 
3 180 201 200 
3 203 201 180 
3 201 204 146 
3 204 153 146 
3 201 203 204 
3 154 153 205 
3 153 204 205 
3 206 205 204 
3 202 207 203 
3 202 203 180 
3 207 202 196 
3 204 203 208 
3 203 207 208 
3 204 208 206 
3 207 209 210 
3 208 207 210 
3 208 831 206 
3 208 210 831 
3 831 836 206 
3 832 210 209 
3 210 832 831 
3 206 211 205 
3 206 836 211 
3 196 212 207 
3 209 207 212 
3 827 209 212 
3 215 220 213 
3 214 213 165 
3 213 214 215 
3 165 216 214 
3 216 217 214 
3 217 372 214 
3 216 366 217 
3 226 219 227 
3 226 164 219 
3 219 218 227 
3 218 219 222 
3 218 225 228 
3 218 228 227 
3 224 218 222 
3 339 222 220 
3 221 222 339 
3 224 222 221 
3 223 220 222 
3 219 223 222 
3 164 223 219 
3 225 218 224 
3 235 225 224 
3 232 228 225 
3 225 235 232 
3 224 221 341 
3 224 341 235 
3 227 229 226 
3 228 229 227 
3 230 226 246 
3 246 226 229 
3 229 231 246 
3 229 228 232 
3 231 229 232 
3 232 235 233 
3 234 231 232 
3 233 234 232 
3 235 344 233 
3 234 254 250 
3 234 250 231 
3 236 253 254 
3 236 234 237 
3 237 234 233 
3 236 237 239 
3 237 233 344 
3 238 237 344 
3 238 344 350 
3 239 237 238 
3 254 234 236 
3 240 253 236 
3 236 239 240 
3 239 241 242 
3 238 243 239 
3 243 238 244 
3 241 239 243 
3 242 291 245 
3 242 245 239 
3 239 245 240 
3 230 246 247 
3 246 249 247 
3 246 231 249 
3 166 230 247 
3 248 166 247 
3 366 166 248 
3 249 248 247 
3 249 368 248 
3 369 368 249 
3 231 251 249 
3 251 231 250 
3 254 252 250 
3 249 251 369 
3 251 250 252 
3 252 369 251 
3 256 254 253 
3 254 255 252 
3 256 255 254 
3 240 256 253 
3 240 257 256 
3 255 256 370 
3 257 259 256 
3 256 259 370 
3 261 370 259 
3 257 240 258 
3 245 258 240 
3 245 322 258 
3 258 259 257 
3 258 261 259 
3 370 261 260 
3 262 260 261 
3 275 276 263 
3 272 269 275 
3 272 263 270 
3 272 275 263 
3 276 274 263 
3 270 263 273 
3 263 274 273 
3 266 265 271 
3 288 271 264 
3 290 264 265 
3 265 264 271 
3 265 267 290 
3 266 267 265 
3 312 267 266 
3 316 290 267 
3 266 271 268 
3 292 268 271 
3 288 292 271 
3 296 272 270 
3 272 296 294 
3 313 273 274 
3 268 292 296 
3 268 318 312 
3 268 312 266 
3 318 268 296 
3 270 273 296 
3 273 313 296 
3 277 275 269 
3 277 280 275 
3 275 280 276 
3 278 280 277 
3 277 279 278 
3 282 276 280 
3 282 274 276 
3 282 280 281 
3 278 281 280 
3 278 285 281 
3 277 269 283 
3 283 269 284 
3 284 269 272 
3 279 277 283 
3 308 279 283 
3 286 278 308 
3 278 279 308 
3 294 284 272 
3 306 283 284 
3 306 308 283 
3 286 285 278 
3 326 285 286 
3 264 287 288 
3 264 290 242 
3 288 287 289 
3 316 291 290 
3 242 290 291 
3 294 296 293 
3 293 295 294 
3 289 298 288 
3 288 298 292 
3 298 293 292 
3 292 293 296 
3 318 296 313 
3 241 287 264 
3 242 241 264 
3 297 241 243 
3 287 241 289 
3 289 241 297 
3 297 243 244 
3 289 300 298 
3 301 293 298 
3 301 295 293 
3 300 301 298 
3 299 295 301 
3 301 300 395 
3 477 303 305 
3 305 303 302 
3 305 302 304 
3 305 304 403 
3 403 304 401 
3 306 284 302 
3 294 307 284 
3 294 295 307 
3 284 307 311 
3 302 284 311 
3 309 286 308 
3 308 303 309 
3 309 303 477 
3 308 306 303 
3 303 306 302 
3 286 310 326 
3 310 286 309 
3 477 478 309 
3 478 479 309 
3 309 479 310 
3 307 295 299 
3 400 311 307 
3 307 299 400 
3 302 311 304 
3 401 311 400 
3 311 401 304 
3 267 319 316 
3 319 267 312 
3 282 314 274 
3 314 282 281 
3 281 315 314 
3 314 313 274 
3 281 285 315 
3 313 314 325 
3 325 315 327 
3 325 314 315 
3 315 285 326 
3 326 327 315 
3 322 291 316 
3 322 316 319 
3 319 317 322 
3 318 319 312 
3 320 318 313 
3 319 318 321 
3 323 319 321 
3 318 320 321 
3 319 323 317 
3 291 322 245 
3 258 322 324 
3 322 317 324 
3 323 324 317 
3 258 324 261 
3 324 323 415 
3 320 328 321 
3 323 419 415 
3 419 323 321 
3 328 419 321 
3 324 262 261 
3 326 330 327 
3 327 331 325 
3 320 313 325 
3 320 325 328 
3 310 330 326 
3 310 479 330 
3 479 329 330 
3 330 333 327 
3 330 329 333 
3 331 327 333 
3 336 328 331 
3 328 325 331 
3 331 333 332 
3 336 331 332 
3 335 333 329 
3 329 334 335 
3 333 335 332 
3 338 332 335 
3 335 334 338 
3 328 336 419 
3 419 336 422 
3 422 336 337 
3 337 336 332 
3 338 337 332 
3 424 337 338 
3 220 215 339 
3 340 221 339 
3 340 341 221 
3 341 343 235 
3 345 341 340 
3 343 341 345 
3 215 347 339 
3 347 215 342 
3 347 340 339 
3 235 343 344 
3 344 343 346 
3 346 343 345 
3 347 342 348 
3 342 215 214 
3 372 342 214 
3 373 342 372 
3 348 373 383 
3 348 342 373 
3 345 340 347 
3 347 349 345 
3 349 347 348 
3 355 346 345 
3 355 345 349 
3 349 348 357 
3 356 349 357 
3 355 349 356 
3 346 350 344 
3 350 346 353 
3 244 238 350 
3 244 350 351 
3 351 350 353 
3 244 351 393 
3 393 351 352 
3 352 353 355 
3 353 346 355 
3 351 353 352 
3 354 352 355 
3 398 352 354 
3 398 354 361 
3 348 383 357 
3 357 358 363 
3 389 359 358 
3 363 358 364 
3 364 358 359 
3 354 355 363 
3 363 355 356 
3 363 356 357 
3 361 354 360 
3 354 363 360 
3 361 360 362 
3 360 363 364 
3 360 364 365 
3 362 360 365 
3 217 366 375 
3 367 366 248 
3 367 248 368 
3 367 375 366 
3 371 367 368 
3 370 369 255 
3 369 252 255 
3 370 377 369 
3 369 371 368 
3 377 371 369 
3 217 375 372 
3 375 374 372 
3 372 374 373 
3 375 367 376 
3 374 375 376 
3 367 371 376 
3 378 376 371 
3 378 390 376 
3 377 378 371 
3 382 428 377 
3 378 377 428 
3 370 379 377 
3 260 379 370 
3 377 379 382 
3 260 262 380 
3 380 262 417 
3 380 379 260 
3 380 381 379 
3 417 381 380 
3 382 379 381 
3 428 382 381 
3 374 383 373 
3 374 384 383 
3 376 385 374 
3 385 384 374 
3 386 357 383 
3 357 386 358 
3 383 384 386 
3 387 384 385 
3 387 385 392 
3 358 386 389 
3 386 384 388 
3 389 386 388 
3 384 387 388 
3 385 376 390 
3 390 954 385 
3 378 391 390 
3 391 378 428 
3 390 391 434 
3 385 954 392 
3 954 390 434 
3 297 244 393 
3 394 297 393 
3 394 289 297 
3 300 289 394 
3 398 393 352 
3 394 393 398 
3 301 395 396 
3 299 301 396 
3 300 394 395 
3 395 394 397 
3 396 395 397 
3 398 361 399 
3 398 397 394 
3 397 398 399 
3 399 406 397 
3 400 299 396 
3 400 396 404 
3 404 396 397 
3 402 401 400 
3 401 402 407 
3 402 400 404 
3 401 407 403 
3 486 403 407 
3 404 397 406 
3 405 404 406 
3 405 406 414 
3 402 404 405 
3 407 402 405 
3 486 407 492 
3 492 407 405 
3 409 361 362 
3 399 361 409 
3 362 408 409 
3 412 399 409 
3 412 409 408 
3 410 362 947 
3 947 362 365 
3 410 408 362 
3 411 410 947 
3 413 408 410 
3 425 410 411 
3 413 410 425 
3 406 399 412 
3 413 412 408 
3 406 412 413 
3 406 427 414 
3 405 414 492 
3 493 492 414 
3 427 493 414 
3 427 406 413 
3 427 413 425 
3 415 262 324 
3 415 416 262 
3 262 416 417 
3 416 415 418 
3 415 419 418 
3 419 422 418 
3 420 416 418 
3 422 420 418 
3 416 421 417 
3 420 421 416 
3 337 455 422 
3 455 420 422 
3 423 455 337 
3 337 424 423 
3 979 425 411 
3 426 427 425 
3 381 429 428 
3 431 429 381 
3 431 430 429 
3 381 432 431 
3 417 432 381 
3 439 431 432 
3 439 430 431 
3 432 451 439 
3 391 433 434 
3 434 433 435 
3 433 436 435 
3 428 433 391 
3 429 433 428 
3 433 429 438 
3 429 430 438 
3 433 438 436 
3 438 437 436 
3 438 442 437 
3 438 430 442 
3 442 430 439 
3 440 442 439 
3 441 440 439 
3 440 446 442 
3 446 443 442 
3 465 446 440 
3 441 465 440 
3 442 443 437 
3 437 443 444 
3 444 443 445 
3 447 445 443 
3 446 447 443 
3 448 447 446 
3 449 432 417 
3 417 421 449 
3 449 421 454 
3 449 450 432 
3 450 451 432 
3 451 450 453 
3 441 439 451 
3 451 453 461 
3 461 441 451 
3 450 449 452 
3 452 453 450 
3 462 461 453 
3 421 420 454 
3 454 420 455 
3 454 455 458 
3 455 423 456 
3 423 424 456 
3 455 456 458 
3 518 458 456 
3 454 452 449 
3 457 452 454 
3 458 457 454 
3 453 452 457 
3 453 457 459 
3 459 462 453 
3 459 457 460 
3 518 520 458 
3 457 458 460 
3 520 460 458 
3 441 461 463 
3 465 441 463 
3 463 461 464 
3 462 464 461 
3 471 464 462 
3 471 472 464 
3 465 466 446 
3 446 466 1073 
3 446 1073 448 
3 463 464 1074 
3 1074 466 463 
3 466 465 463 
3 462 467 469 
3 462 459 467 
3 460 520 522 
3 459 460 467 
3 460 468 467 
3 460 522 468 
3 522 523 468 
3 467 468 469 
3 523 470 468 
3 468 470 469 
3 462 469 471 
3 471 469 472 
3 473 1074 464 
3 472 1082 464 
3 464 1082 473 
3 469 474 472 
3 472 474 1082 
3 469 470 474 
3 477 305 475 
3 475 305 476 
3 476 305 403 
3 476 487 475 
3 480 477 475 
3 480 478 477 
3 480 482 478 
3 478 482 479 
3 487 480 475 
3 480 487 481 
3 482 480 481 
3 482 481 490 
3 329 479 482 
3 483 329 482 
3 334 329 483 
3 483 484 334 
3 338 334 484 
3 424 338 485 
3 338 484 485 
3 403 486 476 
3 486 487 476 
3 487 488 481 
3 487 486 488 
3 489 488 486 
3 481 488 490 
3 488 498 490 
3 489 486 491 
3 491 486 492 
3 493 491 492 
3 488 489 498 
3 504 493 494 
3 494 493 427 
3 495 483 482 
3 483 495 484 
3 484 495 496 
3 482 490 495 
3 496 495 490 
3 490 499 496 
3 498 499 490 
3 499 497 496 
3 498 489 500 
3 499 498 500 
3 489 491 505 
3 489 505 500 
3 500 505 511 
3 499 500 503 
3 500 511 503 
3 485 484 496 
3 501 485 496 
3 497 501 496 
3 485 501 424 
3 497 502 501 
3 517 501 502 
3 519 517 502 
3 510 521 519 
3 499 503 497 
3 503 511 512 
3 502 497 503 
3 512 502 503 
3 502 512 519 
3 512 510 519 
3 493 506 491 
3 504 506 493 
3 505 513 511 
3 505 491 506 
3 505 506 513 
3 494 427 988 
3 504 494 507 
3 494 988 507 
3 504 508 506 
3 507 508 504 
3 1222 508 507 
3 506 508 513 
3 513 508 515 
3 515 508 509 
3 1222 509 508 
3 515 512 513 
3 512 511 513 
3 512 515 510 
3 514 510 515 
3 516 514 515 
3 514 516 524 
3 515 509 516 
3 1227 516 509 
3 424 501 456 
3 501 517 456 
3 517 518 456 
3 517 519 518 
3 519 521 518 
3 521 520 518 
3 521 522 520 
3 521 510 514 
3 521 514 522 
3 514 523 522 
3 524 523 514 
3 523 1251 470 
3 1251 523 524 
3 524 1253 1251 
3 1253 524 516 
3 526 525 528 
3 528 525 532 
3 526 528 530 
3 538 526 530 
3 525 526 540 
3 538 540 526 
3 536 525 540 
3 528 529 531 
3 532 529 528 
3 530 528 531 
3 530 531 542 
3 530 542 538 
3 542 539 538 
3 525 534 532 
3 536 534 525 
3 527 529 532 
3 527 532 544 
3 540 533 536 
3 544 532 534 
3 534 545 544 
3 534 535 545 
3 535 534 536 
3 537 535 536 
3 533 537 536 
3 540 538 541 
3 533 540 541 
3 538 539 541 
3 552 533 541 
3 531 529 527 
3 539 542 555 
3 543 550 531 
3 527 543 531 
3 550 542 531 
3 555 542 550 
3 527 544 543 
3 544 547 543 
3 544 548 547 
3 544 545 548 
3 535 558 545 
3 537 558 535 
3 533 552 537 
3 551 543 547 
3 1858 551 547 
3 548 549 547 
3 549 1858 547 
3 549 1866 1858 
3 543 551 1860 
3 550 543 1860 
3 1861 555 550 
3 1861 550 1860 
3 1861 557 555 
3 541 539 553 
3 553 552 541 
3 539 555 553 
3 553 554 552 
3 546 552 554 
3 553 555 556 
3 555 557 556 
3 553 556 554 
3 554 556 546 
3 548 545 558 
3 559 558 560 
3 559 548 558 
3 558 537 561 
3 552 546 537 
3 537 546 561 
3 548 559 549 
3 559 1866 549 
3 558 561 560 
3 562 561 546 
3 560 1867 559 
3 1867 560 1874 
3 546 556 562 
3 562 556 557 
3 567 65 64 
3 563 567 64 
3 566 567 563 
3 574 567 578 
3 564 565 571 
3 564 563 63 
3 566 563 564 
3 571 566 564 
3 568 565 69 
3 565 568 571 
3 571 568 572 
3 569 567 566 
3 567 569 578 
3 569 566 571 
3 569 571 570 
3 570 571 572 
3 573 570 572 
3 567 574 65 
3 575 73 574 
3 576 575 574 
3 578 577 574 
3 579 574 577 
3 574 579 576 
3 570 578 569 
3 580 578 570 
3 577 578 580 
3 579 577 584 
3 581 580 570 
3 577 580 584 
3 582 580 581 
3 584 580 582 
3 581 570 573 
3 573 604 581 
3 604 583 581 
3 620 579 584 
3 620 584 621 
3 582 585 584 
3 582 586 585 
3 581 583 582 
3 582 583 586 
3 625 584 585 
3 584 625 621 
3 586 587 585 
3 587 625 585 
3 648 626 587 
3 69 588 568 
3 588 69 82 
3 568 588 572 
3 572 588 591 
3 82 589 588 
3 589 82 593 
3 593 590 589 
3 590 588 589 
3 591 588 590 
3 592 572 591 
3 572 592 573 
3 591 590 592 
3 590 594 592 
3 596 593 88 
3 90 596 88 
3 596 590 593 
3 598 590 596 
3 90 92 595 
3 595 92 634 
3 590 598 594 
3 598 597 594 
3 598 599 597 
3 90 595 596 
3 595 598 596 
3 595 636 600 
3 595 634 636 
3 600 636 601 
3 595 600 598 
3 600 599 598 
3 599 600 609 
3 609 600 601 
3 573 592 604 
3 592 605 604 
3 604 602 583 
3 604 605 602 
3 605 603 602 
3 592 594 605 
3 594 606 605 
3 605 606 603 
3 606 651 603 
3 594 597 606 
3 597 607 606 
3 607 653 606 
3 597 599 607 
3 608 599 609 
3 606 653 651 
3 607 599 608 
3 660 607 608 
3 607 655 653 
3 607 660 655 
3 120 575 610 
3 610 575 576 
3 612 120 610 
3 120 614 121 
3 120 612 614 
3 612 610 611 
3 579 611 576 
3 576 611 610 
3 613 612 611 
3 616 615 613 
3 613 615 612 
3 611 579 620 
3 611 620 613 
3 622 613 620 
3 613 622 616 
3 614 612 615 
3 616 614 615 
3 125 614 616 
3 187 125 188 
3 616 188 125 
3 188 616 617 
3 617 616 622 
3 628 617 622 
3 618 188 617 
3 618 617 619 
3 619 617 628 
3 622 620 624 
3 624 620 621 
3 621 623 624 
3 627 625 587 
3 587 626 627 
3 623 621 625 
3 623 625 627 
3 626 631 627 
3 628 622 624 
3 629 628 624 
3 623 629 624 
3 628 630 619 
3 630 628 629 
3 632 630 629 
3 828 630 632 
3 632 623 627 
3 632 629 623 
3 632 627 631 
3 633 632 631 
3 828 632 633 
3 633 631 681 
3 681 682 633 
3 149 150 634 
3 150 635 634 
3 634 635 636 
3 635 637 636 
3 639 635 638 
3 639 637 635 
3 637 601 636 
3 158 640 638 
3 640 639 638 
3 158 643 640 
3 643 158 641 
3 211 642 641 
3 642 643 641 
3 643 642 644 
3 645 644 642 
3 583 646 586 
3 586 646 647 
3 586 648 587 
3 586 647 648 
3 626 648 677 
3 648 647 649 
3 677 648 649 
3 649 650 677 
3 647 646 657 
3 649 647 657 
3 657 680 650 
3 657 650 649 
3 656 602 603 
3 652 656 603 
3 651 652 603 
3 652 664 662 
3 651 654 652 
3 651 653 654 
3 653 655 654 
3 654 664 652 
3 654 665 664 
3 654 655 665 
3 660 661 655 
3 655 661 665 
3 583 602 646 
3 602 656 646 
3 656 672 646 
3 657 646 671 
3 671 646 672 
3 658 657 671 
3 656 652 662 
3 657 659 680 
3 659 657 658 
3 662 664 667 
3 662 667 663 
3 662 663 674 
3 667 670 663 
3 667 664 668 
3 665 661 666 
3 664 665 668 
3 666 668 665 
3 667 668 669 
3 670 667 669 
3 668 748 669 
3 669 748 2004 
3 672 656 662 
3 671 672 674 
3 673 671 674 
3 672 662 674 
3 671 673 658 
3 690 673 676 
3 673 674 676 
3 676 674 675 
3 674 663 675 
3 675 663 2009 
3 2009 2010 675 
3 676 675 2010 
3 690 676 2010 
3 690 2010 2012 
3 683 650 680 
3 631 626 678 
3 678 626 677 
3 679 677 650 
3 679 650 683 
3 678 677 679 
3 686 679 683 
3 678 681 631 
3 681 678 679 
3 681 679 686 
3 686 682 681 
3 684 680 659 
3 680 685 683 
3 686 683 687 
3 687 683 685 
3 684 685 680 
3 685 684 695 
3 686 688 682 
3 687 688 686 
3 689 688 687 
3 687 696 689 
3 696 863 689 
3 697 863 696 
3 691 659 658 
3 691 658 673 
3 684 659 691 
3 691 673 690 
3 690 693 691 
3 684 691 695 
3 687 685 695 
3 695 691 692 
3 692 691 693 
3 696 695 692 
3 693 690 2012 
3 694 693 2012 
3 694 2018 693 
3 693 2018 692 
3 695 696 687 
3 699 696 692 
3 696 698 697 
3 698 696 699 
3 699 701 698 
3 700 699 2018 
3 2018 699 692 
3 700 701 699 
3 701 700 876 
3 601 702 609 
3 601 709 702 
3 608 609 702 
3 702 709 705 
3 702 703 608 
3 703 704 660 
3 608 703 660 
3 704 703 707 
3 707 703 702 
3 707 702 705 
3 705 721 706 
3 707 705 706 
3 704 707 741 
3 706 741 707 
3 745 741 706 
3 637 639 708 
3 708 710 637 
3 708 639 714 
3 708 714 716 
3 637 710 601 
3 601 710 709 
3 710 711 709 
3 709 711 721 
3 711 722 721 
3 710 708 712 
3 712 711 710 
3 708 716 712 
3 712 713 711 
3 713 722 711 
3 712 716 713 
3 640 714 639 
3 715 714 643 
3 643 714 640 
3 718 716 714 
3 715 718 714 
3 644 717 715 
3 644 715 643 
3 715 717 718 
3 718 719 716 
3 719 713 716 
3 713 719 736 
3 718 717 720 
3 717 644 645 
3 720 717 645 
3 720 645 844 
3 720 844 737 
3 720 737 718 
3 718 737 719 
3 709 721 705 
3 722 725 721 
3 722 723 725 
3 723 724 725 
3 713 723 722 
3 726 723 713 
3 726 724 723 
3 727 726 713 
3 727 732 726 
3 721 725 706 
3 725 728 706 
3 724 729 725 
3 729 728 725 
3 728 730 706 
3 706 730 745 
3 729 731 728 
3 731 730 728 
3 732 733 724 
3 733 729 724 
3 733 731 729 
3 763 730 731 
3 726 732 724 
3 727 739 732 
3 731 733 764 
3 734 764 733 
3 732 734 733 
3 734 732 735 
3 732 739 735 
3 734 735 764 
3 737 844 738 
3 844 895 738 
3 738 767 737 
3 737 767 719 
3 767 736 719 
3 896 738 895 
3 739 736 767 
3 767 738 896 
3 896 768 767 
3 736 727 713 
3 727 736 739 
3 739 774 771 
3 739 771 735 
3 735 771 773 
3 739 767 774 
3 704 741 740 
3 704 740 660 
3 741 742 740 
3 744 742 741 
3 745 744 741 
3 660 740 743 
3 660 743 661 
3 743 740 742 
3 755 743 742 
3 744 746 742 
3 742 746 755 
3 755 746 756 
3 744 757 746 
3 758 757 744 
3 666 749 668 
3 661 747 666 
3 749 666 747 
3 747 754 750 
3 668 749 748 
3 749 2025 748 
3 747 750 749 
3 749 750 2025 
3 750 2026 2025 
3 754 751 750 
3 751 752 750 
3 750 752 2026 
3 751 2031 752 
3 2031 751 753 
3 747 661 743 
3 743 755 747 
3 754 747 755 
3 755 2060 754 
3 756 2060 755 
3 757 756 746 
3 758 780 757 
3 756 757 780 
3 751 754 2060 
3 2060 753 751 
3 759 2060 756 
3 759 761 2060 
3 759 756 780 
3 759 780 760 
3 761 759 760 
3 760 2064 761 
3 762 745 730 
3 762 765 745 
3 762 730 763 
3 763 766 762 
3 763 731 764 
3 790 764 735 
3 788 766 763 
3 745 765 744 
3 744 765 758 
3 765 779 758 
3 762 766 765 
3 766 779 765 
3 766 801 779 
3 789 766 788 
3 801 766 789 
3 768 769 770 
3 792 790 735 
3 773 771 777 
3 773 792 735 
3 771 772 777 
3 773 777 794 
3 767 768 774 
3 774 768 775 
3 774 775 771 
3 768 770 775 
3 775 770 776 
3 775 776 772 
3 771 775 772 
3 794 777 797 
3 785 777 772 
3 778 777 785 
3 777 778 797 
3 800 797 778 
3 776 770 783 
3 785 772 776 
3 758 779 780 
3 779 801 802 
3 780 779 781 
3 779 802 781 
3 760 780 781 
3 782 778 785 
3 776 783 785 
3 784 782 785 
3 784 785 783 
3 770 905 783 
3 905 784 783 
3 784 905 910 
3 815 782 784 
3 784 910 815 
3 815 910 786 
3 787 763 764 
3 790 787 764 
3 787 788 763 
3 787 793 788 
3 789 788 793 
3 789 805 801 
3 789 795 805 
3 793 795 789 
3 805 795 799 
3 791 787 790 
3 792 791 790 
3 773 794 791 
3 792 773 791 
3 791 793 787 
3 791 794 793 
3 793 794 796 
3 794 797 796 
3 796 795 793 
3 796 798 795 
3 798 796 797 
3 800 798 797 
3 798 799 795 
3 801 804 802 
3 804 803 802 
3 805 804 801 
3 805 806 804 
3 806 805 811 
3 819 805 799 
3 805 819 811 
3 803 804 806 
3 781 807 760 
3 781 808 807 
3 802 803 808 
3 802 808 781 
3 810 809 803 
3 803 809 808 
3 810 803 806 
3 806 811 810 
3 810 813 809 
3 810 811 812 
3 813 810 812 
3 811 819 812 
3 819 2100 812 
3 813 812 2099 
3 812 2100 2099 
3 800 778 814 
3 778 782 814 
3 782 815 814 
3 800 814 818 
3 815 818 814 
3 798 816 799 
3 800 816 798 
3 816 818 799 
3 818 819 799 
3 816 800 818 
3 815 817 818 
3 815 786 817 
3 817 786 2108 
3 817 819 818 
3 819 817 2100 
3 2100 817 2109 
3 192 188 618 
3 191 188 192 
3 822 821 820 
3 821 822 823 
3 192 618 824 
3 619 824 618 
3 825 192 824 
3 824 619 630 
3 825 824 630 
3 820 192 825 
3 825 826 822 
3 825 822 820 
3 826 825 829 
3 821 823 827 
3 825 630 828 
3 828 829 825 
3 633 829 828 
3 633 830 829 
3 826 833 822 
3 829 830 841 
3 851 826 829 
3 841 851 829 
3 633 682 830 
3 837 836 831 
3 823 822 833 
3 832 823 834 
3 823 833 834 
3 850 834 839 
3 834 833 839 
3 831 835 837 
3 834 831 832 
3 835 831 834 
3 838 837 835 
3 850 835 834 
3 835 840 838 
3 835 850 840 
3 211 836 642 
3 837 838 836 
3 836 838 843 
3 642 836 843 
3 645 642 843 
3 844 645 843 
3 209 827 823 
3 209 823 832 
3 839 833 826 
3 826 851 839 
3 842 851 841 
3 844 843 845 
3 838 840 843 
3 843 840 846 
3 843 846 845 
3 846 847 845 
3 847 849 848 
3 847 846 849 
3 871 850 839 
3 851 871 839 
3 850 871 853 
3 850 853 840 
3 842 852 851 
3 852 871 851 
3 871 854 853 
3 840 853 846 
3 853 854 846 
3 854 849 846 
3 883 968 882 
3 968 855 856 
3 856 882 968 
3 856 855 897 
3 973 897 855 
3 857 830 682 
3 841 830 857 
3 841 857 858 
3 857 682 688 
3 689 857 688 
3 689 863 857 
3 858 857 863 
3 858 842 841 
3 858 859 842 
3 859 852 842 
3 852 859 861 
3 852 861 871 
3 871 866 854 
3 861 866 871 
3 859 858 860 
3 859 860 861 
3 861 860 862 
3 861 862 866 
3 864 858 863 
3 697 864 863 
3 864 860 858 
3 697 698 864 
3 860 864 872 
3 860 865 862 
3 854 867 849 
3 867 854 866 
3 866 862 867 
3 867 862 865 
3 848 868 870 
3 849 868 848 
3 849 867 868 
3 865 868 867 
3 860 872 873 
3 860 873 865 
3 865 873 869 
3 869 868 865 
3 870 868 869 
3 870 869 874 
3 698 875 864 
3 698 701 875 
3 875 872 864 
3 878 873 872 
3 869 873 874 
3 873 879 874 
3 873 878 879 
3 876 875 701 
3 872 875 877 
3 872 877 878 
3 878 877 908 
3 908 879 878 
3 881 856 880 
3 880 856 886 
3 882 884 883 
3 883 884 885 
3 882 881 884 
3 884 887 890 
3 881 887 884 
3 885 884 1016 
3 1016 884 890 
3 881 882 856 
3 887 881 880 
3 888 887 880 
3 911 888 880 
3 888 912 921 
3 889 887 888 
3 887 889 891 
3 921 889 888 
3 1016 890 892 
3 890 887 891 
3 892 890 891 
3 889 893 891 
3 892 891 894 
3 893 894 891 
3 844 845 895 
3 845 847 895 
3 847 848 895 
3 897 898 856 
3 899 898 897 
3 895 848 900 
3 870 900 848 
3 895 900 896 
3 769 896 901 
3 896 900 901 
3 768 896 769 
3 900 902 901 
3 901 903 769 
3 769 903 770 
3 900 870 902 
3 870 874 902 
3 906 901 902 
3 906 903 901 
3 905 770 903 
3 902 874 904 
3 874 879 904 
3 902 904 906 
3 903 906 905 
3 909 907 906 
3 905 906 907 
3 904 879 908 
3 906 904 909 
3 909 904 908 
3 908 2193 909 
3 880 886 911 
3 911 886 914 
3 898 886 856 
3 886 898 915 
3 899 915 898 
3 915 899 1117 
3 914 886 915 
3 911 912 888 
3 911 913 912 
3 913 911 914 
3 917 913 914 
3 1117 918 915 
3 914 915 916 
3 914 916 917 
3 930 917 916 
3 918 916 915 
3 919 918 1117 
3 916 918 920 
3 1117 1118 919 
3 1118 1133 919 
3 920 918 919 
3 930 916 920 
3 919 1133 939 
3 919 939 920 
3 912 913 921 
3 922 921 913 
3 913 917 922 
3 921 893 889 
3 926 921 922 
3 924 926 922 
3 922 923 924 
3 893 921 926 
3 926 927 893 
3 893 927 894 
3 927 925 894 
3 927 928 925 
3 917 929 922 
3 917 930 929 
3 922 929 923 
3 930 933 929 
3 920 931 930 
3 939 931 920 
3 930 931 940 
3 940 933 930 
3 932 923 929 
3 929 933 932 
3 934 923 932 
3 934 924 923 
3 933 935 932 
3 932 935 934 
3 1140 1141 942 
3 937 1140 942 
3 942 1141 938 
3 939 936 931 
3 936 1140 937 
3 940 931 941 
3 931 936 941 
3 936 937 941 
3 937 942 941 
3 933 940 935 
3 940 2247 935 
3 941 2267 940 
3 940 2267 2247 
3 938 943 942 
3 938 1400 944 
3 943 938 944 
3 941 942 2267 
3 942 943 2267 
3 943 2275 2267 
3 944 2277 943 
3 943 2277 2275 
3 359 389 945 
3 364 359 946 
3 364 946 365 
3 946 948 365 
3 945 946 359 
3 947 365 948 
3 392 949 387 
3 951 387 949 
3 389 388 950 
3 950 388 952 
3 388 951 952 
3 387 951 388 
3 389 950 945 
3 945 950 953 
3 959 951 949 
3 963 952 951 
3 952 953 950 
3 952 962 953 
3 954 955 392 
3 392 956 949 
3 392 955 956 
3 954 1031 955 
3 1031 954 434 
3 956 967 949 
3 949 967 959 
3 956 969 967 
3 955 970 956 
3 955 1031 970 
3 956 970 969 
3 1031 971 970 
3 945 953 946 
3 946 953 957 
3 948 946 957 
3 953 962 957 
3 958 948 957 
3 958 983 982 
3 974 983 958 
3 951 959 961 
3 961 959 960 
3 963 962 952 
3 964 962 963 
3 963 951 961 
3 963 961 964 
3 965 961 960 
3 964 961 965 
3 964 965 966 
3 966 965 1017 
3 968 960 967 
3 967 969 968 
3 969 972 968 
3 959 967 960 
3 969 970 972 
3 970 971 972 
3 971 973 972 
3 883 960 968 
3 883 885 960 
3 960 885 965 
3 855 968 972 
3 972 973 855 
3 962 975 957 
3 975 962 964 
3 975 964 966 
3 974 957 975 
3 974 958 957 
3 977 996 974 
3 977 974 975 
3 976 977 975 
3 975 966 976 
3 1024 977 976 
3 998 977 1027 
3 1027 977 1024 
3 411 947 948 
3 948 978 411 
3 979 411 978 
3 948 958 978 
3 978 958 982 
3 978 981 979 
3 981 978 982 
3 980 425 979 
3 979 981 980 
3 984 981 982 
3 983 984 982 
3 974 996 983 
3 985 983 996 
3 983 985 984 
3 986 980 981 
3 426 425 980 
3 426 980 986 
3 981 987 986 
3 987 989 986 
3 989 426 986 
3 988 427 426 
3 988 426 989 
3 990 989 987 
3 988 989 990 
3 1221 988 990 
3 987 981 984 
3 992 987 984 
3 992 984 985 
3 994 992 985 
3 994 985 1006 
3 985 991 1006 
3 990 987 992 
3 993 990 992 
3 992 994 993 
3 993 994 995 
3 994 1225 995 
3 997 996 977 
3 991 985 996 
3 1007 996 997 
3 991 996 1007 
3 977 998 997 
3 1007 997 998 
3 999 1007 998 
3 999 998 1000 
3 998 1002 1000 
3 1002 998 1027 
3 1027 1001 1002 
3 1004 1002 1001 
3 1011 1000 1002 
3 1010 1011 1002 
3 1002 1004 1010 
3 1003 1004 1001 
3 1005 1004 1003 
3 1006 991 1007 
3 1008 1006 1007 
3 994 1006 1008 
3 1225 994 1008 
3 1012 999 1000 
3 1009 1007 999 
3 1008 1007 1009 
3 1009 999 1012 
3 1008 1235 1225 
3 1236 1009 1012 
3 1235 1008 1009 
3 1235 1009 1236 
3 1012 1000 1011 
3 1013 1011 1010 
3 1013 1010 1004 
3 1012 1011 1013 
3 1236 1012 1013 
3 1014 1013 1004 
3 1014 1004 1005 
3 1248 1014 1005 
3 965 885 1017 
3 1017 885 1015 
3 1015 885 1016 
3 966 1017 1023 
3 1017 1015 1018 
3 1015 1019 1018 
3 1018 1023 1017 
3 1025 1023 1018 
3 1016 1019 1015 
3 1019 1016 1020 
3 1020 1016 892 
3 894 1020 892 
3 1021 1018 1019 
3 1025 1018 1021 
3 1019 1022 1021 
3 1020 1022 1019 
3 1022 1020 1121 
3 976 966 1024 
3 1024 966 1023 
3 1023 1025 1024 
3 1025 1027 1024 
3 1025 1028 1027 
3 1026 1001 1027 
3 1026 1120 1001 
3 1021 1028 1025 
3 1028 1021 1022 
3 1027 1028 1026 
3 1028 1119 1026 
3 1119 1028 1121 
3 1121 1028 1022 
3 1120 1026 1119 
3 894 1029 1020 
3 1029 894 925 
3 1121 1020 1029 
3 1165 1001 1120 
3 1001 1030 1003 
3 1030 1001 1165 
3 1005 1003 1030 
3 1005 1030 1170 
3 1248 1005 1170 
3 1300 1248 1170 
3 434 435 1031 
3 435 1033 1031 
3 435 436 1032 
3 436 437 1032 
3 435 1032 1033 
3 1033 971 1031 
3 1032 1035 1033 
3 437 1034 1032 
3 437 444 1034 
3 444 1037 1034 
3 1032 1034 1035 
3 1035 1034 1036 
3 1037 1038 1034 
3 1036 1034 1038 
3 1046 1038 1037 
3 1037 444 1047 
3 445 1047 444 
3 447 1050 445 
3 448 1039 447 
3 1039 1050 447 
3 448 1072 1039 
3 971 1041 973 
3 1033 1040 971 
3 1033 1035 1040 
3 971 1040 1041 
3 1041 1040 899 
3 973 1041 897 
3 1041 899 897 
3 1040 1035 1043 
3 1035 1036 1043 
3 1036 1042 1043 
3 1036 1038 1042 
3 1038 1053 1042 
3 1042 1053 1045 
3 899 1040 1044 
3 1044 1040 1043 
3 1043 1042 1045 
3 1043 1045 1118 
3 445 1050 1047 
3 1047 1048 1037 
3 1046 1037 1048 
3 1049 1048 1047 
3 1048 1061 1046 
3 1049 1061 1048 
3 1049 1062 1061 
3 1063 1049 1052 
3 1063 1062 1049 
3 1050 1049 1047 
3 1049 1050 1052 
3 1051 1052 1050 
3 1039 1051 1050 
3 1039 1078 1051 
3 1038 1046 1053 
3 1046 1061 1055 
3 1046 1055 1053 
3 1045 1053 1132 
3 1053 1054 1132 
3 1053 1055 1054 
3 1055 1058 1054 
3 1055 1061 1056 
3 1055 1056 1058 
3 1045 1132 1118 
3 1057 1132 1054 
3 1058 1135 1054 
3 1058 1056 1059 
3 1059 1056 1060 
3 1059 1135 1058 
3 1135 1059 1136 
3 1060 1136 1059 
3 1062 1063 1069 
3 1062 1056 1061 
3 1064 1052 1065 
3 1065 1052 1051 
3 1068 1064 1065 
3 1070 1064 1068 
3 1052 1064 1063 
3 1063 1064 1070 
3 1070 1066 1149 
3 1066 1070 1068 
3 1101 1068 1065 
3 1067 1068 1101 
3 1062 1069 1056 
3 1069 1060 1056 
3 1063 1070 1069 
3 1069 1149 1071 
3 1060 1069 1071 
3 1070 1149 1069 
3 1073 1072 448 
3 1072 1077 1039 
3 1074 1080 466 
3 473 1075 1074 
3 1080 1074 1075 
3 1075 473 1076 
3 1080 1073 466 
3 1075 1084 1080 
3 1084 1075 1076 
3 1039 1077 1078 
3 1077 1079 1078 
3 1073 1077 1072 
3 1085 1079 1077 
3 1080 1077 1073 
3 1077 1080 1081 
3 1085 1077 1081 
3 1081 1084 1087 
3 1081 1080 1084 
3 1082 1088 473 
3 1082 1090 1088 
3 1255 474 470 
3 1255 1083 474 
3 1082 474 1083 
3 1083 1090 1082 
3 1095 1090 1083 
3 1079 1097 1078 
3 1086 1097 1079 
3 1079 1085 1086 
3 1081 1087 1085 
3 1076 473 1088 
3 1088 1089 1076 
3 1089 1084 1076 
3 1088 1090 1091 
3 1089 1088 1091 
3 1092 1091 1090 
3 1092 1090 1095 
3 1089 1094 1087 
3 1084 1089 1087 
3 1087 1094 1100 
3 1089 1091 1093 
3 1093 1094 1089 
3 1094 1108 1100 
3 1108 1093 1109 
3 1108 1094 1093 
3 1095 1276 1092 
3 1092 1093 1091 
3 1092 1110 1093 
3 1109 1093 1110 
3 1110 1092 1096 
3 1276 1096 1092 
3 1078 1097 1065 
3 1051 1078 1065 
3 1097 1086 1099 
3 1097 1101 1065 
3 1097 1099 1101 
3 1085 1098 1086 
3 1098 1085 1087 
3 1087 1100 1098 
3 1098 1099 1086 
3 1102 1101 1099 
3 1101 1103 1067 
3 1102 1103 1101 
3 1098 1102 1099 
3 1187 1098 1100 
3 1102 1098 1187 
3 1100 1108 1105 
3 1096 1111 1110 
3 1282 1111 1096 
3 1187 1100 1105 
3 1187 1105 1106 
3 1105 1107 1106 
3 1109 1112 1108 
3 1108 1112 1105 
3 1109 1113 1112 
3 1111 1109 1110 
3 1111 1113 1109 
3 1282 1285 1111 
3 1112 1114 1107 
3 1105 1112 1107 
3 1112 1113 1114 
3 1113 1197 1114 
3 1111 1115 1113 
3 1115 1111 1285 
3 1113 1115 1197 
3 1197 1115 1116 
3 899 1044 1117 
3 1044 1043 1118 
3 1044 1118 1117 
3 1127 1119 1121 
3 1120 1119 1166 
3 1166 1119 1127 
3 925 1123 1029 
3 1123 1122 1121 
3 1123 1121 1029 
3 1124 1122 1123 
3 1123 925 1124 
3 928 1124 925 
3 1124 1128 1122 
3 2334 1124 2333 
3 1128 1124 2334 
3 1122 1127 1121 
3 1122 1128 1125 
3 1127 1122 1125 
3 1125 1126 1127 
3 1127 1126 1166 
3 1125 1130 1126 
3 1130 1125 1128 
3 2334 1129 1128 
3 1128 1129 1130 
3 1131 1179 1130 
3 1131 1130 1129 
3 1132 1133 1118 
3 1057 1133 1132 
3 1133 1057 1134 
3 1133 1134 939 
3 1134 936 939 
3 1134 1140 936 
3 1057 1054 1135 
3 1141 1135 1137 
3 1136 1060 1071 
3 1136 1071 1139 
3 1136 1139 1138 
3 1137 1135 1136 
3 1138 1137 1136 
3 1139 1398 1138 
3 1057 1135 1134 
3 1135 1140 1134 
3 1135 1141 1140 
3 938 1141 1142 
3 1142 1141 1396 
3 1138 1396 1137 
3 1396 1141 1137 
3 1398 1396 1138 
3 1146 1066 1143 
3 1146 1149 1066 
3 1155 1149 1146 
3 1143 1068 1067 
3 1067 1144 1143 
3 1068 1143 1066 
3 1145 1146 1143 
3 1145 1148 1146 
3 1144 1145 1143 
3 1147 1145 1144 
3 1192 1147 1144 
3 1148 1145 1147 
3 1147 1205 1148 
3 1149 1150 1071 
3 1149 1155 1150 
3 1071 1150 1139 
3 1150 1155 1151 
3 1152 1139 1151 
3 1139 1150 1151 
3 1398 1139 1152 
3 1152 1151 1159 
3 1400 938 1142 
3 1409 1153 1410 
3 1205 1154 1148 
3 1158 1148 1154 
3 1154 1161 1158 
3 1156 1151 1155 
3 1151 1156 1157 
3 1155 1146 1156 
3 1146 1148 1156 
3 1148 1158 1156 
3 1156 1162 1157 
3 1158 1162 1156 
3 1151 1157 1159 
3 1159 1157 1160 
3 1157 1153 1160 
3 1157 1162 1153 
3 1162 3410 1410 
3 1162 1410 1153 
3 1158 1164 1162 
3 1164 1158 1161 
3 3410 1162 1164 
3 1170 1030 1165 
3 1171 1165 1168 
3 1170 1165 1171 
3 1168 1169 1171 
3 1165 1120 1166 
3 1166 1168 1165 
3 1166 1167 1168 
3 1168 1167 1169 
3 1167 1176 1169 
3 1300 1170 1171 
3 1172 1300 1171 
3 1173 1171 1169 
3 1169 1176 1174 
3 1173 1169 1174 
3 1172 1171 1302 
3 1302 1171 1173 
3 1302 1173 1174 
3 1303 1302 1174 
3 1167 1166 1126 
3 1126 1175 1167 
3 1175 1126 1179 
3 1179 1126 1130 
3 1177 1175 1179 
3 1180 1177 1179 
3 1167 1175 1176 
3 1178 1176 1175 
3 1183 1176 1178 
3 1178 1175 1177 
3 1182 1178 1177 
3 1131 1181 1179 
3 1181 1180 1179 
3 1181 1131 2339 
3 1181 1208 1180 
3 1177 1180 1211 
3 1182 1177 1211 
3 1182 1211 1216 
3 1174 1176 1183 
3 1185 1178 1182 
3 1184 1183 1178 
3 1184 1178 1185 
3 1320 1184 1185 
3 1321 1184 1320 
3 1216 1185 1182 
3 1185 1219 1320 
3 1103 1186 1067 
3 1067 1186 1144 
3 1102 1186 1103 
3 1104 1186 1102 
3 1104 1188 1186 
3 1104 1102 1187 
3 1104 1187 1196 
3 1192 1188 1193 
3 1188 1104 1189 
3 1189 1104 1196 
3 1193 1188 1189 
3 1189 1194 1193 
3 1189 1196 1194 
3 1186 1192 1144 
3 1188 1192 1186 
3 1190 1147 1191 
3 1147 1192 1191 
3 1193 1191 1192 
3 1193 1194 1195 
3 1196 1187 1106 
3 1106 1107 1196 
3 1196 1107 1194 
3 1107 1114 1194 
3 1200 1194 1114 
3 1200 1114 1201 
3 1194 1200 1195 
3 1114 1197 1201 
3 1116 1201 1197 
3 1198 1201 1116 
3 1203 1201 1198 
3 1199 1195 1200 
3 1201 1202 1200 
3 1202 1199 1200 
3 1202 1201 1203 
3 1204 1207 1190 
3 1190 1206 1204 
3 1205 1147 1190 
3 1191 1206 1190 
3 1205 1207 1154 
3 1154 1207 1161 
3 1190 1207 1205 
3 1204 1210 1211 
3 1204 1206 1210 
3 1213 1191 1193 
3 1213 1206 1191 
3 1206 1213 1212 
3 1180 1208 1204 
3 1204 1208 2363 
3 1204 1209 1207 
3 1209 1204 2363 
3 1161 1207 1209 
3 1204 1211 1180 
3 1211 1210 1216 
3 1216 1210 1215 
3 1210 1206 1214 
3 1214 1215 1210 
3 1214 1206 1212 
3 1195 1213 1193 
3 1195 1199 1213 
3 1218 1185 1216 
3 1218 1216 1215 
3 1217 1215 1214 
3 1218 1219 1185 
3 1202 1415 1199 
3 1212 1213 1220 
3 1214 1212 1217 
3 1213 1199 1220 
3 1199 1415 1220 
3 1212 2373 1217 
3 1212 1220 2373 
3 1220 1415 1416 
3 507 988 1221 
3 1221 1222 507 
3 993 1221 990 
3 1222 1221 1226 
3 509 1222 1224 
3 1223 509 1224 
3 1226 1224 1222 
3 1226 1221 993 
3 995 1226 993 
3 1226 995 1234 
3 1240 1226 1234 
3 1223 1227 509 
3 1228 1227 1223 
3 1229 1223 1224 
3 1229 1224 1226 
3 1229 1226 1240 
3 1223 1230 1228 
3 1231 1228 1230 
3 1252 1228 1231 
3 1223 1229 1230 
3 1232 1230 1229 
3 1231 1230 1233 
3 1230 1232 1233 
3 1242 1231 1233 
3 1234 995 1225 
3 1237 1235 1236 
3 1235 1234 1225 
3 1234 1235 1237 
3 1234 1237 1240 
3 1237 1238 1240 
3 1239 1236 1013 
3 1237 1236 1239 
3 1239 1013 1014 
3 1239 1014 1248 
3 1249 1239 1248 
3 1239 1249 1237 
3 1237 1249 1244 
3 1229 1240 1232 
3 1240 1245 1232 
3 1245 1240 1238 
3 1233 1232 1241 
3 1232 1245 1241 
3 1233 1241 1243 
3 1242 1233 1243 
3 1238 1237 1244 
3 1244 1245 1238 
3 1246 1243 1241 
3 1243 1246 1247 
3 1245 1246 1241 
3 1246 1245 1244 
3 1249 1248 1300 
3 1249 1300 1306 
3 1301 1249 1306 
3 1250 1249 1301 
3 1249 1250 1244 
3 1308 1244 1250 
3 1308 1246 1244 
3 1253 516 1227 
3 1228 1252 1253 
3 1228 1253 1227 
3 1253 1256 1251 
3 1251 1256 470 
3 1252 1256 1253 
3 1255 470 1257 
3 1255 1257 1258 
3 1255 1258 1083 
3 470 1256 1257 
3 1257 1254 1258 
3 1083 1259 1095 
3 1083 1258 1259 
3 1254 1262 1258 
3 1262 1277 1258 
3 1258 1277 1259 
3 1257 1256 1254 
3 1254 1263 1262 
3 1262 1264 1277 
3 1231 1260 1252 
3 1260 1261 1252 
3 1261 1256 1252 
3 1256 1261 1254 
3 1261 1263 1254 
3 1260 1265 1261 
3 1260 1231 1242 
3 1264 1262 1263 
3 1265 1263 1261 
3 1243 1266 1242 
3 1266 1267 1242 
3 1266 1243 1268 
3 1265 1260 1242 
3 1242 1267 1265 
3 1270 1263 1265 
3 1267 1270 1265 
3 1267 1272 1270 
3 1266 1274 1267 
3 1274 1266 1268 
3 1272 1267 1274 
3 1243 1247 1268 
3 1247 1269 1268 
3 1269 1247 1310 
3 1268 1269 1274 
3 1274 1269 1315 
3 1269 1310 1315 
3 1270 1271 1263 
3 1263 1271 1264 
3 1273 1270 1272 
3 1270 1273 1271 
3 1295 1271 1273 
3 1297 1295 1273 
3 1273 1272 1275 
3 1275 1272 1274 
3 1275 1274 1315 
3 1273 1275 1297 
3 1297 1275 1298 
3 1095 1259 1276 
3 1276 1259 1277 
3 1277 1278 1276 
3 1278 1277 1280 
3 1096 1276 1279 
3 1278 1279 1276 
3 1278 1280 1286 
3 1279 1278 1286 
3 1264 1280 1277 
3 1264 1281 1280 
3 1280 1281 1286 
3 1279 1282 1096 
3 1282 1279 1284 
3 1279 1286 1284 
3 1294 1287 1286 
3 1285 1282 1283 
3 1282 1284 1283 
3 1289 1285 1283 
3 1288 1284 1286 
3 1283 1284 1288 
3 1288 1289 1283 
3 1286 1287 1288 
3 1115 1285 1116 
3 1116 1285 1290 
3 1289 1290 1285 
3 1289 1291 1290 
3 1289 1288 1292 
3 1287 1292 1288 
3 1292 1291 1289 
3 1291 1292 1328 
3 1264 1293 1281 
3 1293 1294 1281 
3 1271 1293 1264 
3 1281 1294 1286 
3 1294 1299 1287 
3 1295 1293 1271 
3 1293 1295 1294 
3 1295 1299 1294 
3 1295 1297 1299 
3 1287 1299 1296 
3 1297 1298 1299 
3 1331 1299 1298 
3 1299 1332 1296 
3 1299 1331 1332 
3 1287 1296 1292 
3 1336 1292 1296 
3 1306 1300 1172 
3 1302 1306 1172 
3 1306 1302 1304 
3 1304 1302 1303 
3 1174 1305 1303 
3 1303 1305 1304 
3 1307 1306 1304 
3 1301 1306 1307 
3 1305 1317 1304 
3 1304 1317 1307 
3 1250 1313 1308 
3 1247 1246 1310 
3 1246 1309 1310 
3 1308 1309 1246 
3 1309 1308 1313 
3 1309 1311 1310 
3 1315 1310 1311 
3 1313 1314 1309 
3 1312 1309 1314 
3 1311 1309 1312 
3 1313 1250 1301 
3 1317 1319 1307 
3 1313 1301 1307 
3 1319 1313 1307 
3 1314 1313 1325 
3 1325 1363 1314 
3 1314 1363 1312 
3 1315 1371 1275 
3 1275 1371 1298 
3 1298 1371 1330 
3 1325 1316 1363 
3 1305 1174 1183 
3 1305 1183 1317 
3 1183 1184 1317 
3 1184 1318 1317 
3 1317 1318 1319 
3 1318 1184 1321 
3 1319 1318 1321 
3 1219 2385 1320 
3 1320 1322 1321 
3 1319 1325 1313 
3 1319 1324 1325 
3 1324 1319 1321 
3 1324 1327 1325 
3 1323 1363 1316 
3 1326 1323 1316 
3 1316 1325 1326 
3 1326 1325 1327 
3 1324 1321 1322 
3 1322 1327 1324 
3 1343 1327 1322 
3 1326 1327 1343 
3 1378 1326 1343 
3 1423 1328 1339 
3 1332 1329 1296 
3 1337 1329 1332 
3 1333 1337 1332 
3 1298 1330 1331 
3 1332 1331 1333 
3 1334 1337 1333 
3 1335 1333 1331 
3 1330 1335 1331 
3 1333 1350 1334 
3 1333 1335 1350 
3 1329 1336 1296 
3 1337 1336 1329 
3 1338 1336 1337 
3 1336 1328 1292 
3 1339 1328 1336 
3 1334 1338 1337 
3 1338 1334 1349 
3 1338 1339 1336 
3 1349 1339 1338 
3 1427 1339 1349 
3 2385 1322 1320 
3 1335 1340 1350 
3 1322 1342 1343 
3 1344 1343 1342 
3 1342 2392 1344 
3 1344 2392 1345 
3 1352 1341 1346 
3 1347 1352 1346 
3 1346 1345 1347 
3 2392 1353 1347 
3 2392 1347 1345 
3 1348 1351 1349 
3 1334 1348 1349 
3 1447 1427 1349 
3 1447 1349 1351 
3 1448 1447 1351 
3 1334 1350 1348 
3 1350 1340 1348 
3 1340 1341 1348 
3 1352 2394 1351 
3 2394 1448 1351 
3 1351 1348 1352 
3 1348 1341 1352 
3 1347 1353 1352 
3 2394 1352 1353 
3 1315 1311 1368 
3 1368 1356 1358 
3 1356 1354 1357 
3 1357 1358 1356 
3 1311 1355 1356 
3 1354 1356 1355 
3 1355 1311 1362 
3 1368 1311 1356 
3 1355 1361 1354 
3 1359 1361 1355 
3 1354 1360 1357 
3 1357 1373 1358 
3 1360 1373 1357 
3 1354 1361 1360 
3 1367 1360 1361 
3 1355 1362 1359 
3 1362 1311 1312 
3 1363 1362 1312 
3 1363 1364 1362 
3 1359 1362 1365 
3 1365 1362 1364 
3 1366 1361 1359 
3 1361 1366 1367 
3 1365 1366 1359 
3 1371 1315 1368 
3 1369 1368 1358 
3 1368 1369 1371 
3 1370 1369 1358 
3 1372 1371 1369 
3 1372 1330 1371 
3 1369 1370 1372 
3 1370 1358 1374 
3 1358 1373 1374 
3 1373 1360 1374 
3 1360 1367 1374 
3 1370 1383 1372 
3 1376 1374 1367 
3 1375 1374 1376 
3 1367 1366 1376 
3 1375 1376 1377 
3 1375 1383 1370 
3 1375 1370 1374 
3 1375 1377 1388 
3 1323 1364 1363 
3 1364 1379 1365 
3 1378 1323 1326 
3 1379 1364 1323 
3 1323 1381 1379 
3 1366 1365 1379 
3 1379 1380 1366 
3 1380 1376 1366 
3 1380 1379 1381 
3 1376 1380 1377 
3 1388 1377 1380 
3 1388 1380 1390 
3 1381 1382 1380 
3 1380 1382 1390 
3 1378 1343 1344 
3 1323 1378 1381 
3 1381 1378 1394 
3 1378 1344 1394 
3 1382 1381 1394 
3 1335 1330 1372 
3 1372 1383 1384 
3 1372 1384 1335 
3 1383 1375 1388 
3 1340 1335 1385 
3 1384 1385 1335 
3 1384 1387 1385 
3 1385 1386 1340 
3 1386 1341 1340 
3 1385 1387 1391 
3 1385 1391 1386 
3 1384 1383 1387 
3 1383 1388 1387 
3 1389 1387 1388 
3 1388 1390 1389 
3 1387 1389 1391 
3 1394 1344 1345 
3 1345 1393 1394 
3 1392 1394 1393 
3 1346 1393 1345 
3 1386 1346 1341 
3 1386 1391 1346 
3 1391 1393 1346 
3 1390 1382 1392 
3 1392 1382 1394 
3 1389 1392 1393 
3 1389 1390 1392 
3 1389 1393 1391 
3 1400 1399 944 
3 944 1399 1395 
3 944 1395 3173 
3 944 3173 2277 
3 1399 3396 1395 
3 1398 1397 1396 
3 1142 1396 1397 
3 1397 1400 1142 
3 1400 1397 1403 
3 1398 1160 1397 
3 1160 1403 1397 
3 1152 1159 1398 
3 1398 1159 1160 
3 1399 1400 1401 
3 1401 1400 1403 
3 1160 1402 1403 
3 1160 1153 1408 
3 1408 1402 1160 
3 1403 1404 1401 
3 1402 1404 1403 
3 1401 3396 1399 
3 1409 1408 1153 
3 1409 3390 1407 
3 1407 1408 1409 
3 1405 1401 1404 
3 1402 1408 1404 
3 1404 1407 1405 
3 1407 1404 1408 
3 1406 1407 3390 
3 1407 1406 1405 
3 1405 3396 1401 
3 1203 1411 1202 
3 1198 1411 1203 
3 1411 1198 1412 
3 1411 1412 1414 
3 1412 1426 1414 
3 1202 1411 1413 
3 1415 1202 1413 
3 1411 1414 1413 
3 1415 1413 1417 
3 1413 1414 1417 
3 1414 1419 1417 
3 1417 1416 1415 
3 1419 1418 1417 
3 1417 1418 1416 
3 3459 1416 1418 
3 1434 1414 1426 
3 1418 1419 1438 
3 1116 1290 1420 
3 1290 1291 1420 
3 1198 1116 1420 
3 1198 1420 1422 
3 1420 1421 1422 
3 1421 1424 1422 
3 1291 1421 1420 
3 1291 1328 1421 
3 1421 1423 1424 
3 1328 1423 1421 
3 1412 1198 1422 
3 1412 1422 1425 
3 1422 1424 1425 
3 1426 1412 1425 
3 1426 1425 1430 
3 1423 1428 1424 
3 1427 1423 1339 
3 1427 1428 1423 
3 1447 1428 1427 
3 1429 1425 1424 
3 1428 1429 1424 
3 1430 1425 1429 
3 1429 1431 1435 
3 1431 1428 1447 
3 1429 1428 1431 
3 1432 1443 1431 
3 1430 1434 1426 
3 1433 1434 1430 
3 1435 1433 1430 
3 1419 1414 1434 
3 1434 1437 1419 
3 1434 1433 1440 
3 1436 1440 1433 
3 1429 1435 1430 
3 1435 1431 1443 
3 1435 1436 1433 
3 1435 1443 1436 
3 1443 1445 1436 
3 1436 1451 1440 
3 1451 1436 1445 
3 1419 1437 1438 
3 1437 1439 1438 
3 1437 1434 1440 
3 1442 1437 1440 
3 1440 1441 1442 
3 1439 1437 1442 
3 1445 1443 1444 
3 1443 1432 1444 
3 3757 1444 1432 
3 1441 1440 1451 
3 1445 1446 1451 
3 1445 1444 3783 
3 1446 1445 3783 
3 1447 1448 1431 
3 2394 1432 1448 
3 1432 2394 1449 
3 1448 1432 1431 
3 3757 1432 1449 
3 1441 1450 1442 
3 1451 1452 1441 
3 1452 1450 1441 
3 1446 1452 1451 
3 1454 1453 1455 
3 1456 1453 1454 
3 1456 1457 1458 
3 1453 1456 1458 
3 1459 1453 1458 
3 1453 1459 1455 
3 4706 1455 1459 
3 1455 4706 4707 
3 1459 1460 4706 
3 1462 1458 1457 
3 1488 1462 1457 
3 1458 1462 1459 
3 1459 1462 1460 
3 1462 1461 1460 
3 1461 4708 1460 
3 1462 1488 1489 
3 1462 1463 1461 
3 1489 1463 1462 
3 1463 1489 4800 
3 1461 1463 4708 
3 1465 1466 1467 
3 1466 1475 1467 
3 1469 1465 1467 
3 1476 1467 1475 
3 1484 1467 1476 
3 1467 1484 1469 
3 1454 1478 1464 
3 1455 1468 1454 
3 1468 1478 1454 
3 1466 1465 1471 
3 1470 1466 1471 
3 1465 1469 1471 
3 1474 1471 1469 
3 1473 1470 1471 
3 1474 1473 1471 
3 1470 1493 1466 
3 1466 1493 1475 
3 1472 1493 1470 
3 1472 1494 1493 
3 1470 1473 1472 
3 1472 1473 1494 
3 4721 1469 1486 
3 1474 1469 4721 
3 1499 1474 4721 
3 1454 1464 1456 
3 1456 1464 1481 
3 1456 1481 1457 
3 1481 1488 1457 
3 1475 1477 1476 
3 1476 1485 1484 
3 1485 1476 1477 
3 1478 1479 1464 
3 1481 1464 1479 
3 1468 1480 1478 
3 4707 1468 1455 
3 1480 1479 1478 
3 1480 1483 1479 
3 1481 1479 1482 
3 1479 1483 1482 
3 1469 1484 1486 
3 1485 1487 1484 
3 1487 1486 1484 
3 1477 1501 1485 
3 1485 1501 1487 
3 1482 1491 1481 
3 1481 1490 1488 
3 1491 1490 1481 
3 1489 1488 1490 
3 1482 1483 1491 
3 1491 1483 4713 
3 4713 1492 1491 
3 4713 1487 1501 
3 1501 4807 4713 
3 4713 4807 1492 
3 1492 1490 1491 
3 1492 4805 1490 
3 1493 1477 1475 
3 1493 1495 1477 
3 1494 1495 1493 
3 1494 1498 1495 
3 1477 1495 1496 
3 1498 1497 1495 
3 1496 1495 1497 
3 1494 1473 1498 
3 1474 1499 1473 
3 1501 1477 1496 
3 1500 1497 1498 
3 1502 1496 1497 
3 1497 1500 1502 
3 1502 1500 4723 
3 1473 1499 1498 
3 1498 1499 1500 
3 1501 1496 1502 
3 1501 4727 4807 
3 1501 1502 4727 
3 1507 1503 1505 
3 1507 1504 1503 
3 1506 1505 1503 
3 1506 1503 1511 
3 1505 1506 1515 
3 1505 1515 1508 
3 1505 1508 1507 
3 1508 1509 1507 
3 1509 1508 1510 
3 1503 1504 1511 
3 1507 1512 1504 
3 1507 1509 1512 
3 1504 1512 1513 
3 1511 1504 1513 
3 1513 1556 1557 
3 1506 1514 1515 
3 1510 1508 1515 
3 1514 1563 1515 
3 1511 1516 1506 
3 1514 1506 1517 
3 1517 1506 1516 
3 1517 1516 1518 
3 1514 1519 1563 
3 1517 1519 1514 
3 1517 1518 1519 
3 1516 1511 1513 
3 1520 1516 1513 
3 1520 1513 1557 
3 1518 1516 1520 
3 1518 1520 1565 
3 1490 4805 4800 
3 1490 4800 1489 
3 4909 1525 4907 
3 4907 1523 1521 
3 1521 1523 1522 
3 1524 1522 1523 
3 4907 1525 1523 
3 1524 1523 1526 
3 1526 1523 1525 
3 4929 1527 4928 
3 4929 1528 1527 
3 1530 1531 1529 
3 4930 1527 1530 
3 1527 1528 1530 
3 1532 1530 1528 
3 1531 1530 1532 
3 1531 1532 1533 
3 1528 4937 1532 
3 1532 4937 1533 
3 4937 1549 1533 
3 1549 4939 5062 
3 1534 1531 1535 
3 1534 1535 1538 
3 1538 1535 1536 
3 1535 1546 1536 
3 1531 1537 1529 
3 4904 1529 4905 
3 1529 1537 4905 
3 4905 1537 1538 
3 4909 4905 1544 
3 1544 4905 1538 
3 1537 1531 1534 
3 1534 1538 1537 
3 1541 1539 1540 
3 1540 1543 1541 
3 1552 1541 1536 
3 1546 1552 1536 
3 1536 1543 1538 
3 1541 1543 1536 
3 1541 1542 1539 
3 1552 1542 1541 
3 1552 5372 1542 
3 1538 1543 1544 
3 1544 1525 4909 
3 1545 1544 1540 
3 1544 1543 1540 
3 1545 1525 1544 
3 1526 1525 1545 
3 1535 1547 1546 
3 1531 1533 1548 
3 1548 1535 1531 
3 1533 1549 1548 
3 1548 1547 1535 
3 1548 1550 1547 
3 1547 1550 1553 
3 1549 1551 1550 
3 1549 1550 1548 
3 5062 1551 1549 
3 1552 1546 1547 
3 1552 5373 5372 
3 1547 1554 1552 
3 5373 1552 1554 
3 5375 5373 1554 
3 1547 1553 1554 
3 1553 1551 1555 
3 1550 1551 1553 
3 1555 5377 1553 
3 1509 1556 1512 
3 1510 1558 1509 
3 1509 1558 1556 
3 1556 1513 1512 
3 1556 1558 1559 
3 1556 1559 1557 
3 1571 1559 1558 
3 1515 1562 1510 
3 1563 1562 1515 
3 1510 1562 1566 
3 1566 1558 1510 
3 1567 1566 1562 
3 1563 1567 1562 
3 1563 1564 1567 
3 1564 1563 1519 
3 1518 1565 1519 
3 1566 1571 1558 
3 1566 1569 1571 
3 1567 1569 1566 
3 1519 1565 5032 
3 1568 1564 1519 
3 1568 1519 5032 
3 1567 1564 1569 
3 1564 1570 1569 
3 1571 1560 1559 
3 1571 1572 1560 
3 1569 1572 1571 
3 1570 1572 1569 
3 1572 4987 1560 
3 1568 1573 1564 
3 1564 1573 1570 
3 1568 5032 5034 
3 1573 1578 1570 
3 1570 1578 1572 
3 1574 1573 1568 
3 1574 1568 5034 
3 1572 1575 4987 
3 4987 1575 5001 
3 5001 1575 1576 
3 1577 1575 1572 
3 1577 1576 1575 
3 1576 1561 5001 
3 1572 1578 1577 
3 1573 1580 1578 
3 1573 1587 1580 
3 1574 1585 1573 
3 1585 1574 5035 
3 1573 1585 1587 
3 1581 1578 1582 
3 1581 1577 1578 
3 1582 1580 1579 
3 1580 1582 1578 
3 1576 1581 1561 
3 1577 1581 1576 
3 1561 1581 1591 
3 1581 1583 1591 
3 1582 1583 1581 
3 1580 1588 1579 
3 1582 1579 1583 
3 1583 1599 1591 
3 1579 1584 1583 
3 1583 1584 1599 
3 1588 1584 1579 
3 1585 5035 1586 
3 1586 5047 1585 
3 1587 1588 1580 
3 1589 1588 1587 
3 1589 1587 1585 
3 1585 5047 1589 
3 1589 1590 1584 
3 1589 1584 1588 
3 1590 1589 5047 
3 1591 5067 5010 
3 1597 1592 5067 
3 5070 5067 1592 
3 5070 1592 1600 
3 5069 1600 1593 
3 5062 5085 1551 
3 1551 5091 1555 
3 5091 1551 5085 
3 1555 5092 5377 
3 5091 5092 1555 
3 5069 1593 5093 
3 1593 1609 5093 
3 5094 1609 1595 
3 1609 5094 5093 
3 5580 1596 1595 
3 1595 1596 5094 
3 5094 1596 1594 
3 1596 5551 1594 
3 5580 5551 1596 
3 5067 1591 1597 
3 1592 1597 1598 
3 1597 1591 1599 
3 1599 1598 1597 
3 1604 1598 1599 
3 1584 1602 1599 
3 1592 1601 1600 
3 1601 1593 1600 
3 1598 1601 1592 
3 1598 1604 1601 
3 1602 1604 1599 
3 1604 1616 1601 
3 1603 1584 1590 
3 1590 5109 1603 
3 1584 1603 1602 
3 1603 1605 1602 
3 5111 5112 1603 
3 1602 1605 1604 
3 1605 1606 1604 
3 1606 1616 1604 
3 1606 1605 1607 
3 1603 5112 1605 
3 5112 1607 1605 
3 1607 1608 1606 
3 1601 1610 1593 
3 1609 1593 1610 
3 1595 1609 1610 
3 1595 1610 1613 
3 1601 1611 1610 
3 1616 1611 1601 
3 1611 1613 1610 
3 1613 1612 1595 
3 1613 1614 1612 
3 1612 5581 1595 
3 1595 5581 5580 
3 1612 1614 5581 
3 1611 1619 1613 
3 1613 1619 1614 
3 1615 1611 1616 
3 1606 1615 1616 
3 1615 1619 1611 
3 1608 1617 1606 
3 1606 1617 1615 
3 1615 1617 1620 
3 1617 1621 1620 
3 1618 1621 1617 
3 1615 1620 1619 
3 1619 5587 1614 
3 1621 1622 1620 
3 1618 1624 1621 
3 1621 1624 1622 
3 1620 5588 1619 
3 1622 5588 1620 
3 1608 5152 5154 
3 1608 1623 1617 
3 5154 1623 1608 
3 5154 5181 1623 
3 1623 1618 1617 
3 1623 1625 1618 
3 1623 5181 1625 
3 1624 1618 1625 
3 1625 1627 1624 
3 1627 1625 1626 
3 1622 1624 5609 
3 5609 5588 1622 
3 1627 5609 1624 
3 1626 1628 1627 
3 1629 1635 1630 
3 1631 1629 1632 
3 1633 1631 1632 
3 1632 1629 1630 
3 1633 1632 1638 
3 1631 1634 1629 
3 1629 1634 1635 
3 1633 1636 1631 
3 1631 1636 1634 
3 1633 1638 1637 
3 1633 1637 1636 
3 1635 1644 1630 
3 1630 1644 1645 
3 1638 1632 1630 
3 1638 1649 1637 
3 1645 1649 1630 
3 1630 1649 1638 
3 1635 1634 1640 
3 1636 1639 1634 
3 1634 1639 1640 
3 1642 1639 1636 
3 1641 1635 1640 
3 1642 1636 1637 
3 1642 1637 1648 
3 1639 1651 1640 
3 1642 1643 1639 
3 1639 1643 1651 
3 1635 1641 1644 
3 1645 1644 1641 
3 1645 1646 1675 
3 1641 1646 1645 
3 1650 1647 1641 
3 1641 1647 1646 
3 1637 1649 1648 
3 1645 1675 1649 
3 1649 1653 1648 
3 1641 1640 1650 
3 1651 1650 1640 
3 1650 1651 1652 
3 1643 1642 1648 
3 1651 1643 1652 
3 1643 1648 1712 
3 1648 1653 1712 
3 1647 1682 1654 
3 1655 1647 1650 
3 1682 1647 1655 
3 1658 1682 1655 
3 1650 1652 1655 
3 1657 1655 1652 
3 1652 1656 1657 
3 1643 1656 1652 
3 1658 1655 1657 
3 2436 1658 1657 
3 2451 1659 2450 
3 1661 1660 1671 
3 1662 1661 1673 
3 1673 2468 1662 
3 1661 1664 1660 
3 1664 1663 1660 
3 1662 1664 1661 
3 1664 2483 1663 
3 1663 2483 2485 
3 1663 2485 1684 
3 1667 1676 1666 
3 1668 1665 1672 
3 1666 1665 1667 
3 1667 1665 1668 
3 1683 1668 1672 
3 1680 1667 1668 
3 1683 1674 1680 
3 1683 1680 1668 
3 1670 1654 1682 
3 1669 1666 1654 
3 1670 1669 1654 
3 1682 2528 1670 
3 1666 1669 1671 
3 1666 1671 1665 
3 1670 1671 1669 
3 1661 1671 1670 
3 1665 1671 1672 
3 1672 1671 1660 
3 1661 1670 1673 
3 1646 1676 1675 
3 1675 1676 1679 
3 1678 1675 1679 
3 1646 1647 1654 
3 1646 1654 1666 
3 1646 1666 1676 
3 1677 1649 1675 
3 1677 1653 1649 
3 1677 1675 1678 
3 1679 1676 1667 
3 1667 1680 1679 
3 1679 1680 1681 
3 1680 1674 1681 
3 1678 1679 1681 
3 1785 1677 1678 
3 1678 1681 1785 
3 1684 1672 1660 
3 1663 1684 1660 
3 1683 1672 1684 
3 1683 1684 1685 
3 1684 2541 1685 
3 1683 1686 1674 
3 1686 1683 1685 
3 2542 1686 1685 
3 2542 1685 2541 
3 1681 1674 1688 
3 1791 1681 1688 
3 1687 1674 1686 
3 1687 1688 1674 
3 1687 1686 2542 
3 1687 2542 1689 
3 1688 1687 1689 
3 1690 1859 1736 
3 1693 1692 1691 
3 1697 1696 1691 
3 1693 1691 1696 
3 1710 1692 1694 
3 1692 1710 1691 
3 1710 1697 1691 
3 1710 1695 1697 
3 1705 1696 1706 
3 1696 1697 1698 
3 1706 1698 1699 
3 1706 1696 1698 
3 1699 1698 1777 
3 1692 1693 1700 
3 1701 1693 1696 
3 1700 1693 1701 
3 1692 1700 1702 
3 1694 1692 1702 
3 1700 1748 1753 
3 1748 1700 1703 
3 1703 1700 1701 
3 1703 1701 1705 
3 1703 1704 1748 
3 1700 1753 1702 
3 1702 1753 1763 
3 1701 1696 1705 
3 1699 1778 1706 
3 1705 1706 1707 
3 1707 1706 1778 
3 1708 1705 1707 
3 1703 1705 1708 
3 1708 1707 1779 
3 1782 1708 1779 
3 1710 1694 1709 
3 1694 1711 1709 
3 1710 1709 1695 
3 1709 1713 1695 
3 1711 1716 1709 
3 1720 1716 1711 
3 1709 1716 1715 
3 1709 1715 1713 
3 1695 1713 1697 
3 1786 1698 1697 
3 1786 1697 1713 
3 1713 1714 1786 
3 1777 1698 1786 
3 1715 1714 1713 
3 1786 1714 1788 
3 1719 1715 1716 
3 1656 1717 1718 
3 1643 1712 1656 
3 1656 1712 1717 
3 1714 1717 1788 
3 1656 1718 1657 
3 2436 1657 1718 
3 1718 2694 2436 
3 2694 1718 1719 
3 1714 1715 1717 
3 1715 1718 1717 
3 1719 1718 1715 
3 2700 2694 1719 
3 1694 1721 1711 
3 1702 1721 1694 
3 1720 1711 1721 
3 1763 1721 1702 
3 1721 1723 1720 
3 1722 1723 1721 
3 1720 1724 1716 
3 1724 1719 1716 
3 1724 1726 1719 
3 1725 1726 1724 
3 1720 1723 1725 
3 1725 1724 1720 
3 1772 1726 1725 
3 1772 1727 1726 
3 1726 1727 2700 
3 1725 1771 1772 
3 1726 2700 1719 
3 1730 1728 1737 
3 1728 1747 1729 
3 1728 1730 1747 
3 1733 1732 1734 
3 1733 1734 1763 
3 1732 1730 1735 
3 1730 1737 1735 
3 1732 1733 1730 
3 1765 1732 1735 
3 1765 1734 1732 
3 1736 1869 1738 
3 1741 1737 1728 
3 1737 1741 1742 
3 1741 1728 1731 
3 1731 1728 1729 
3 1690 1739 1740 
3 1738 1741 1690 
3 1738 1690 1736 
3 1742 1741 1738 
3 1869 1743 1738 
3 1738 1743 1742 
3 1739 1741 1731 
3 1741 1739 1690 
3 1737 1744 1735 
3 1742 1744 1737 
3 1744 1745 1735 
3 1765 1735 1745 
3 1742 1768 1744 
3 1744 1768 1745 
3 1746 1742 1743 
3 1768 1742 1746 
3 1749 1747 1748 
3 1748 1751 1749 
3 1729 1747 1749 
3 1731 1729 1750 
3 1749 1751 1752 
3 1750 1729 1749 
3 1752 1750 1749 
3 1751 1759 1752 
3 1730 1733 1753 
3 1730 1753 1747 
3 1753 1748 1747 
3 1748 1704 1751 
3 1763 1753 1733 
3 1704 1754 1751 
3 1703 1755 1704 
3 1704 1755 1754 
3 1755 1703 1708 
3 1755 1708 1782 
3 1751 1754 1759 
3 1819 1759 1754 
3 1760 1759 1819 
3 1756 1731 1750 
3 1750 1758 1756 
3 1750 1752 1758 
3 1739 1756 1740 
3 1739 1731 1756 
3 1887 1756 1758 
3 1757 1752 1759 
3 1757 1758 1752 
3 1887 1758 1892 
3 1757 1759 1760 
3 1761 1892 1758 
3 1757 1761 1758 
3 1757 1762 1761 
3 1822 1762 1757 
3 1734 1764 1763 
3 1763 1764 1722 
3 1722 1764 1770 
3 1765 1764 1734 
3 1770 1764 1766 
3 1765 1745 1764 
3 1764 1745 1766 
3 1767 1766 1745 
3 1746 1903 1768 
3 1769 1745 1768 
3 1903 1769 1768 
3 1769 1767 1745 
3 1769 1775 1767 
3 1763 1722 1721 
3 1770 1723 1722 
3 1770 1725 1723 
3 1770 1771 1725 
3 1772 1771 2703 
3 1773 1770 1766 
3 1774 1771 1770 
3 1771 1774 2703 
3 1770 1773 1774 
3 1773 2711 1774 
3 1767 1773 1766 
3 1775 1773 1767 
3 1776 2711 1773 
3 2712 2711 1776 
3 1775 1776 1773 
3 1776 1775 1910 
3 1776 1910 2714 
3 1779 1707 1778 
3 1784 1778 1699 
3 1780 1778 1784 
3 1780 1784 1783 
3 1699 1777 1784 
3 1780 1779 1778 
3 1782 1779 1780 
3 1781 1780 1783 
3 1782 1780 1781 
3 1783 1784 1796 
3 1653 1677 1789 
3 1789 1712 1653 
3 1789 1677 1785 
3 1789 1785 1790 
3 1787 1786 1788 
3 1681 1791 1785 
3 1791 1790 1785 
3 1788 1717 1712 
3 1788 1712 1789 
3 1788 1789 1792 
3 1792 1789 1790 
3 1787 1792 1793 
3 1787 1788 1792 
3 1792 1790 1794 
3 1791 1794 1790 
3 1791 1805 1794 
3 1793 1792 1794 
3 1794 1805 1802 
3 1794 1802 1793 
3 1795 1784 1777 
3 1787 1777 1786 
3 1777 1787 1795 
3 1795 1787 1797 
3 1795 1796 1784 
3 1797 1796 1795 
3 1787 1798 1797 
3 1798 1787 1793 
3 1802 1798 1793 
3 1796 1797 1809 
3 1809 1797 1798 
3 1796 1824 1783 
3 1809 1824 1796 
3 1825 1824 1809 
3 1791 1688 1799 
3 1791 1799 1805 
3 1800 1799 1688 
3 1799 1800 1805 
3 1800 1688 1689 
3 1801 1805 1800 
3 1802 1805 1804 
3 1802 1804 1803 
3 1804 1805 1806 
3 1805 1801 1806 
3 1807 1804 1806 
3 1804 1807 1803 
3 1806 2720 1807 
3 1803 1807 1811 
3 1807 2402 1811 
3 1807 2400 2402 
3 1798 1802 1808 
3 1808 1802 1803 
3 1809 1798 1808 
3 1825 1809 1838 
3 1809 1808 1810 
3 1809 1810 1838 
3 1812 1810 1808 
3 1808 1803 1811 
3 1812 1808 1811 
3 1813 1815 1812 
3 1812 1814 1810 
3 1814 1812 1815 
3 1812 1811 1816 
3 1816 1813 1812 
3 1817 1813 1816 
3 1816 1811 2402 
3 1815 1817 2405 
3 1815 1813 1817 
3 1755 1782 1818 
3 1819 1754 1755 
3 1818 1819 1755 
3 1818 1782 1781 
3 1781 1821 1818 
3 1821 1820 1818 
3 1760 1819 1818 
3 1820 1760 1818 
3 1824 1781 1783 
3 1821 1781 1824 
3 1760 1822 1757 
3 1823 1822 1760 
3 1820 1823 1760 
3 1826 1824 1825 
3 1826 1821 1824 
3 1820 1821 1827 
3 1827 1821 1826 
3 1826 1828 1827 
3 1828 1826 1829 
3 1829 1826 1825 
3 1827 1823 1820 
3 1822 1823 1830 
3 1830 1823 1946 
3 1827 1831 1823 
3 1823 1831 1946 
3 1831 1832 1946 
3 1827 1848 1831 
3 1828 1848 1827 
3 1848 1828 1829 
3 1832 1831 1848 
3 1832 1848 1833 
3 1834 1946 1832 
3 1836 1946 1834 
3 1835 1834 1832 
3 1835 1832 1833 
3 1836 1834 1837 
3 1835 1837 1834 
3 1837 1835 1957 
3 1957 1835 1959 
3 1840 1825 1838 
3 1810 1839 1838 
3 1840 1838 1841 
3 1841 1838 1839 
3 1840 1829 1825 
3 1829 1840 1847 
3 1847 1840 1841 
3 1810 1814 1839 
3 1839 1814 1842 
3 1842 1846 1839 
3 1839 1846 1841 
3 1846 1842 1843 
3 1814 1815 1843 
3 1814 1843 1842 
3 1844 1815 2405 
3 1844 1843 1815 
3 1846 1852 1841 
3 1846 1853 1852 
3 1846 1843 1845 
3 1843 1844 1845 
3 1853 1846 1845 
3 1853 1845 1855 
3 1848 1829 1847 
3 1833 1848 1847 
3 1833 1847 1850 
3 1850 1847 1841 
3 1850 1841 1852 
3 1850 1849 1833 
3 1850 1851 1849 
3 1835 1833 1849 
3 1852 1854 1850 
3 1854 1851 1850 
3 1854 1852 1853 
3 1849 1967 1835 
3 1835 1967 1959 
3 1849 1851 1967 
3 1854 1856 1851 
3 1857 1856 1854 
3 1853 1857 1854 
3 1857 1853 1855 
3 1857 1855 4298 
3 1859 1862 551 
3 1859 1858 1866 
3 1858 1859 551 
3 1859 1866 1736 
3 1860 551 1862 
3 1860 1862 1863 
3 1863 1861 1860 
3 1865 1877 1861 
3 1863 1865 1861 
3 1859 1864 1862 
3 1859 1690 1864 
3 1690 1740 1864 
3 1888 1864 1886 
3 1864 1863 1862 
3 1863 1864 1888 
3 1888 1893 1863 
3 1893 1865 1863 
3 557 1861 1877 
3 1740 1886 1864 
3 1869 1736 1866 
3 1866 1871 1869 
3 1866 1867 1871 
3 1866 559 1867 
3 1867 1868 1871 
3 1867 1874 1868 
3 1874 560 1870 
3 561 562 1876 
3 560 561 1870 
3 561 1876 1870 
3 1872 1871 1868 
3 1874 1872 1868 
3 1743 1869 1871 
3 1872 1743 1871 
3 1873 1746 1743 
3 1873 1743 1872 
3 1872 1874 1875 
3 1873 1872 1875 
3 1873 1875 1905 
3 1876 1882 1870 
3 1870 1882 1875 
3 1870 1875 1874 
3 1882 1905 1875 
3 562 557 1877 
3 1876 562 1877 
3 1877 1878 1876 
3 1879 1878 1877 
3 1877 1865 1879 
3 1865 1893 1895 
3 1895 1879 1865 
3 1878 1879 1880 
3 1881 1882 1876 
3 1876 1878 1881 
3 1878 1884 1881 
3 1882 1881 1907 
3 1884 1907 1881 
3 1884 1878 1880 
3 1883 1884 1880 
3 1885 1884 1883 
3 1885 1907 1884 
3 1740 1756 1886 
3 1886 1756 1887 
3 1889 1886 1887 
3 1888 1886 1889 
3 1893 1888 1889 
3 1892 1889 1887 
3 1892 1891 1889 
3 1891 1892 1890 
3 1761 1890 1892 
3 1891 1890 1941 
3 1895 1893 1894 
3 1894 1893 1889 
3 1896 1895 1894 
3 1889 1897 1894 
3 1897 1896 1894 
3 1880 1879 1895 
3 1895 1896 1880 
3 1880 1896 1898 
3 1891 1897 1889 
3 1891 1899 1897 
3 1899 1900 1897 
3 1899 1891 1941 
3 1896 1897 1900 
3 1898 1896 1900 
3 1900 1922 1898 
3 1883 1880 1901 
3 1901 1885 1883 
3 1919 1885 1901 
3 1941 1940 1899 
3 1940 1902 1899 
3 1899 1902 1900 
3 1922 1900 1902 
3 1746 1873 1903 
3 1903 1873 1905 
3 1903 1905 1904 
3 1904 1769 1903 
3 1904 1775 1769 
3 1905 1882 1906 
3 1904 1905 1906 
3 1908 1904 1906 
3 1775 1904 1909 
3 1906 1882 1907 
3 1907 1913 1906 
3 1913 1907 1885 
3 1910 1775 1909 
3 1908 1909 1904 
3 1910 1909 1912 
3 2886 2714 1910 
3 1912 2886 1910 
3 1911 1909 1908 
3 1912 1909 1911 
3 1913 1908 1906 
3 1911 1908 1913 
3 1915 1911 1913 
3 1913 1885 1914 
3 1926 1915 1913 
3 1926 1913 1914 
3 1926 1931 1915 
3 1911 1916 1912 
3 1915 1917 1911 
3 1917 1916 1911 
3 1933 1916 1917 
3 1915 1931 1917 
3 1932 1917 1931 
3 1917 1932 1933 
3 1918 1880 1898 
3 1880 1918 1901 
3 1901 1927 1919 
3 1901 1918 1920 
3 1901 1920 1927 
3 1923 1918 1921 
3 1898 1921 1918 
3 1921 1898 1922 
3 1923 1920 1918 
3 1923 1934 1920 
3 1923 1921 1978 
3 1923 1978 1924 
3 1923 1924 1934 
3 1919 1914 1885 
3 1919 1927 1914 
3 1927 1925 1914 
3 1925 1926 1914 
3 1926 1925 1929 
3 1927 1928 1925 
3 1928 1927 1920 
3 1934 1928 1920 
3 1929 1925 1928 
3 1937 1930 1928 
3 1929 1931 1926 
3 1929 1930 1931 
3 1930 1932 1931 
3 1930 1929 1928 
3 1939 1932 1930 
3 1939 1938 1932 
3 1934 1937 1928 
3 1934 1935 1937 
3 1935 1936 1937 
3 1936 1939 1937 
3 1937 1939 1930 
3 1944 1762 1822 
3 1942 1890 1762 
3 1890 1761 1762 
3 1948 1942 1762 
3 1940 1941 1942 
3 1942 1941 1890 
3 1962 1942 1948 
3 1942 1943 1940 
3 1902 1963 1977 
3 1902 1940 1963 
3 1963 1940 1943 
3 1943 1942 1962 
3 1961 1943 1962 
3 1961 1981 1943 
3 1963 1943 1981 
3 1830 1944 1822 
3 1830 1945 1944 
3 1945 1830 1946 
3 1948 1762 1944 
3 1948 1944 1949 
3 1944 1945 1949 
3 1836 1945 1946 
3 1947 1949 1945 
3 1948 1949 1950 
3 1962 1948 1950 
3 1949 1947 1950 
3 1950 1953 1952 
3 1950 1947 1951 
3 1950 1951 1953 
3 1955 1947 1945 
3 1954 1956 1955 
3 1954 1955 1837 
3 1955 1836 1837 
3 1837 1957 1954 
3 1955 1945 1836 
3 1947 1955 2896 
3 1958 1954 1957 
3 1955 1956 2896 
3 1957 1959 1958 
3 1959 1964 1958 
3 2896 1951 1947 
3 1951 1960 1953 
3 2896 1960 1951 
3 2896 2900 1960 
3 1952 1962 1950 
3 1961 1952 1971 
3 1961 1962 1952 
3 1980 1963 1981 
3 1967 1966 1959 
3 1959 1966 1964 
3 1960 1964 1965 
3 1965 1964 1966 
3 1967 1968 1966 
3 1965 1953 1960 
3 1953 1969 1952 
3 1965 1969 1953 
3 1965 1966 1969 
3 1969 1966 1968 
3 1969 1968 1970 
3 1969 1973 1952 
3 1973 1969 1970 
3 1856 1967 1851 
3 1968 1967 1856 
3 1972 1970 2919 
3 1973 1970 1972 
3 1981 1961 1971 
3 1998 1981 1971 
3 1974 1952 1973 
3 1971 1952 1974 
3 1974 1998 1971 
3 1975 1974 1973 
3 1998 1974 1975 
3 1998 1975 1999 
3 1973 2918 1975 
3 1976 1973 1972 
3 2918 1973 1976 
3 1922 1902 1977 
3 1977 1921 1922 
3 1980 1977 1963 
3 1977 1978 1921 
3 1978 1977 1979 
3 1986 1978 1979 
3 1979 1977 1980 
3 1924 1978 1986 
3 1981 1982 1980 
3 1982 1979 1980 
3 1979 1982 1983 
3 1934 1924 1984 
3 1984 1935 1934 
3 1984 1924 1986 
3 1985 1986 1979 
3 1935 1984 1988 
3 1988 1984 1989 
3 1989 1984 1986 
3 1985 1989 1986 
3 1935 1987 1936 
3 1987 1935 1988 
3 1989 1990 1988 
3 1990 1989 1992 
3 1990 1992 2137 
3 1987 1988 1990 
3 1995 1987 1990 
3 1985 1979 1983 
3 1989 1985 1991 
3 2137 1992 2139 
3 1992 1993 2139 
3 1992 1989 1993 
3 1989 1991 1993 
3 1939 2945 1938 
3 1936 1994 1939 
3 1987 1994 1936 
3 1994 1987 1995 
3 1995 1997 1994 
3 1994 2945 1939 
3 1994 1996 2945 
3 1997 1996 1994 
3 1983 1991 1985 
3 2002 1991 1983 
3 1991 2002 2001 
3 2001 1993 1991 
3 2141 2001 2151 
3 2141 1993 2001 
3 1982 1981 1998 
3 1982 2000 1983 
3 1999 1982 1998 
3 2000 1982 1999 
3 1999 1975 2950 
3 1999 2950 2949 
3 1999 2949 2000 
3 2002 1983 2000 
3 2956 2002 2000 
3 2002 2958 2001 
3 2001 2958 2151 
3 663 670 2003 
3 670 2006 2003 
3 2004 670 669 
3 670 2004 2006 
3 2004 2005 2006 
3 2006 2008 2003 
3 2008 2007 2003 
3 2008 2006 2005 
3 2029 2008 2005 
3 2008 2017 2007 
3 2017 2008 2029 
3 2009 663 2003 
3 2009 2011 2010 
3 2012 2010 2011 
3 2012 2011 2013 
3 2013 2011 2015 
3 2009 2003 2007 
3 2011 2009 2007 
3 2015 2011 2007 
3 2017 2046 2007 
3 2047 2007 2046 
3 2047 2015 2007 
3 2015 2016 2013 
3 2013 2016 2014 
3 2016 2020 2014 
3 2016 2015 2047 
3 694 2012 2013 
3 694 2013 2014 
3 2083 694 2014 
3 2019 2018 694 
3 2019 694 2083 
3 2020 2016 2048 
3 2014 2020 2083 
3 2019 2021 2018 
3 2018 2021 700 
3 2019 2022 2021 
3 876 700 2021 
3 2021 2023 876 
3 2023 2021 2022 
3 2084 2019 2083 
3 2084 2022 2019 
3 2023 2022 2192 
3 2085 2024 2022 
3 2022 2024 2192 
3 748 2027 2004 
3 748 2025 2027 
3 2004 2027 2005 
3 2026 2027 2025 
3 2026 2030 2027 
3 2028 2005 2027 
3 2005 2028 2029 
3 2027 2030 2028 
3 2030 2026 752 
3 2032 2030 752 
3 2054 2031 753 
3 752 2031 2032 
3 2055 2031 2054 
3 2032 2031 2055 
3 2033 2028 2030 
3 2030 2032 2033 
3 2032 2040 2033 
3 2032 2055 2040 
3 2035 2017 2029 
3 2029 2034 2035 
3 2034 2038 2035 
3 2028 2036 2029 
3 2033 2036 2028 
3 2029 2036 2034 
3 2036 2037 2034 
3 2038 2124 2035 
3 2045 2034 2037 
3 2034 2045 2038 
3 2045 2124 2038 
3 2039 2041 2071 
3 2033 2041 2036 
3 2033 2040 2041 
3 2036 2041 2037 
3 2040 2055 2042 
3 2040 2042 2041 
3 2041 2042 2071 
3 2043 2037 2041 
3 2041 2039 2043 
3 2045 2037 2043 
3 2044 2045 2043 
3 2044 2043 2039 
3 2071 2073 2039 
3 2039 2073 2044 
3 2017 2035 2046 
3 2035 2124 2046 
3 2046 2051 2047 
3 2124 2051 2046 
3 2051 2049 2047 
3 2047 2048 2016 
3 2049 2048 2047 
3 2124 2125 2051 
3 2050 2051 2125 
3 2125 2052 2050 
3 2049 2051 2050 
3 2053 2050 2052 
3 2053 2052 2133 
3 2054 2056 2057 
3 2054 2057 2055 
3 2056 2058 2057 
3 2058 2056 2059 
3 753 2060 2061 
3 2054 753 2061 
3 2061 2063 2054 
3 761 2061 2060 
3 2063 2061 2062 
3 2054 2063 2056 
3 2065 2063 2062 
3 2064 2062 761 
3 2062 2061 761 
3 760 807 2064 
3 2064 807 2066 
3 2064 2065 2062 
3 2065 2064 2066 
3 2056 2063 2067 
3 2063 2069 2067 
3 2063 2065 2069 
3 2066 2068 2065 
3 2068 2069 2065 
3 2056 2067 2059 
3 2067 2069 2079 
3 2059 2067 2079 
3 2069 2068 2070 
3 2055 2057 2042 
3 2057 2072 2042 
3 2072 2071 2042 
3 2057 2058 2072 
3 2138 2071 2072 
3 2073 2071 2138 
3 2058 2075 2072 
3 2058 2059 2074 
3 2074 2075 2058 
3 2076 2138 2072 
3 2072 2075 2076 
3 2143 2138 2077 
3 2077 2138 2076 
3 2076 2075 2077 
3 2077 2075 2078 
3 2074 2078 2075 
3 2081 2078 2074 
3 2074 2059 2080 
3 2079 2080 2059 
3 2081 2074 2080 
3 2080 2079 2082 
3 2070 2079 2069 
3 2079 2070 3045 
3 2082 2079 3045 
3 2081 2080 2082 
3 3045 3046 2082 
3 2048 2086 2020 
3 2086 2083 2020 
3 2085 2022 2084 
3 786 2205 2113 
3 2086 2048 2049 
3 2086 2049 2050 
3 2089 2086 2050 
3 2087 2086 2089 
3 2088 2083 2086 
3 2084 2083 2088 
3 2088 2086 2087 
3 2091 2088 2087 
3 2089 2050 2053 
3 2087 2089 2090 
3 2090 2089 2053 
3 2092 2088 2091 
3 2084 2088 2085 
3 2088 2092 2085 
3 2091 2095 2092 
3 2095 2093 2092 
3 2085 2092 2024 
3 2092 2093 2024 
3 2093 2095 2096 
3 2087 2094 2091 
3 2090 2094 2087 
3 2095 2091 2094 
3 2096 2095 2094 
3 2096 2217 2093 
3 2217 2096 2293 
3 807 808 809 
3 2097 2066 807 
3 809 813 2098 
3 2097 807 809 
3 809 2098 2097 
3 2068 2066 2097 
3 2068 2097 2103 
3 2103 2097 2101 
3 2098 2101 2097 
3 2102 2101 2098 
3 2098 813 2099 
3 2100 2106 2099 
3 2099 2105 2098 
3 2106 2105 2099 
3 2105 2102 2098 
3 2070 2068 2103 
3 2101 2104 2103 
3 2104 2101 2102 
3 2105 2106 2121 
3 2107 2105 2121 
3 2102 2105 2107 
3 2108 2109 817 
3 2109 2110 2111 
3 2108 2110 2109 
3 786 2113 2108 
3 2113 2117 2108 
3 2111 2110 2120 
3 2117 2112 2108 
3 2112 2110 2108 
3 2233 2113 2206 
3 2117 2113 2233 
3 2106 2100 2109 
3 2106 2109 2111 
3 2111 2120 2106 
3 2120 2121 2106 
3 2070 2103 2114 
3 2103 2104 2114 
3 2104 2115 2114 
3 2102 2116 2104 
3 2116 2115 2104 
3 2070 2114 3045 
3 3049 2114 2115 
3 2107 2116 2102 
3 3047 2116 2107 
3 2121 2123 2107 
3 2107 2123 3047 
3 3045 2114 3049 
3 2110 2112 2120 
3 2117 2118 2112 
3 2112 2119 2120 
3 2112 2118 2119 
3 2238 2119 2118 
3 2121 2120 2123 
3 2120 2122 2123 
3 2120 2119 2122 
3 2122 2119 2178 
3 2126 2045 2044 
3 2129 2126 2044 
3 2044 2127 2129 
3 2140 2126 2129 
3 2127 2128 2129 
3 2140 2128 2139 
3 2129 2128 2140 
3 2124 2045 2126 
3 2126 2130 2124 
3 2124 2130 2125 
3 2130 2126 2140 
3 2131 2130 2149 
3 2130 2132 2125 
3 2132 2052 2125 
3 2132 2133 2052 
3 2132 2130 2131 
3 2131 2146 2132 
3 2134 2133 2132 
3 2134 2132 2146 
3 2053 2133 2135 
3 2135 2133 2134 
3 2145 2135 2134 
3 2044 2073 2127 
3 2073 2136 2127 
3 2127 2136 2128 
3 2136 2137 2128 
3 2139 2128 2137 
3 1990 2137 2136 
3 2073 2138 2136 
3 2136 2138 1995 
3 1990 2136 1995 
3 2139 1993 2141 
3 2141 2152 2139 
3 2139 2152 2140 
3 2130 2140 2149 
3 2149 2140 2152 
3 2142 2131 2149 
3 2143 1995 2138 
3 2143 1997 1995 
3 2077 2144 2143 
3 2147 2134 2146 
3 2146 2131 2142 
3 2147 2146 2142 
3 2147 2145 2134 
3 2145 2147 2148 
3 2165 2145 2171 
3 2171 2145 2148 
3 2147 2142 2148 
3 2171 2148 2179 
3 2150 2149 2152 
3 2142 2149 2150 
3 2151 2152 2141 
3 2153 2152 2151 
3 2152 2153 2154 
3 2150 2152 2154 
3 2157 2150 2154 
3 2151 2958 2153 
3 2153 3070 2154 
3 2154 3070 2155 
3 2150 2157 2142 
3 2157 2156 2142 
3 2148 2142 2156 
3 2179 2148 2156 
3 2157 2158 2156 
3 2159 2157 2154 
3 2158 2157 2159 
3 2159 2154 2160 
3 2160 2154 2155 
3 2161 2160 2155 
3 2158 2159 2162 
3 2160 2162 2159 
3 2158 2162 2183 
3 2160 2161 2162 
3 2164 2053 2135 
3 2090 2053 2164 
3 2135 2163 2164 
3 2163 2135 2145 
3 2145 2165 2163 
3 2164 2166 2090 
3 2166 2164 2163 
3 2166 2168 2090 
3 2163 2167 2166 
3 2167 2173 2166 
3 2090 2168 2094 
3 2166 2173 2168 
3 2096 2094 2170 
3 2170 2094 2168 
3 2096 2169 2293 
3 2170 2169 2096 
3 2165 2167 2163 
3 2171 2172 2165 
3 2165 2172 2167 
3 2173 2167 2172 
3 2179 2180 2171 
3 2171 2180 2172 
3 2173 2175 2168 
3 2168 2175 2170 
3 2170 2174 2169 
3 2170 2175 2174 
3 2175 2173 2172 
3 2172 2182 2175 
3 2176 2175 2182 
3 2169 2174 2297 
3 2174 2175 2177 
3 2177 2175 2176 
3 2180 2179 2181 
3 2182 2172 2180 
3 2181 2182 2180 
3 2186 2182 2181 
3 2179 2156 2181 
3 2181 2156 2158 
3 2158 2183 2181 
3 2184 2181 2183 
3 2186 2181 2187 
3 2187 2181 2184 
3 2186 2176 2182 
3 2176 2186 2185 
3 2315 2176 2185 
3 2185 2186 2187 
3 2429 2187 2184 
3 2188 2187 2429 
3 2185 2188 2319 
3 2185 2187 2188 
3 2189 2319 2188 
3 875 876 2190 
3 2190 877 875 
3 2191 908 877 
3 876 2023 2190 
3 2190 2191 877 
3 2190 2023 2192 
3 2191 2190 2192 
3 2196 2192 2024 
3 907 2203 905 
3 2191 2193 908 
3 909 2193 2195 
3 2195 2193 2194 
3 909 2195 907 
3 907 2195 2203 
3 2199 2195 2194 
3 2203 2195 2199 
3 2199 2204 2203 
3 2201 2204 2199 
3 2192 2198 2191 
3 2196 2197 2192 
3 2198 2192 2197 
3 2193 2191 2198 
3 2193 2198 2194 
3 2202 2194 2198 
3 2209 2202 2197 
3 2197 2202 2198 
3 2199 2194 2200 
3 2200 2194 2202 
3 2201 2199 2200 
3 2203 910 905 
3 2205 910 2203 
3 2203 2204 2205 
3 2204 2207 2205 
3 786 910 2205 
3 2205 2206 2113 
3 2206 2205 2207 
3 2206 2207 2208 
3 2233 2206 2208 
3 2204 2201 2208 
3 2204 2208 2207 
3 2196 2209 2197 
3 2196 2024 2210 
3 2209 2196 2210 
3 2024 2093 2210 
3 2210 2215 2209 
3 2209 2214 2202 
3 2200 2202 2212 
3 2200 2212 2201 
3 2202 2214 2212 
3 2215 2214 2209 
3 2093 2211 2210 
3 2210 2211 2215 
3 2233 2208 2234 
3 2201 2212 2208 
3 2208 2212 2213 
3 2212 2224 2213 
3 2220 2214 2215 
3 2212 2214 2224 
3 2208 2213 2234 
3 2213 2216 2234 
3 2224 2228 2216 
3 2224 2216 2213 
3 2211 2093 2217 
3 2219 2211 2217 
3 2217 2218 2219 
3 2293 2218 2217 
3 2215 2211 2219 
3 2219 2220 2215 
3 2220 2219 2221 
3 2221 2219 2218 
3 2229 2220 2221 
3 2231 2222 2229 
3 2223 2214 2220 
3 2214 2223 2224 
3 2223 2225 2224 
3 2220 2222 2226 
3 2223 2220 2226 
3 2223 2226 2225 
3 2225 2228 2224 
3 2222 2230 2226 
3 2226 2227 2225 
3 2227 2228 2225 
3 2222 2220 2229 
3 2229 2221 2298 
3 2298 2221 2218 
3 2230 2222 2232 
3 2231 2229 2298 
3 2232 2222 2231 
3 2233 2234 2117 
3 2234 2235 2117 
3 2117 2235 2118 
3 2236 2235 2234 
3 2235 2238 2118 
3 2235 2236 2238 
3 2216 2236 2234 
3 2236 2216 2237 
3 2228 2237 2216 
3 2236 2237 2239 
3 2239 2238 2236 
3 2119 2238 2178 
3 2178 2238 2305 
3 2238 2239 2305 
3 2239 2243 2242 
3 2240 2237 2228 
3 2227 2240 2228 
3 2227 2281 2240 
3 2237 2240 2243 
3 2243 2239 2237 
3 2241 2243 2240 
3 2244 2242 2243 
3 2242 2244 3215 
3 2243 2241 2244 
3 2287 3180 2244 
3 2246 926 924 
3 926 2246 927 
3 2246 2245 927 
3 2245 928 927 
3 928 2245 2332 
3 935 2247 934 
3 934 2251 924 
3 2251 2246 924 
3 2247 2251 934 
3 2247 2268 2251 
3 2248 2272 2255 
3 2245 2249 2332 
3 2336 2332 2249 
3 2246 2249 2245 
3 2246 2251 2249 
3 2251 2250 2249 
3 2251 2268 2269 
3 2249 2250 2336 
3 2251 2248 2262 
3 2251 2262 2250 
3 2251 2269 2248 
3 2253 2226 2252 
3 2252 2226 2230 
3 2253 2227 2226 
3 2252 2257 2253 
3 2253 2254 2227 
3 2254 2255 2256 
3 2260 2257 2252 
3 2254 2253 2257 
3 2255 2257 2263 
3 2263 2257 2260 
3 2255 2254 2257 
3 2232 2258 2230 
3 2258 2252 2230 
3 2259 2258 2232 
3 2231 2259 2232 
3 2252 2258 2260 
3 2258 2259 2260 
3 2259 2300 2260 
3 2300 2261 2260 
3 2300 2290 2261 
3 2290 2300 2323 
3 2262 2248 2255 
3 2256 2255 2272 
3 2264 2262 2263 
3 2262 2255 2263 
3 2261 2263 2260 
3 2261 2264 2263 
3 2262 2264 2250 
3 2265 2264 2261 
3 2247 2266 2268 
3 2267 2266 2247 
3 2268 2266 2269 
3 2272 2270 2271 
3 2270 2248 2269 
3 2270 2272 2248 
3 2270 2269 2273 
3 2266 2273 2269 
3 2270 2274 2271 
3 2273 2274 2270 
3 2273 2276 2274 
3 2266 2275 2273 
3 2275 2276 2273 
3 2267 2275 2266 
3 2276 2278 2274 
3 2279 2276 2275 
3 2275 2277 2279 
3 2276 2279 2278 
3 2279 2280 2278 
3 2254 2282 2281 
3 2281 2227 2254 
3 2240 2281 2283 
3 2241 2240 2283 
3 2256 2282 2254 
3 2282 2284 2281 
3 2271 2289 2282 
3 2282 2289 2284 
3 2284 2283 2281 
3 2285 2286 2288 
3 2287 2241 2283 
3 2283 2284 2285 
3 2285 2287 2283 
3 2287 2244 2241 
3 2287 2288 3180 
3 2285 2288 2287 
3 2256 2272 2282 
3 2271 2282 2272 
3 2289 2271 2274 
3 2265 2349 2264 
3 2261 2290 2291 
3 2261 2291 2265 
3 2265 2292 2349 
3 2291 2292 2265 
3 2291 2326 2292 
3 2278 2289 2274 
3 2286 2289 2278 
3 2286 2284 2289 
3 2285 2284 2286 
3 2278 2280 2286 
3 2293 2169 2297 
3 2295 2218 2293 
3 2294 2218 2295 
3 2296 2294 2295 
3 2304 2293 2297 
3 2295 2293 2304 
3 2296 2295 2304 
3 2218 2294 2298 
3 2299 2294 2296 
3 2231 2298 2294 
3 2294 2299 2231 
3 2300 2231 2299 
3 2312 2300 2299 
3 2299 2296 2309 
3 2301 2299 2309 
3 2312 2299 2301 
3 2297 2302 2304 
3 2302 2297 2174 
3 2177 2302 2174 
3 2303 2302 2177 
3 2302 2310 2304 
3 2304 2309 2296 
3 2309 2304 2310 
3 2303 2310 2302 
3 2316 2310 2303 
3 2306 2178 2305 
3 3206 2306 2305 
3 2239 2307 2305 
3 2242 2307 2239 
3 2305 2307 3206 
3 3206 2307 2308 
3 2311 2310 2316 
3 2309 2310 2311 
3 2314 2309 2311 
3 2301 2313 2312 
3 2324 2312 2313 
3 2313 2301 2309 
3 2313 2309 2314 
3 3215 2308 2307 
3 2307 2242 3215 
3 3215 2244 3180 
3 2314 2311 2321 
3 2303 2177 2176 
3 2315 2303 2176 
3 2316 2303 2315 
3 2315 2317 2316 
3 2317 2315 2185 
3 2317 2318 2316 
3 2185 2320 2317 
3 2318 2317 2320 
3 2320 2185 2319 
3 2319 2189 2320 
3 2435 4519 2189 
3 2318 2320 3223 
3 2320 2189 4519 
3 2320 4519 3223 
3 2311 2316 2321 
3 2321 2316 2318 
3 2318 2322 2321 
3 2330 2314 2321 
3 2321 2322 2330 
3 2325 2314 2330 
3 2330 2322 3258 
3 2318 3223 2322 
3 2300 2259 2231 
3 2312 2323 2300 
3 2323 2312 2324 
3 2323 2327 2290 
3 2323 2324 2327 
3 2313 2325 2324 
3 2325 2313 2314 
3 2327 2324 2325 
3 2331 3254 2325 
3 3254 2327 2325 
3 2290 2327 2326 
3 2291 2290 2326 
3 2328 2326 2327 
3 2326 2328 2329 
3 2355 2292 2326 
3 2355 2326 2329 
3 2328 2327 3254 
3 2330 2331 2325 
3 1124 928 2332 
3 1124 2332 2333 
3 2336 2333 2332 
3 2334 2333 2335 
3 2250 2342 2336 
3 2336 2343 2333 
3 2335 2333 2343 
3 2343 2336 2342 
3 2334 2337 1129 
3 2337 2334 2335 
3 2337 2335 2338 
3 1129 2337 2341 
3 1131 1129 2340 
3 2339 1131 2340 
3 2362 2339 2340 
3 1129 2341 2340 
3 2362 2340 2341 
3 2345 2341 2344 
3 2362 2341 2345 
3 2264 2342 2250 
3 2350 2343 2342 
3 2350 2351 2343 
3 2338 2343 2351 
3 2338 2335 2343 
3 2337 2338 2344 
3 2345 2344 2338 
3 2345 2338 2351 
3 2337 2344 2341 
3 2346 2362 2345 
3 1410 3410 3408 
3 3410 1164 3411 
3 1161 2347 1164 
3 1163 2348 2347 
3 1163 2347 1161 
3 2347 3411 1164 
3 2347 2348 3412 
3 2347 3412 3411 
3 2349 2342 2264 
3 2342 2349 2350 
3 2350 2349 2352 
3 2352 2351 2350 
3 2349 2292 2354 
3 2352 2353 2351 
3 2361 2351 2353 
3 2352 2349 2354 
3 2354 2292 2355 
3 2354 2355 3415 
3 2353 2352 2354 
3 2353 2354 3415 
3 2356 2353 3415 
3 2351 2357 2345 
3 2357 2351 2361 
3 2345 2357 2346 
3 2358 2357 2361 
3 2346 2357 2359 
3 2357 2358 2359 
3 2358 2360 2359 
3 2353 2356 2361 
3 2356 3418 2361 
3 3418 2358 2361 
3 2339 2365 1181 
3 2365 1208 1181 
3 2362 2365 2339 
3 1208 2365 2363 
3 2363 2364 1209 
3 2363 2365 2364 
3 2368 1161 1209 
3 1209 2364 2366 
3 1209 2366 2368 
3 2362 2346 2365 
3 2367 2365 2346 
3 2367 2364 2365 
3 2366 2370 2368 
3 2367 2370 2366 
3 2370 2367 2382 
3 2366 2364 2367 
3 1161 2368 1163 
3 1163 2368 2369 
3 1163 2369 2348 
3 2368 2370 2369 
3 2367 2346 2382 
3 2369 3458 2348 
3 2369 2370 3458 
3 2370 2382 3473 
3 2371 1215 1217 
3 1218 1215 2371 
3 2371 2376 1218 
3 1219 2376 2372 
3 1219 1218 2376 
3 1219 2372 2385 
3 2371 1217 2374 
3 2374 1217 2373 
3 2375 2371 2374 
3 2376 2371 2375 
3 1220 2374 2373 
3 1416 3460 2374 
3 1220 1416 2374 
3 2374 3460 2375 
3 2381 2372 2376 
3 2376 2378 2381 
3 2377 2376 2375 
3 2376 2377 2378 
3 3464 2378 2377 
3 2380 2372 2381 
3 2379 2372 2380 
3 2346 2359 2382 
3 2360 2382 2359 
3 2382 2360 2383 
3 2382 2383 3473 
3 2381 2378 2384 
3 2380 2381 2384 
3 2398 2380 2384 
3 2355 3522 3415 
3 2372 2379 2385 
3 2386 2385 2379 
3 2386 1322 2385 
3 2386 2389 1322 
3 2380 2387 2379 
3 2386 2379 2387 
3 2386 2387 2389 
3 2387 2388 2389 
3 2399 2388 2387 
3 2389 1342 1322 
3 2390 1342 2389 
3 1342 2390 2392 
3 2391 2392 2390 
3 1353 2391 2393 
3 2390 2397 2391 
3 2393 2395 2394 
3 1353 2392 2391 
3 1353 2393 2394 
3 2388 2396 2389 
3 2389 2396 2397 
3 2389 2397 2390 
3 2391 3758 2393 
3 2391 2397 3758 
3 2387 2380 2398 
3 2399 2387 2398 
3 2388 2399 3768 
3 2396 2388 3768 
3 2401 2402 2400 
3 4218 1816 2402 
3 1816 4218 1817 
3 2403 1817 4218 
3 2402 2401 4218 
3 2405 1817 2403 
3 2404 2405 2403 
3 2406 1844 2405 
3 1845 1844 2406 
3 4237 2405 2404 
3 2405 4237 2406 
3 2407 2406 4237 
3 2406 2408 1845 
3 2408 2406 2409 
3 2409 2406 2407 
3 1855 1845 2408 
3 1855 2408 2409 
3 2155 4387 2410 
3 2410 2161 2155 
3 2161 2410 2412 
3 2162 2425 2183 
3 2414 2161 2412 
3 2162 2161 2414 
3 2425 2162 2414 
3 2425 2414 2411 
3 2410 2413 2417 
3 2412 2417 2416 
3 2412 2410 2417 
3 2412 2416 2414 
3 2414 2416 2415 
3 2415 2411 2414 
3 2421 2411 2415 
3 2413 2418 2417 
3 2418 2416 2417 
3 2418 2419 2416 
3 2420 2419 2418 
3 4397 2419 2420 
3 2415 2416 2419 
3 2423 2415 2419 
3 2419 4397 2423 
3 4397 2424 2423 
3 2415 2423 2421 
3 2422 2421 2423 
3 2428 2183 2425 
3 2184 2183 2428 
3 2427 2428 2425 
3 2427 2425 2426 
3 2426 2425 2411 
3 2427 2430 2428 
3 2430 2427 2426 
3 2429 2184 2428 
3 2429 2428 2430 
3 2430 2431 2429 
3 2432 2411 2421 
3 2426 2411 2432 
3 2426 2432 2433 
3 2430 2426 2433 
3 2430 2433 2431 
3 4416 2433 2432 
3 2431 2434 2429 
3 2429 2434 2188 
3 2434 2189 2188 
3 2432 2421 4416 
3 2422 4416 2421 
3 2434 2435 2189 
3 2438 1658 2436 
3 2436 2536 2438 
3 2692 2536 2436 
3 2436 2437 2692 
3 2536 2692 2715 
3 2441 2440 2439 
3 2439 2440 2445 
3 2461 2445 2440 
3 2441 2453 2440 
3 2453 2458 2440 
3 2453 2459 2458 
3 2439 2444 1659 
3 2444 2443 1659 
3 2444 2442 2443 
3 2445 2444 2439 
3 2441 2439 1659 
3 2451 2441 1659 
3 2443 2450 1659 
3 2443 2452 2450 
3 2452 2443 2448 
3 2444 2445 2446 
3 2444 2446 2442 
3 2447 2442 2446 
3 2442 2447 2443 
3 2443 2447 2448 
3 2452 2448 2449 
3 2451 2453 2441 
3 2451 2454 2453 
3 2455 2454 2451 
3 2450 2455 2451 
3 2455 2450 2452 
3 2453 2454 2459 
3 2452 2449 2456 
3 2455 2452 2456 
3 2461 2440 2457 
3 2457 2460 2493 
3 2440 2458 2457 
3 2459 2471 2458 
3 2458 2460 2457 
3 2458 2472 2460 
3 2471 2472 2458 
3 2445 2461 2446 
3 2448 2447 2463 
3 2446 2464 2447 
3 2447 2464 2463 
3 2461 2493 2462 
3 2446 2461 2462 
3 2493 2461 2457 
3 2446 2462 2464 
3 2480 2456 2449 
3 2459 2454 2465 
3 2465 2454 2466 
3 2466 2454 2455 
3 2466 2455 2475 
3 2475 2455 2456 
3 2470 2465 2466 
3 2469 2466 2475 
3 1662 2468 2482 
3 2468 2531 2467 
3 2468 2467 2482 
3 2482 2467 2469 
3 2470 2466 2469 
3 2467 2470 2469 
3 2467 2531 2476 
3 2459 2474 2471 
3 2471 2473 2472 
3 2474 2473 2471 
3 2465 2474 2459 
3 2465 2470 2474 
3 2477 2474 2470 
3 2477 2470 2476 
3 2476 2470 2467 
3 2477 2473 2474 
3 2476 2551 2477 
3 2448 2463 2479 
3 2449 2448 2478 
3 2448 2479 2478 
3 2480 2449 2478 
3 2480 2478 2516 
3 2481 2480 2516 
3 2487 2469 2475 
3 1662 2482 2484 
3 1664 1662 2484 
3 2484 2483 1664 
3 2483 2484 2486 
3 2485 2483 2486 
3 2491 2485 2486 
3 2482 2469 2484 
3 2484 2469 2487 
3 2486 2484 2487 
3 2475 2456 2480 
3 2488 2475 2480 
3 2487 2475 2488 
3 2488 2480 2481 
3 2488 2481 2489 
3 2487 2488 2489 
3 2492 2486 2487 
3 2492 2491 2486 
3 2487 2489 2492 
3 2491 2492 2490 
3 2490 2492 2525 
3 2460 2497 2493 
3 2472 2499 2460 
3 2460 2499 2497 
3 2507 2499 2472 
3 2497 2499 2509 
3 2507 2509 2499 
3 2494 2462 2493 
3 2462 2494 2464 
3 2494 2495 2464 
3 2464 2495 2463 
3 2493 2497 2494 
3 2494 2496 2495 
3 2496 2498 2495 
3 2496 2501 2502 
3 2494 2501 2496 
3 2502 2501 2500 
3 2501 2494 2497 
3 2496 2502 2498 
3 2502 2503 2498 
3 2504 2502 2500 
3 2502 2504 2503 
3 2504 2505 2503 
3 2509 2501 2497 
3 2509 2506 2501 
3 2501 2506 2500 
3 2473 2507 2472 
3 2510 2509 2507 
3 2477 2508 2473 
3 2473 2508 2507 
3 2551 2552 2477 
3 2477 2552 2508 
3 2507 2508 2510 
3 2508 2552 2510 
3 2509 2511 2506 
3 2510 2511 2509 
3 2584 2506 2511 
3 2584 2511 2588 
3 2588 2511 2513 
3 2511 2510 2512 
3 2512 2513 2511 
3 2512 2558 2513 
3 2558 2589 2513 
3 2495 2479 2463 
3 2514 2479 2495 
3 2478 2479 2514 
3 2478 2514 2516 
3 2515 2514 2495 
3 2515 2495 2498 
3 2514 2515 2521 
3 2516 2514 2521 
3 2517 2481 2516 
3 2516 2521 2517 
3 2517 2521 2526 
3 2498 2503 2515 
3 2503 2518 2515 
3 2518 2521 2515 
3 2522 2521 2518 
3 2503 2505 2518 
3 2505 2519 2518 
3 2518 2519 2522 
3 2522 2519 2520 
3 2522 2526 2521 
3 2526 2522 2523 
3 2522 2520 2523 
3 2489 2481 2517 
3 2489 2517 2524 
3 2492 2489 2524 
3 2492 2524 2525 
3 2524 2517 2526 
3 2524 2526 2527 
3 2526 2523 2527 
3 2525 2524 2527 
3 2490 2525 2564 
3 2564 2525 2567 
3 2525 2527 2567 
3 2567 2527 2643 
3 2528 2529 1670 
3 2528 2535 2529 
3 2538 2532 2535 
3 2468 2530 2531 
3 1673 2529 2468 
3 2529 1673 1670 
3 2468 2529 2530 
3 2532 2531 2530 
3 2535 2530 2529 
3 2532 2530 2535 
3 2532 2534 2533 
3 2533 2531 2532 
3 2531 2533 2551 
3 2531 2551 2476 
3 1658 2438 2528 
3 1682 1658 2528 
3 2535 2528 2438 
3 2536 2535 2438 
3 2536 2538 2535 
3 2715 2538 2536 
3 2715 2537 2538 
3 2538 2537 2532 
3 2532 2537 2534 
3 2539 2537 2715 
3 1684 2485 2541 
3 2485 2491 2541 
3 2541 2491 2544 
3 2541 2544 2540 
3 2542 2541 2543 
3 2541 2540 2543 
3 2491 2490 2544 
3 2540 2544 2564 
3 2547 2543 2546 
3 2540 2564 2565 
3 2543 2540 2546 
3 2546 2540 2565 
3 2546 2565 2570 
3 2542 2545 1689 
3 2542 2543 2545 
3 2547 2545 2543 
3 2547 2546 2569 
3 2546 2570 2569 
3 2545 2547 2548 
3 2547 2569 2548 
3 2552 2549 2553 
3 2533 2550 2549 
3 2549 2550 2562 
3 2553 2549 2562 
3 2533 2549 2551 
3 2551 2549 2552 
3 2553 2555 2559 
3 2558 2559 2554 
3 2559 2555 2554 
3 2562 2555 2553 
3 2557 2555 2562 
3 2555 2556 2554 
3 2555 2557 2556 
3 2552 2559 2510 
3 2553 2559 2552 
3 2510 2559 2512 
3 2559 2558 2512 
3 2534 2550 2533 
3 2534 2560 2550 
3 2537 2561 2534 
3 2534 2561 2560 
3 2550 2560 2562 
3 2537 2539 2561 
3 2728 2560 2561 
3 2560 2557 2562 
3 2728 2729 2560 
3 2563 2560 2729 
3 2729 2732 2563 
3 2563 2557 2560 
3 2732 2733 2563 
3 2544 2490 2564 
3 2565 2564 2566 
3 2565 2566 2570 
3 2564 2567 2568 
3 2568 2567 2643 
3 2568 2643 2573 
3 2566 2564 2568 
3 2566 2568 2574 
3 2569 2570 2571 
3 2566 2571 2570 
3 2571 2566 2572 
3 2548 2569 2571 
3 2571 2572 2744 
3 2572 2566 2574 
3 2574 2568 2573 
3 2573 2576 2574 
3 2744 2572 2575 
3 2572 2574 2575 
3 2574 2576 2575 
3 2667 2577 2578 
3 2578 2668 2667 
3 2668 2578 2786 
3 2786 2579 2668 
3 2668 2579 2670 
3 2581 2580 2500 
3 2581 2500 2506 
3 2500 2580 2504 
3 2504 2580 2505 
3 2580 2582 2592 
3 2580 2592 2505 
3 2581 2582 2580 
3 2582 2581 2583 
3 2584 2581 2506 
3 2584 2585 2581 
3 2585 2583 2581 
3 2583 2585 2586 
3 2585 2584 2588 
3 2585 2587 2586 
3 2588 2587 2585 
3 2513 2589 2588 
3 2590 2588 2589 
3 2590 2587 2588 
3 2634 2587 2590 
3 2591 2587 2634 
3 2605 2587 2591 
3 2636 2618 2591 
3 2505 2592 2519 
3 2519 2593 2520 
3 2520 2594 2596 
3 2520 2593 2594 
3 2592 2593 2519 
3 2523 2520 2596 
3 2523 2596 2595 
3 2595 2596 2609 
3 2597 2596 2594 
3 2596 2597 2609 
3 2609 2597 2612 
3 2583 2598 2582 
3 2582 2598 2592 
3 2592 2598 2593 
3 2598 2600 2593 
3 2598 2583 2599 
3 2598 2599 2600 
3 2599 2603 2600 
3 2604 2599 2583 
3 2594 2593 2601 
3 2593 2600 2601 
3 2601 2600 2602 
3 2608 2603 2599 
3 2604 2608 2599 
3 2602 2600 2603 
3 2602 2603 2608 
3 2586 2604 2583 
3 2604 2586 2605 
3 2604 2605 2606 
3 2594 2601 2597 
3 2597 2601 2607 
3 2601 2602 2607 
3 2606 2614 2607 
3 2614 2612 2607 
3 2612 2597 2607 
3 2608 2604 2606 
3 2607 2602 2608 
3 2606 2607 2608 
3 2527 2523 2595 
3 2595 2609 2610 
3 2610 2609 2612 
3 2610 2612 2613 
3 2527 2595 2643 
3 2595 2610 2643 
3 2643 2610 2645 
3 2645 2610 2644 
3 2587 2605 2586 
3 2611 2606 2605 
3 2611 2614 2606 
3 2613 2612 2614 
3 2615 2611 2605 
3 2611 2615 2616 
3 2616 2614 2611 
3 2614 2616 2617 
3 2613 2614 2617 
3 2591 2615 2605 
3 2618 2615 2591 
3 2610 2613 2617 
3 2610 2617 2644 
3 2621 2616 2615 
3 2621 2622 2616 
3 2615 2618 2621 
3 2618 2619 2621 
3 2624 2622 2621 
3 2619 2626 2621 
3 2621 2626 2624 
3 2616 2622 2623 
3 2617 2616 2623 
3 2622 2624 2623 
3 2617 2623 2625 
3 2623 2624 2625 
3 2677 2625 2624 
3 2624 2626 2677 
3 2620 2627 2619 
3 2619 2627 2626 
3 2627 2628 2626 
3 2620 2664 5715 
3 2626 2628 2678 
3 2677 2626 2678 
3 2628 5733 2678 
3 2554 2629 2558 
3 2558 2629 2589 
3 2629 2590 2589 
3 2590 2629 2631 
3 2556 2630 2554 
3 2554 2630 2629 
3 2630 2631 2629 
3 2590 2631 2634 
3 2632 2635 2634 
3 2633 2632 2631 
3 2633 2640 2632 
3 2635 2632 2640 
3 2636 2591 2634 
3 2631 2632 2634 
3 2635 2636 2634 
3 2557 2638 2556 
3 2556 2637 2630 
3 2630 2637 2631 
3 2637 2639 2631 
3 2638 2637 2556 
3 2638 2802 2637 
3 2637 2802 2639 
3 2638 2563 2801 
3 2733 2801 2563 
3 2638 2557 2563 
3 2801 2802 2638 
3 2633 2631 2639 
3 2639 2665 2633 
3 2802 2805 2639 
3 2805 2641 2639 
3 2639 2641 2665 
3 2665 2640 2633 
3 2573 2643 2648 
3 2643 2645 2648 
3 2648 2645 2646 
3 2646 2645 2647 
3 2645 2644 2647 
3 2617 2625 2644 
3 2644 2625 2672 
3 2647 2644 2672 
3 2647 2672 2675 
3 2647 2675 2683 
3 2576 2573 2649 
3 2573 2648 2649 
3 2648 2646 2649 
3 2649 2646 2652 
3 2646 2647 2651 
3 2652 2646 2651 
3 2649 2652 2650 
3 2651 2647 2683 
3 2651 2683 2687 
3 2652 2651 2687 
3 2687 2683 2686 
3 2635 2640 2656 
3 2635 2656 2657 
3 2640 2654 2656 
3 2659 2656 2655 
3 2655 2656 2654 
3 2656 2653 2657 
3 2659 2653 2656 
3 2657 2636 2635 
3 2657 2618 2636 
3 2657 2619 2618 
3 2655 2661 2659 
3 2655 2660 2661 
3 2659 2661 2658 
3 2660 2662 2661 
3 2661 2662 5632 
3 2660 2671 2662 
3 2659 2658 2653 
3 2657 2653 2663 
3 2619 2657 2663 
3 2619 2663 2620 
3 2653 2658 2663 
3 2664 2663 2658 
3 2664 2620 2663 
3 2640 2666 2654 
3 2665 2666 2640 
3 2654 2666 2655 
3 2641 2667 2665 
3 2667 2641 2642 
3 2667 2642 2577 
3 2667 2666 2665 
3 2660 2655 2669 
3 2669 2655 2666 
3 2668 2669 2667 
3 2667 2669 2666 
3 2669 2671 2660 
3 2668 2671 2669 
3 2668 2670 2671 
3 2672 2625 2673 
3 2672 2673 2675 
3 2625 2677 2673 
3 2673 2674 2675 
3 2673 2676 2674 
3 2675 2674 2684 
3 2684 2674 2679 
3 2674 2676 2679 
3 2676 2673 2677 
3 2676 2677 2678 
3 2679 2676 2680 
3 2684 2679 2681 
3 2679 2680 2681 
3 2680 2676 2682 
3 2676 2678 2682 
3 2681 2680 2691 
3 2680 2682 2691 
3 2683 2675 2685 
3 2675 2684 2685 
3 2683 2685 2686 
3 2687 2686 2833 
3 2686 2685 2689 
3 2685 2688 2689 
3 2833 2686 2689 
3 2685 2684 2690 
3 2684 2681 2690 
3 2685 2690 2688 
3 2690 2681 2691 
3 2690 2691 5749 
3 2838 2688 2690 
3 2690 5749 2838 
3 2694 2437 2436 
3 2437 2693 2692 
3 2694 2700 2693 
3 2694 2693 2437 
3 2693 2695 2692 
3 2692 2695 2715 
3 2693 2699 2695 
3 2695 2696 2718 
3 2697 2718 2696 
3 2704 1727 1772 
3 2701 2699 2700 
3 2699 2693 2700 
3 1727 2701 2700 
3 2704 2701 1727 
3 2698 2699 2701 
3 2701 2707 2698 
3 2695 2699 2698 
3 2695 2698 2696 
3 2698 2702 2696 
3 2696 2702 2697 
3 2697 2702 2736 
3 2730 2697 2736 
3 2702 2708 2768 
3 2736 2702 2768 
3 1772 2703 2704 
3 2704 2703 2706 
3 2703 2710 2706 
3 2706 2710 2705 
3 1774 2710 2703 
3 2711 2710 1774 
3 2701 2704 2706 
3 2706 2707 2701 
3 2707 2702 2698 
3 2709 2707 2706 
3 2708 2702 2707 
3 2707 2709 2708 
3 2705 2709 2706 
3 2705 2761 2709 
3 2708 2709 2755 
3 2712 2710 2711 
3 2705 2710 2712 
3 2705 2712 2713 
3 2705 2713 2761 
3 2712 1776 2714 
3 2713 2712 2758 
3 2712 2714 2758 
3 2715 2716 2539 
3 2718 2716 2715 
3 2718 2717 2716 
3 2695 2718 2715 
3 2718 2697 2717 
3 2545 2719 1689 
3 2719 1800 1689 
3 1801 1800 2719 
3 2719 2545 2724 
3 1806 1801 2725 
3 2725 2720 1806 
3 2725 1801 2719 
3 1807 2720 2400 
3 2720 2721 2400 
3 2720 2725 2722 
3 2720 2722 2721 
3 2721 4214 2400 
3 2719 2724 2725 
3 2721 2723 4214 
3 2721 2722 2723 
3 2723 4216 4214 
3 2545 2548 2724 
3 2724 2548 2743 
3 2724 2743 2746 
3 2726 2722 2725 
3 2727 2722 2726 
3 2722 2727 2723 
3 2723 4225 4216 
3 2725 2724 2726 
3 2746 2726 2724 
3 4225 2723 2727 
3 4229 4225 2727 
3 2716 2561 2539 
3 2561 2717 2728 
3 2717 2561 2716 
3 2717 2731 2728 
3 2728 2731 2729 
3 2697 2730 2717 
3 2717 2730 2731 
3 2730 2734 2731 
3 2731 2732 2729 
3 2734 2738 2732 
3 2732 2731 2734 
3 2732 2738 2739 
3 2733 2732 2739 
3 2730 2735 2734 
3 2730 2737 2735 
3 2736 2737 2730 
3 2735 2738 2734 
3 2738 2740 2739 
3 2739 2809 2733 
3 2740 2809 2739 
3 2737 2740 2735 
3 2735 2740 2738 
3 2740 2737 2741 
3 2740 2741 2773 
3 2809 2740 2773 
3 2773 2742 2809 
3 2548 2571 2743 
3 2743 2571 2744 
3 2743 2744 2746 
3 2727 2726 2745 
3 2726 2746 2745 
3 2746 2744 2747 
3 2745 2746 2747 
3 2745 2747 2751 
3 2744 2575 2748 
3 2575 2576 2749 
3 2748 2575 2749 
3 2747 2744 2748 
3 2747 2748 2752 
3 2752 2748 2753 
3 2748 2749 2753 
3 2727 2745 4229 
3 4229 2745 2750 
3 2750 2745 2751 
3 2751 2747 2752 
3 4233 2751 2752 
3 2752 2753 2821 
3 2754 4233 2752 
3 2752 2821 2754 
3 2755 2769 2708 
3 2755 2709 2756 
3 2709 2761 2756 
3 2755 2756 2769 
3 2770 2756 2757 
3 2761 2713 2762 
3 2758 2762 2713 
3 2762 2758 2759 
3 2759 2760 2762 
3 2897 2760 2759 
3 2763 2762 2760 
3 2762 2763 2761 
3 2761 2763 2757 
3 2761 2757 2756 
3 2764 2757 2763 
3 2760 2899 2764 
3 2760 2764 2763 
3 2765 2764 2899 
3 2764 2766 2757 
3 2765 2766 2764 
3 2765 2767 2766 
3 2766 2767 2780 
3 2708 2769 2768 
3 2769 2772 2768 
3 2741 2737 2736 
3 2736 2768 2741 
3 2772 2741 2768 
3 2772 2769 2770 
3 2756 2770 2769 
3 2770 2771 2772 
3 2741 2774 2773 
3 2772 2774 2741 
3 2774 2742 2773 
3 2774 2844 2742 
3 2774 2775 2844 
3 2772 2771 2776 
3 2774 2772 2776 
3 2776 2775 2774 
3 2777 2844 2775 
3 2777 2775 2776 
3 2776 2779 2777 
3 2757 2771 2770 
3 2757 2778 2771 
3 2757 2766 2778 
3 2771 2778 2776 
3 2778 2782 2776 
3 2776 2782 2779 
3 2778 2783 2782 
3 2766 2780 2778 
3 2780 2783 2778 
3 2781 2783 2780 
3 2780 2767 2781 
3 2782 2785 2779 
3 2783 2784 2782 
3 2784 2783 2781 
3 2784 2785 2782 
3 2785 2784 2939 
3 2786 5854 2579 
3 2787 2788 2792 
3 2788 2787 2794 
3 2790 2794 2787 
3 2790 2798 2794 
3 2792 2788 2791 
3 2792 2791 2796 
3 2788 2793 2795 
3 2793 2788 2794 
3 2795 2791 2788 
3 2795 2793 2797 
3 2796 2791 2795 
3 2794 2798 2793 
3 2798 2866 2800 
3 2793 2798 2797 
3 2797 2798 2799 
3 2798 2800 2799 
3 6049 2799 2800 
3 2801 2804 2802 
3 2804 2806 2802 
3 2801 2733 2803 
3 2801 2803 2804 
3 2804 2803 2808 
3 2808 2806 2804 
3 2805 2807 2641 
3 2802 2806 2805 
3 2806 2807 2805 
3 2807 2642 2641 
3 2806 2813 2807 
3 2813 2824 2807 
3 2809 2803 2733 
3 2803 2812 2810 
3 2810 2808 2803 
3 2809 2812 2803 
3 2742 2841 2809 
3 2809 2841 2812 
3 2808 2810 2811 
3 2810 2812 2811 
3 2841 2842 2811 
3 2841 2811 2812 
3 2808 2813 2806 
3 2811 2813 2808 
3 2811 2815 2813 
3 2815 2789 2813 
3 2811 2814 2815 
3 2842 2814 2811 
3 2815 2816 2789 
3 2816 2815 2814 
3 2816 2814 2847 
3 2816 2847 2848 
3 2749 2576 2817 
3 2576 2649 2817 
3 2817 2649 2650 
3 2749 2817 2818 
3 2817 2650 2820 
3 2753 2749 2818 
3 2818 2817 2820 
3 2818 2820 4262 
3 2820 2650 2819 
3 2650 2652 2819 
3 2652 2687 2819 
3 2819 2687 2832 
3 2820 2819 2832 
3 4262 2820 2834 
3 2820 2832 2834 
3 2821 2753 2822 
3 2822 2753 2818 
3 4262 2822 2818 
3 4262 2834 4261 
3 4261 2834 4265 
3 2642 2807 2823 
3 2642 2823 2577 
3 2577 2786 2578 
3 2826 2786 2577 
3 2823 2826 2577 
3 2807 2824 2823 
3 2824 2825 2823 
3 2823 2825 2826 
3 5959 2786 2826 
3 5854 2786 5959 
3 2825 5963 2826 
3 5963 5959 2826 
3 2813 2828 2824 
3 2828 2827 2824 
3 2824 2827 2825 
3 2828 2813 2789 
3 2828 2789 2787 
3 2828 2792 2827 
3 2787 2792 2828 
3 2816 2829 2789 
3 2787 2789 2829 
3 2816 2848 2829 
3 2787 2829 2790 
3 2792 2830 2827 
3 2827 2831 2825 
3 2831 2827 2830 
3 2830 2792 2796 
3 5963 2825 2831 
3 2831 5971 5963 
3 5971 2831 2830 
3 5865 2830 2796 
3 2832 2687 2833 
3 2688 2833 2689 
3 2832 2833 2836 
3 2834 2832 2836 
3 2836 2833 2835 
3 2836 2835 2837 
3 2833 2688 2838 
3 2833 2838 2839 
3 5974 2839 2838 
3 2840 2839 5974 
3 2835 2833 2839 
3 2835 2839 2840 
3 2834 2836 4265 
3 2837 2835 4269 
3 4267 4269 2840 
3 4269 2835 2840 
3 2742 2843 2841 
3 2844 2843 2742 
3 2843 2842 2841 
3 2845 2843 2844 
3 2843 2850 2842 
3 2845 2850 2843 
3 2845 2846 2850 
3 2845 2844 2777 
3 2779 2856 2777 
3 2777 2856 2845 
3 2856 2846 2845 
3 2842 2850 2814 
3 2814 2850 2849 
3 2852 2848 2847 
3 2814 2851 2847 
3 2814 2849 2851 
3 2851 2852 2847 
3 2850 2846 2849 
3 2846 2854 2849 
3 2846 2853 2854 
3 2849 2854 2851 
3 2854 2853 2855 
3 2856 2861 2846 
3 2856 2857 2862 
3 2856 2862 2861 
3 2864 2979 2862 
3 2861 2853 2846 
3 2861 2858 2853 
3 2859 2858 2861 
3 2853 2858 2855 
3 2862 2979 2859 
3 2859 2979 2984 
3 2859 2860 2858 
3 2984 2860 2859 
3 2858 2860 2855 
3 2779 2857 2856 
3 2785 2857 2779 
3 2939 2863 2785 
3 2785 2863 2857 
3 2863 2864 2857 
3 2864 2862 2857 
3 2862 2859 2861 
3 2848 2865 2829 
3 2852 2865 2848 
3 2829 2865 2790 
3 2798 2790 2866 
3 2870 2866 2790 
3 2865 2870 2790 
3 2870 2867 2866 
3 2852 2872 2865 
3 2851 2872 2852 
3 2865 2872 2870 
3 2854 2872 2851 
3 2854 2871 2872 
3 2877 2872 2871 
3 2854 2855 2871 
3 2870 2872 2867 
3 2877 2868 2872 
3 2872 2868 2867 
3 2877 2869 2868 
3 2866 2867 2873 
3 2868 2873 2867 
3 2800 2866 2873 
3 2868 2874 2873 
3 2800 2873 6049 
3 6049 2873 2875 
3 2873 2874 2875 
3 2876 2875 2874 
3 2869 2874 2868 
3 2877 2871 2878 
3 2855 2878 2871 
3 2869 2877 2881 
3 2877 2878 2881 
3 2878 2855 2879 
3 2855 2860 2879 
3 2860 2880 2879 
3 2879 2880 2995 
3 2879 2881 2878 
3 2881 2879 2882 
3 2881 2883 2869 
3 2869 2883 2874 
3 2883 2876 2874 
3 2883 2884 2876 
3 2884 2885 2876 
3 2881 2884 2883 
3 2881 2882 2884 
3 2886 2758 2714 
3 2758 2886 2887 
3 2888 2886 1912 
3 2887 2886 2889 
3 2888 2889 2886 
3 2889 2890 2887 
3 2888 2890 2889 
3 2911 2890 2888 
3 1916 2888 1912 
3 1933 2892 1916 
3 1916 2892 2888 
3 2888 2891 2911 
3 2888 2892 2891 
3 1933 2941 2940 
3 2892 1933 2940 
3 1932 2941 1933 
3 1932 1938 2941 
3 2894 1956 2893 
3 1956 2759 2893 
3 1956 1954 2759 
3 2900 1956 2894 
3 2887 2893 2758 
3 2893 2759 2758 
3 2894 2893 2895 
3 2887 2901 2893 
3 2893 2901 2895 
3 2894 2895 2900 
3 2895 2906 2900 
3 1958 2759 1954 
3 1958 2897 2759 
3 1956 2900 2896 
3 2898 2897 1964 
3 2897 1958 1964 
3 2897 2898 2899 
3 2898 2908 2899 
3 1960 2900 2898 
3 2760 2897 2899 
3 2900 2908 2898 
3 2900 2906 2908 
3 2901 2902 2895 
3 2895 2902 2906 
3 2901 2887 2890 
3 2901 2890 2903 
3 2903 2890 2911 
3 2902 2901 2903 
3 2903 2911 2904 
3 2903 2904 2910 
3 2903 2910 2902 
3 2765 2899 2907 
3 2907 2899 2908 
3 2906 2909 2908 
3 2908 2909 2907 
3 2909 2906 2902 
3 2902 2910 2909 
3 2892 2940 2891 
3 2912 2911 2891 
3 2912 2905 2911 
3 2911 2905 2904 
3 2912 2914 2905 
3 2914 2913 2905 
3 2940 2912 2891 
3 1960 2898 1964 
3 1856 2915 1968 
3 2915 1857 4298 
3 1856 1857 2915 
3 2915 1970 1968 
3 2919 1970 2915 
3 2919 2915 4302 
3 2765 2907 2767 
3 1975 2918 2950 
3 2917 2918 1976 
3 2916 1976 1972 
3 2917 1976 2916 
3 2919 2916 1972 
3 2919 4303 2916 
3 2917 2916 4305 
3 2904 2905 2921 
3 2910 2922 2909 
3 2907 2909 2938 
3 2938 2909 2922 
3 2922 2920 2938 
3 2938 2920 2925 
3 2904 2921 2910 
3 2921 2922 2910 
3 2921 2923 2922 
3 2923 2924 2922 
3 2924 2920 2922 
3 2924 2925 2920 
3 2926 2927 2925 
3 2926 2935 2927 
3 2935 2939 2927 
3 2921 2905 2928 
3 2928 2905 2913 
3 2923 2921 2928 
3 2930 2923 2928 
3 2928 2913 2929 
3 2929 2930 2928 
3 2913 2914 2929 
3 2931 2930 2929 
3 2930 2924 2923 
3 2934 2930 2965 
3 2930 2932 2924 
3 2930 2934 2932 
3 2934 2933 2932 
3 2925 2924 2932 
3 2932 2926 2925 
3 2932 2933 2926 
3 2933 2935 2926 
3 2933 2934 2937 
3 2937 2935 2933 
3 2965 2936 2934 
3 2931 2965 2930 
3 2936 2937 2934 
3 2937 2936 2968 
3 2907 2938 2767 
3 2767 2938 2781 
3 2938 2925 2781 
3 2781 2927 2784 
3 2925 2927 2781 
3 2927 2939 2784 
3 2912 2940 2942 
3 2912 2943 2914 
3 2912 2942 2943 
3 2940 2941 2942 
3 2941 2947 2942 
3 2948 2942 2947 
3 2948 2943 2942 
3 2941 1938 2945 
3 2945 2947 2941 
3 2944 2947 2945 
3 2944 2945 1996 
3 1996 3054 2944 
3 1997 3054 1996 
3 1997 2144 3054 
3 3054 2946 2944 
3 3054 3056 2946 
3 2947 2946 2948 
3 2944 2946 2947 
3 3056 3057 2946 
3 2946 2970 2948 
3 2946 3057 2970 
3 3057 3061 2970 
3 2956 2000 2949 
3 2918 2917 2950 
3 2949 2950 2951 
3 2950 2917 2951 
3 4305 2952 2917 
3 2952 2953 2955 
3 2957 2951 2954 
3 2951 2917 2952 
3 2951 2952 2955 
3 2954 2951 2955 
3 2953 4322 2955 
3 2954 2955 2977 
3 2977 2955 4322 
3 2957 2956 2949 
3 2959 2956 2957 
3 2956 2958 2002 
3 2959 2958 2956 
3 2957 2949 2951 
3 2959 2960 2958 
3 2960 2959 2962 
3 2960 2962 2963 
3 2963 3069 2960 
3 2954 2959 2957 
3 2959 2954 2961 
3 2978 2954 2977 
3 2961 2978 4331 
3 2961 2954 2978 
3 2962 2959 2961 
3 2963 2962 2961 
3 2914 2943 2929 
3 2943 2964 2929 
3 2964 2931 2929 
3 2964 2973 2931 
3 2943 2969 2964 
3 2964 2969 2973 
3 2965 2966 2936 
3 2931 2973 2965 
3 2973 2966 2965 
3 2968 2936 2966 
3 2973 2967 2966 
3 2967 2968 2966 
3 2948 2969 2943 
3 2948 2970 2969 
3 2971 2969 2970 
3 2969 2971 2972 
3 2970 3061 2971 
3 3060 2971 3061 
3 2971 3071 2972 
3 2973 2969 2972 
3 2974 2973 2972 
3 2967 2973 2974 
3 3071 2975 2972 
3 2975 2974 2972 
3 2976 3012 2974 
3 2975 2976 2974 
3 2976 2975 3072 
3 3023 2976 3072 
3 2976 3023 3012 
3 2939 2980 2863 
3 2980 2864 2863 
3 2864 2982 2979 
3 2982 2983 2979 
3 2982 2864 2980 
3 2980 2981 2982 
3 2984 2880 2860 
3 2983 2988 2979 
3 2979 2988 2984 
3 2984 2988 2880 
3 2983 2989 2988 
3 2988 2996 2880 
3 2988 2990 2996 
3 2980 2935 2981 
3 2935 2980 2939 
3 2935 2937 2981 
3 2989 2983 2982 
3 2981 2985 2982 
3 2982 2985 2989 
3 2981 2937 2986 
3 2986 2937 2968 
3 2987 2981 2986 
3 2987 2985 2981 
3 2985 2993 2989 
3 2985 2987 2993 
3 2987 3011 2993 
3 2989 2990 2988 
3 2989 2991 2990 
3 2994 2989 2993 
3 2992 2994 2993 
3 2994 2991 2989 
3 2994 3017 2991 
3 2995 2880 2996 
3 2995 2882 2879 
3 3001 2995 2996 
3 2995 2998 2882 
3 3001 2998 2995 
3 2990 2997 2996 
3 2996 2997 3001 
3 2882 2998 2884 
3 2998 2999 2884 
3 2884 2999 2885 
3 2998 3000 2999 
3 2998 3001 3000 
3 3001 3002 3000 
3 3002 6216 3000 
3 2990 3003 2997 
3 2990 2991 3003 
3 2997 3004 3001 
3 3003 3004 2997 
3 2991 3005 3003 
3 3017 3005 2991 
3 3004 3003 3005 
3 3006 3004 3005 
3 3004 3002 3001 
3 3004 3007 3002 
3 3007 3008 3002 
3 3006 3007 3004 
3 3007 3009 3008 
3 3011 2987 2986 
3 2967 3010 2968 
3 2968 3010 2986 
3 3011 2986 3010 
3 3013 3011 3010 
3 2974 3012 2967 
3 2967 3012 3010 
3 3012 3013 3010 
3 3011 3013 3014 
3 3014 3013 3022 
3 3012 3022 3013 
3 3022 3012 3024 
3 3024 3012 3023 
3 3014 2993 3011 
3 3014 2992 2993 
3 3015 2994 2992 
3 3014 3018 2992 
3 2992 3018 3015 
3 3015 3016 2994 
3 3016 3017 2994 
3 3014 3019 3018 
3 3022 3019 3014 
3 3018 3021 3015 
3 3015 3021 3016 
3 3020 3021 3018 
3 3024 3025 3022 
3 3023 3025 3024 
3 3019 3020 3018 
3 3022 3116 3019 
3 3116 3020 3019 
3 3020 3026 3021 
3 3116 3026 3020 
3 3022 3025 3116 
3 3116 3027 3026 
3 3017 3028 3005 
3 3016 3028 3017 
3 3030 3028 3016 
3 3030 3031 3028 
3 3028 3031 3032 
3 3028 3029 3005 
3 3005 3029 3006 
3 3032 3029 3028 
3 3016 3021 3030 
3 3030 3021 3038 
3 3038 3031 3030 
3 3031 3038 3032 
3 3029 3034 3006 
3 3006 3034 3007 
3 3029 3032 3037 
3 3034 3029 3037 
3 3037 3032 3033 
3 3034 3009 3007 
3 3037 3035 3034 
3 3034 3035 3009 
3 6246 3009 3035 
3 3033 3036 3037 
3 3037 6248 3035 
3 3036 6248 3037 
3 3026 3038 3021 
3 3032 3038 3039 
3 3038 3040 3039 
3 3026 3027 3038 
3 3040 3038 3027 
3 3027 3041 3040 
3 3126 3040 3041 
3 3033 3032 3039 
3 3040 3042 3039 
3 3040 3043 3042 
3 3126 3043 3040 
3 3042 3033 3039 
3 3036 3033 6253 
3 6253 3033 3042 
3 3042 3043 6253 
3 3126 3131 3043 
3 2078 3053 2077 
3 2081 3055 2078 
3 2082 3044 2081 
3 3044 2082 3046 
3 3049 3046 3045 
3 2115 2116 3050 
3 3050 2116 3047 
3 3049 2115 3048 
3 2115 3050 3048 
3 3050 3051 3048 
3 3051 3049 3048 
3 3050 3047 3052 
3 3047 2123 3052 
3 3052 3051 3050 
3 3051 3052 3089 
3 3092 2123 2122 
3 2144 1997 2143 
3 2144 2077 3053 
3 3056 2144 3053 
3 3056 3054 2144 
3 3053 3059 3056 
3 3055 3053 2078 
3 3063 3053 3055 
3 3059 3053 3063 
3 3059 3057 3056 
3 3059 3063 3065 
3 3058 3059 3065 
3 3058 3060 3059 
3 3057 3059 3061 
3 3059 3060 3061 
3 3062 3060 3058 
3 3062 3058 3065 
3 3066 3062 3065 
3 2081 3044 3055 
3 3064 3055 3044 
3 3044 3046 3064 
3 3064 3063 3055 
3 3064 3046 3087 
3 3046 3049 3087 
3 3063 3064 3065 
3 3067 3065 3064 
3 3087 3067 3064 
3 3088 3067 3087 
3 3067 3066 3065 
3 3066 3073 3062 
3 3068 3066 3067 
3 3088 3068 3067 
3 3068 3073 3066 
3 3068 3076 3073 
3 2153 2958 2960 
3 3070 2153 2960 
3 3070 2960 3069 
3 3071 3060 3074 
3 3060 3071 2971 
3 3074 3060 3062 
3 3062 3073 3074 
3 3075 3074 3073 
3 3074 3080 3071 
3 3080 3072 3071 
3 3075 3080 3074 
3 3071 3072 2975 
3 3073 3076 3075 
3 3080 3077 3072 
3 3072 3077 3023 
3 3080 3078 3077 
3 3075 3079 3080 
3 3076 3079 3075 
3 3081 3080 3079 
3 3081 3082 3080 
3 3080 3082 3078 
3 3081 3083 3082 
3 3087 3049 3084 
3 3084 3049 3051 
3 3089 3085 3051 
3 3052 3092 3089 
3 3084 3051 3085 
3 3087 3084 3088 
3 3085 3088 3084 
3 3089 3086 3090 
3 3090 3085 3089 
3 3091 3068 3088 
3 3085 3091 3088 
3 3091 3076 3068 
3 3091 3085 3090 
3 3096 3091 3090 
3 3096 3097 3091 
3 3052 2123 3092 
3 3092 3086 3089 
3 3086 3092 3093 
3 3093 3092 3094 
3 3093 3098 3086 
3 2122 2178 3092 
3 3094 3092 2178 
3 2178 2306 3094 
3 3093 3094 3098 
3 3094 3207 3098 
3 3207 3208 3098 
3 3086 3095 3090 
3 3095 3086 3098 
3 3098 3099 3095 
3 3095 3096 3090 
3 3099 3096 3095 
3 3099 3097 3096 
3 3208 3099 3098 
3 3208 3211 3099 
3 3091 3100 3076 
3 3097 3100 3091 
3 3101 3100 3097 
3 3100 3101 3104 
3 3104 3101 3107 
3 3101 3097 3228 
3 3097 3099 3228 
3 3228 3107 3101 
3 3228 3232 3107 
3 3107 3232 3112 
3 3112 3232 3102 
3 3079 3076 3103 
3 3100 3103 3076 
3 3100 3104 3103 
3 3103 3081 3079 
3 3103 3105 3081 
3 3105 3083 3081 
3 3083 3105 3106 
3 3104 3108 3103 
3 3103 3108 3105 
3 3105 3108 3109 
3 3106 3105 3109 
3 3109 3111 3106 
3 3107 3112 3104 
3 3104 3112 3108 
3 3112 3109 3108 
3 3112 3110 3109 
3 3109 3110 3144 
3 3144 3111 3109 
3 3112 3102 3110 
3 3023 3113 3025 
3 3114 3113 3077 
3 3077 3113 3023 
3 3078 3114 3077 
3 3114 3115 3113 
3 3113 3115 3117 
3 3113 3116 3025 
3 3117 3116 3113 
3 3117 3128 3116 
3 3116 3128 3027 
3 3121 3117 3115 
3 3121 3128 3117 
3 3121 3133 3128 
3 3121 3123 3133 
3 3082 3137 3078 
3 3078 3137 3114 
3 3114 3137 3118 
3 3114 3118 3115 
3 3118 3120 3115 
3 3083 3137 3082 
3 3119 3118 3137 
3 3118 3119 3120 
3 3120 3119 3124 
3 3121 3115 3120 
3 3120 3122 3121 
3 3122 3123 3121 
3 3120 3124 3122 
3 3122 3125 3123 
3 3124 3125 3122 
3 3124 3140 3125 
3 3128 3041 3027 
3 3128 3127 3041 
3 3127 3126 3041 
3 3128 3133 3127 
3 3133 3129 3127 
3 3127 3130 3126 
3 3131 3126 3130 
3 3130 6575 3131 
3 3127 3129 3130 
3 3134 3133 3123 
3 3133 3135 3129 
3 3134 3135 3133 
3 3135 3132 3129 
3 3123 3136 3134 
3 3125 3152 3123 
3 3152 3136 3123 
3 3135 3134 3136 
3 3137 3138 3119 
3 3106 3139 3083 
3 3083 3139 3137 
3 3139 3138 3137 
3 3124 3119 3138 
3 3111 3139 3106 
3 3111 3143 3139 
3 3143 3145 3139 
3 3145 3138 3139 
3 3138 3145 3146 
3 3140 3124 3138 
3 3146 3140 3138 
3 3140 3142 3125 
3 3146 3141 3140 
3 3141 3142 3140 
3 3154 3142 3141 
3 3144 3110 3143 
3 3143 3110 3147 
3 3145 3143 3147 
3 3143 3111 3144 
3 3145 3147 3148 
3 3148 3146 3145 
3 3102 3147 3110 
3 3293 3147 3102 
3 3296 3147 3293 
3 3147 3296 3149 
3 3147 3149 3148 
3 3150 3148 3149 
3 3149 3310 3156 
3 3156 3150 3149 
3 3148 3141 3146 
3 3148 3158 3141 
3 3141 3158 3154 
3 3150 3158 3148 
3 3142 3152 3125 
3 3154 3152 3142 
3 3152 3153 3136 
3 3155 3152 3154 
3 3152 3155 3153 
3 3161 3155 3154 
3 3150 3156 3159 
3 3159 3156 3157 
3 3159 3157 3162 
3 3160 3154 3158 
3 3159 3158 3150 
3 3160 3158 3159 
3 3160 3161 3154 
3 3159 3162 3160 
3 3169 3160 3162 
3 3161 3160 3169 
3 3162 3157 3163 
3 3151 3163 3157 
3 3163 6262 3164 
3 6262 6263 3164 
3 6262 3163 3151 
3 3163 3164 3169 
3 6263 3165 3164 
3 3161 3166 3155 
3 3167 3166 3161 
3 3162 3163 3169 
3 3169 3167 3161 
3 3169 3164 3170 
3 3164 3165 3170 
3 3171 3167 3169 
3 3171 3169 3170 
3 3167 3171 3168 
3 2277 3173 3172 
3 3174 3173 1395 
3 2277 3172 2279 
3 2280 2279 3172 
3 3187 3172 3174 
3 3172 3187 2280 
3 3174 3178 3187 
3 3173 3174 3172 
3 3176 1395 3396 
3 3396 3175 3176 
3 3174 1395 3177 
3 3176 3177 1395 
3 3179 3176 3175 
3 3175 3192 3179 
3 3175 3188 3192 
3 3174 3177 3178 
3 3177 3179 3178 
3 3178 3179 3184 
3 3179 3192 3189 
3 3189 3184 3179 
3 3179 3177 3176 
3 2286 3187 2288 
3 3250 3180 2288 
3 2288 3187 3181 
3 3181 3250 2288 
3 3182 3181 3187 
3 3182 3185 3183 
3 3185 3182 3184 
3 3181 3182 3183 
3 3253 3183 3186 
3 3185 3186 3183 
3 3187 2286 2280 
3 3182 3187 3178 
3 3184 3182 3178 
3 3189 3185 3184 
3 3192 3188 3190 
3 3190 3188 3427 
3 3190 3427 3191 
3 3189 3192 3196 
3 3190 3196 3192 
3 3193 3190 3191 
3 3190 3193 3196 
3 3196 3193 3197 
3 3193 3201 3197 
3 3201 3193 3431 
3 3186 3185 3195 
3 3195 3272 3186 
3 3198 3194 3195 
3 3195 3194 3274 
3 3272 3195 3274 
3 3274 3194 3275 
3 3194 3204 3275 
3 3189 3198 3185 
3 3196 3198 3189 
3 3185 3198 3195 
3 3196 3197 3199 
3 3196 3199 3198 
3 3198 3199 3194 
3 3194 3199 3202 
3 3201 3202 3199 
3 3197 3201 3199 
3 3201 3431 3203 
3 3203 3202 3201 
3 3203 3200 3202 
3 3286 3200 3203 
3 3194 3202 3200 
3 3200 3204 3194 
3 3204 3200 3205 
3 3286 3205 3200 
3 2306 3206 3094 
3 3206 2308 3209 
3 3209 2308 3216 
3 3206 3207 3094 
3 3207 3206 3209 
3 3209 3210 3207 
3 3207 3210 3208 
3 3209 3216 3212 
3 3210 3211 3208 
3 3099 3211 3228 
3 3211 3229 3228 
3 3211 3210 3213 
3 3230 3229 3211 
3 3209 3212 3210 
3 3210 3212 3213 
3 3230 3211 3213 
3 3217 2308 3215 
3 2308 3217 3216 
3 3217 3215 3180 
3 3250 3217 3180 
3 3250 3218 3217 
3 3218 3216 3217 
3 3252 3219 3218 
3 3252 3218 3251 
3 3212 3220 3213 
3 3216 3218 3212 
3 3213 3220 3221 
3 3221 3214 3213 
3 3238 3214 3221 
3 3220 3212 3218 
3 3218 3219 3220 
3 3220 3219 3221 
3 3242 3243 3219 
3 3222 3223 4519 
3 2322 3224 3258 
3 3258 3224 3225 
3 3259 3258 3225 
3 2322 3223 3224 
3 3224 3223 3222 
3 3226 3224 3222 
3 3225 3224 3226 
3 3227 3225 3226 
3 3227 3226 4529 
3 3228 3229 3232 
3 3231 3233 3229 
3 3231 3229 3230 
3 3214 3230 3213 
3 3214 3240 3230 
3 3230 3240 3231 
3 3229 3233 3232 
3 3235 3234 3233 
3 3233 3102 3232 
3 3233 3234 3102 
3 3233 3231 3235 
3 3240 3245 3231 
3 3231 3245 3235 
3 3245 3236 3235 
3 3235 3236 3234 
3 3237 3234 3236 
3 3238 3240 3214 
3 3238 3221 3239 
3 3238 3241 3240 
3 3239 3241 3238 
3 3221 3219 3243 
3 3239 3221 3243 
3 3242 3273 3244 
3 3244 3239 3243 
3 3244 3243 3242 
3 3241 3245 3240 
3 3245 3246 3236 
3 3241 3246 3245 
3 3247 3246 3241 
3 3246 3237 3236 
3 3246 3301 3237 
3 3239 3247 3241 
3 3248 3247 3239 
3 3276 3248 3244 
3 3248 3239 3244 
3 3249 3305 3248 
3 3276 3249 3248 
3 3247 3305 3246 
3 3246 3305 3301 
3 3305 3247 3248 
3 3251 3218 3250 
3 3253 3252 3251 
3 3252 3253 3242 
3 3181 3251 3250 
3 3181 3183 3251 
3 3251 3183 3253 
3 3242 3219 3252 
3 2355 2329 3523 
3 3522 2355 3523 
3 3269 3254 3260 
3 3255 2328 3254 
3 3255 3254 3269 
3 2328 3255 2329 
3 3523 2329 3255 
3 3256 3523 3255 
3 3269 3257 3255 
3 3256 3255 3257 
3 3531 3256 3257 
3 2331 2330 3258 
3 3259 2331 3258 
3 3254 2331 3259 
3 3254 3259 3260 
3 3261 3260 3259 
3 3269 3260 3262 
3 3227 3261 3225 
3 3261 3259 3225 
3 3227 3263 3261 
3 3263 3262 3261 
3 3260 3261 3262 
3 3264 3262 3263 
3 3263 3271 3264 
3 3227 3265 3263 
3 3265 3227 4529 
3 3267 3263 3265 
3 3271 3263 3267 
3 3271 3267 3268 
3 3267 3265 3266 
3 3268 3267 3266 
3 3264 3269 3262 
3 3270 3257 3269 
3 3270 3269 3264 
3 3277 3264 3271 
3 3270 3264 3277 
3 3531 3257 3270 
3 3186 3272 3253 
3 3273 3253 3272 
3 3273 3242 3253 
3 3273 3272 3274 
3 3273 3274 3276 
3 3275 3249 3274 
3 3249 3276 3274 
3 3276 3244 3273 
3 3271 3281 3277 
3 3541 3531 3270 
3 3278 3270 3277 
3 3278 3277 3281 
3 3270 3278 3541 
3 3541 3278 3279 
3 3281 3279 3278 
3 3279 3281 3284 
3 4553 3271 3268 
3 3281 3271 3280 
3 3284 3281 3282 
3 3563 3284 3282 
3 3282 3281 3280 
3 3282 3280 3283 
3 3564 3279 3566 
3 3541 3279 3564 
3 3566 3279 3284 
3 3205 3289 3290 
3 3205 3285 3204 
3 3287 3285 3205 
3 3290 3287 3205 
3 3287 3327 3285 
3 3327 3287 3336 
3 3290 3336 3287 
3 3288 3336 3290 
3 3205 3286 3289 
3 3290 3289 3291 
3 3633 3291 3289 
3 3290 3291 3288 
3 3288 3291 3292 
3 3234 3293 3102 
3 3293 3294 3296 
3 3234 3295 3293 
3 3234 3237 3295 
3 3237 3300 3295 
3 3295 3294 3293 
3 3295 3300 3294 
3 3296 3294 3297 
3 3294 3298 3297 
3 3298 3313 3297 
3 3313 3310 3297 
3 3300 3299 3294 
3 3294 3299 3298 
3 3298 3312 3313 
3 3298 3299 3312 
3 3299 3307 3312 
3 3301 3300 3237 
3 3302 3300 3301 
3 3304 3303 3302 
3 3305 3304 3302 
3 3249 3304 3305 
3 3302 3299 3300 
3 3302 3306 3299 
3 3306 3307 3299 
3 3303 3306 3302 
3 3306 3308 3307 
3 3308 3317 3307 
3 3333 3308 3306 
3 3308 3309 3317 
3 3308 3348 3309 
3 3149 3296 3297 
3 3310 3149 3297 
3 3301 3305 3302 
3 3310 3313 3311 
3 3156 3310 3157 
3 3310 3311 3157 
3 3157 3311 3151 
3 3312 3314 3313 
3 3313 3314 3311 
3 3311 6273 3151 
3 3151 6273 6259 
3 3315 6273 3311 
3 3315 3314 3319 
3 3311 3314 3315 
3 3307 3316 3312 
3 3312 3316 3314 
3 3316 3318 3314 
3 3307 3317 3316 
3 3322 3316 3317 
3 3317 3309 3322 
3 3318 3316 3320 
3 3314 3318 3319 
3 3320 3319 3318 
3 6277 3315 3319 
3 3320 6280 3319 
3 3316 3322 3320 
3 3322 3323 3320 
3 3322 3321 3323 
3 3323 6280 3320 
3 3321 3369 3323 
3 3369 3324 3323 
3 3325 3330 3304 
3 3275 3326 3325 
3 3275 3204 3285 
3 3275 3285 3326 
3 3285 3327 3326 
3 3325 3249 3275 
3 3327 3329 3326 
3 3326 3329 3325 
3 3329 3328 3325 
3 3304 3249 3325 
3 3303 3304 3330 
3 3325 3328 3330 
3 3331 3334 3329 
3 3331 3335 3334 
3 3303 3330 3306 
3 3330 3333 3306 
3 3330 3328 3333 
3 3333 3328 3332 
3 3333 3348 3308 
3 3334 3332 3328 
3 3328 3329 3334 
3 3329 3327 3336 
3 3336 3331 3329 
3 3288 3331 3336 
3 3338 3331 3288 
3 3335 3331 3338 
3 3338 3352 3335 
3 3338 3337 3352 
3 3292 3338 3288 
3 3633 3652 3291 
3 3291 3652 3292 
3 3338 3292 3337 
3 3339 3337 3292 
3 3652 3339 3292 
3 3652 3360 3339 
3 3355 3339 3360 
3 3359 3360 3656 
3 3655 3382 3656 
3 3649 3340 3341 
3 3341 3343 3650 
3 3341 3342 3343 
3 3342 3658 3343 
3 3658 3344 3343 
3 3343 3344 3655 
3 3655 3344 3382 
3 3658 3345 3344 
3 3344 3345 3384 
3 3384 3345 3346 
3 3345 3347 3346 
3 3349 3348 3333 
3 3333 3332 3349 
3 3348 3350 3309 
3 3349 3350 3348 
3 3309 3350 3322 
3 3334 3335 3351 
3 3351 3332 3334 
3 3332 3363 3349 
3 3351 3363 3332 
3 3350 3321 3322 
3 3352 3337 3353 
3 3352 3353 3354 
3 3354 3353 3356 
3 3337 3339 3353 
3 3339 3355 3353 
3 3352 3354 3335 
3 3335 3354 3351 
3 3354 3380 3351 
3 3357 3380 3354 
3 3351 3380 3363 
3 3356 3357 3354 
3 3357 3356 3358 
3 3353 3359 3356 
3 3353 3355 3359 
3 3360 3359 3355 
3 3361 3359 3656 
3 3382 3361 3656 
3 3356 3359 3358 
3 3359 3361 3358 
3 3349 3362 3350 
3 3363 3362 3349 
3 3364 3375 3367 
3 3365 3364 3366 
3 3385 3365 3366 
3 3366 3364 3367 
3 3366 3367 3388 
3 3350 3368 3321 
3 3368 3370 3321 
3 3362 3368 3350 
3 3369 3321 3370 
3 3374 3369 3370 
3 3362 3371 3368 
3 3362 3363 3371 
3 3371 3363 3380 
3 3371 3370 3368 
3 3371 3380 3372 
3 3370 3371 3372 
3 3370 3372 3377 
3 3372 3373 3377 
3 3374 3370 3377 
3 3375 3378 3367 
3 3389 3367 3378 
3 3388 3367 3389 
3 3376 3374 3377 
3 3377 3378 3376 
3 4619 3378 3375 
3 3378 3379 3376 
3 3378 4619 3379 
3 3358 3381 3357 
3 3380 3357 3381 
3 3381 3387 3373 
3 3361 3383 3358 
3 3382 3383 3361 
3 3344 3384 3383 
3 3384 3387 3383 
3 3383 3382 3344 
3 3383 3381 3358 
3 3383 3387 3381 
3 3386 3385 3366 
3 3384 3366 3387 
3 3384 3386 3366 
3 3387 3388 3373 
3 3387 3366 3388 
3 3384 3346 3386 
3 3346 3347 3674 
3 3380 3381 3372 
3 3381 3373 3372 
3 3373 3389 3377 
3 3389 3378 3377 
3 3373 3388 3389 
3 3391 3390 1409 
3 1409 1410 3391 
3 1410 3394 3391 
3 3408 3394 1410 
3 3392 1406 3390 
3 3390 3391 3392 
3 3391 3393 3392 
3 3393 3391 3394 
3 1406 3397 1405 
3 3400 3396 1405 
3 3400 1405 3397 
3 3398 3400 3397 
3 3392 3397 1406 
3 3400 3175 3396 
3 3399 3175 3400 
3 3402 3399 3400 
3 3399 3188 3175 
3 3402 3400 3398 
3 3401 3397 3392 
3 3397 3401 3398 
3 3416 3404 3401 
3 3398 3401 3402 
3 3401 3404 3402 
3 3402 3404 3403 
3 3392 3393 3401 
3 3394 3395 3407 
3 3393 3394 3407 
3 3405 3401 3393 
3 3416 3401 3405 
3 3406 3416 3405 
3 3407 3405 3393 
3 3407 3406 3405 
3 3394 3408 3409 
3 3408 3410 3409 
3 3411 3409 3410 
3 3394 3409 3395 
3 3409 3411 3395 
3 2348 3458 3412 
3 3395 3411 3414 
3 3411 3412 3414 
3 3458 3417 3412 
3 3412 3417 3423 
3 3413 3407 3395 
3 3413 3395 3414 
3 3414 3425 3413 
3 3407 3413 3422 
3 3413 3425 3422 
3 3414 3412 3423 
3 3407 3422 3406 
3 2360 3420 2383 
3 2360 2358 3419 
3 2360 3419 3420 
3 3419 2358 3418 
3 3419 3418 3536 
3 3419 3536 3420 
3 3420 3536 3421 
3 3475 3420 3421 
3 3475 3421 3479 
3 3425 3414 3423 
3 3424 3425 3423 
3 3417 3424 3423 
3 3476 3424 3417 
3 3424 3449 3425 
3 3424 3476 3426 
3 3449 3424 3426 
3 3479 3421 3480 
3 3421 3538 3480 
3 3427 3188 3399 
3 3399 3428 3427 
3 3399 3402 3428 
3 3428 3191 3427 
3 3403 3428 3402 
3 3429 3428 3403 
3 3428 3429 3191 
3 3430 3193 3191 
3 3430 3191 3429 
3 3403 3433 3429 
3 3433 3430 3429 
3 3430 3431 3193 
3 3416 3432 3404 
3 3404 3432 3403 
3 3403 3432 3434 
3 3403 3434 3433 
3 3443 3433 3434 
3 3406 3435 3432 
3 3406 3432 3416 
3 3434 3432 3435 
3 3406 3422 3448 
3 3406 3448 3435 
3 3434 3436 3443 
3 3436 3434 3435 
3 3436 3435 3437 
3 3448 3451 3435 
3 3451 3437 3435 
3 3430 3438 3431 
3 3440 3203 3431 
3 3431 3438 3440 
3 3440 3438 3439 
3 3438 3430 3433 
3 3439 3438 3433 
3 3439 3433 3443 
3 3286 3203 3440 
3 3286 3440 3442 
3 3440 3441 3442 
3 3440 3439 3441 
3 3443 3441 3439 
3 3445 3441 3443 
3 3437 3445 3443 
3 3437 3443 3436 
3 3444 3445 3437 
3 3446 3441 3445 
3 3445 3444 3446 
3 3447 3422 3425 
3 3448 3422 3447 
3 3447 3451 3448 
3 3447 3450 3451 
3 3449 3447 3425 
3 3449 3450 3447 
3 3426 3450 3449 
3 3451 3455 3452 
3 3450 3455 3451 
3 3450 3498 3455 
3 3437 3451 3452 
3 3444 3437 3453 
3 3453 3437 3452 
3 3452 3454 3453 
3 3453 3454 3559 
3 3452 3457 3454 
3 3457 3452 3455 
3 3503 3455 3498 
3 3503 3457 3455 
3 3503 3456 3457 
3 3473 3458 2370 
3 3417 3458 3473 
3 1416 3459 3460 
3 3459 3461 3465 
3 3460 3463 2375 
3 3460 3459 3465 
3 3460 3465 3463 
3 3459 1418 3462 
3 3462 3461 3459 
3 2377 2375 3463 
3 3463 3464 2377 
3 3463 3485 3464 
3 3461 3466 3469 
3 3462 3466 3461 
3 3462 1418 1438 
3 1438 3467 3462 
3 3467 3466 3462 
3 3467 3468 3466 
3 3461 3469 3465 
3 3469 3470 3465 
3 3463 3465 3470 
3 3463 3471 3485 
3 3470 3471 3463 
3 3491 3469 3466 
3 3472 3471 3470 
3 3469 3472 3470 
3 3468 3491 3466 
3 2383 3474 3473 
3 2383 3475 3474 
3 3474 3417 3473 
3 3474 3476 3417 
3 3474 3475 3479 
3 3479 3476 3474 
3 3420 3475 2383 
3 3478 3499 3477 
3 3499 3478 3492 
3 3476 3479 3480 
3 3480 3538 3481 
3 3476 3480 3495 
3 3476 3495 3426 
3 3481 3538 3482 
3 3480 3481 3495 
3 3481 3496 3495 
3 3477 3499 3483 
3 3501 3483 3499 
3 3488 3483 3501 
3 3501 3484 3488 
3 3464 2384 2378 
3 3486 2384 3464 
3 3485 3486 3464 
3 3483 3485 3477 
3 3485 3483 3486 
3 3486 3483 3487 
3 2384 3486 3489 
3 3487 3489 3486 
3 3489 3765 2384 
3 2384 3765 2398 
3 3485 3471 3477 
3 3471 3478 3477 
3 3471 3472 3478 
3 3472 3492 3478 
3 3483 3488 3487 
3 3489 3487 3588 
3 3488 3588 3487 
3 3488 3587 3588 
3 3489 3767 3765 
3 3589 3489 3588 
3 3589 3767 3489 
3 3469 3491 3509 
3 3509 3472 3469 
3 3491 3511 3509 
3 3491 3468 3490 
3 3511 3491 3512 
3 3491 3490 3512 
3 3492 3508 3494 
3 3494 3508 3493 
3 3426 3495 3450 
3 3495 3498 3450 
3 3495 3496 3498 
3 3497 3496 3481 
3 3497 3481 3482 
3 3496 3504 3498 
3 3499 3492 3500 
3 3499 3500 3501 
3 3500 3496 3497 
3 3500 3497 3501 
3 3501 3497 3484 
3 3500 3492 3494 
3 3500 3494 3496 
3 3496 3494 3504 
3 3504 3503 3498 
3 3503 3505 3456 
3 3504 3505 3503 
3 3504 3599 3505 
3 3504 3494 3507 
3 3494 3502 3507 
3 3502 3494 3493 
3 3502 3506 3507 
3 3599 3504 3507 
3 3506 3602 3507 
3 3614 3602 3506 
3 3492 3472 3508 
3 3508 3472 3509 
3 3509 3513 3510 
3 3509 3493 3508 
3 3510 3493 3509 
3 3511 3513 3509 
3 3510 3502 3493 
3 3511 3518 3513 
3 3799 3518 3511 
3 3512 3799 3511 
3 3799 3519 3518 
3 3519 3799 3802 
3 3514 3519 3802 
3 3510 3506 3502 
3 3516 3506 3510 
3 3516 3510 3515 
3 3510 3513 3515 
3 3506 3516 3614 
3 3516 3515 3517 
3 3516 3517 3614 
3 3518 3515 3513 
3 3520 3518 3519 
3 3518 3520 3515 
3 3520 3517 3515 
3 3520 3616 3517 
3 3514 3521 3520 
3 3519 3514 3520 
3 3520 3521 3616 
3 3514 3638 3521 
3 3617 3521 3638 
3 3524 3415 3522 
3 3523 3524 3522 
3 3524 3523 3529 
3 2356 3415 3524 
3 3524 3525 2356 
3 3527 3525 3524 
3 3525 3533 2356 
3 3527 3524 3526 
3 3526 3524 3529 
3 3526 3529 3532 
3 3532 3527 3526 
3 3527 3532 3528 
3 3529 3523 3256 
3 3530 3529 3256 
3 3530 3256 3531 
3 3529 3530 3532 
3 3542 3532 3530 
3 3540 3530 3531 
3 2356 3533 3418 
3 3536 3418 3533 
3 3533 3525 3534 
3 3527 3534 3525 
3 3536 3533 3534 
3 3535 3534 3527 
3 3535 3527 3528 
3 3553 3535 3528 
3 3535 3551 3534 
3 3553 3551 3535 
3 3421 3536 3537 
3 3538 3421 3537 
3 3537 3536 3534 
3 3537 3586 3538 
3 3551 3537 3534 
3 3586 3537 3552 
3 3552 3537 3551 
3 3593 3586 3552 
3 3528 3532 3542 
3 3543 3554 3542 
3 3554 3528 3542 
3 3543 3539 3554 
3 3530 3540 3542 
3 3540 3541 3543 
3 3541 3540 3531 
3 3546 3543 3541 
3 3540 3543 3542 
3 3548 3539 3543 
3 3544 3539 3549 
3 3545 3544 3549 
3 3444 3545 3446 
3 3544 3545 3444 
3 3548 3543 3546 
3 3567 3548 3546 
3 3567 3547 3548 
3 3539 3548 3549 
3 3547 3549 3548 
3 3549 3647 3545 
3 3647 3549 3547 
3 3553 3528 3554 
3 3539 3550 3554 
3 3550 3558 3554 
3 3558 3555 3554 
3 3553 3554 3555 
3 3551 3553 3595 
3 3553 3555 3595 
3 3551 3595 3552 
3 3595 3555 3556 
3 3453 3550 3444 
3 3550 3544 3444 
3 3550 3539 3544 
3 3558 3550 3557 
3 3453 3559 3550 
3 3559 3557 3550 
3 3559 3561 3557 
3 3559 3560 3561 
3 3557 3562 3558 
3 3558 3562 3556 
3 3562 3557 3561 
3 3562 3561 3600 
3 3555 3558 3556 
3 3556 3603 3595 
3 3556 3562 3603 
3 3562 3600 3603 
3 3572 3284 3563 
3 3563 3282 3283 
3 3563 3283 4635 
3 3573 3563 3574 
3 3574 3563 4635 
3 3541 3564 3546 
3 3567 3546 3564 
3 3565 3564 3566 
3 3566 3284 3572 
3 3569 3566 3572 
3 3569 3565 3566 
3 3565 3569 3570 
3 3564 3568 3567 
3 3565 3568 3564 
3 3568 3340 3567 
3 3570 3571 3565 
3 3565 3571 3568 
3 3568 3660 3657 
3 3571 3660 3568 
3 3573 3569 3572 
3 3573 3572 3563 
3 3575 3570 3569 
3 3570 3577 3581 
3 3577 3570 3575 
3 3570 3581 3571 
3 3576 3571 3581 
3 3578 3583 3581 
3 3578 3581 3577 
3 3579 3577 3580 
3 3576 3581 3582 
3 3582 3581 3583 
3 3575 3569 3573 
3 3580 3575 3573 
3 3584 3573 3574 
3 3580 3573 3584 
3 3584 3574 4642 
3 3577 3575 3580 
3 3620 3580 3584 
3 3585 3584 4642 
3 3620 3584 3585 
3 3586 3482 3538 
3 3484 3587 3488 
3 3588 3587 3610 
3 3589 3588 3610 
3 3589 3590 3767 
3 3814 3589 3610 
3 3591 3814 3627 
3 3497 3482 3592 
3 3482 3586 3592 
3 3592 3586 3593 
3 3593 3594 3592 
3 3484 3497 3592 
3 3594 3484 3592 
3 3484 3594 3587 
3 3605 3596 3594 
3 3604 3593 3552 
3 3604 3552 3595 
3 3605 3593 3604 
3 3594 3593 3605 
3 3605 3597 3596 
3 3611 3597 3598 
3 3601 3599 3507 
3 3602 3601 3507 
3 3601 3682 3599 
3 3595 3603 3604 
3 3604 3606 3605 
3 3603 3607 3604 
3 3607 3606 3604 
3 3583 3578 3606 
3 3606 3607 3583 
3 3603 3600 3608 
3 3603 3608 3607 
3 3689 3607 3608 
3 3607 3689 3609 
3 3583 3609 3582 
3 3609 3583 3607 
3 3605 3606 3597 
3 3597 3606 3598 
3 3596 3587 3594 
3 3610 3596 3613 
3 3610 3587 3596 
3 3610 3613 3814 
3 3613 3596 3612 
3 3612 3596 3597 
3 3612 3597 3611 
3 3612 3611 3624 
3 3613 3612 3627 
3 3814 3613 3627 
3 3627 3612 3624 
3 3614 3517 3615 
3 3615 3517 3616 
3 3616 3521 3617 
3 3617 3615 3616 
3 3617 3696 3615 
3 3611 3598 3619 
3 3625 3619 3618 
3 3606 3578 3598 
3 3578 3577 3579 
3 3598 3578 3619 
3 3619 3578 3579 
3 3618 3579 3580 
3 3618 3619 3579 
3 3618 3580 3620 
3 3621 3620 3585 
3 3585 4649 3621 
3 4649 3623 3621 
3 3622 3618 3620 
3 3618 3622 3625 
3 3622 3620 3621 
3 3621 3629 3622 
3 3629 3621 3623 
3 3624 3611 3625 
3 3611 3619 3625 
3 3626 3624 3625 
3 3628 3626 3625 
3 3624 3845 3627 
3 3624 3626 3845 
3 3845 3626 3847 
3 3626 3628 3847 
3 3630 3847 3628 
3 3630 3850 3847 
3 3625 3622 3628 
3 3629 3628 3622 
3 4652 3629 3623 
3 3630 3628 3629 
3 3630 3629 4652 
3 4653 3630 4652 
3 3289 3286 3442 
3 3631 3289 3442 
3 3441 3631 3442 
3 3441 3634 3631 
3 3634 3632 3631 
3 3631 3633 3289 
3 3631 3632 3633 
3 3634 3441 3446 
3 3454 3457 3635 
3 3559 3454 3560 
3 3454 3635 3560 
3 3456 3635 3457 
3 3636 3560 3635 
3 3456 3637 3635 
3 3637 3456 3505 
3 3636 3635 3637 
3 3599 3637 3505 
3 3514 3802 3638 
3 3802 3639 3638 
3 3700 3638 3639 
3 3639 3640 3700 
3 3634 3644 3632 
3 3645 3632 3644 
3 3653 3645 3644 
3 3634 3446 3646 
3 3446 3545 3646 
3 3634 3646 3644 
3 3547 3648 3647 
3 3647 3648 3651 
3 3649 3547 3567 
3 3649 3648 3547 
3 3651 3648 3653 
3 3650 3648 3649 
3 3648 3650 3653 
3 3545 3647 3646 
3 3646 3647 3651 
3 3651 3653 3644 
3 3651 3644 3646 
3 3633 3632 3652 
3 3632 3645 3652 
3 3654 3652 3645 
3 3652 3654 3360 
3 3654 3645 3653 
3 3653 3655 3654 
3 3655 3653 3650 
3 3360 3654 3656 
3 3655 3656 3654 
3 3560 3683 3561 
3 3683 3560 3636 
3 3637 3684 3636 
3 3684 3683 3636 
3 3683 3600 3561 
3 3567 3340 3649 
3 3568 3657 3340 
3 3342 3341 3657 
3 3657 3341 3340 
3 3657 3660 3659 
3 3650 3649 3341 
3 3661 3658 3342 
3 3342 3657 3661 
3 3661 3657 3659 
3 3659 3660 3668 
3 3571 3666 3660 
3 3666 3668 3660 
3 3668 3663 3659 
3 3650 3343 3655 
3 3662 3659 3663 
3 3663 3670 3665 
3 3658 3661 3345 
3 3661 3664 3345 
3 3659 3662 3661 
3 3662 3664 3661 
3 3345 3664 3347 
3 3347 3664 3675 
3 3674 3347 3675 
3 3662 3665 3664 
3 3663 3665 3662 
3 3675 3664 3665 
3 3675 3665 3677 
3 3670 3673 3665 
3 3667 3666 3576 
3 3576 3666 3571 
3 3666 3667 3668 
3 3669 3663 3668 
3 3667 3669 3668 
3 3576 3704 3667 
3 3582 3704 3576 
3 3704 3669 3667 
3 3705 3669 3704 
3 3669 3670 3663 
3 3669 3705 3671 
3 3670 3669 3671 
3 3671 3673 3670 
3 3671 3672 3673 
3 3665 3673 3677 
3 3675 3677 3676 
3 3676 3674 3675 
3 3678 3676 3677 
3 3678 3677 3679 
3 3680 3679 3677 
3 3677 3673 3680 
3 3672 3731 3673 
3 3673 3731 3680 
3 3727 3731 3672 
3 3731 3732 3680 
3 3681 3679 3680 
3 3681 4678 3679 
3 3680 3732 3681 
3 3599 3682 3637 
3 3637 3682 3684 
3 3600 3683 3608 
3 3684 3682 3686 
3 3608 3683 3684 
3 3608 3684 3689 
3 3684 3686 3689 
3 3682 3601 3686 
3 3602 3686 3601 
3 3685 3602 3614 
3 3686 3602 3685 
3 3686 3687 3692 
3 3689 3686 3692 
3 3694 3687 3686 
3 3694 3686 3685 
3 3694 3688 3687 
3 3690 3609 3689 
3 3609 3690 3582 
3 3582 3690 3704 
3 3689 3692 3690 
3 3692 3691 3690 
3 3706 3690 3691 
3 3687 3691 3692 
3 3695 3688 3694 
3 3708 3706 3691 
3 3708 3691 3693 
3 3708 3693 3709 
3 3687 3688 3691 
3 3694 3702 3695 
3 3688 3710 3691 
3 3695 3710 3688 
3 3710 3693 3691 
3 3695 3711 3710 
3 3718 3695 3702 
3 3718 3711 3695 
3 3614 3615 3685 
3 3615 3696 3685 
3 3696 3694 3685 
3 3696 3697 3694 
3 3638 3698 3617 
3 3698 3638 3700 
3 3696 3617 3698 
3 3699 3696 3698 
3 3700 3699 3698 
3 3696 3699 3697 
3 3640 3641 3700 
3 3700 3641 3701 
3 3700 3701 3699 
3 3703 3699 3701 
3 3701 3641 3908 
3 3702 3694 3697 
3 3699 3703 3697 
3 3697 3703 3702 
3 3717 3718 3702 
3 3702 3703 3717 
3 3704 3706 3705 
3 3704 3690 3706 
3 3707 3705 3706 
3 3706 3708 3707 
3 3705 3707 3671 
3 3708 3709 3707 
3 3707 3672 3671 
3 3727 3672 3707 
3 3709 3727 3707 
3 3693 3726 3709 
3 3710 3726 3693 
3 3711 3726 3710 
3 3712 3711 3718 
3 3726 3711 3729 
3 3729 3711 3712 
3 3908 3913 3701 
3 3715 3703 3701 
3 3701 3913 3715 
3 3913 3714 3722 
3 3715 3722 3719 
3 3722 3715 3913 
3 3719 3716 3717 
3 3716 3718 3717 
3 3716 3712 3718 
3 3716 3719 3725 
3 3716 3713 3712 
3 3713 3716 3725 
3 3703 3715 3717 
3 3719 3717 3715 
3 3722 3714 3720 
3 3722 3721 3719 
3 3720 3721 3722 
3 3714 3643 3642 
3 3714 3642 3720 
3 3642 6366 3723 
3 3642 3723 3720 
3 3720 3724 3721 
3 3720 3723 3724 
3 3742 3713 3725 
3 6371 3719 3721 
3 3724 6371 3721 
3 6371 3725 3719 
3 3709 3726 3727 
3 3726 3728 3727 
3 3733 3727 3728 
3 3729 3728 3726 
3 3713 3729 3712 
3 3741 3729 3713 
3 3741 3730 3729 
3 3728 3729 3730 
3 3730 3735 3728 
3 3730 3743 3735 
3 3733 3731 3727 
3 3733 3732 3731 
3 3734 3681 3732 
3 3734 4678 3681 
3 3736 4692 3734 
3 3736 3733 3728 
3 3736 3732 3733 
3 3736 3734 3732 
3 3735 3736 3728 
3 3737 4692 3735 
3 4692 3736 3735 
3 3735 3743 3737 
3 3739 3738 6383 
3 3740 3730 3741 
3 3742 3741 3713 
3 3730 3740 3743 
3 3740 3738 3743 
3 6383 3740 3741 
3 6389 6383 3741 
3 3741 3742 6389 
3 6383 3738 3740 
3 3738 3739 3745 
3 3743 3738 3745 
3 3743 3745 3744 
3 3744 3745 3746 
3 3737 3748 4692 
3 3747 3748 3737 
3 3744 3737 3743 
3 3747 3737 3744 
3 3747 3749 3748 
3 3747 3753 3749 
3 3749 3753 3754 
3 3750 3749 3754 
3 3744 3746 3751 
3 3753 3751 3752 
3 3747 3744 3753 
3 3753 3744 3751 
3 3750 3754 4704 
3 3753 3752 3754 
3 3755 4704 3754 
3 3752 3755 3754 
3 1439 3467 1438 
3 1439 3778 3467 
3 1439 1442 3778 
3 3783 1444 3757 
3 3757 3756 3783 
3 1449 2394 2395 
3 1449 2395 3759 
3 3763 1449 3759 
3 2393 3758 2395 
3 3759 2395 3758 
3 3762 3763 3759 
3 3758 3760 3759 
3 3758 3761 3760 
3 3762 3759 3760 
3 3763 3757 1449 
3 3756 3757 3763 
3 3763 3764 3756 
3 3763 3762 3764 
3 3795 3756 3764 
3 3764 3805 3795 
3 3805 3764 3770 
3 3770 3764 3762 
3 3765 3766 2398 
3 3766 2399 2398 
3 3765 3769 3766 
3 3767 3769 3765 
3 3766 3768 2399 
3 3769 3768 3766 
3 3775 3768 3769 
3 3775 3769 3816 
3 3774 2396 3768 
3 2397 2396 3774 
3 3758 2397 3761 
3 3761 2397 3774 
3 3772 3760 3761 
3 3760 3772 3770 
3 3761 3807 3772 
3 3761 3774 3807 
3 3770 3762 3760 
3 3770 3772 3771 
3 3771 3772 3773 
3 3768 3775 3774 
3 3775 3807 3774 
3 3807 3773 3772 
3 3776 1442 1450 
3 3776 1450 3777 
3 3779 3776 3777 
3 1442 3776 3778 
3 3779 3786 3776 
3 3779 3777 3780 
3 3781 3780 3777 
3 3784 3777 1450 
3 3784 1450 1452 
3 3784 1452 1446 
3 1446 3782 3784 
3 3795 1446 3783 
3 3795 3783 3756 
3 1446 3795 3782 
3 3781 3777 3784 
3 3784 3782 3781 
3 3785 3791 3781 
3 3782 3785 3781 
3 3468 3467 3778 
3 3468 3778 3786 
3 3786 3778 3776 
3 3490 3468 3786 
3 3779 3787 3786 
3 3787 3779 3780 
3 3490 3786 3788 
3 3786 3787 3788 
3 3490 3788 3512 
3 3789 3782 3795 
3 3789 3792 3785 
3 3789 3785 3782 
3 3780 3790 3787 
3 3790 3780 3781 
3 3787 3797 3798 
3 3788 3787 3798 
3 3797 3787 3790 
3 3791 3790 3781 
3 3793 3791 3785 
3 3792 3793 3785 
3 3800 3790 3791 
3 3793 3800 3791 
3 3794 3800 3793 
3 3790 3800 3797 
3 3794 3803 3800 
3 3805 3789 3795 
3 3793 3792 3796 
3 3796 3792 3789 
3 3794 3793 3796 
3 3788 3798 3799 
3 3512 3788 3799 
3 3801 3798 3797 
3 3801 3797 3800 
3 3798 3802 3799 
3 3801 3802 3798 
3 3794 3811 3901 
3 3804 3902 3901 
3 3770 3771 3805 
3 3771 3773 3808 
3 3805 3810 3789 
3 3805 3771 3810 
3 3771 3806 3810 
3 3771 3808 3806 
3 3773 3807 3808 
3 3829 3775 3816 
3 3807 3775 3829 
3 3824 3807 3829 
3 3824 3808 3807 
3 3806 3808 3809 
3 3830 3809 3808 
3 3830 3808 3824 
3 3789 3810 3796 
3 3811 3796 3810 
3 3812 3811 3810 
3 3812 3810 3806 
3 3794 3796 3811 
3 3806 3809 3812 
3 3830 3838 3809 
3 3809 3838 3812 
3 3804 3811 3812 
3 3901 3811 3804 
3 3812 3838 3804 
3 3804 3838 3813 
3 3769 3767 3590 
3 3815 3769 3590 
3 3589 3814 3590 
3 3815 3590 3818 
3 3819 3815 3818 
3 3815 3816 3769 
3 3819 3823 3815 
3 3590 3814 3817 
3 3814 3591 3817 
3 3818 3590 3817 
3 3627 3845 3591 
3 3817 3591 3845 
3 3845 3821 3817 
3 3819 3818 3820 
3 3822 3818 3817 
3 3822 3820 3818 
3 3817 3821 3822 
3 3816 3815 3823 
3 3816 3823 3829 
3 3829 3823 3824 
3 3824 3823 3825 
3 3824 3825 3826 
3 3825 3827 3826 
3 3823 3819 3828 
3 3820 3828 3819 
3 3825 3823 3828 
3 3820 3822 3828 
3 3827 3825 3828 
3 3828 3822 3831 
3 3830 3824 3826 
3 3828 3831 3827 
3 3843 3827 3831 
3 3843 3831 3832 
3 3832 3831 3836 
3 3832 3834 3833 
3 3835 3833 3834 
3 3834 3832 3836 
3 3834 3836 3837 
3 3838 3830 3839 
3 3830 3826 3839 
3 3843 3826 3827 
3 3838 3839 3813 
3 3804 3813 3918 
3 3813 3839 3918 
3 3839 3826 3840 
3 3826 3920 3840 
3 3843 3920 3826 
3 3841 3844 3869 
3 3841 3842 3922 
3 3869 3842 3841 
3 3832 3833 3843 
3 3833 3841 3843 
3 3841 3922 3843 
3 3843 3922 3920 
3 3844 3841 3833 
3 3844 3833 3835 
3 3821 3845 3847 
3 3846 3821 3847 
3 3821 3848 3822 
3 3846 3848 3821 
3 3848 3854 3822 
3 3822 3854 3831 
3 3848 3849 3854 
3 3846 3847 3850 
3 3848 3846 3850 
3 3851 3848 3850 
3 3849 3848 3851 
3 3630 3852 3850 
3 3852 3630 4693 
3 3851 3850 3852 
3 3860 3849 3851 
3 3851 3852 3860 
3 3853 3860 3852 
3 3854 3855 3831 
3 3836 3831 3855 
3 3849 3856 3854 
3 3855 3854 3856 
3 3855 3837 3836 
3 3857 3837 3855 
3 3855 3858 3857 
3 3858 3886 3857 
3 3858 3855 3856 
3 3859 3858 3856 
3 3886 3858 3859 
3 3887 3886 3859 
3 3887 3859 3889 
3 3856 3849 3860 
3 3859 3856 3860 
3 3860 3861 3859 
3 3861 3860 3853 
3 3889 3859 3861 
3 3889 3861 3932 
3 3863 3835 3865 
3 3865 3835 3834 
3 3863 3844 3835 
3 3862 3844 3863 
3 3864 3834 3837 
3 3865 3834 3864 
3 3866 3863 3867 
3 3867 3863 3865 
3 3866 3862 3863 
3 3872 3862 3866 
3 3868 3865 3864 
3 3868 3864 3885 
3 3867 3865 3868 
3 3862 3869 3844 
3 3869 3962 3842 
3 3871 3962 3869 
3 3872 3870 3862 
3 3862 3870 3869 
3 3869 3870 3871 
3 3871 3970 3962 
3 3873 3878 3874 
3 3873 3874 3882 
3 3875 3866 3867 
3 3875 3872 3866 
3 3877 3875 3867 
3 3873 3872 3875 
3 3879 3867 3868 
3 3877 3867 3879 
3 3878 3873 3875 
3 3878 3875 3876 
3 3876 3875 3877 
3 3876 3877 3880 
3 3880 3877 3879 
3 3870 3881 3871 
3 3873 3882 3872 
3 3872 3882 3870 
3 3882 3973 3870 
3 3973 3882 3884 
3 3882 3883 3884 
3 3870 3973 3881 
3 3864 3837 3857 
3 3885 3864 3857 
3 3857 3886 3885 
3 3885 3891 3868 
3 3891 3885 3886 
3 3887 3889 3890 
3 3887 3888 3886 
3 3888 3887 3890 
3 3890 3889 3977 
3 3890 3977 3892 
3 3891 3886 3888 
3 3888 3896 3891 
3 3888 3890 3896 
3 3896 3890 3892 
3 3896 3892 3893 
3 3879 3868 3891 
3 3894 3879 3891 
3 3880 3879 3894 
3 3895 3894 3891 
3 3891 3896 3895 
3 3894 3895 4078 
3 4078 3895 3896 
3 4079 4078 3896 
3 3896 3985 4079 
3 3893 3985 3896 
3 3801 3800 3897 
3 3639 3802 3801 
3 3898 3639 3801 
3 3801 3897 3898 
3 3898 3897 3899 
3 3898 3899 3903 
3 3803 3897 3800 
3 3794 3901 3803 
3 3803 3901 3900 
3 3902 3900 3901 
3 3899 3897 3803 
3 3900 3899 3803 
3 3639 3906 3640 
3 3898 3906 3639 
3 3898 3903 3906 
3 3804 3918 3902 
3 3905 3902 3918 
3 3904 3899 3900 
3 3904 3900 3902 
3 3904 3902 3905 
3 3906 3641 3640 
3 3906 3909 3641 
3 3906 3903 3907 
3 3909 3906 3907 
3 3909 3907 3911 
3 3641 3909 3908 
3 3899 3907 3903 
3 3904 3907 3899 
3 3904 3910 3907 
3 3910 3904 3905 
3 3912 3911 3910 
3 3910 3911 3907 
3 3908 3909 3913 
3 3909 3914 3913 
3 3911 3914 3909 
3 3915 3714 3913 
3 3915 3913 3914 
3 3914 3916 3915 
3 3911 3912 3914 
3 3912 3916 3914 
3 3940 3939 3912 
3 3912 3939 3916 
3 3916 3939 3917 
3 3915 3643 3714 
3 3916 3643 3915 
3 3643 3917 3642 
3 3916 3917 3643 
3 3910 3905 3924 
3 3912 3910 3924 
3 3912 3924 3940 
3 3919 3905 3918 
3 3919 3918 3840 
3 3839 3840 3918 
3 3840 3920 3921 
3 3922 3921 3920 
3 3925 3905 3919 
3 3921 3919 3840 
3 3842 3964 3922 
3 3922 3964 3921 
3 3964 3927 3921 
3 3905 3925 3924 
3 3923 3925 3919 
3 3921 3923 3919 
3 3940 3924 3925 
3 3923 3926 3925 
3 3926 3940 3925 
3 3923 3921 3927 
3 3927 3926 3923 
3 3964 3967 3927 
3 3941 3926 3944 
3 3944 3967 3945 
3 3927 3944 3926 
3 3927 3967 3944 
3 3853 3852 3928 
3 3861 3930 3932 
3 3932 3930 3934 
3 3861 3853 3930 
3 3853 3928 3930 
3 3930 3928 4695 
3 3930 3931 3934 
3 3930 4695 3931 
3 3931 4695 3929 
3 3934 3933 3932 
3 3889 3932 3977 
3 3955 3980 3938 
3 3931 3936 3934 
3 3931 3929 3936 
3 3936 3935 3934 
3 3936 3955 3935 
3 3936 3929 3937 
3 3929 4700 3937 
3 3937 3953 3936 
3 3953 3955 3936 
3 3933 3934 3935 
3 3935 3955 3938 
3 6415 3642 3917 
3 3939 3942 3917 
3 3942 3946 3917 
3 3926 3941 3940 
3 3941 3942 3940 
3 3941 3943 3942 
3 3942 3939 3940 
3 3943 3947 3942 
3 3944 3943 3941 
3 3945 3995 3944 
3 3944 3995 3943 
3 3947 3946 3942 
3 3943 3995 3947 
3 3949 6435 3948 
3 6435 4003 3948 
3 3750 4696 3749 
3 4701 4696 3750 
3 4701 3750 4704 
3 3950 4704 3755 
3 3952 3980 3955 
3 3952 3954 3980 
3 3952 3957 3960 
3 3953 3957 3952 
3 3960 3957 3961 
3 3960 3954 3952 
3 3937 4700 3956 
3 3957 3953 3937 
3 3956 3957 3937 
3 3957 3958 3961 
3 3958 3957 3956 
3 3953 3952 3955 
3 6451 3949 3959 
3 3948 3960 3949 
3 3960 3959 3949 
3 3960 3948 3954 
3 3959 3960 3961 
3 3951 3959 3958 
3 3958 3959 3961 
3 3959 3951 6441 
3 3842 3963 3964 
3 3962 3963 3842 
3 3963 3965 3964 
3 3963 3972 3965 
3 3962 3970 3963 
3 3970 3972 3963 
3 3967 3964 3965 
3 3945 3967 3988 
3 3967 3965 3968 
3 3966 3968 3965 
3 3967 3968 3988 
3 3972 3966 3965 
3 3966 3969 3968 
3 3972 3969 3966 
3 3871 3881 3970 
3 3881 3971 3970 
3 3970 3971 3972 
3 3881 3973 3971 
3 3973 3884 3974 
3 3976 3971 3975 
3 3973 3975 3971 
3 3976 3972 3971 
3 3972 3976 3969 
3 3977 3932 3892 
3 3892 3932 3979 
3 3933 3979 3932 
3 3893 3892 3978 
3 3979 3978 3892 
3 3933 3938 3981 
3 3981 3979 3933 
3 3981 3938 3991 
3 3980 3991 3938 
3 3982 3981 3991 
3 3935 3938 3933 
3 3893 3978 3983 
3 3983 3978 3984 
3 3978 3979 3984 
3 3983 3985 3893 
3 3984 3985 3983 
3 3985 3984 3986 
3 3984 3979 3981 
3 3984 3981 3987 
3 3987 3981 3982 
3 3984 3987 3986 
3 3987 3982 4015 
3 3987 4137 3986 
3 4015 4016 3987 
3 4137 3987 4016 
3 3988 3989 3945 
3 3988 3990 3989 
3 3945 3989 3995 
3 3989 3996 3995 
3 3969 3988 3968 
3 3990 3988 3969 
3 3969 3992 3990 
3 3993 3994 4013 
3 3947 3995 3997 
3 3995 3996 3997 
3 3997 6454 3947 
3 3947 6454 6430 
3 3998 6454 3997 
3 3989 3990 3999 
3 3989 3999 4000 
3 3989 4000 3996 
3 3997 3996 4000 
3 4000 3999 4001 
3 4000 3998 3997 
3 4000 4001 3998 
3 4012 3948 4003 
3 4003 4013 4012 
3 4003 4005 4013 
3 4005 4002 6455 
3 4003 4002 4005 
3 3992 4004 3990 
3 4004 3999 3990 
3 3992 4013 4004 
3 3992 3993 4013 
3 4004 4005 4001 
3 4004 4001 3999 
3 4005 4004 4013 
3 6455 4001 4005 
3 3975 4008 3976 
3 3975 4006 4008 
3 4006 4145 4008 
3 3976 4009 3969 
3 3994 4014 3991 
3 4009 3992 3969 
3 4007 3993 3992 
3 4009 4007 3992 
3 4007 4014 3994 
3 4007 3994 3993 
3 3976 4008 4009 
3 4150 4007 4009 
3 4010 4009 4008 
3 4145 4010 4008 
3 4150 4009 4010 
3 4152 4014 4007 
3 4007 4150 4152 
3 4011 3980 3954 
3 4011 3991 3980 
3 4012 4011 3954 
3 4012 4013 4011 
3 4011 3994 3991 
3 4013 3994 4011 
3 4012 3954 3948 
3 4014 3982 3991 
3 3982 4014 4015 
3 4152 4015 4014 
3 4015 4152 4016 
3 4016 4152 4175 
3 4042 4089 4070 
3 4017 4022 4031 
3 4031 4022 4018 
3 4019 4017 4020 
3 4019 4022 4017 
3 4019 4025 4022 
3 4021 4019 4020 
3 4021 4025 4019 
3 4018 4022 4028 
3 4027 4018 4028 
3 4025 4029 4022 
3 4022 4029 4028 
3 4020 4023 4021 
3 4026 4021 4023 
3 4026 4023 4024 
3 4026 4025 4021 
3 4029 4025 4026 
3 4027 4028 4030 
3 4029 4030 4028 
3 4029 4733 4030 
3 4026 4733 4029 
3 4032 4017 4031 
3 4032 4031 4035 
3 4018 4035 4031 
3 4017 4032 4020 
3 4033 4020 4032 
3 4035 4033 4032 
3 4020 4033 4037 
3 4033 4036 4037 
3 4038 4018 4027 
3 4035 4018 4038 
3 4038 4034 4035 
3 4033 4035 4036 
3 4036 4035 4034 
3 4020 4037 4023 
3 4024 4023 4037 
3 4036 4034 4037 
3 4034 4039 4037 
3 4037 4742 4024 
3 4743 4742 4037 
3 4743 4037 4039 
3 4743 4039 4747 
3 4030 4038 4027 
3 4040 4038 4030 
3 4039 4034 4038 
3 4040 4039 4038 
3 4030 4733 4040 
3 4040 4041 4039 
3 4747 4039 4756 
3 4756 4039 4041 
3 4040 4733 4749 
3 4749 4041 4040 
3 4042 4043 4089 
3 4044 4086 4047 
3 4049 4048 4045 
3 4045 4048 4092 
3 4045 4043 4044 
3 4047 4045 4044 
3 4045 4092 4043 
3 4046 4045 4047 
3 4049 4045 4046 
3 4786 4053 4052 
3 4786 4052 4050 
3 4052 4046 4050 
3 4050 4046 4051 
3 4054 4046 4047 
3 4051 4046 4054 
3 4054 4047 4086 
3 4088 4051 4054 
3 4052 4049 4046 
3 4052 4053 4049 
3 3878 4057 3874 
3 3883 3882 3874 
3 4055 3874 4057 
3 4055 3883 3874 
3 4056 4055 4057 
3 4055 4056 4062 
3 4062 4056 4061 
3 4057 3878 3876 
3 3880 4058 3876 
3 3876 4058 4057 
3 4058 4066 4060 
3 4058 4060 4057 
3 4058 4059 4066 
3 4056 4057 4060 
3 4060 4065 4056 
3 4065 4061 4056 
3 4060 4066 4065 
3 4055 4064 3883 
3 4062 4064 4055 
3 4062 4061 4067 
3 4063 4123 4118 
3 4064 4117 3883 
3 3883 4117 3884 
3 4062 4063 4064 
3 4063 4118 4064 
3 4064 4118 4117 
3 4065 4066 4080 
3 4073 4065 4080 
3 4067 4068 4062 
3 4069 4067 4061 
3 4063 4062 4068 
3 4068 4070 4063 
3 4070 4123 4063 
3 4071 4068 4067 
3 4042 4068 4071 
3 4071 4067 4069 
3 4072 4071 4069 
3 4042 4070 4068 
3 4073 4074 4065 
3 4074 4061 4065 
3 4074 4069 4061 
3 4075 4073 4080 
3 4076 4073 4075 
3 4073 4076 4074 
3 4069 4074 4077 
3 4072 4069 4077 
3 4077 4074 4076 
3 4077 4076 4177 
3 4058 3880 3894 
3 4059 4058 3894 
3 4059 3894 4078 
3 4078 4079 4059 
3 4080 4066 4059 
3 4080 4059 4134 
3 4134 4059 4079 
3 4080 4134 4075 
3 4081 4042 4071 
3 4044 4081 4082 
3 4084 4081 4072 
3 4072 4081 4071 
3 4043 4042 4081 
3 4044 4043 4081 
3 4082 4081 4084 
3 4086 4044 4087 
3 4044 4082 4087 
3 4084 4083 4082 
3 4087 4082 4186 
3 4082 4083 4186 
3 4084 4072 4077 
3 4077 4177 4084 
3 4177 4085 4084 
3 4083 4084 4085 
3 4087 4054 4086 
3 4088 4054 4087 
3 4088 4087 4186 
3 4865 4088 4186 
3 4070 4089 4126 
3 4090 4126 4089 
3 4091 4090 4089 
3 4089 4043 4092 
3 4048 4091 4092 
3 4089 4092 4091 
3 4091 4093 4090 
3 4091 4094 4093 
3 4090 4093 4132 
3 4094 4132 4093 
3 4091 4095 4094 
3 4048 4049 4096 
3 4048 4096 4100 
3 4096 4053 4877 
3 4096 4097 4100 
3 4096 4879 4097 
3 4879 4096 4877 
3 4048 4100 4091 
3 4096 4049 4053 
3 4097 4099 4100 
3 4097 4887 4099 
3 4100 4099 4101 
3 4098 4099 4887 
3 4091 4100 4095 
3 4100 4101 4095 
3 4095 4101 4111 
3 4162 4132 4102 
3 4132 4094 4102 
3 4094 4103 4102 
3 4095 4103 4094 
3 4102 4103 4104 
3 4112 4104 4103 
3 4105 4172 4162 
3 4102 4105 4162 
3 4102 4104 4105 
3 4107 4105 4104 
3 4172 4105 4107 
3 4172 4107 4106 
3 6456 4106 4107 
3 4104 4114 4107 
3 4114 4104 4112 
3 6457 4107 4114 
3 4108 6457 4114 
3 4111 4101 4110 
3 4113 4111 4110 
3 4109 4110 4098 
3 4099 4110 4101 
3 4098 4110 4099 
3 4110 4109 4895 
3 4095 4111 4103 
3 4111 4113 4103 
3 4103 4113 4112 
3 4113 4116 4114 
3 4115 4114 4116 
3 4110 4895 4901 
3 4110 4901 4113 
3 4113 4901 4116 
3 4116 4901 4916 
3 4116 4916 4115 
3 4113 4114 4112 
3 4114 4115 4108 
3 4117 4122 3974 
3 3974 4122 4120 
3 3884 4117 3974 
3 4118 4119 4117 
3 4124 4119 4118 
3 4117 4119 4122 
3 3974 4120 3973 
3 4120 3975 3973 
3 4122 4121 4120 
3 4120 4006 3975 
3 4120 4121 4006 
3 4119 4128 4122 
3 4128 4121 4122 
3 4146 4121 4147 
3 4128 4147 4121 
3 4124 4118 4123 
3 4123 4125 4124 
3 4070 4126 4123 
3 4125 4123 4126 
3 4126 4090 4125 
3 4125 4090 4127 
3 4076 4178 4177 
3 4141 4178 4076 
3 4178 4141 4142 
3 4179 4178 4142 
3 4124 4129 4128 
3 4125 4129 4124 
3 4125 4127 4129 
3 4129 4131 4128 
3 4127 4130 4129 
3 4129 4130 4131 
3 4124 4128 4119 
3 4128 4131 4147 
3 4127 4090 4132 
3 4142 4133 4179 
3 4133 4143 4182 
3 4182 4143 4167 
3 3985 4134 4079 
3 4135 4134 3985 
3 4136 3985 3986 
3 4135 3985 4136 
3 4140 4075 4134 
3 4135 4140 4134 
3 3986 4137 4136 
3 4138 4135 4136 
3 4137 4138 4136 
3 4016 4175 4137 
3 4175 4138 4137 
3 4140 4135 4139 
3 4138 4139 4135 
3 4139 4138 4144 
3 4076 4075 4140 
3 4141 4076 4140 
3 4141 4140 4142 
3 4144 4142 4139 
3 4139 4142 4140 
3 4142 4144 4143 
3 4133 4142 4143 
3 4121 4146 4006 
3 4006 4146 4145 
3 4147 4149 4146 
3 4146 4149 4148 
3 4158 4149 4147 
3 4148 4145 4146 
3 4157 4149 4170 
3 4149 4157 4148 
3 4145 4151 4010 
3 4150 4010 4151 
3 4151 4153 4150 
3 4153 4152 4150 
3 4164 4165 4155 
3 4155 4144 4176 
3 4165 4144 4155 
3 4145 4148 4154 
3 4145 4154 4151 
3 4154 4148 4156 
3 4155 4154 4156 
3 4156 4164 4155 
3 4156 4148 4157 
3 4153 4155 4176 
3 4153 4151 4154 
3 4155 4153 4154 
3 4131 4158 4147 
3 4130 4158 4131 
3 4149 4158 4159 
3 4159 4170 4149 
3 4130 4159 4158 
3 4160 4170 4159 
3 4160 4159 4161 
3 4159 4171 4161 
3 4160 4161 4166 
3 4163 4130 4162 
3 4127 4132 4130 
3 4162 4130 4132 
3 4130 4163 4159 
3 4171 4159 4163 
3 4169 4166 4161 
3 4164 4168 4165 
3 4168 4167 4165 
3 4144 4165 4143 
3 4165 4167 4143 
3 4166 4164 4156 
3 4166 4156 4160 
3 4164 4166 4168 
3 4183 4167 4168 
3 4168 4166 4169 
3 4194 4168 4169 
3 4194 4169 4195 
3 4170 4160 4157 
3 4162 4173 4163 
3 4163 4173 4171 
3 4162 4172 4173 
3 4173 4174 4171 
3 4171 4174 4161 
3 4161 4174 4169 
3 4199 4174 4173 
3 4160 4156 4157 
3 4152 4176 4175 
3 4176 4138 4175 
3 4153 4176 4152 
3 4144 4138 4176 
3 4085 4177 4178 
3 4181 4178 4179 
3 4083 4085 4180 
3 4181 4085 4178 
3 4181 4180 4085 
3 4189 4181 4179 
3 4133 4182 4179 
3 4179 4182 4184 
3 4182 4167 4183 
3 4184 4182 4185 
3 4185 4182 4183 
3 4184 4189 4179 
3 4180 4186 4083 
3 4186 4180 4187 
3 4188 4865 4186 
3 4188 4186 4187 
3 4188 4187 4191 
3 4180 4181 4189 
3 4180 4189 4190 
3 4187 4180 4190 
3 4191 4187 4190 
3 4189 4184 4192 
3 4190 4189 4192 
3 4184 4185 4192 
3 4192 4185 4197 
3 4192 4197 4209 
3 4191 4190 4193 
3 4190 4192 4193 
3 4209 4193 4192 
3 4168 4194 4183 
3 4185 4183 4197 
3 4183 4194 4197 
3 4197 4194 4196 
3 4194 4195 4196 
3 4197 4196 4204 
3 4169 4198 4195 
3 4174 4198 4169 
3 4198 4174 4199 
3 4199 4202 4198 
3 4202 4205 4198 
3 4172 4106 4173 
3 4173 4106 4199 
3 4200 4199 4106 
3 4200 4202 4199 
3 6477 4202 4200 
3 4195 4203 4196 
3 4195 4198 4203 
3 4198 4205 4203 
3 4196 4203 4204 
3 4202 6477 4205 
3 4203 4205 4206 
3 4207 4968 4209 
3 4207 4204 4208 
3 4197 4204 4209 
3 4209 4204 4207 
3 4204 4210 4208 
3 6479 4212 4211 
3 4206 4210 4203 
3 4206 4211 4210 
3 4211 4212 4210 
3 4201 4211 4206 
3 4208 4210 4976 
3 4973 4208 4976 
3 4212 4979 4976 
3 4979 4212 4213 
3 6663 4979 4213 
3 4976 4210 4212 
3 4203 4210 4204 
3 2400 4214 2401 
3 4217 2401 4214 
3 4220 2401 4215 
3 4215 2401 4217 
3 4216 4217 4214 
3 4216 4223 4217 
3 4223 4215 4217 
3 4216 4225 4223 
3 4218 4219 2403 
3 4218 2401 4220 
3 4219 4218 4220 
3 4220 4215 4221 
3 4215 4223 4221 
3 4219 4220 4221 
3 4221 4223 4227 
3 2404 2403 4219 
3 4219 4221 2404 
3 4222 4221 4227 
3 4224 4225 4226 
3 4224 4223 4225 
3 4227 4223 4224 
3 4228 4224 4232 
3 4224 4226 4232 
3 4227 4224 4228 
3 4225 4229 4226 
3 4229 4230 4226 
3 4226 4230 4232 
3 2750 4231 4229 
3 4230 4229 4231 
3 2751 4231 2750 
3 4228 4232 4247 
3 4232 4230 4247 
3 4234 4230 4231 
3 4247 4230 4234 
3 4233 4231 2751 
3 4231 4233 4234 
3 4234 4233 4235 
3 4234 4235 4236 
3 4233 2754 4235 
3 2754 2821 4259 
3 4235 2754 4259 
3 4235 4259 4236 
3 4238 2407 4237 
3 2404 4221 4222 
3 4237 2404 4222 
3 4237 4222 4238 
3 4238 4222 4240 
3 4238 4240 4241 
3 2409 2407 4239 
3 4239 2407 4238 
3 4222 4227 4240 
3 4227 4228 4240 
3 4240 4228 4242 
3 4241 4240 4242 
3 4239 4238 4243 
3 4238 4241 4243 
3 4249 4243 4241 
3 4244 1855 2409 
3 4244 2409 4239 
3 4244 4239 4245 
3 4244 4298 1855 
3 4298 4244 4299 
3 4239 4243 4245 
3 4244 4245 4246 
3 4243 4249 4245 
3 4299 4244 4246 
3 4255 4246 4245 
3 4242 4228 4247 
3 4247 4234 4248 
3 4242 4247 4248 
3 4241 4242 4249 
3 4249 4242 4250 
3 4242 4248 4250 
3 4248 4234 4251 
3 4251 4234 4236 
3 4251 4236 4253 
3 4236 4259 4252 
3 4236 4252 4253 
3 4248 4251 4250 
3 4251 4253 4250 
3 4245 4249 4254 
3 4254 4249 4258 
3 4249 4250 4258 
3 4245 4254 4255 
3 4254 4258 4256 
3 4255 4254 4256 
3 4258 4250 4257 
3 4253 4257 4250 
3 4258 4257 4308 
3 4271 2821 2822 
3 4260 2822 4262 
3 4259 2821 4271 
3 4260 4271 2822 
3 4262 4261 4263 
3 4260 4262 4263 
3 4261 4264 4263 
3 4261 4265 4264 
3 4265 2836 4266 
3 2836 2837 4266 
3 4264 4265 4266 
3 4264 4266 4285 
3 4266 4268 4285 
3 4266 2837 4268 
3 4268 2837 4269 
3 4268 4269 4286 
3 4286 4269 4267 
3 4286 4267 4270 
3 4259 4271 4252 
3 4253 4252 4272 
3 4272 4252 4273 
3 4272 4273 4275 
3 4271 4260 4273 
3 4252 4271 4273 
3 4273 4260 4276 
3 4260 4263 4276 
3 4253 4272 4274 
3 4274 4272 4279 
3 4279 4272 4275 
3 4273 4276 4275 
3 4263 4264 4276 
3 4276 4264 4282 
3 4275 4276 4277 
3 4276 4282 4277 
3 4277 4282 4290 
3 4274 4278 4257 
3 4257 4253 4274 
3 4279 4278 4274 
3 4278 4279 4280 
3 4308 4257 4278 
3 4308 4278 4339 
3 4339 4278 4280 
3 4277 4279 4275 
3 4277 4280 4279 
3 4281 4280 4277 
3 4281 4277 4292 
3 4282 4264 4285 
3 4285 4283 4282 
3 4284 4285 4268 
3 4283 4285 4284 
3 4283 4290 4282 
3 4283 4284 4291 
3 4284 4268 4286 
3 4284 4286 4288 
3 4286 4270 4287 
3 4288 4286 4287 
3 4288 4287 6487 
3 4291 4284 4288 
3 4295 4288 6487 
3 4296 4288 4295 
3 4292 4277 4290 
3 4290 4283 4289 
3 4283 4291 4289 
3 4290 4289 4292 
3 4292 4289 4350 
3 4293 4289 4291 
3 4289 4293 4350 
3 4350 4293 4294 
3 4291 4288 4296 
3 4291 4296 4297 
3 4296 4295 6493 
3 4293 4291 4297 
3 4294 4293 4297 
3 4294 4297 4355 
3 4297 4296 6493 
3 4297 6493 4356 
3 4355 4297 4356 
3 4299 4302 4298 
3 4302 2915 4298 
3 4302 4299 4300 
3 4299 4246 4300 
3 4300 4246 4255 
3 4303 2919 4302 
3 4300 4303 4302 
3 4255 4301 4300 
3 2916 4303 4304 
3 4300 4301 4303 
3 4305 2916 4304 
3 4305 4304 4313 
3 4255 4256 4301 
3 4301 4256 4307 
3 4307 4256 4306 
3 4307 4306 4312 
3 4306 4256 4258 
3 4308 4306 4258 
3 4306 4308 4309 
3 4312 4306 4310 
3 4306 4309 4310 
3 4310 4341 4315 
3 4310 4309 4341 
3 4311 4303 4301 
3 4311 4301 4307 
3 4303 4311 4304 
3 4313 4304 4311 
3 4311 4307 4314 
3 4307 4312 4314 
3 4313 4311 4314 
3 4310 4315 4312 
3 4312 4315 4316 
3 4315 4341 4316 
3 4316 4341 4317 
3 4314 4312 4316 
3 4314 4316 4326 
3 4324 4314 4326 
3 4326 4316 4318 
3 4316 4317 4318 
3 2952 4305 2953 
3 4305 4319 2953 
3 4319 4305 4313 
3 2963 2961 4320 
3 2963 4320 4390 
3 4320 2961 4331 
3 4390 4320 4321 
3 4313 4323 4319 
3 4323 4313 4314 
3 4319 4322 2953 
3 4319 4323 4325 
3 4319 4325 4322 
3 4325 4323 4324 
3 4325 2977 4322 
3 4323 4314 4324 
3 4324 4326 4327 
3 4325 4324 4327 
3 4328 4325 4327 
3 4327 4326 4329 
3 4330 2977 4325 
3 4330 4325 4328 
3 2978 2977 4330 
3 4320 4331 4332 
3 4321 4320 4332 
3 4330 4331 2978 
3 4331 4330 4333 
3 4332 4333 4334 
3 4332 4331 4333 
3 4332 4334 4391 
3 4333 4330 4328 
3 4327 4329 4335 
3 4328 4327 4335 
3 4328 4335 4337 
3 4336 4333 4328 
3 4403 4334 4336 
3 4334 4333 4336 
3 4336 4328 4337 
3 4336 4337 4338 
3 4309 4308 4339 
3 4309 4339 4340 
3 4339 4280 4340 
3 4309 4340 4342 
3 4341 4309 4342 
3 4340 4280 4281 
3 4281 4292 4350 
3 4340 4281 4343 
3 4343 4281 4351 
3 4281 4350 4351 
3 4340 4343 4342 
3 4347 4343 4351 
3 4341 4342 4344 
3 4344 4342 4345 
3 4317 4341 4344 
3 4318 4317 4346 
3 4346 4317 4344 
3 4345 4342 4343 
3 4345 4343 4347 
3 4347 4351 4348 
3 4345 4347 4348 
3 4345 4348 4360 
3 4349 4345 4360 
3 4351 4350 4352 
3 4351 4352 4353 
3 4348 4351 4353 
3 4352 4359 4353 
3 4350 4294 4354 
3 4352 4350 4354 
3 4294 4355 4354 
3 4357 4355 4356 
3 4354 4355 4357 
3 4352 4354 4359 
3 4354 4357 4358 
3 4359 4354 4358 
3 4353 4359 4362 
3 4348 4353 4361 
3 4360 4348 4361 
3 4360 4361 4371 
3 4362 4374 4361 
3 4371 4361 4374 
3 4359 4358 4363 
3 4362 4359 4363 
3 4361 4353 4362 
3 4362 4363 4378 
3 4326 4318 4329 
3 4318 4346 4329 
3 4346 4344 4365 
3 4344 4345 4365 
3 4329 4346 4364 
3 4365 4364 4346 
3 4365 4345 4349 
3 4365 4349 4369 
3 4349 4360 4372 
3 4349 4366 4369 
3 4365 4369 4364 
3 4366 4349 4372 
3 4335 4329 4367 
3 4329 4364 4367 
3 4337 4335 4367 
3 4367 4364 4368 
3 4338 4337 4439 
3 4337 4367 4439 
3 4367 4368 4439 
3 4369 4368 4364 
3 4368 4369 4370 
3 4370 4369 4366 
3 4370 4366 4380 
3 4439 4368 4440 
3 4368 4370 4440 
3 4440 4370 4382 
3 4372 4360 4371 
3 4372 4371 4376 
3 4376 4371 4374 
3 4376 4374 4377 
3 4380 4375 4381 
3 4366 4372 4380 
3 4376 4375 4380 
3 4376 4380 4372 
3 4376 4377 4373 
3 4376 4373 4375 
3 4374 4362 4377 
3 4377 4362 4378 
3 4373 4377 4378 
3 4375 4373 4379 
3 4379 4373 4385 
3 4373 4378 6544 
3 4370 4380 4381 
3 4381 4375 4379 
3 4384 4381 4379 
3 4382 4370 4381 
3 4381 4384 4456 
3 4382 4381 4383 
3 4381 4456 4383 
3 4379 4385 4384 
3 4385 4373 6544 
3 4384 4385 4386 
3 4456 4384 4386 
3 4388 2963 4390 
3 3069 2963 4388 
3 3069 4387 3070 
3 2155 3070 4387 
3 3069 4388 4387 
3 4387 4388 4389 
3 4387 2413 2410 
3 4387 4389 2413 
3 4388 4392 4389 
3 4389 4392 4393 
3 4388 4390 4392 
3 4391 4390 4321 
3 4392 4390 4391 
3 4394 4393 4392 
3 4392 4391 4394 
3 2413 4389 2418 
3 4396 4393 4394 
3 4395 2418 4389 
3 4395 2420 2418 
3 2420 4395 4397 
3 4398 4397 4395 
3 4389 4393 4395 
3 4396 4395 4393 
3 4398 4395 4396 
3 4421 2423 2424 
3 4398 4396 4399 
3 4397 4398 2424 
3 4421 2424 4400 
3 2424 4398 4401 
3 4398 4399 4401 
3 4400 2424 4401 
3 4409 4396 4394 
3 4409 4399 4396 
3 4410 4401 4399 
3 4321 4332 4391 
3 4402 4391 4334 
3 4391 4402 4394 
3 4334 4403 4402 
3 4403 4336 4404 
3 4404 4336 4338 
3 4394 4402 4409 
3 4409 4403 4405 
3 4409 4402 4403 
3 4406 4404 4338 
3 4403 4406 4405 
3 4403 4404 4406 
3 4406 4338 4407 
3 4408 4406 4407 
3 4409 4405 4410 
3 4399 4409 4410 
3 4429 4401 4411 
3 4401 4410 4411 
3 4410 4405 4408 
3 4405 4406 4408 
3 4410 4408 4412 
3 4412 4408 4415 
3 4411 4410 4412 
3 4411 4412 4413 
3 4413 4412 4414 
3 4414 4412 4415 
3 4417 2433 4416 
3 2431 4419 2434 
3 2434 4419 2435 
3 4418 2431 2433 
3 4419 2431 4418 
3 2433 4417 4418 
3 4417 4424 4418 
3 4420 4418 4424 
3 4418 4420 4419 
3 4419 4420 4522 
3 4420 4523 4522 
3 4428 4523 4420 
3 4416 2422 4417 
3 2422 2423 4421 
3 4422 2422 4421 
3 4417 2422 4422 
3 4421 4423 4422 
3 4422 4423 4425 
3 4423 4421 4400 
3 4400 4401 4429 
3 4429 4430 4400 
3 4423 4400 4430 
3 4427 4423 4430 
3 4424 4417 4422 
3 4425 4424 4422 
3 4424 4428 4420 
3 4428 4424 4425 
3 4536 4428 4425 
3 4430 4426 4427 
3 4423 4427 4425 
3 4427 4536 4425 
3 4536 4427 4435 
3 4429 4411 4432 
3 4430 4429 4432 
3 4426 4430 4432 
3 4413 4414 4431 
3 4411 4413 4431 
3 4431 4414 4433 
3 4434 4431 4433 
3 4432 4411 4431 
3 4432 4431 4434 
3 4426 4435 4427 
3 4538 4536 4435 
3 4437 4426 4432 
3 4426 4437 4435 
3 4437 4538 4435 
3 4538 4437 4539 
3 4437 4432 4436 
3 4436 4432 4434 
3 4438 4437 4436 
3 4437 4438 4539 
3 4445 4439 4443 
3 4443 4439 4440 
3 4440 4382 4441 
3 4443 4440 4441 
3 4338 4439 4407 
3 4407 4439 4445 
3 4408 4407 4442 
3 4407 4445 4442 
3 4442 4445 4446 
3 4443 4441 4444 
3 4445 4443 4447 
3 4445 4447 4446 
3 4443 4444 4447 
3 4415 4408 4448 
3 4408 4442 4448 
3 4448 4442 4452 
3 4442 4446 4452 
3 4414 4415 4449 
3 4415 4448 4449 
3 4449 4448 4480 
3 4480 4448 4452 
3 4452 4446 4451 
3 4446 4447 4450 
3 4446 4450 4451 
3 4452 4451 4484 
3 4453 4451 4450 
3 4484 4451 4453 
3 4441 4382 4454 
3 4382 4383 4454 
3 4454 4383 4455 
3 4383 4456 4455 
3 3132 3130 3129 
3 3130 3132 6579 
3 3130 6579 6575 
3 3132 6580 6579 
3 4455 4456 4457 
3 4456 4386 4457 
3 4455 4457 4467 
3 4457 6587 4467 
3 4466 4455 4467 
3 3135 4458 3132 
3 6580 3132 4458 
3 4459 6580 4458 
3 3136 4460 3135 
3 3135 4460 4458 
3 3153 4460 3136 
3 4460 3153 4490 
3 4490 4461 4460 
3 4460 4461 4458 
3 4461 4459 4458 
3 4462 4459 4461 
3 4467 6587 4474 
3 6587 6589 4474 
3 4464 4463 6589 
3 4447 4444 4465 
3 4465 4444 4468 
3 4444 4466 4468 
3 4444 4441 4454 
3 4444 4454 4466 
3 4454 4455 4466 
3 4468 4466 4471 
3 4466 4467 4471 
3 4450 4447 4465 
3 4450 4465 4469 
3 4472 4465 4468 
3 4469 4465 4472 
3 4453 4450 4470 
3 4450 4469 4470 
3 4470 4469 4475 
3 4470 4475 4477 
3 4468 4471 4472 
3 4469 4472 4473 
3 4471 4467 4474 
3 4471 4474 4472 
3 4474 4463 4473 
3 4474 4473 4472 
3 4463 4474 6589 
3 4469 4473 4475 
3 4463 4475 4473 
3 4463 4476 4475 
3 4475 4476 4477 
3 4477 4476 4478 
3 4463 4479 4476 
3 4476 4479 4478 
3 4464 4479 4463 
3 4414 4449 4433 
3 4433 4449 4482 
3 4482 4449 4480 
3 4480 4452 4484 
3 4482 4480 4483 
3 4480 4484 4483 
3 4433 4482 4434 
3 4434 4482 4481 
3 4481 4482 4483 
3 4485 4484 4453 
3 4483 4484 4486 
3 4487 4483 4486 
3 4486 4484 4485 
3 4486 4485 4506 
3 4436 4434 4481 
3 4487 4481 4483 
3 4436 4481 4569 
3 4481 4487 4569 
3 4438 4436 4569 
3 4569 4487 4568 
3 4487 4486 4489 
3 4486 4506 4489 
3 4568 4487 4488 
3 4487 4489 4488 
3 3153 4491 4490 
3 4461 4490 4492 
3 4462 4461 4492 
3 4462 4492 4494 
3 4495 4494 4492 
3 4493 4492 4490 
3 6595 4492 4493 
3 3155 4491 3153 
3 3166 4491 3155 
3 6593 4491 3166 
3 4493 4490 4491 
3 4464 4494 4495 
3 4495 4492 6595 
3 6595 4496 4495 
3 3168 6599 3167 
3 4470 4477 4497 
3 4453 4470 4497 
3 4497 4485 4453 
3 4498 4497 4477 
3 4477 4500 4498 
3 4485 4497 4498 
3 4506 4485 4507 
3 4485 4498 4507 
3 4507 4498 4499 
3 4477 4478 4500 
3 4501 4479 4464 
3 4501 4478 4479 
3 4495 4501 4464 
3 4496 4501 4495 
3 4503 4478 4501 
3 4496 4503 4501 
3 4478 4503 4500 
3 4499 4500 4502 
3 4512 4499 4502 
3 4496 4505 4503 
3 4502 4500 4503 
3 4502 4503 4504 
3 4504 4503 4505 
3 4498 4500 4499 
3 4507 4499 4512 
3 4506 4507 4508 
3 4507 4512 4510 
3 4508 4507 4510 
3 4489 4506 4509 
3 4508 4509 4506 
3 4488 4489 4509 
3 4508 4510 4518 
3 4509 4508 4511 
3 4508 4518 4511 
3 4582 4509 4511 
3 4513 4510 4512 
3 4513 4512 4502 
3 4510 4513 4514 
3 4514 4513 4516 
3 4513 4515 4516 
3 4502 4504 4513 
3 4513 4504 4515 
3 4504 4505 4515 
3 4518 4510 4514 
3 4514 4517 4518 
3 4514 4516 4517 
3 4511 4517 6640 
3 4511 4518 4517 
3 4522 2435 4419 
3 2435 3222 4519 
3 3222 2435 4522 
3 4520 3222 4522 
3 4525 4520 4522 
3 3226 3222 4520 
3 4520 4525 4521 
3 3226 4520 4521 
3 4522 4523 4525 
3 4428 4532 4523 
3 4523 4526 4525 
3 4521 4525 4528 
3 4526 4528 4525 
3 4528 4526 4531 
3 4528 4531 4527 
3 4524 4526 4523 
3 4524 4533 4526 
3 4531 4526 4533 
3 4521 4529 3226 
3 4529 4521 4528 
3 4529 4527 4530 
3 4530 4527 4550 
3 4528 4527 4529 
3 4534 4527 4531 
3 4550 4527 4534 
3 4532 4428 4536 
3 4532 4524 4523 
3 4534 4531 4533 
3 4532 4535 4524 
3 4535 4532 4536 
3 4536 4537 4535 
3 4537 4536 4538 
3 4537 4538 4543 
3 4543 4538 4539 
3 4540 4543 4539 
3 4540 4539 4438 
3 4541 4533 4524 
3 4541 4524 4535 
3 4541 4535 4537 
3 4537 4544 4541 
3 4534 4533 4541 
3 4558 4534 4541 
3 4541 4546 4558 
3 4544 4546 4541 
3 4544 4537 4543 
3 4542 4558 4546 
3 4547 4544 4543 
3 4547 4543 4540 
3 4547 4540 4545 
3 4542 4546 4548 
3 4546 4544 4547 
3 4545 4549 4547 
3 4546 4547 4548 
3 4548 4547 4549 
3 4548 4549 4563 
3 3265 4529 4530 
3 3266 3265 4530 
3 3266 4530 4550 
3 3266 4550 4551 
3 3268 3266 4551 
3 4553 3268 4551 
3 4551 4550 4534 
3 4559 4551 4534 
3 4552 4553 4551 
3 4552 4554 4553 
3 4559 4552 4551 
3 4553 3280 3271 
3 3280 4553 4555 
3 4555 4553 4554 
3 3283 3280 4555 
3 4636 3283 4555 
3 4552 4556 4554 
3 4552 4565 4556 
3 4565 4557 4556 
3 4555 4554 4556 
3 4556 4636 4555 
3 4640 4636 4556 
3 4557 4640 4556 
3 4640 4557 4638 
3 4558 4559 4534 
3 4558 4560 4559 
3 4561 4559 4560 
3 4558 4542 4560 
3 4559 4565 4552 
3 4565 4559 4561 
3 4561 4560 4562 
3 4562 4560 4542 
3 4565 4561 4562 
3 4562 4566 4565 
3 4562 4564 4566 
3 4566 4564 4567 
3 4542 4548 4562 
3 4548 4564 4562 
3 4548 4563 4564 
3 4557 4565 4566 
3 4638 4566 4567 
3 4638 4557 4566 
3 4567 4648 4638 
3 4540 4438 4570 
3 4438 4569 4570 
3 4569 4568 4571 
3 4570 4569 4571 
3 4573 4570 4571 
3 4568 4488 4572 
3 4572 4488 4581 
3 4571 4568 4572 
3 4572 4583 4575 
3 4540 4570 4545 
3 4545 4570 4573 
3 4573 4576 4574 
3 4599 4549 4574 
3 4549 4573 4574 
3 4563 4549 4599 
3 4573 4549 4545 
3 4573 4571 4576 
3 4576 4571 4575 
3 4571 4572 4575 
3 4575 4591 4576 
3 4600 4574 4604 
3 4574 4576 4604 
3 4604 4576 4591 
3 4578 4577 4617 
3 4579 4578 4617 
3 4597 6632 6630 
3 4622 4595 4580 
3 4617 4580 4579 
3 4579 4580 6630 
3 6630 4580 4597 
3 4580 4595 4597 
3 4488 4509 4581 
3 4581 4509 4582 
3 4581 4582 4583 
3 4572 4581 4583 
3 4583 4582 4584 
3 4582 4586 4584 
3 4511 4585 4586 
3 6640 4585 4511 
3 4586 4587 4584 
3 4587 4586 4594 
3 4585 6617 4588 
3 4585 4588 4586 
3 4586 4588 4594 
3 4582 4511 4586 
3 4584 4587 4590 
3 4631 4590 4587 
3 4589 4583 4584 
3 4589 4591 4575 
3 4589 4575 4583 
3 4584 4590 4589 
3 4591 4589 4590 
3 4590 4630 4591 
3 4590 4631 4630 
3 4592 6632 4597 
3 6632 4592 4587 
3 6632 4587 4594 
3 4593 4594 4588 
3 6632 4594 4593 
3 4592 4595 4631 
3 4631 4587 4592 
3 4596 4631 4595 
3 4595 4592 4597 
3 4567 4564 4606 
3 4564 4598 4606 
3 4606 4598 4601 
3 4599 4598 4563 
3 4598 4599 4601 
3 4599 4574 4600 
3 4599 4600 4601 
3 4564 4563 4598 
3 4602 4607 4601 
3 4607 4602 4603 
3 4602 4605 4603 
3 4607 4603 4608 
3 4600 4602 4601 
3 4602 4604 4605 
3 4604 4602 4600 
3 4604 4591 4605 
3 4606 4601 4607 
3 4606 4648 4567 
3 4648 4606 4658 
3 4607 4658 4606 
3 4608 4609 4607 
3 4609 4661 4658 
3 4658 4607 4609 
3 4608 4629 4609 
3 4629 4661 4609 
3 3365 4612 3364 
3 3364 4612 4610 
3 4611 4610 4612 
3 3364 4618 3375 
3 4610 4618 3364 
3 4610 4611 4618 
3 4614 4611 4612 
3 4612 3365 3385 
3 4612 3385 4613 
3 4623 4613 3385 
3 4614 4612 4613 
3 4621 4616 4633 
3 4614 4613 4624 
3 4614 4624 4620 
3 4624 4625 4620 
3 4625 4621 4620 
3 4625 4616 4621 
3 4615 4616 4625 
3 3375 4618 4577 
3 4617 4577 4618 
3 4619 4577 6642 
3 3375 4577 4619 
3 4580 4617 4618 
3 4611 4620 4618 
3 4620 4580 4618 
3 4620 4621 4580 
3 4611 4614 4620 
3 4621 4622 4580 
3 4621 4633 4622 
3 3386 4623 3385 
3 4613 4623 4624 
3 4671 4624 4623 
3 3346 4671 3386 
3 4671 4623 3386 
3 4624 4671 4626 
3 4615 4626 4628 
3 4626 4625 4624 
3 4626 4615 4625 
3 4627 4626 4671 
3 4627 4628 4626 
3 4628 4627 4629 
3 4630 4634 4605 
3 4616 4634 4632 
3 4634 4630 4632 
3 4633 4632 4631 
3 4633 4631 4596 
3 4616 4632 4633 
3 4632 4630 4631 
3 4634 4603 4605 
3 4615 4603 4634 
3 4608 4603 4615 
3 4615 4634 4616 
3 4605 4591 4630 
3 4622 4596 4595 
3 4633 4596 4622 
3 4615 4628 4608 
3 4629 4608 4628 
3 4635 3283 4636 
3 3574 4635 4642 
3 4635 4636 4637 
3 4642 4635 4637 
3 4643 4642 4637 
3 4637 4644 4643 
3 4637 4636 4640 
3 4639 4640 4638 
3 4638 4648 4639 
3 4637 4640 4644 
3 4640 4639 4644 
3 4644 4639 4647 
3 4639 4641 4647 
3 4639 4656 4641 
3 4656 4639 4648 
3 4644 4645 4643 
3 3585 4642 4643 
3 4643 4649 3585 
3 4643 4645 4649 
3 4649 4645 4650 
3 4650 4645 4646 
3 4645 4644 4647 
3 4641 4664 4647 
3 4664 4645 4647 
3 4646 4645 4664 
3 3623 4649 4650 
3 4651 3623 4650 
3 4650 4646 4651 
3 4651 4680 3623 
3 3623 4680 4652 
3 4652 4680 4654 
3 4653 4652 4654 
3 4693 3630 4653 
3 4653 4654 4693 
3 4656 4648 4669 
3 4656 4655 4641 
3 4669 4657 4656 
3 4655 4656 4657 
3 4659 4669 4658 
3 4659 4658 4661 
3 4661 4629 4659 
3 4660 4659 4629 
3 4659 4666 4657 
3 4666 4659 4662 
3 4657 4669 4659 
3 4659 4674 4662 
3 4659 4660 4674 
3 4646 4665 4679 
3 4679 4665 4681 
3 4665 4663 4681 
3 4664 4641 4655 
3 4664 4655 4665 
3 4655 4657 4665 
3 4665 4657 4666 
3 4665 4646 4664 
3 4665 4666 4663 
3 4662 4667 4663 
3 4667 4668 4663 
3 4675 4667 4662 
3 4667 4675 4668 
3 4682 4663 4668 
3 4681 4663 4682 
3 4675 4677 4668 
3 4682 4668 4691 
3 4668 4677 4691 
3 4663 4666 4662 
3 4648 4658 4669 
3 3346 3674 4671 
3 3674 4670 4671 
3 4670 4660 4671 
3 4673 4660 4670 
3 3676 4672 3674 
3 4672 4670 3674 
3 4673 4670 4672 
3 3678 4672 3676 
3 4675 4673 4672 
3 4662 4674 4675 
3 4675 4674 4673 
3 4627 4671 4660 
3 4660 4629 4627 
3 4660 4673 4674 
3 4676 4672 3678 
3 4676 4675 4672 
3 3679 4676 3678 
3 4677 4675 4676 
3 4678 4676 3679 
3 4676 4678 4677 
3 4679 4651 4646 
3 4651 4679 4680 
3 4680 4679 4685 
3 4685 4679 4681 
3 4682 4691 4684 
3 4682 4683 4685 
3 4683 4682 4684 
3 4685 4681 4682 
3 4686 4654 4680 
3 4686 4680 4685 
3 4654 4686 4687 
3 4687 4686 4688 
3 4687 4688 4689 
3 4685 4683 4686 
3 4683 4688 4686 
3 4683 4684 4688 
3 3748 4688 4684 
3 4689 4688 4690 
3 4690 4688 3748 
3 3748 3749 4690 
3 4678 4691 4677 
3 3734 4691 4678 
3 4691 3734 4684 
3 3734 4692 4684 
3 3748 4684 4692 
3 3852 4693 3928 
3 4693 4654 4687 
3 4693 4687 4694 
3 4693 4694 3928 
3 4687 4689 4694 
3 4698 4694 4689 
3 3928 4694 4695 
3 4695 4694 4699 
3 4694 4698 4699 
3 3929 4695 4699 
3 4698 4689 4690 
3 4698 4690 4696 
3 4696 4697 4698 
3 4698 4697 4699 
3 4699 4697 4700 
3 4700 3929 4699 
3 4690 3749 4696 
3 4697 4696 4701 
3 4697 4701 4703 
3 4700 4703 3956 
3 4703 4700 4697 
3 4703 4702 3956 
3 4703 4701 4702 
3 4704 4702 4701 
3 4704 4705 4702 
3 4704 3950 4705 
3 3950 6439 4705 
3 3956 4702 4705 
3 3951 3956 4705 
3 3951 4705 6648 
3 3958 3956 3951 
3 4708 4706 1460 
3 4709 4706 4708 
3 4736 1463 4800 
3 4708 4736 4709 
3 4708 1463 4736 
3 1480 1468 4707 
3 4710 1480 4707 
3 1483 1480 4710 
3 4710 4711 1483 
3 1483 4714 4713 
3 4711 4714 1483 
3 1486 4714 4712 
3 1487 4714 1486 
3 4714 1487 4713 
3 4712 4714 4711 
3 4706 4716 4707 
3 4709 4716 4706 
3 4716 4710 4707 
3 4716 4711 4710 
3 4810 4711 4716 
3 4717 4810 4716 
3 4716 4709 4717 
3 4712 4711 4715 
3 4711 4810 4715 
3 4718 4715 4810 
3 4811 4718 4810 
3 4731 4718 4719 
3 4811 4719 4718 
3 4721 1486 4720 
3 1486 4712 4720 
3 4722 4721 4720 
3 4712 4725 4720 
3 4725 4722 4720 
3 4721 4722 1499 
3 4722 1500 1499 
3 1500 4722 4723 
3 4723 4722 4724 
3 4725 4712 4715 
3 4725 4726 4722 
3 4722 4726 4724 
3 4727 1502 4723 
3 4723 4724 4727 
3 4730 4726 4725 
3 4724 4726 4822 
3 4727 4728 4807 
3 4728 4727 4729 
3 4729 4727 4724 
3 4822 4726 4823 
3 4729 4724 4822 
3 4725 4715 4718 
3 4725 4718 4730 
3 4730 4718 4731 
3 4731 4827 4730 
3 4726 4730 4823 
3 4024 4732 4026 
3 4732 4733 4026 
3 4734 4733 4732 
3 4734 4737 4733 
3 4733 4737 4735 
3 4759 4738 4758 
3 4758 4737 4734 
3 4737 4765 4766 
3 4738 4737 4758 
3 4738 4765 4737 
3 4741 4740 4759 
3 4739 4738 4740 
3 4738 4759 4740 
3 4740 4817 4739 
3 4738 4739 4768 
3 4738 4768 4765 
3 4817 4821 4739 
3 4739 4821 4768 
3 4746 4742 4743 
3 4024 4742 4732 
3 4746 4743 4747 
3 4744 4746 4747 
3 4732 4742 4745 
3 4745 4742 4753 
3 4753 4742 4746 
3 4746 4744 4753 
3 4041 4749 4748 
3 4735 4749 4733 
3 4750 4749 4735 
3 4751 4041 4748 
3 4041 4751 4756 
3 4734 4732 4745 
3 4753 4752 4745 
3 4752 4734 4745 
3 4752 4753 4754 
3 4755 4744 4757 
3 4753 4744 4754 
3 4754 4744 4755 
3 4766 4735 4737 
3 4761 4754 4755 
3 4757 4747 4756 
3 4744 4747 4757 
3 4757 4756 4783 
3 4757 4783 4784 
3 4784 4755 4757 
3 4752 4758 4734 
3 4760 4759 4758 
3 4758 4752 4760 
3 4752 4754 4761 
3 4752 4761 4760 
3 4760 4763 4759 
3 4760 4761 4763 
3 4759 4762 4741 
3 4762 4759 4763 
3 4762 4819 4741 
3 4763 4793 4762 
3 4793 4764 4762 
3 4767 4765 4768 
3 4780 4766 4765 
3 4780 4765 4767 
3 4768 4770 4767 
3 4821 4769 4768 
3 4768 4769 4770 
3 4769 4772 4770 
3 4767 4787 4780 
3 4787 4870 4771 
3 4770 4787 4767 
3 4772 4773 4770 
3 4770 4773 4870 
3 4770 4870 4787 
3 4749 4774 4748 
3 4750 4774 4749 
3 4774 4775 4751 
3 4748 4774 4751 
3 4751 4775 4776 
3 4774 4778 4775 
3 4776 4778 4777 
3 4776 4775 4778 
3 4774 4750 4778 
3 4766 4750 4735 
3 4761 4755 4784 
3 4750 4780 4778 
3 4778 4780 4779 
3 4766 4780 4750 
3 4751 4776 4756 
3 4756 4776 4783 
3 4781 4776 4777 
3 4050 4781 4777 
3 4781 4050 4789 
3 4776 4781 4783 
3 4782 4783 4781 
3 4789 4782 4781 
3 4784 4783 4785 
3 4783 4782 4785 
3 4786 4777 4778 
3 4778 4779 4786 
3 4786 4788 4053 
3 4053 4788 4876 
3 4779 4788 4786 
3 4780 4788 4779 
3 4788 4780 4787 
3 4876 4788 4771 
3 4787 4771 4788 
3 4786 4050 4777 
3 4050 4051 4789 
3 4088 4789 4051 
3 4789 4864 4782 
3 4782 4864 4791 
3 4790 4791 4864 
3 4792 4785 4782 
3 4782 4791 4792 
3 4792 4791 4796 
3 4784 4794 4761 
3 4793 4763 4761 
3 4761 4794 4793 
3 4794 4795 4793 
3 4795 4764 4793 
3 4794 4784 4785 
3 4795 4794 4785 
3 4855 4764 4795 
3 4795 4785 4797 
3 4785 4792 4797 
3 4796 4797 4792 
3 4798 4797 4796 
3 4799 4795 4797 
3 4797 4798 4799 
3 4800 4805 4802 
3 4736 4800 4802 
3 4717 4709 4801 
3 4736 4803 4801 
3 4709 4736 4801 
3 4802 4803 4736 
3 4803 4804 4801 
3 4803 4812 4804 
3 4812 4803 4802 
3 4805 4808 4802 
3 4805 4806 4808 
3 1492 4806 4805 
3 1492 4807 4806 
3 4806 4807 4728 
3 4809 4810 4717 
3 4801 4815 4717 
3 4809 4717 4815 
3 4801 4804 4815 
3 4815 4818 4809 
3 4820 4809 4818 
3 4809 4820 4837 
3 4810 4809 4811 
3 4837 4811 4809 
3 4802 4808 4812 
3 4804 4812 4816 
3 4813 4816 4812 
3 4806 4814 4808 
3 4806 4831 4814 
3 4814 4812 4808 
3 4812 4814 4813 
3 4814 4848 4813 
3 4831 4848 4814 
3 4817 4818 4816 
3 4818 4815 4816 
3 4816 4815 4804 
3 4819 4817 4740 
3 4818 4817 4819 
3 4741 4819 4740 
3 4819 4820 4818 
3 4820 4819 4836 
3 4821 4817 4816 
3 4729 4826 4728 
3 4826 4729 4822 
3 4728 4824 4806 
3 4826 4824 4728 
3 4823 4825 4822 
3 4826 4822 4825 
3 4826 4833 4824 
3 4826 4825 4980 
3 4826 4980 4833 
3 4823 4730 4828 
3 4730 4827 4828 
3 4719 4829 4731 
3 4829 4827 4731 
3 4835 4829 4719 
3 4828 4825 4823 
3 4828 4980 4825 
3 4828 4982 4980 
3 4827 4830 4828 
3 4830 4982 4828 
3 4827 4829 4834 
3 4830 4827 4834 
3 4806 4824 4831 
3 4824 4832 4831 
3 4831 4849 4848 
3 4832 4849 4831 
3 4833 4832 4824 
3 4832 4988 4849 
3 4834 4829 4841 
3 4811 4837 4835 
3 4719 4811 4835 
3 4820 4836 4837 
3 4762 4836 4819 
3 4762 4838 4836 
3 4839 4836 4838 
3 4838 4762 4764 
3 4835 4837 4840 
3 4837 4836 4839 
3 4856 4837 4839 
3 4856 4840 4837 
3 4829 4835 4841 
3 4835 4840 4841 
3 4860 4841 4840 
3 4841 4860 4862 
3 4834 4841 4862 
3 4842 4845 4772 
3 4813 4848 4842 
3 4842 4848 4843 
3 4845 4842 4843 
3 4848 4844 4843 
3 4848 4850 4844 
3 4816 4842 4821 
3 4821 4842 4769 
3 4842 4816 4813 
3 4842 4772 4769 
3 4843 4844 4845 
3 4845 4844 4847 
3 4845 4847 4846 
3 4844 4850 4847 
3 4850 4853 4847 
3 4772 4845 4773 
3 4773 4845 4846 
3 4849 4850 4848 
3 4849 4851 4850 
3 4988 4851 4849 
3 4851 4853 4850 
3 4852 4853 4851 
3 4852 4934 4853 
3 4852 5057 4934 
3 4854 4839 4838 
3 4838 4764 4854 
3 4855 4854 4764 
3 4839 4854 4856 
3 4856 4854 4857 
3 4857 4854 4855 
3 4795 4799 4855 
3 4799 4798 4859 
3 4857 4855 4858 
3 4855 4799 4858 
3 4858 4799 4859 
3 4840 4856 4860 
3 4861 4856 4857 
3 4861 4860 4856 
3 4862 4860 5013 
3 4860 4861 5013 
3 5014 5013 4861 
3 4861 5018 5014 
3 4861 4857 4858 
3 4861 4858 5018 
3 4858 4863 5018 
3 4863 4858 4859 
3 5071 5018 4863 
3 4865 4864 4088 
3 4088 4864 4789 
3 4864 4865 4866 
3 4864 4866 4790 
3 4867 4888 4873 
3 4867 4873 4868 
3 4897 4894 4868 
3 4894 4867 4868 
3 4880 4870 4869 
3 4870 4880 4771 
3 4869 4871 4880 
3 4880 4871 4882 
3 4880 4882 4881 
3 4925 4869 4773 
3 4869 4870 4773 
3 4871 4869 4874 
3 4874 4931 4904 
3 4906 4874 4904 
3 4873 4882 4872 
3 4873 4872 4868 
3 4872 4906 4868 
3 4868 4906 4911 
3 4871 4874 4872 
3 4872 4882 4871 
3 4906 4872 4874 
3 4876 4875 4877 
3 4876 4877 4053 
3 4875 4878 4877 
3 4881 4878 4875 
3 4883 4878 4881 
3 4879 4877 4878 
3 4887 4879 4878 
3 4883 4887 4878 
3 4875 4876 4880 
3 4880 4876 4771 
3 4880 4881 4875 
3 4883 4881 4882 
3 4886 4791 4790 
3 4796 4791 4886 
3 4885 4886 4790 
3 4884 4886 4885 
3 4970 4884 4885 
3 4887 4883 4888 
3 4887 4888 4098 
3 4879 4887 4097 
3 4098 4888 4867 
3 4109 4098 4867 
3 4888 4883 4873 
3 4873 4883 4882 
3 4796 4886 4884 
3 4796 4884 4889 
3 4798 4796 4889 
3 4889 4884 4890 
3 4798 4889 4940 
3 4940 4889 4890 
3 4891 4884 4970 
3 4892 4891 4970 
3 4890 4884 4891 
3 4890 4891 4943 
3 4893 4943 4891 
3 4893 4891 4892 
3 4894 4109 4867 
3 4894 4896 4109 
3 4109 4896 4895 
3 4897 4910 4898 
3 4894 4898 4896 
3 4898 4894 4897 
3 4896 4903 4895 
3 4895 4903 4900 
3 4916 4901 4900 
3 4903 4902 4900 
3 4900 4902 4916 
3 4914 4898 4910 
3 4903 4898 4914 
3 4903 4896 4898 
3 4903 4899 6653 
3 4899 4903 4914 
3 4903 6653 4902 
3 1521 4913 4908 
3 4913 4911 4908 
3 4913 4910 4911 
3 4906 4905 4911 
3 4904 4905 4906 
3 1521 4908 4907 
3 4908 4905 4909 
3 4908 4909 4907 
3 4905 4908 4911 
3 4910 4897 4868 
3 4868 4911 4910 
3 4912 4913 1521 
3 4899 4914 4912 
3 4914 4913 4912 
3 4912 4915 6650 
3 4912 1521 1522 
3 5286 4915 1522 
3 4915 4912 1522 
3 4899 4912 6650 
3 4914 4910 4913 
3 4900 4901 4895 
3 4917 4919 4918 
3 4917 6664 4919 
3 4892 4920 4921 
3 4922 4892 4921 
3 4892 4922 4893 
3 4922 4921 4923 
3 4921 4918 4919 
3 4921 4919 4923 
3 4952 4923 4954 
3 4923 4919 4924 
3 4954 4923 4924 
3 4926 4869 4925 
3 4925 4930 4926 
3 4928 4930 4925 
3 4869 4926 4874 
3 4846 4927 4925 
3 4846 4847 4927 
3 4925 4927 4928 
3 4927 4929 4928 
3 4927 4847 4932 
3 4932 4847 4853 
3 4927 4932 4929 
3 4930 4928 1527 
3 4846 4925 4773 
3 4931 4930 1530 
3 1529 4931 1530 
3 4926 4930 4931 
3 4874 4926 4931 
3 4931 1529 4904 
3 4853 4934 4932 
3 4932 4933 4929 
3 4933 4935 4929 
3 4929 4935 1528 
3 4932 4934 4933 
3 4933 4934 4938 
3 4934 4936 4938 
3 4935 4933 4938 
3 4935 4937 1528 
3 4935 4939 4937 
3 4935 4938 4939 
3 5061 4939 4938 
3 4937 4939 1549 
3 4859 4798 4941 
3 4798 4940 4941 
3 4859 4941 4947 
3 4942 4947 4941 
3 4947 4942 4946 
3 4942 4941 4940 
3 4940 4890 4943 
3 4943 4893 4945 
3 4944 4946 4942 
3 4942 4940 4944 
3 4940 4943 4944 
3 4944 4943 4945 
3 4944 4945 4950 
3 4863 4859 4947 
3 4948 4863 4947 
3 4948 5071 4863 
3 4948 4947 4946 
3 4948 4946 5074 
3 4946 4944 4949 
3 4949 4944 4950 
3 4946 4949 5074 
3 5074 4949 4951 
3 4945 4893 4952 
3 4952 4893 4922 
3 4952 4922 4923 
3 4950 4945 4953 
3 4945 4952 4953 
3 4953 4952 4955 
3 4952 4954 4955 
3 4955 4954 6699 
3 4953 4955 4957 
3 4955 6699 4957 
3 6699 4956 4957 
3 4950 4953 4958 
3 4953 4957 4958 
3 4951 4949 4958 
3 4951 4958 5098 
3 4958 4949 4950 
3 4958 4957 4959 
3 4959 4957 4956 
3 4956 4960 4959 
3 5098 4958 4961 
3 4958 4959 4961 
3 4961 4959 6709 
3 4865 4963 4866 
3 4790 4866 4963 
3 4865 4188 4963 
3 4963 4962 4790 
3 4963 4188 4964 
3 4964 4188 4191 
3 4962 4885 4790 
3 4964 4962 4963 
3 4965 4964 4191 
3 4191 4193 4965 
3 4964 4965 4966 
3 4964 4966 4962 
3 4962 4966 4969 
3 4966 4967 4969 
3 4965 4193 4968 
3 4193 4209 4968 
3 4966 4965 4968 
3 4966 4968 4967 
3 4969 4885 4962 
3 4970 4885 4969 
3 4971 4972 4969 
3 4971 4969 4967 
3 4970 4969 4972 
3 4892 4970 4972 
3 4967 4974 4971 
3 4207 4973 4968 
3 4967 4968 4973 
3 4967 4973 4974 
3 4974 4977 4978 
3 4977 4974 4973 
3 4208 4973 4207 
3 4971 4974 4975 
3 4972 4971 4975 
3 4972 4975 4920 
3 4974 4978 4975 
3 4975 4978 4918 
3 4920 4975 4918 
3 4977 4973 4976 
3 4977 4976 4979 
3 4977 4979 4978 
3 4917 4918 4978 
3 4917 4978 4979 
3 4892 4972 4920 
3 4921 4920 4918 
3 4833 4980 4981 
3 4833 4989 4832 
3 4832 4989 4988 
3 4989 4833 4981 
3 4981 4994 4989 
3 4982 4983 4980 
3 4983 4981 4980 
3 4984 4830 4834 
3 4982 4995 4983 
3 4830 4984 4995 
3 4830 4995 4982 
3 4981 4983 4994 
3 4994 4983 4995 
3 1559 1560 4985 
3 4986 4985 1560 
3 1560 4987 4986 
3 4834 5012 4984 
3 5012 4834 4862 
3 4988 4996 4851 
3 4851 4996 4852 
3 4989 4996 4988 
3 4994 4991 4989 
3 4994 4990 4991 
3 4991 4992 4989 
3 4992 4996 4989 
3 4991 4993 4992 
3 4984 5016 4995 
3 5007 4995 5016 
3 4996 4997 4852 
3 4852 4997 5057 
3 4992 4998 4996 
3 4998 4997 4996 
3 4992 4993 4998 
3 4990 5004 4991 
3 4991 5004 4993 
3 4987 5000 4986 
3 5000 4999 4986 
3 5000 5001 5002 
3 5004 4990 5003 
3 5002 5004 5003 
3 5000 5003 4999 
3 5000 5002 5003 
3 5006 4990 4994 
3 5006 4994 5005 
3 5005 4994 4995 
3 5005 4995 5007 
3 5006 5003 4990 
3 5008 5006 5005 
3 4999 5003 5006 
3 4999 5006 5008 
3 5008 5005 5007 
3 5008 5007 5022 
3 5052 5008 5022 
3 4998 5009 4997 
3 4993 5009 4998 
3 5009 4993 5004 
3 5002 5010 5011 
3 1561 5002 5001 
3 5010 5002 1561 
3 5011 5004 5002 
3 5009 5011 5065 
3 1591 5010 1561 
3 5011 5009 5004 
3 5013 5012 4862 
3 5015 5013 5014 
3 5016 4984 5012 
3 5017 5012 5013 
3 5016 5012 5017 
3 5017 5013 5015 
3 5019 5015 5014 
3 5014 5018 5019 
3 5020 5015 5019 
3 5019 5018 5071 
3 5021 5007 5016 
3 5021 5016 5017 
3 5017 5023 5021 
3 5015 5023 5017 
3 5007 5021 5022 
3 5021 5023 5024 
3 5015 5020 5023 
3 5023 5020 5024 
3 5078 5024 5020 
3 5022 5021 5024 
3 5055 5022 5024 
3 5052 5022 5055 
3 5078 5081 5024 
3 5055 5024 5081 
3 1520 1557 5025 
3 1565 1520 5026 
3 5026 1520 5025 
3 5030 5025 4985 
3 5025 1557 4985 
3 4985 1557 1559 
3 5025 5029 5026 
3 5027 5025 5030 
3 5027 5029 5025 
3 1565 5026 5032 
3 5026 5028 5032 
3 5028 5026 5029 
3 5029 5027 5037 
3 4985 4986 5031 
3 5032 5028 5034 
3 5028 5029 5033 
3 1574 5034 5035 
3 5034 5028 5036 
3 5028 5033 5036 
3 5034 5036 5035 
3 5037 5027 5030 
3 4985 5031 5030 
3 5030 5031 5038 
3 5038 5037 5030 
3 5033 5029 5037 
3 5037 5039 5033 
3 5000 4987 5001 
3 5035 5036 5043 
3 5031 4986 4999 
3 5031 4999 5038 
3 5037 5038 5039 
3 5008 5038 4999 
3 5052 5038 5008 
3 5052 5053 5040 
3 5052 5039 5038 
3 5040 5039 5052 
3 5041 5033 5039 
3 5033 5041 5036 
3 5036 5041 5042 
3 5041 5039 5040 
3 5042 5041 5040 
3 5042 5040 5053 
3 5050 5042 5053 
3 5056 5050 5053 
3 5043 1586 5035 
3 5044 5047 1586 
3 5043 5036 5042 
3 5048 5047 5044 
3 1586 5043 5044 
3 5044 5043 5045 
3 5044 5045 5046 
3 5046 5048 5044 
3 5047 5109 1590 
3 5109 5047 5048 
3 5109 5048 5110 
3 5046 5049 5048 
3 5110 5048 5049 
3 5141 5049 5046 
3 5043 5050 5045 
3 5043 5042 5050 
3 5045 5050 5051 
3 5051 5046 5045 
3 5051 5050 5056 
3 5141 5046 5051 
3 5054 5052 5055 
3 5052 5054 5053 
3 5056 5053 5054 
3 4934 5057 4936 
3 5057 5058 4936 
3 5060 5058 5057 
3 4997 5060 5057 
3 4936 5058 4938 
3 5058 5061 4938 
3 5058 5059 5061 
3 4997 5064 5060 
3 5060 5063 5058 
3 5063 5059 5058 
3 5064 5063 5060 
3 5061 5062 4939 
3 5061 5086 5062 
3 5061 5059 5086 
3 5063 5068 5059 
3 5059 5068 5086 
3 5068 5088 5086 
3 5009 5065 5064 
3 5064 5065 5066 
3 5064 4997 5009 
3 5064 5066 5063 
3 5065 5070 5066 
3 5065 5010 5067 
3 5010 5065 5011 
3 5070 5065 5067 
3 5066 5068 5063 
3 5068 5069 5088 
3 5066 5069 5068 
3 5069 5066 5070 
3 5070 1600 5069 
3 5020 5019 5072 
3 5071 4948 5073 
3 5073 4948 5074 
3 5019 5071 5072 
3 5071 5073 5072 
3 5072 5073 5077 
3 5079 5072 5077 
3 5073 5076 5077 
3 5073 5074 5076 
3 5074 5075 5076 
3 5074 4951 5075 
3 5079 5077 5076 
3 5076 5075 5099 
3 5020 5072 5078 
3 5078 5082 5083 
3 5078 5072 5079 
3 5082 5078 5079 
3 5078 5080 5081 
3 5080 5078 5083 
3 5117 5080 5083 
3 5079 5099 5082 
3 5082 5099 5100 
3 5084 5082 5100 
3 5083 5082 5084 
3 5083 5084 5121 
3 5117 5083 5121 
3 5099 5079 5076 
3 5084 5100 5102 
3 5084 5102 5104 
3 5121 5084 5104 
3 5086 5085 5062 
3 5086 5089 5085 
3 5088 5089 5086 
3 5085 5089 5087 
3 5089 5090 5087 
3 5088 5090 5089 
3 5087 5091 5085 
3 5087 5092 5091 
3 5087 6762 5092 
3 5087 5090 6762 
3 5088 5069 5093 
3 5093 5090 5088 
3 5093 5094 5090 
3 5090 5094 1594 
3 5090 1594 6762 
3 4951 5098 5075 
3 5075 5098 5095 
3 5099 5075 5095 
3 5097 5096 6781 
3 5098 4961 5097 
3 6709 5096 4961 
3 5097 4961 5096 
3 5095 5098 5097 
3 5099 5095 5100 
3 5100 5095 5101 
3 5102 5100 5103 
3 5100 5101 5103 
3 5104 5102 5105 
3 5102 5103 5105 
3 5101 5095 6781 
3 5101 6781 5106 
3 6781 5095 5097 
3 5108 5107 5105 
3 5108 6788 5107 
3 5101 5106 5103 
3 5103 5106 5105 
3 5108 5105 5106 
3 5111 1603 5109 
3 5109 5110 5111 
3 5049 5140 5110 
3 5141 5140 5049 
3 5056 5119 5051 
3 5113 5051 5119 
3 5114 5113 5125 
3 5149 5141 5051 
3 5051 5113 5150 
3 5149 5051 5150 
3 5114 5150 5113 
3 5125 5124 5114 
3 5115 5150 5114 
3 5114 5124 5115 
3 5116 5054 5055 
3 5054 5116 5119 
3 5116 5055 5081 
3 5116 5081 5117 
3 5081 5080 5117 
3 5116 5117 5118 
3 5056 5054 5119 
3 5119 5116 5122 
3 5116 5118 5122 
3 5122 5125 5119 
3 5118 5117 5121 
3 5120 5118 5121 
3 5122 5118 5120 
3 5122 5120 5123 
3 5125 5113 5119 
3 5125 5122 5124 
3 5122 5123 5124 
3 5124 5138 5126 
3 5127 5126 5138 
3 5115 5124 5126 
3 5128 5135 5130 
3 5128 5130 5129 
3 5121 5104 5131 
3 5131 5120 5121 
3 5131 5134 5120 
3 5105 5132 5104 
3 5132 5131 5104 
3 5132 5134 5131 
3 5133 5123 5120 
3 5120 5134 5133 
3 5136 5133 5134 
3 5107 5132 5105 
3 5107 5134 5132 
3 5134 5107 5136 
3 5107 6788 6815 
3 5136 6815 5137 
3 6815 5136 5107 
3 5133 5136 5135 
3 5133 5135 5139 
3 5135 5136 5137 
3 5124 5123 5138 
3 5123 5133 5138 
3 5138 5133 5139 
3 5138 5139 5127 
3 5127 5139 5128 
3 5128 5139 5135 
3 5142 5111 5110 
3 5142 5110 5140 
3 5111 5142 5112 
3 5142 5153 5112 
3 5142 5140 5143 
3 5140 5141 5143 
3 5141 5151 5143 
3 5153 5142 5145 
3 5144 5145 5143 
3 5145 5142 5143 
3 5145 5144 5148 
3 5144 5143 5146 
3 5143 5151 5146 
3 5144 5147 5148 
3 5146 5147 5144 
3 5153 5145 5155 
3 5145 5148 5155 
3 5159 5155 5147 
3 5155 5148 5147 
3 5151 5141 5149 
3 5159 5151 5149 
3 5159 5147 5146 
3 5159 5146 5151 
3 5112 5152 1607 
3 5112 5153 5152 
3 1608 1607 5152 
3 5152 5153 5156 
3 5155 5156 5153 
3 5155 5159 5163 
3 5156 5155 5163 
3 5156 5163 5169 
3 5158 5156 5169 
3 5154 5152 5157 
3 5152 5156 5157 
3 5157 5156 5170 
3 5156 5158 5170 
3 5150 5160 5149 
3 5115 5160 5150 
3 5159 5149 5160 
3 5163 5159 5160 
3 5160 5161 5163 
3 5160 5115 5162 
3 5165 5160 5162 
3 5161 5160 5165 
3 5169 5163 5164 
3 5161 5164 5163 
3 5164 5161 5166 
3 5165 5166 5161 
3 5166 5165 5193 
3 5167 5169 5164 
3 5169 5167 5168 
3 5168 5167 5173 
3 5171 5158 5169 
3 5171 5169 5168 
3 5171 5168 5174 
3 5158 5171 5170 
3 5172 5170 5171 
3 5174 5172 5171 
3 5164 5173 5167 
3 5168 5173 5175 
3 5174 5168 5175 
3 5164 5166 5173 
3 5166 5178 5173 
3 5193 5194 5166 
3 5178 5166 5177 
3 5177 5166 5194 
3 5175 5173 5178 
3 5174 5175 5179 
3 5174 5179 5172 
3 5179 5176 5172 
3 5203 5179 5178 
3 5178 5179 5175 
3 5203 5178 5177 
3 5187 5203 5177 
3 5154 5157 5181 
3 5157 5170 5180 
3 5157 5180 5181 
3 5115 5126 5162 
3 5162 5126 5182 
3 5126 5127 5182 
3 5128 5182 5127 
3 5165 5162 5184 
3 5193 5165 5184 
3 5162 5182 5184 
3 5184 5182 5183 
3 5180 1626 5181 
3 5181 1626 1625 
3 5182 5128 5129 
3 5170 5185 5180 
3 5185 5170 5172 
3 5172 5186 5185 
3 5186 5172 5176 
3 5190 5185 5186 
3 5185 5188 5180 
3 5180 5188 1626 
3 5188 6831 1626 
3 5188 5189 6831 
3 5191 5188 5185 
3 5188 5191 5189 
3 5185 5190 5191 
3 5190 6865 5191 
3 5184 5183 5193 
3 5183 5182 5129 
3 5183 5129 5198 
3 5193 5183 5198 
3 5198 5129 5192 
3 5198 5192 5199 
3 5194 5193 5197 
3 5177 5194 5187 
3 5187 5194 5196 
3 5195 5187 5196 
3 5196 5194 5201 
3 5197 5193 5198 
3 5197 5198 5200 
3 5198 5199 5200 
3 5201 5194 5197 
3 5200 5201 5197 
3 5201 5200 5202 
3 5176 5179 5204 
3 5204 5179 5203 
3 5206 5204 5203 
3 5207 5204 5206 
3 5204 5205 5176 
3 5187 5206 5203 
3 5207 5205 5204 
3 5206 5208 5207 
3 5205 5186 5176 
3 5213 5186 5205 
3 5186 5213 5190 
3 5207 5209 5205 
3 5208 5209 5207 
3 5208 5224 5209 
3 5205 5210 5213 
3 5213 5210 5214 
3 5209 5210 5205 
3 5211 5210 5209 
3 5209 5224 5211 
3 5211 5224 5225 
3 5211 5216 5210 
3 5211 5225 5212 
3 5213 5214 5190 
3 5214 5215 5190 
3 5215 6865 5190 
3 5215 6866 6865 
3 5210 5216 5214 
3 5216 5219 5214 
3 5217 5215 5214 
3 6866 5215 5217 
3 5214 5219 5218 
3 5217 5214 5218 
3 5216 5211 5220 
3 5212 5220 5211 
3 5219 5216 5220 
3 5221 5219 5220 
3 5220 5212 5221 
3 5221 5212 5231 
3 5219 5221 5218 
3 5221 6873 5218 
3 5221 5231 6880 
3 5206 5187 5195 
3 5195 5196 5222 
3 5208 5206 5195 
3 5195 5222 5223 
3 5223 5208 5195 
3 5224 5208 5223 
3 5223 5222 5229 
3 5224 5223 5225 
3 5223 5228 5225 
3 5225 5228 5212 
3 5228 5223 5229 
3 5201 5226 5196 
3 5226 5222 5196 
3 5229 5222 5226 
3 5226 5201 5227 
3 5201 5202 5227 
3 5230 5226 5227 
3 5229 5226 5230 
3 5228 5229 5230 
3 5231 5212 5228 
3 5230 5231 5228 
3 5231 5230 6880 
3 5233 5234 5232 
3 5232 5242 5233 
3 5233 5242 5245 
3 5243 5232 5236 
3 5235 5243 5236 
3 5232 5234 5236 
3 5233 5250 5234 
3 5236 5234 5250 
3 5235 5236 5249 
3 5236 5250 5249 
3 5240 5238 5237 
3 5240 5239 5238 
3 6132 5238 5239 
3 5239 5240 5241 
3 5241 5240 5895 
3 5241 6128 5239 
3 5242 5232 5243 
3 5244 5242 5243 
3 5244 5243 5247 
3 5242 5244 5245 
3 5245 5246 5233 
3 5246 5250 5233 
3 5245 5251 5246 
3 5252 5245 5244 
3 5245 5252 5251 
3 5247 6128 5244 
3 5244 6128 5248 
3 5239 5247 6132 
3 6132 5243 5235 
3 5243 6132 5247 
3 5239 6128 5247 
3 5252 5244 5248 
3 5249 6135 5235 
3 5251 5249 5250 
3 5251 5253 5249 
3 5253 6135 5249 
3 5252 5248 5254 
3 5252 5253 5251 
3 5252 5254 5253 
3 5246 5251 5250 
3 5255 6162 6163 
3 6162 5255 6167 
3 5259 5384 5256 
3 5322 5259 5260 
3 5259 5256 5260 
3 5260 5262 5261 
3 5322 5260 5261 
3 5266 5262 5260 
3 5257 5264 5256 
3 5256 5264 5260 
3 5258 5263 5257 
3 5257 5263 5264 
3 5265 5263 5447 
3 5264 5266 5260 
3 5264 5265 5266 
3 5265 5264 5263 
3 5263 5267 5271 
3 5271 5267 5269 
3 5269 5270 5271 
3 5267 5263 5258 
3 5268 5269 5267 
3 5273 5269 5268 
3 5269 5273 5270 
3 5271 5447 5263 
3 5270 5272 5271 
3 5272 5447 5271 
3 5273 5272 5270 
3 5273 5411 5272 
3 5276 5279 5274 
3 5274 5279 5275 
3 5277 5278 5276 
3 5290 5277 5314 
3 5279 5276 5278 
3 5280 5275 5279 
3 5362 5275 5280 
3 5279 5278 5281 
3 5289 5278 5277 
3 5281 5278 5289 
3 5280 5279 5281 
3 5284 5288 5285 
3 5286 5283 6661 
3 5286 6661 4915 
3 5283 5297 6661 
3 5286 1524 5287 
3 5283 5287 5282 
3 5283 5286 5287 
3 1526 5287 1524 
3 5288 5287 1526 
3 5282 5287 5284 
3 5288 5284 5287 
3 1524 5286 1522 
3 5283 5292 5297 
3 5277 5290 5289 
3 5284 5281 5291 
3 5291 5282 5284 
3 5284 5361 5281 
3 5282 5291 5283 
3 5291 5281 5289 
3 5292 5291 5289 
3 5292 5289 5293 
3 5289 5290 5293 
3 5297 5293 5296 
3 5297 5296 5294 
3 5296 5295 5294 
3 5283 5291 5292 
3 5297 5292 5293 
3 5300 5298 5307 
3 5325 5303 5301 
3 5300 5325 5302 
3 5325 5300 5307 
3 5325 5301 5328 
3 5302 5325 5328 
3 5303 5304 5301 
3 5301 5491 5328 
3 5301 5304 5491 
3 5307 5305 5306 
3 5307 5306 5308 
3 5274 5309 5276 
3 5276 5309 5305 
3 5274 5315 5309 
3 5306 5305 5309 
3 5275 5315 5274 
3 5309 5315 5312 
3 5310 5306 5309 
3 5309 5312 5310 
3 5311 5310 5312 
3 5313 5276 5305 
3 5277 5276 5313 
3 5314 5277 5313 
3 5313 5298 5314 
3 5314 5298 5299 
3 5307 5313 5305 
3 5313 5307 5298 
3 5275 5316 5315 
3 5315 5316 5312 
3 5311 5312 5326 
3 5326 5312 5316 
3 5317 5308 5306 
3 5321 5466 5317 
3 5308 5467 5318 
3 5467 5308 5317 
3 5466 5467 5317 
3 5306 5310 5317 
3 5310 5319 5317 
3 5310 5311 5319 
3 5311 5323 5319 
3 5323 5311 5322 
3 5311 5391 5322 
3 5311 5320 5391 
3 5391 5320 5394 
3 5319 5321 5317 
3 5319 5323 5321 
3 5323 5324 5321 
3 5323 5322 5393 
3 5391 5323 5393 
3 5323 5391 5394 
3 5394 5324 5323 
3 5307 5308 5325 
3 5308 5318 5325 
3 5325 5318 5303 
3 5320 5311 5326 
3 5327 5299 5298 
3 5327 5298 5300 
3 5300 5330 5327 
3 5338 5299 5327 
3 5327 5331 5338 
3 5300 5302 5330 
3 5329 5302 5328 
3 5302 5329 5330 
3 5327 5330 5331 
3 5330 5329 5332 
3 5331 5330 5332 
3 5333 5328 5491 
3 5329 5328 5333 
3 5329 5333 5332 
3 5332 5334 5331 
3 5332 5333 5335 
3 5334 5332 5335 
3 5314 5299 5336 
3 5314 5336 5337 
3 5337 5290 5314 
3 5337 5293 5290 
3 5337 5339 5293 
3 5336 5299 5338 
3 5337 5336 5338 
3 5338 5339 5337 
3 5338 5340 5339 
3 5293 5295 5296 
3 5293 5339 5295 
3 5294 5295 6684 
3 5339 5340 5295 
3 5295 5340 6684 
3 5340 6685 6684 
3 5331 5341 5338 
3 5331 5334 5341 
3 5341 5334 5342 
3 5338 5341 5340 
3 5334 5335 5493 
3 5342 5334 5493 
3 5341 5343 5340 
3 5342 5343 5341 
3 5340 5343 6685 
3 5343 5344 6685 
3 5342 5345 5343 
3 5342 5493 5346 
3 5346 5345 5342 
3 5344 5343 5345 
3 5345 5346 5347 
3 5370 5348 5349 
3 5350 5348 1539 
3 1542 5350 1539 
3 1542 5372 5351 
3 1542 5351 5350 
3 5352 5349 5350 
3 5352 5353 5349 
3 5352 5363 5364 
3 5350 5349 5348 
3 5350 5351 5352 
3 5351 5363 5352 
3 5359 5353 5354 
3 5353 5357 5354 
3 5359 5354 5355 
3 5355 5354 5356 
3 5356 5354 5357 
3 5358 5356 5357 
3 5349 5371 5370 
3 5349 5359 5371 
3 5359 5355 5360 
3 5361 5280 5281 
3 5361 5362 5280 
3 5360 5362 5361 
3 5359 5360 5371 
3 5355 5362 5360 
3 5349 5353 5359 
3 5357 5353 5352 
3 5352 5364 5357 
3 5364 5365 5357 
3 5357 5365 5366 
3 5357 5366 5358 
3 5365 5364 5378 
3 5366 5365 5367 
3 5367 5365 5378 
3 5417 5549 5406 
3 1539 5348 5369 
3 5369 1540 1539 
3 5369 5288 1545 
3 5369 1545 1540 
3 5285 5369 5370 
3 5370 5369 5348 
3 5369 5285 5288 
3 1545 5288 1526 
3 5370 5371 5285 
3 5284 5285 5361 
3 5361 5285 5371 
3 5360 5361 5371 
3 5351 5372 5373 
3 5351 5373 5374 
3 5351 5374 5363 
3 5374 5364 5363 
3 5373 5375 5376 
3 5373 5376 5374 
3 1554 1553 5375 
3 1553 5377 5375 
3 5375 5377 5376 
3 5376 5377 5380 
3 5378 5364 5374 
3 5381 5378 5374 
3 5378 5381 5367 
3 5374 5380 5381 
3 5376 5380 5374 
3 5379 5381 5380 
3 5368 5367 5381 
3 5415 5417 5368 
3 5415 5368 5381 
3 5381 5379 5415 
3 5416 5415 5379 
3 5416 5379 5420 
3 5377 5383 5380 
3 5377 5382 5383 
3 5380 5383 5379 
3 5420 5379 5383 
3 5256 5384 5386 
3 5384 5397 5386 
3 5355 5356 5387 
3 5356 5385 5387 
3 5397 5355 5387 
3 5358 5399 5356 
3 5356 5399 5385 
3 5385 5386 5387 
3 5257 5256 5386 
3 5258 5257 5386 
3 5400 5386 5385 
3 5400 5385 5399 
3 5400 5267 5386 
3 5267 5258 5386 
3 5387 5386 5397 
3 5316 5275 5388 
3 5388 5275 5362 
3 5362 5355 5388 
3 5355 5397 5388 
3 5388 5397 5389 
3 5326 5316 5389 
3 5388 5389 5316 
3 5259 5322 5390 
3 5384 5259 5390 
3 5390 5322 5391 
3 5390 5391 5392 
3 5384 5390 5397 
3 5322 5261 5393 
3 5391 5393 5392 
3 5393 5394 5392 
3 5261 5395 5393 
3 5324 5394 5395 
3 5394 5393 5395 
3 5326 5389 5398 
3 5326 5398 5396 
3 5397 5398 5389 
3 5396 5398 5392 
3 5396 5392 5320 
3 5396 5320 5326 
3 5390 5398 5397 
3 5392 5398 5390 
3 5394 5320 5392 
3 5268 5267 5401 
3 5401 5267 5400 
3 5403 5268 5401 
3 5401 5400 5399 
3 5402 5401 5399 
3 5403 5401 5408 
3 5408 5401 5402 
3 5358 5366 5404 
3 5358 5404 5399 
3 5366 5405 5404 
3 5367 5405 5366 
3 5405 5402 5404 
3 5399 5404 5402 
3 5405 5368 5407 
3 5368 5405 5367 
3 5368 5417 5407 
3 5407 5417 5406 
3 5402 5405 5408 
3 5408 5405 5409 
3 5409 5407 5556 
3 5409 5556 5557 
3 5407 5409 5405 
3 5273 5268 5410 
3 5268 5403 5410 
3 5410 5411 5273 
3 5272 5411 5412 
3 5403 5408 5414 
3 5403 5414 5410 
3 5413 5411 5410 
3 5414 5413 5410 
3 5413 5412 5411 
3 5408 5409 5414 
3 5414 5602 5413 
3 5409 5557 5414 
3 5415 5416 5417 
3 5417 5416 5418 
3 5570 5418 5419 
3 5418 5416 5419 
3 5419 5416 5420 
3 5419 5420 5571 
3 5545 5423 5422 
3 5545 5422 5546 
3 5546 5422 6738 
3 5424 5425 5575 
3 5575 6740 5424 
3 5424 5422 5425 
3 5421 5425 5423 
3 5425 5422 5423 
3 5422 6736 6738 
3 5424 6736 5422 
3 5431 5430 5427 
3 5430 5426 5427 
3 5427 5426 5428 
3 5426 5435 5428 
3 5262 5429 5499 
3 5261 5262 5499 
3 5429 5431 5499 
3 5429 5433 5431 
3 5431 5433 5430 
3 5426 5430 5444 
3 5431 5427 5499 
3 5266 5429 5262 
3 5266 5265 5429 
3 5265 5433 5429 
3 5265 5432 5433 
3 5447 5432 5265 
3 5433 5432 5434 
3 5430 5433 5434 
3 5430 5434 5444 
3 5426 5439 5437 
3 5426 5437 5435 
3 5436 5435 5437 
3 5438 5437 5440 
3 5436 5437 5438 
3 5438 5440 5441 
3 5444 5439 5426 
3 5437 5439 5440 
3 5461 5439 5453 
3 5440 5439 5460 
3 5460 5441 5440 
3 5443 5444 5442 
3 5445 5442 5448 
3 5443 5445 5446 
3 5443 5442 5445 
3 5446 5451 5450 
3 5446 5445 5451 
3 5432 5447 5448 
3 5449 5447 5272 
3 5449 5448 5447 
3 5449 5272 5412 
3 5449 5412 5514 
3 5448 5442 5432 
3 5442 5434 5432 
3 5444 5434 5442 
3 5448 5449 5445 
3 5449 5451 5445 
3 5514 5451 5449 
3 5450 5451 5452 
3 5451 5514 5452 
3 5443 5453 5444 
3 5454 5453 5443 
3 5446 5455 5443 
3 5455 5454 5443 
3 5450 5455 5446 
3 5453 5439 5444 
3 5453 5454 5456 
3 5455 5456 5454 
3 5456 5455 5450 
3 5450 5452 5456 
3 5452 5457 5456 
3 5461 5460 5439 
3 5458 5453 5456 
3 5461 5453 5458 
3 5456 5457 5459 
3 5456 5459 5458 
3 5441 5460 5462 
3 5462 5548 5441 
3 5463 5548 5462 
3 5460 5461 5462 
3 5461 5463 5462 
3 5458 5463 5461 
3 5303 5468 5304 
3 5468 5469 5304 
3 5304 5469 5464 
3 5304 5464 5491 
3 5469 5477 5464 
3 5464 5477 5478 
3 5318 5467 5468 
3 5465 5468 5467 
3 5465 5469 5468 
3 5466 5465 5467 
3 5480 5470 5465 
3 5465 5466 5480 
3 5465 5470 5469 
3 5470 5472 5469 
3 5324 5473 5321 
3 5321 5473 5466 
3 5466 5471 5480 
3 5474 5499 5427 
3 5475 5474 5427 
3 5427 5428 5475 
3 5428 5484 5475 
3 5466 5473 5471 
3 5473 5475 5471 
3 5475 5473 5474 
3 5474 5473 5324 
3 5475 5484 5471 
3 5468 5303 5318 
3 5472 5477 5469 
3 5472 5476 5477 
3 5476 5478 5477 
3 5480 5479 5470 
3 5480 5471 5481 
3 5479 5480 5481 
3 5470 5479 5472 
3 5479 5486 5472 
3 5486 5479 5482 
3 5481 5482 5479 
3 5481 5483 5482 
3 5483 5486 5482 
3 5435 5500 5484 
3 5428 5435 5484 
3 5485 5481 5471 
3 5484 5485 5471 
3 5481 5489 5483 
3 5481 5485 5489 
3 5472 5486 5476 
3 5476 5486 5487 
3 5487 5486 5483 
3 5487 5488 5476 
3 5490 5488 5487 
3 5484 5505 5485 
3 5485 5505 5489 
3 5505 5490 5489 
3 5489 5490 5487 
3 5488 5490 5536 
3 5489 5487 5483 
3 5464 5492 5491 
3 5492 5333 5491 
3 5478 5492 5464 
3 5335 5333 5492 
3 5494 5492 5478 
3 5335 5492 5493 
3 5492 5494 5493 
3 5478 5488 5494 
3 5488 5478 5476 
3 5488 5495 5494 
3 5488 5536 5495 
3 5495 5497 5494 
3 5346 5493 5494 
3 5494 5496 5346 
3 5497 5496 5494 
3 5346 5496 5347 
3 5347 5496 5498 
3 5499 5395 5261 
3 5499 5474 5395 
3 5474 5324 5395 
3 5436 5500 5435 
3 5501 5438 5441 
3 5436 5438 5500 
3 5438 5502 5500 
3 5501 5503 5438 
3 5503 5502 5438 
3 5503 5548 5504 
3 5504 5511 5503 
3 5511 5510 5503 
3 5500 5505 5484 
3 5506 5505 5500 
3 5506 5507 5505 
3 5507 5537 5536 
3 5536 5490 5505 
3 5536 5505 5507 
3 5512 5507 5506 
3 5502 5506 5500 
3 5506 5502 5510 
3 5502 5503 5510 
3 5510 5512 5506 
3 5509 5512 5508 
3 5511 5508 5510 
3 5508 5512 5510 
3 5513 5514 5412 
3 5412 5515 5513 
3 5413 5515 5412 
3 5514 5513 5452 
3 5413 5602 5515 
3 5516 5504 5463 
3 5518 5459 5457 
3 5516 5463 5458 
3 5516 5458 5459 
3 5459 5517 5516 
3 5457 5452 5518 
3 5513 5518 5452 
3 5513 5515 5518 
3 5518 5515 5524 
3 5518 5524 5527 
3 5517 5459 5518 
3 5518 5527 5517 
3 5516 5517 5522 
3 5519 5509 5508 
3 5520 5523 5521 
3 5520 5547 5519 
3 5519 5508 5511 
3 5522 5519 5511 
3 5522 5511 5504 
3 5516 5522 5504 
3 5522 5520 5519 
3 5527 5520 5522 
3 5607 5524 5515 
3 5527 5524 5523 
3 5524 5525 5523 
3 5607 5525 5524 
3 5527 5523 5520 
3 5523 5525 5521 
3 5521 5525 5526 
3 5517 5527 5522 
3 5536 5538 5495 
3 5528 5497 5495 
3 5538 5528 5495 
3 5528 5538 5529 
3 5532 5528 5529 
3 5498 5496 5497 
3 5497 5528 5530 
3 5532 5530 5528 
3 5533 5530 5532 
3 5533 5534 5530 
3 5530 6750 5497 
3 5497 6750 5498 
3 5534 6750 5530 
3 5544 5533 5532 
3 5535 5534 5533 
3 5544 5531 5535 
3 5533 5544 5535 
3 5538 5536 5537 
3 5512 5537 5507 
3 5537 5529 5538 
3 5509 5537 5512 
3 5529 5537 5509 
3 5547 5521 5543 
3 5547 5543 5539 
3 5539 5544 5532 
3 5529 5547 5539 
3 5539 5532 5529 
3 5540 5544 5539 
3 5423 5542 5421 
3 5541 5542 5423 
3 5543 5542 5541 
3 5543 5541 5539 
3 5541 5540 5539 
3 5546 5531 5545 
3 5545 5531 5544 
3 5540 5545 5544 
3 5541 5423 5540 
3 5423 5545 5540 
3 5547 5529 5509 
3 5519 5547 5509 
3 5521 5547 5520 
3 5548 5501 5441 
3 5548 5503 5501 
3 5463 5504 5548 
3 5092 5550 5377 
3 5377 5550 5382 
3 5565 5382 5550 
3 5383 5382 5565 
3 5551 5580 5552 
3 5551 5552 6763 
3 6763 1594 5551 
3 5552 5585 6763 
3 6763 5585 6765 
3 5553 6765 5585 
3 5554 5549 5417 
3 5406 5556 5407 
3 5549 5555 5406 
3 5549 5554 5555 
3 5555 5559 5556 
3 5555 5556 5406 
3 5555 5554 5559 
3 5554 5563 5559 
3 5557 5556 5558 
3 5558 5556 5559 
3 5414 5557 5558 
3 5558 5560 5414 
3 5560 5602 5414 
3 5560 5601 5602 
3 5558 5559 5561 
3 5559 5563 5561 
3 5561 5563 5568 
3 5558 5561 5560 
3 5562 5560 5561 
3 5562 5561 5568 
3 5417 5418 5554 
3 5554 5418 5563 
3 5563 5418 5567 
3 5418 5570 5567 
3 5383 5564 5420 
3 5564 5383 5565 
3 5564 5565 5566 
3 5575 5420 5564 
3 5575 5571 5420 
3 5575 5564 5566 
3 5563 5567 5568 
3 5573 5567 5570 
3 5568 5567 5569 
3 5567 5573 5569 
3 5419 5572 5570 
3 5573 5570 5572 
3 5419 5571 5572 
3 5572 5571 5425 
3 5569 5574 5608 
3 5573 5574 5569 
3 5573 5572 5421 
3 5572 5425 5421 
3 5421 5574 5573 
3 5568 5569 5562 
3 5562 5569 5608 
3 5425 5571 5575 
3 6740 5575 5566 
3 6765 5577 5576 
3 5553 5577 6765 
3 5578 5576 5577 
3 5578 5577 5592 
3 5579 5576 5578 
3 5581 5582 5580 
3 5583 5582 5581 
3 5552 5580 5582 
3 5582 5586 5552 
3 5552 5586 5585 
3 5586 5582 5583 
3 1614 5583 5581 
3 1614 5587 5583 
3 5587 5590 5583 
3 5584 5586 5583 
3 5586 5584 5553 
3 5586 5553 5585 
3 5584 5593 5553 
3 5583 5590 5584 
3 5590 5591 5584 
3 5587 5589 5590 
3 1619 5589 5587 
3 5611 5589 1619 
3 5588 5611 1619 
3 5610 5611 5588 
3 5589 5613 5590 
3 5613 5591 5590 
3 5613 5597 5591 
3 5611 5613 5589 
3 5613 5615 5597 
3 5577 5553 5593 
3 5593 5592 5577 
3 5595 5592 5593 
3 5592 5594 5578 
3 5594 5579 5578 
3 5592 5595 5594 
3 5595 5593 5596 
3 5584 5591 5593 
3 5591 5596 5593 
3 5591 5597 5596 
3 5596 5597 5599 
3 5598 5599 5597 
3 5597 5617 5598 
3 5598 5600 5599 
3 5603 5601 5560 
3 5515 5602 5601 
3 5515 5601 5607 
3 5605 5607 5601 
3 5521 5526 5543 
3 5543 5526 5606 
3 5603 5605 5601 
3 5606 5605 5604 
3 5604 5605 5603 
3 5605 5606 5526 
3 5603 5560 5562 
3 5604 5603 5562 
3 5607 5605 5525 
3 5605 5526 5525 
3 5604 5608 5606 
3 5606 5608 5542 
3 5542 5574 5421 
3 5542 5608 5574 
3 5606 5542 5543 
3 5562 5608 5604 
3 5609 5610 5588 
3 5609 1627 5610 
3 1627 1628 5610 
3 1628 6826 5610 
3 5610 5612 5611 
3 5610 6826 5612 
3 5612 5614 5611 
3 5611 5614 5613 
3 5597 5615 5617 
3 5614 5615 5613 
3 5614 5616 5615 
3 5612 6837 5614 
3 6837 5616 5614 
3 5616 5617 5615 
3 5620 5598 5617 
3 5616 5620 5617 
3 5620 5616 5624 
3 5619 5624 5616 
3 5620 5618 5598 
3 5620 5624 5618 
3 5598 5621 5600 
3 5621 5598 5618 
3 5618 5622 5621 
3 5624 5623 5618 
3 5618 5623 5622 
3 5661 5629 5625 
3 5626 5625 5627 
3 5625 5629 5627 
3 5627 5672 5626 
3 5628 5627 5629 
3 5629 5630 5628 
3 5628 5683 5627 
3 5628 5631 5690 
3 5628 5630 5631 
3 5690 5631 5692 
3 5634 5719 5720 
3 5634 5720 5632 
3 5633 5634 5635 
3 5634 5633 5719 
3 5632 5731 5634 
3 5643 5635 5634 
3 5635 5636 5633 
3 5636 5723 5633 
3 5652 5635 5643 
3 5635 5637 5636 
3 5637 5677 5636 
3 5638 5677 5637 
3 5653 5637 5635 
3 5638 5637 5639 
3 5636 5677 5723 
3 5677 5680 5723 
3 5637 5655 5639 
3 5647 5640 5648 
3 5647 5641 5640 
3 5647 5648 5642 
3 5634 5731 5643 
3 5647 5642 5645 
3 5646 5645 5642 
3 5642 5652 5643 
3 5645 2670 5644 
3 2670 5645 5646 
3 2579 5644 2670 
3 2579 5855 5644 
3 5641 5647 5644 
3 5647 5645 5644 
3 5641 5644 5855 
3 5650 5648 5640 
3 5651 5648 5650 
3 5649 5640 5641 
3 5649 5857 5640 
3 5650 5654 5651 
3 5857 5650 5640 
3 5857 5906 5650 
3 5653 5635 5652 
3 5642 5648 5652 
3 5648 5651 5652 
3 5652 5651 5653 
3 5653 5655 5637 
3 5653 5702 5655 
3 5651 5702 5653 
3 5654 5702 5651 
3 5658 5656 5657 
3 5658 5625 5656 
3 5661 5625 5658 
3 5659 5658 5657 
3 5661 5658 5660 
3 5658 5659 5660 
3 5663 5662 5661 
3 5662 5629 5661 
3 5660 5663 5661 
3 5699 5710 5878 
3 5706 5699 5878 
3 5878 5664 5706 
3 5667 5669 5671 
3 5666 5667 5668 
3 5667 5666 5669 
3 5673 5667 5671 
3 5670 5671 5669 
3 5681 5670 5669 
3 5638 5673 5671 
3 5626 5666 5656 
3 5656 5666 5668 
3 5626 5672 5666 
3 5666 5672 5669 
3 5656 5625 5626 
3 5668 5657 5656 
3 5672 5681 5669 
3 5667 5673 5674 
3 5667 5674 5668 
3 5684 5673 5638 
3 5673 5684 5674 
3 5674 5675 5657 
3 5674 5657 5668 
3 5657 5675 5676 
3 5678 5670 5681 
3 5638 5671 5677 
3 5677 5671 5670 
3 5677 5670 5680 
3 5670 5678 5680 
3 5680 5678 5679 
3 5681 5682 5678 
3 5683 5682 5681 
3 5638 5639 5684 
3 5684 5685 5674 
3 5685 5684 5639 
3 5675 5674 5685 
3 5687 5675 5685 
3 5687 5676 5675 
3 5685 5686 5687 
3 5660 5818 5663 
3 5659 5657 5688 
3 5688 5657 5676 
3 5660 5659 5688 
3 5660 5688 5689 
3 5818 5660 5689 
3 5820 5818 5825 
3 5825 5818 5689 
3 5683 5672 5627 
3 5683 5681 5672 
3 5628 5690 5683 
3 5691 5759 5690 
3 5690 5759 5683 
3 5691 5690 5692 
3 5676 5687 5688 
3 5688 5687 5689 
3 5687 5695 5689 
3 5686 5693 5687 
3 5687 5693 5695 
3 5689 5694 5825 
3 5689 5695 5694 
3 5712 5695 5693 
3 5846 5694 5695 
3 5712 5846 5695 
3 5712 5848 5846 
3 5654 5696 5703 
3 5696 5704 5703 
3 5697 5696 5654 
3 5698 5697 5654 
3 5698 5650 5906 
3 5654 5650 5698 
3 5699 5696 5697 
3 5697 5710 5699 
3 5696 5699 5704 
3 5698 5700 5697 
3 5697 5700 5710 
3 5685 5639 5701 
3 5639 5655 5701 
3 5701 5702 5703 
3 5701 5655 5702 
3 5654 5703 5702 
3 5685 5701 5686 
3 5701 5703 5705 
3 5704 5705 5703 
3 5705 5686 5701 
3 5704 5699 5706 
3 5704 5706 5708 
3 5708 5706 5707 
3 5709 5704 5708 
3 5664 5707 5706 
3 5664 5711 5707 
3 5665 5664 5878 
3 5704 5709 5705 
3 5705 5693 5686 
3 5705 5709 5712 
3 5693 5705 5712 
3 5709 5713 5712 
3 5712 5713 5848 
3 2620 5716 2627 
3 2620 5715 5716 
3 5715 5714 5716 
3 2628 2627 5716 
3 2628 5716 5733 
3 5716 5714 5733 
3 5715 5722 5714 
3 5717 5732 5714 
3 5732 5733 5714 
3 5714 5728 5717 
3 5728 5729 5717 
3 5719 5633 5724 
3 5720 5719 5721 
3 5720 2661 5632 
3 2661 5720 2658 
3 5731 5632 2662 
3 2658 5720 5722 
3 2664 2658 5722 
3 5715 2664 5722 
3 5720 5721 5722 
3 5722 5721 5728 
3 5728 5714 5722 
3 5633 5723 5724 
3 5723 5725 5724 
3 5721 5724 5727 
3 5724 5721 5719 
3 5727 5724 5725 
3 5726 5727 5725 
3 5723 5680 5725 
3 5728 5721 5727 
3 5727 5729 5728 
3 5726 5730 5727 
3 5727 5730 5729 
3 2671 5731 2662 
3 2671 2670 5646 
3 2671 5646 5731 
3 5646 5643 5731 
3 5642 5643 5646 
3 2678 5733 5735 
3 5735 5733 5734 
3 5733 5732 5734 
3 5734 5732 5741 
3 5734 5741 5736 
3 5734 5736 5735 
3 2682 2678 5735 
3 2691 2682 5746 
3 2682 5735 5746 
3 5736 5741 5743 
3 5743 5737 5736 
3 5735 5736 5737 
3 5746 5735 5737 
3 5729 5732 5717 
3 5732 5738 5741 
3 5729 5739 5732 
3 5729 5730 5739 
3 5732 5739 5738 
3 5738 5739 5740 
3 5741 5738 5743 
3 5738 5742 5743 
3 5738 5740 5742 
3 5740 5745 5742 
3 5744 5743 5742 
3 5742 5745 5744 
3 5749 2691 5746 
3 5749 5746 5747 
3 5746 5737 5748 
3 5746 5748 5747 
3 2838 5749 5974 
3 5974 5749 5747 
3 5750 5747 5748 
3 5743 5751 5737 
3 5737 5751 5748 
3 5751 5743 5744 
3 5751 5744 5752 
3 5744 5794 5752 
3 5745 5794 5744 
3 5754 5752 5794 
3 5750 5748 5751 
3 5751 5752 5753 
3 5750 5751 5978 
3 5978 5751 5753 
3 5752 5754 5753 
3 5753 5754 5799 
3 5679 5678 5755 
3 5726 5679 5756 
3 5725 5679 5726 
3 5755 5756 5679 
3 5678 5682 5755 
3 5683 5759 5682 
3 5755 5682 5758 
3 5718 5755 5758 
3 5682 5759 5758 
3 5679 5725 5680 
3 5726 5756 5730 
3 5756 5755 5718 
3 5757 5730 5756 
3 5756 5718 5757 
3 5718 5758 5789 
3 5758 5772 5789 
3 5759 5691 5760 
3 5691 5765 5760 
3 5760 5769 5758 
3 5759 5760 5758 
3 5760 5761 5769 
3 5691 5692 5763 
3 5765 5761 5760 
3 5765 5691 5762 
3 5765 5762 5766 
3 5694 5762 5763 
3 5763 5762 5691 
3 5846 5762 5694 
3 5846 5767 5762 
3 5766 5762 5767 
3 5766 5761 5765 
3 5764 5761 5766 
3 5766 5767 5764 
3 5768 5850 5849 
3 5758 5769 5772 
3 5769 5771 5772 
3 5769 5761 5770 
3 5769 5770 5771 
3 5773 5772 5771 
3 5761 5764 5770 
3 5770 5776 5771 
3 5774 5773 5771 
3 5774 5782 5775 
3 5770 5764 5776 
3 5850 5768 5777 
3 5768 5784 5777 
3 5774 5771 5777 
3 5771 5776 5777 
3 5774 5777 5784 
3 5782 5774 5784 
3 5768 5779 5778 
3 5779 5768 5849 
3 5849 5781 5779 
3 5780 6002 5917 
3 5853 5852 5780 
3 5852 6002 5780 
3 5780 6001 5779 
3 5779 5781 5780 
3 5780 5781 5853 
3 5917 6001 5780 
3 5782 5785 5783 
3 5784 5768 5778 
3 5779 5786 5778 
3 5787 5784 5778 
3 5786 5787 5778 
3 5785 5782 5784 
3 5787 5785 5784 
3 6001 5786 5779 
3 6003 5786 6001 
3 6003 5787 5786 
3 6005 5787 6003 
3 5757 5739 5730 
3 5739 5757 5788 
3 5788 5757 5718 
3 5788 5740 5739 
3 5740 5788 5791 
3 5718 5789 5788 
3 5790 5788 5789 
3 5790 5789 5772 
3 5790 5772 5773 
3 5791 5788 5790 
3 5791 5790 5792 
3 5792 5790 5773 
3 5793 5792 5773 
3 5740 5791 5745 
3 5792 5745 5791 
3 5794 5745 5792 
3 5774 5775 5773 
3 5773 5775 5793 
3 5792 5793 5797 
3 5797 5793 5795 
3 5800 5798 5795 
3 5798 5797 5795 
3 5800 5801 5798 
3 5801 6027 5798 
3 5792 5797 5794 
3 5797 5796 5794 
3 5754 5794 5796 
3 5754 5796 5799 
3 5798 6028 5796 
3 6028 5799 5796 
3 5798 5796 5797 
3 6027 6028 5798 
3 5783 5775 5782 
3 5783 5785 5795 
3 5783 5793 5775 
3 5795 5793 5783 
3 5800 5795 5785 
3 5787 5800 5785 
3 5801 5800 5787 
3 6005 5801 5787 
3 5802 5809 5803 
3 5809 5802 5811 
3 5803 5804 5802 
3 5802 5805 5811 
3 5806 5807 5808 
3 5807 5806 5817 
3 5806 5804 5817 
3 5802 5806 5805 
3 5802 5804 5806 
3 5808 5805 5806 
3 5808 5815 5805 
3 5807 5817 5808 
3 5815 5808 5817 
3 5629 5809 5630 
3 5630 5809 5811 
3 5811 5810 5630 
3 5811 5812 5810 
3 5805 5812 5811 
3 5810 5631 5630 
3 5631 5810 5692 
3 5810 5813 5692 
3 5812 5813 5810 
3 5827 5813 5812 
3 5805 5815 5814 
3 5814 5812 5805 
3 5812 5814 5827 
3 5803 5809 5662 
3 5803 5662 5816 
3 5662 5663 5816 
3 5816 5815 5804 
3 5816 5804 5803 
3 5815 5817 5804 
3 5662 5809 5629 
3 5819 5663 5818 
3 5663 5819 5816 
3 5821 5816 5819 
3 5816 5821 5826 
3 5819 5820 5821 
3 5823 5821 5824 
3 5821 5820 5824 
3 5819 5818 5820 
3 5820 5825 5824 
3 5813 5822 5692 
3 5822 5824 5763 
3 5823 5822 5813 
3 5813 5827 5823 
3 5827 5821 5823 
3 5824 5822 5823 
3 5763 5824 5825 
3 5763 5825 5694 
3 5826 5815 5816 
3 5826 5814 5815 
3 5814 5826 5821 
3 5821 5827 5814 
3 5707 5828 5708 
3 5828 5829 5708 
3 5708 5829 5709 
3 5828 5830 5831 
3 5828 5831 5829 
3 5831 5832 5829 
3 5664 5833 5711 
3 5711 5828 5707 
3 5665 5833 5664 
3 5828 5711 5834 
3 5830 5828 5834 
3 5711 5833 5834 
3 5834 5841 5830 
3 5833 5842 5834 
3 5834 5842 5841 
3 5709 5835 5713 
3 5835 5709 5829 
3 5713 5835 5836 
3 5848 5713 5836 
3 5836 5835 5837 
3 5832 5835 5829 
3 5835 5832 5837 
3 5838 5852 5853 
3 5839 5837 5832 
3 5844 5839 5832 
3 5838 5839 5845 
3 5845 5839 5844 
3 5839 5840 5837 
3 5838 5853 5840 
3 5838 5840 5839 
3 5830 5843 5831 
3 5832 5831 5843 
3 5841 5843 5830 
3 5843 5841 5844 
3 5844 5832 5843 
3 5842 5844 5841 
3 5842 6143 5844 
3 6143 5845 5844 
3 5822 5763 5692 
3 5767 5846 5847 
3 5848 5847 5846 
3 5847 5848 5849 
3 5848 5836 5849 
3 5764 5767 5847 
3 5847 5850 5764 
3 5850 5776 5764 
3 5847 5849 5850 
3 5850 5777 5776 
3 5851 5849 5836 
3 5781 5849 5851 
3 5851 5836 5837 
3 5840 5851 5837 
3 5851 5840 5853 
3 5853 5781 5851 
3 2579 5854 5855 
3 5854 5961 5855 
3 5855 5856 5641 
3 5641 5856 5649 
3 5855 5859 5856 
3 5855 5961 5859 
3 5649 5856 5857 
3 5856 5858 5857 
3 5857 5858 5906 
3 5907 5906 5858 
3 5856 5859 5860 
3 5858 5856 5860 
3 5860 5859 5960 
3 5860 5960 5964 
3 5910 5858 5860 
3 5910 5907 5858 
3 5964 5910 5860 
3 5861 5862 5866 
3 5862 5929 5871 
3 5929 5861 5863 
3 5929 5862 5861 
3 5863 5868 5929 
3 5863 5864 2796 
3 2796 5864 5865 
3 5864 5861 5866 
3 5865 5864 5866 
3 5866 5875 5865 
3 5863 2796 2795 
3 2795 2797 5863 
3 2797 5868 5863 
3 5863 5861 5864 
3 5862 5872 5869 
3 5862 5869 5866 
3 5869 5875 5866 
3 5869 5876 5875 
3 5869 5870 5876 
3 5870 5923 5876 
3 5862 5871 5872 
3 5933 5871 5929 
3 5933 5873 5871 
3 5872 5871 5874 
3 5871 5873 5874 
3 5869 5872 5874 
3 5873 5940 5874 
3 5870 5869 5874 
3 5873 5935 5940 
3 5876 5877 5875 
3 5876 5923 5877 
3 5878 5912 5665 
3 5898 6118 5881 
3 5879 5903 5881 
3 5879 5925 5903 
3 5879 5881 5880 
3 5882 5883 5919 
3 5889 5893 5882 
3 5893 5884 5882 
3 5882 5884 5885 
3 5882 5885 5883 
3 5940 5882 5919 
3 5887 5882 5940 
3 5888 5887 5940 
3 5887 5889 5882 
3 5889 5887 5900 
3 5900 5887 5890 
3 5888 5890 5887 
3 5891 5893 5892 
3 5893 5891 5884 
3 5237 5897 5894 
3 5892 5894 5891 
3 5894 5892 5901 
3 5894 5895 5237 
3 5894 5896 5895 
3 5901 5896 5894 
3 5894 5897 5891 
3 5889 5900 5899 
3 5893 5889 5899 
3 5893 5899 5892 
3 5899 5900 5902 
3 5899 5901 5892 
3 5901 5899 5902 
3 5902 5896 5901 
3 5884 5904 5885 
3 5903 5884 5891 
3 5884 5903 5904 
3 5904 5886 5885 
3 5886 5904 5905 
3 5904 5925 5905 
3 5903 5925 5904 
3 5881 5903 5897 
3 5903 5891 5897 
3 5897 5898 5881 
3 5902 5900 5890 
3 5902 5890 5941 
3 5941 6130 5896 
3 5941 5896 5902 
3 5941 5946 6130 
3 5906 5908 5698 
3 5906 5907 5908 
3 5908 5907 5910 
3 5700 5698 5908 
3 5909 5700 5908 
3 5908 5910 5909 
3 5909 5910 5911 
3 5910 5990 5911 
3 5700 5912 5710 
3 5700 5909 5912 
3 5878 5710 5912 
3 5916 5914 5912 
3 5909 5916 5912 
3 5912 5913 5665 
3 5912 5914 5913 
3 5879 5880 6144 
3 5879 6144 6145 
3 5879 5915 5925 
3 5879 6145 5915 
3 5915 6145 6147 
3 5909 5911 5916 
3 5916 5911 5917 
3 5916 5918 5914 
3 6140 5914 5918 
3 5918 5916 6002 
3 5916 5917 6002 
3 5918 6002 6142 
3 5920 5919 5883 
3 5919 5920 5870 
3 5920 5924 5870 
3 5885 5921 5883 
3 5886 5921 5885 
3 5921 5886 5922 
3 5883 5921 5920 
3 5920 5921 5922 
3 5922 5924 5920 
3 5940 5919 5874 
3 5874 5919 5870 
3 5870 5924 5923 
3 5924 6007 5923 
3 5923 6007 5877 
3 5973 5877 6007 
3 6009 6007 5924 
3 5924 5927 6009 
3 5886 5905 5922 
3 5905 5925 5915 
3 5922 5905 5926 
3 5915 5926 5905 
3 5926 5915 5928 
3 5928 5915 6147 
3 5922 5926 5924 
3 5926 5927 5924 
3 5927 5926 6014 
3 6015 5927 6014 
3 6014 5926 5928 
3 6014 5928 6017 
3 5929 5868 5930 
3 2797 2799 5868 
3 2799 5930 5868 
3 6049 5930 2799 
3 6050 5930 6049 
3 5930 5931 5934 
3 5937 5934 5931 
3 5930 6050 5931 
3 5931 6050 5932 
3 5932 5937 5931 
3 5929 5934 5933 
3 5929 5930 5934 
3 5933 5935 5873 
3 5934 5935 5933 
3 5934 5936 5935 
3 5934 5937 5936 
3 5936 5937 5938 
3 6056 5937 5932 
3 5937 6056 5938 
3 5938 5939 5945 
3 5940 5943 5888 
3 5890 5888 5944 
3 5888 5943 5944 
3 5890 5947 5941 
3 5944 5942 5890 
3 5947 5890 5942 
3 5947 5946 5941 
3 5940 5935 5943 
3 5935 5936 5943 
3 5952 5943 5936 
3 5943 5952 5944 
3 5945 5936 5938 
3 5936 5945 5952 
3 5952 5945 5953 
3 5945 5954 5953 
3 5945 6065 5954 
3 5954 6065 6066 
3 5944 5952 5942 
3 5952 5956 5942 
3 5956 5955 5942 
3 5942 5955 5947 
3 5947 5955 5946 
3 5955 5948 5946 
3 5954 5950 5949 
3 5950 5951 5949 
3 5952 5953 5956 
3 5945 5939 6065 
3 5956 5953 5957 
3 5956 5957 5955 
3 5957 5958 5948 
3 5957 5948 5955 
3 5954 5949 5957 
3 5954 5957 5953 
3 5957 5949 5958 
3 5958 5949 5951 
3 5961 5960 5859 
3 5961 5854 5959 
3 5963 5962 5959 
3 5959 5962 5961 
3 5961 5962 5960 
3 5964 5960 5965 
3 5910 5964 5986 
3 5964 5966 5986 
3 5986 5966 5987 
3 5965 5966 5964 
3 5989 5966 5965 
3 5962 5967 5960 
3 5960 5967 5965 
3 5962 5968 5967 
3 5968 5969 5967 
3 5972 5969 5968 
3 5970 5965 5967 
3 5965 5970 5989 
3 5969 5970 5967 
3 5970 5969 6008 
3 2830 5867 5971 
3 2830 5865 5867 
3 5963 5971 5962 
3 5971 5867 5968 
3 5971 5968 5962 
3 5972 5968 5867 
3 5972 5973 5969 
3 5972 5867 5875 
3 5867 5865 5875 
3 5969 5973 6008 
3 5877 5972 5875 
3 5973 5972 5877 
3 5974 5747 5976 
3 2840 5974 5976 
3 5750 5975 5747 
3 5975 5976 5747 
3 5975 5750 5978 
3 2840 5976 5982 
3 5975 5977 5976 
3 5976 5977 5980 
3 5982 5976 5980 
3 5978 5753 5979 
3 5753 5799 6028 
3 5753 6028 5979 
3 5977 5975 5978 
3 5977 5978 5981 
3 5980 5977 5981 
3 5978 5979 5981 
3 5982 5980 5983 
3 5983 5980 5981 
3 5983 5981 5984 
3 5982 5983 6481 
3 6481 5983 6484 
3 5983 5984 5985 
3 5983 5985 6484 
3 6062 6484 5985 
3 5986 5990 5910 
3 5986 5987 5990 
3 5990 5987 5991 
3 5988 5991 5987 
3 5988 5987 5966 
3 5966 5989 5988 
3 5911 5990 5991 
3 5992 5991 5988 
3 5988 5993 5992 
3 5989 5993 5988 
3 5970 6008 5994 
3 6008 6010 5994 
3 6010 6011 5994 
3 6011 5995 5994 
3 5996 5989 5970 
3 5994 5996 5970 
3 5996 5998 5993 
3 5996 5993 5989 
3 5997 5993 5998 
3 5996 5994 5998 
3 5994 5995 5998 
3 5995 6012 5998 
3 5998 5999 5997 
3 5998 6012 5999 
3 6026 5999 6000 
3 5911 5991 5917 
3 5992 5917 5991 
3 6004 5917 5992 
3 6003 5917 6004 
3 6003 6001 5917 
3 6142 6002 5852 
3 5992 5993 5997 
3 6004 5992 5997 
3 6004 6006 6003 
3 5997 6006 6004 
3 6006 6005 6003 
3 6005 6006 6034 
3 6006 5997 5999 
3 5999 6026 6006 
3 5973 6007 6008 
3 6007 6009 6008 
3 6008 6009 6010 
3 6010 6009 5927 
3 6010 5927 6011 
3 6016 6013 5995 
3 6013 6012 5995 
3 6013 5999 6012 
3 6013 6000 5999 
3 6015 6011 5927 
3 6015 6016 6011 
3 6015 6019 6016 
3 6014 6018 6015 
3 6015 6018 6019 
3 6018 6075 6019 
3 6014 6017 6018 
3 6018 6017 6024 
3 6075 6018 6024 
3 6016 5995 6011 
3 6019 6020 6016 
3 6020 6013 6016 
3 6020 6043 6013 
3 6021 6020 6019 
3 6077 6021 6019 
3 6077 6019 6075 
3 6020 6022 6043 
3 6020 6021 6022 
3 6023 6022 6021 
3 6075 6024 6207 
3 5801 6025 6027 
3 6026 6035 6034 
3 6031 6035 6026 
3 6031 6026 6032 
3 6000 6032 6026 
3 5979 6028 6029 
3 6027 6029 6028 
3 6035 6031 6025 
3 6031 6027 6025 
3 6029 6030 5981 
3 6029 5981 5979 
3 5984 5981 6030 
3 6038 5984 6030 
3 6029 6027 6031 
3 6030 6029 6031 
3 6032 6030 6031 
3 6032 6033 6030 
3 6025 6034 6035 
3 5801 6034 6025 
3 5801 6005 6034 
3 6026 6034 6006 
3 6032 6000 6044 
3 5984 6038 6037 
3 6038 6030 6033 
3 6047 6032 6044 
3 6033 6032 6047 
3 6039 6033 6047 
3 6038 6039 6037 
3 6039 6038 6033 
3 6037 6039 6040 
3 5984 6037 5985 
3 6037 6040 5985 
3 6042 6040 6036 
3 5985 6040 6042 
3 6043 6000 6013 
3 6043 6045 6000 
3 6045 6044 6000 
3 6022 6046 6043 
3 6046 6045 6043 
3 6083 6046 6023 
3 6023 6046 6022 
3 6048 6045 6046 
3 6083 6036 6046 
3 6036 6048 6046 
3 6045 6048 6044 
3 6048 6047 6044 
3 6040 6039 6047 
3 6048 6040 6047 
3 6036 6040 6048 
3 6050 6049 2875 
3 2875 2876 6050 
3 6050 2876 6051 
3 6050 6051 5932 
3 6051 6052 5932 
3 6053 6051 2885 
3 2885 6051 2876 
3 6051 6053 6052 
3 6053 6059 6052 
3 2999 6053 2885 
3 6054 6053 2999 
3 6053 6055 6059 
3 6053 6054 6055 
3 6052 6056 5932 
3 5938 6056 6057 
3 6056 6052 6059 
3 6057 6056 6059 
3 5938 6057 5939 
3 6058 6078 6057 
3 6078 5939 6057 
3 6060 6080 6058 
3 6057 6059 6058 
3 6059 6060 6058 
3 6060 6096 6080 
3 6054 6213 6055 
3 6061 6055 6213 
3 6061 6059 6055 
3 6060 6059 6061 
3 6096 6060 6061 
3 6061 6213 6214 
3 6486 6064 6490 
3 6063 6064 6486 
3 6214 6229 6061 
3 6065 6078 6067 
3 6067 6066 6065 
3 6067 6068 6066 
3 6068 6070 6069 
3 6084 6083 6069 
3 6079 6067 6078 
3 6067 6070 6068 
3 6079 6070 6067 
3 6070 6086 6069 
3 6086 6084 6069 
3 6081 6086 6070 
3 6072 6068 6076 
3 6072 6076 6074 
3 6074 6076 6071 
3 6066 6072 5950 
3 6066 5950 5954 
3 6068 6072 6066 
3 5950 6072 6073 
3 6072 6074 6073 
3 6076 6077 6075 
3 6068 6069 6076 
3 6076 6069 6077 
3 6077 6083 6023 
3 6077 6069 6083 
3 6077 6023 6021 
3 6076 6075 6071 
3 6075 6207 6071 
3 5939 6078 6065 
3 6078 6058 6079 
3 6058 6080 6079 
3 6096 6097 6081 
3 6096 6081 6080 
3 6079 6080 6081 
3 6079 6081 6070 
3 6081 6097 6082 
3 6083 6085 6036 
3 6084 6085 6083 
3 6087 6086 6081 
3 6088 6086 6087 
3 6088 6084 6086 
3 6085 6084 6088 
3 6093 6085 6088 
3 6062 5985 6041 
3 6062 6041 6089 
3 6063 6062 6089 
3 6085 6042 6036 
3 6090 6042 6085 
3 6093 6090 6085 
3 6041 5985 6042 
3 6041 6042 6090 
3 6089 6041 6090 
3 6063 6092 6064 
3 6089 6092 6063 
3 6089 6091 6092 
3 6091 6090 6093 
3 6101 6091 6093 
3 6090 6091 6089 
3 6101 6092 6091 
3 6087 6094 6088 
3 6087 6104 6094 
3 6094 6109 6093 
3 6088 6094 6093 
3 6095 6093 6109 
3 6082 6087 6081 
3 6105 6087 6082 
3 6097 6099 6082 
3 6082 6099 6105 
3 6061 6098 6096 
3 6096 6098 6097 
3 6229 6098 6061 
3 6098 6100 6097 
3 6100 6099 6097 
3 6098 6229 6100 
3 6092 6102 6503 
3 6092 6101 6102 
3 6103 6102 6101 
3 6104 6087 6105 
3 6099 6108 6105 
3 6105 6108 6104 
3 6094 6104 6108 
3 6106 6099 6100 
3 6108 6099 6107 
3 6099 6106 6107 
3 6235 6107 6106 
3 6095 6101 6093 
3 6095 6109 6111 
3 6103 6101 6095 
3 6103 6095 6110 
3 6095 6111 6110 
3 6113 6109 6094 
3 6113 6111 6109 
3 6110 6111 6114 
3 6110 6112 6103 
3 6113 6094 6108 
3 6107 6113 6108 
3 6235 6113 6107 
3 6111 6113 6114 
3 6235 6114 6113 
3 6235 6236 6114 
3 6110 6114 6112 
3 6112 6114 6115 
3 5880 5881 6116 
3 5881 6118 6116 
3 6116 6117 5880 
3 6129 6121 6119 
3 6116 6118 6119 
3 6116 6119 6117 
3 6117 6119 6122 
3 6119 6120 6122 
3 6119 6118 6129 
3 6121 6120 6119 
3 6133 6134 6129 
3 6129 6134 6121 
3 6121 6123 6120 
3 6120 6123 6124 
3 6122 6120 6124 
3 6121 6134 6123 
3 6134 6149 6123 
3 5896 6125 5895 
3 5895 5240 5237 
3 5237 6126 5897 
3 5897 6126 5898 
3 5237 5238 6126 
3 5238 6132 6126 
3 5895 6125 5241 
3 6125 6127 5241 
3 6127 6128 5241 
3 6128 6127 6181 
3 6129 6118 5898 
3 5898 6126 6129 
3 5896 6130 6125 
3 5946 6131 6130 
3 6125 6130 6127 
3 6130 6131 6127 
3 6131 6181 6127 
3 6133 6132 5235 
3 6134 6133 5235 
3 6128 6136 5248 
3 6132 6133 6126 
3 5235 6135 6134 
3 6135 6161 6134 
3 6161 6166 6134 
3 5254 6172 5253 
3 6181 6136 6128 
3 6136 6181 6138 
3 5254 5248 6136 
3 5254 6136 6172 
3 6129 6126 6133 
3 6149 6134 6166 
3 6181 6137 6138 
3 6137 6181 6182 
3 6172 6136 6138 
3 6139 6172 6138 
3 6137 6139 6138 
3 6141 5665 5913 
3 6141 5833 5665 
3 5880 6117 6144 
3 5913 5914 6141 
3 6141 5914 6140 
3 6143 5833 6141 
3 6141 6142 6143 
3 6142 6141 6140 
3 5842 5833 6143 
3 5845 6143 6142 
3 6144 6117 6145 
3 6145 6117 6146 
3 6151 6147 6145 
3 6146 6117 6122 
3 6146 6151 6145 
3 6140 5918 6142 
3 5838 6142 5852 
3 6142 5838 5845 
3 6122 6124 6148 
3 6146 6122 6148 
3 6146 6148 6154 
3 6149 6124 6123 
3 6124 6149 6148 
3 6148 6149 6154 
3 6152 6151 6146 
3 6147 6150 5928 
3 6151 6150 6147 
3 5928 6150 6017 
3 6151 6152 6150 
3 6150 6152 6153 
3 6150 6153 6200 
3 6154 6152 6146 
3 6154 6149 6175 
3 6154 6175 6155 
3 6137 6192 6139 
3 6152 6154 6156 
3 6156 6153 6152 
3 6154 6157 6156 
3 6154 6155 6157 
3 6204 6156 6157 
3 6200 6153 6204 
3 6153 6156 6204 
3 6159 6155 6158 
3 6157 6205 6204 
3 6159 6157 6155 
3 6205 6157 6159 
3 6196 6205 6159 
3 6135 5253 6160 
3 6161 6135 6160 
3 5255 6163 6160 
3 6164 6163 6162 
3 6168 6164 6162 
3 6160 6164 6161 
3 6160 6163 6164 
3 5255 6160 6165 
3 6164 6166 6161 
3 6169 6160 5253 
3 5253 6172 6169 
3 6168 6165 6169 
3 6169 6165 6160 
3 6169 6164 6168 
3 6162 6167 6168 
3 5255 6165 6167 
3 6165 6168 6167 
3 6164 6170 6166 
3 6170 6164 6169 
3 6169 6172 6173 
3 6169 6173 6170 
3 6170 6171 6166 
3 6166 6171 6149 
3 6173 6174 6170 
3 6174 6171 6170 
3 6173 6172 6174 
3 6172 6139 6178 
3 6172 6178 6174 
3 6149 6171 6175 
3 6176 6175 6171 
3 6174 6177 6171 
3 6176 6171 6177 
3 6155 6175 6158 
3 6158 6175 6176 
3 6192 6178 6139 
3 6174 6178 6177 
3 6178 6180 6177 
3 6180 6158 6176 
3 6176 6177 6180 
3 6178 6179 6180 
3 6159 6158 6180 
3 6179 6159 6180 
3 6179 6196 6159 
3 5946 6183 6131 
3 6182 6181 6131 
3 6183 6182 6131 
3 6183 6184 6182 
3 6191 6182 6184 
3 5948 6185 5946 
3 5946 6185 6183 
3 6185 6184 6183 
3 5948 5958 6185 
3 5958 6199 6185 
3 6185 6199 6186 
3 6185 6186 6184 
3 6199 6187 6186 
3 5950 6189 5951 
3 6189 6210 6188 
3 5951 6189 6188 
3 6197 6187 6188 
3 6190 6197 6188 
3 5951 6187 6199 
3 6188 6187 5951 
3 6209 6190 6210 
3 6210 6190 6188 
3 6182 6191 6137 
3 6186 6193 6191 
3 6186 6191 6184 
3 6192 6137 6191 
3 6191 6193 6192 
3 6193 6194 6192 
3 6186 6187 6193 
3 6211 6196 6195 
3 6195 6209 6211 
3 6193 6198 6194 
3 6198 6195 6196 
3 6197 6190 6195 
3 6193 6187 6197 
3 6190 6209 6195 
3 6193 6197 6198 
3 6198 6197 6195 
3 5958 5951 6199 
3 6192 6194 6178 
3 6194 6179 6178 
3 6194 6198 6179 
3 6198 6196 6179 
3 6201 6017 6150 
3 6150 6200 6201 
3 6017 6201 6024 
3 6201 6202 6024 
3 6200 6203 6201 
3 6203 6202 6201 
3 6207 6024 6202 
3 6200 6204 6205 
3 6203 6200 6211 
3 6200 6205 6211 
3 6211 6205 6196 
3 6206 6208 6202 
3 6074 6208 6206 
3 6207 6208 6071 
3 6202 6208 6207 
3 6074 6071 6208 
3 6209 6203 6211 
3 6203 6209 6206 
3 6206 6202 6203 
3 5950 6073 6189 
3 6189 6073 6210 
3 6073 6206 6210 
3 6074 6206 6073 
3 6210 6206 6209 
3 3000 6212 2999 
3 3000 6216 6212 
3 6054 2999 6212 
3 6212 6213 6054 
3 6215 6213 6212 
3 6214 6213 6215 
3 6212 6216 6215 
3 6216 6218 6215 
3 3002 6222 6216 
3 6222 6217 6216 
3 6218 6214 6215 
3 6218 6219 6214 
3 6219 6229 6214 
3 6217 6218 6216 
3 6217 6220 6218 
3 6221 6219 6220 
3 6220 6219 6218 
3 6219 6221 6231 
3 3002 3008 6222 
3 3008 6223 6222 
3 6223 6217 6222 
3 3008 3009 6223 
3 3009 6226 6223 
3 6246 6226 3009 
3 6217 6223 6220 
3 6223 6224 6220 
3 6224 6223 6226 
3 6220 6224 6221 
3 6224 6225 6221 
3 6226 6227 6224 
3 6227 6225 6224 
3 6227 6228 6225 
3 6231 6229 6219 
3 6229 6230 6100 
3 6100 6230 6106 
3 6229 6231 6230 
3 6231 6232 6230 
3 6221 6233 6231 
3 6241 6233 6225 
3 6225 6233 6221 
3 6233 6232 6231 
3 6232 6234 6239 
3 6233 6243 6232 
3 6243 6234 6232 
3 6230 6235 6106 
3 6237 6235 6230 
3 6232 6239 6230 
3 6237 6230 6239 
3 6236 6235 6237 
3 6240 6237 6239 
3 6240 6528 6237 
3 6234 6244 6239 
3 6238 6239 6244 
3 6244 6536 6238 
3 6239 6238 6240 
3 6225 6242 6241 
3 6241 6243 6233 
3 6242 6243 6241 
3 6243 6245 6234 
3 6225 6228 6242 
3 6234 6245 6244 
3 6250 6226 6246 
3 6247 6250 6246 
3 6246 3035 6248 
3 6253 6248 3036 
3 6248 6247 6246 
3 6253 6249 6247 
3 6249 6251 6247 
3 6253 6247 6248 
3 6250 6227 6226 
3 6547 6250 6247 
3 6250 6547 6227 
3 6251 6547 6247 
3 6251 6252 6547 
3 6253 6254 6249 
3 6253 3043 6255 
3 6253 6255 6254 
3 6254 6251 6249 
3 6255 6568 6256 
3 3131 6255 3043 
3 3131 6258 6255 
3 6255 6258 6568 
3 6254 6256 6251 
3 6254 6255 6256 
3 6252 6251 6256 
3 6115 6114 6236 
3 6257 6115 6236 
3 6237 6257 6236 
3 6237 6528 6257 
3 3131 6575 6258 
3 3151 6259 6262 
3 6262 6260 6264 
3 6262 6259 6260 
3 6260 6271 6264 
3 6262 6264 6263 
3 6263 6264 6265 
3 6264 6271 6272 
3 6265 6264 6272 
3 6263 6265 6266 
3 6266 3165 6263 
3 6265 6267 6266 
3 6268 3170 3165 
3 3165 6266 6268 
3 3170 6268 3171 
3 6282 3171 6268 
3 3168 3171 6282 
3 6282 6268 6269 
3 6268 6266 6267 
3 6267 6269 6268 
3 6269 6267 6270 
3 6271 6285 6272 
3 6261 6285 6271 
3 6272 6292 6265 
3 6292 6267 6265 
3 6272 6285 6286 
3 6286 6292 6272 
3 6288 6292 6286 
3 6270 6267 6292 
3 6273 6274 6259 
3 6259 6274 6260 
3 6274 6261 6260 
3 6260 6261 6271 
3 3315 6275 6273 
3 6273 6275 6274 
3 6277 6276 3315 
3 3315 6276 6275 
3 6281 6274 6275 
3 6281 6275 6276 
3 6281 6276 6290 
3 3319 6280 6277 
3 6277 6280 6279 
3 6277 6278 6276 
3 6277 6279 6278 
3 3324 6280 3323 
3 6279 6280 6297 
3 6280 3324 6297 
3 6276 6278 6290 
3 6283 6261 6274 
3 6281 6283 6274 
3 6269 6619 6613 
3 6269 6613 6282 
3 6285 6261 6283 
3 6283 6287 6285 
3 6283 6284 6287 
3 6285 6287 6286 
3 6286 6305 6288 
3 6287 6289 6286 
3 6286 6289 6305 
3 6284 6283 6281 
3 6290 6284 6281 
3 6290 6291 6284 
3 6301 6291 6290 
3 6291 6287 6284 
3 6291 6289 6287 
3 6301 6307 6291 
3 6313 6307 6301 
3 6270 6294 6619 
3 6270 6288 6294 
3 6270 6292 6288 
3 6269 6270 6619 
3 6294 6621 6619 
3 6288 6293 6294 
3 6288 6309 6293 
3 6294 6296 6621 
3 6294 6293 6295 
3 6294 6295 6296 
3 6329 6297 3324 
3 6298 6297 6329 
3 6297 6298 6279 
3 6299 6290 6278 
3 6278 6302 6299 
3 6299 6301 6290 
3 6300 6301 6299 
3 6302 6300 6299 
3 6279 6334 6278 
3 6278 6334 6302 
3 6298 6334 6279 
3 6298 6333 6334 
3 6302 6303 6300 
3 6334 6303 6302 
3 6288 6305 6309 
3 6305 6310 6309 
3 6289 6306 6305 
3 6306 6310 6305 
3 6308 6310 6306 
3 6291 6306 6289 
3 6306 6291 6307 
3 6307 6308 6306 
3 6309 6310 6293 
3 6293 6310 6311 
3 6308 6311 6310 
3 6307 6312 6308 
3 6311 6308 6312 
3 6313 6312 6307 
3 6312 6313 6319 
3 6295 6293 6311 
3 6311 6641 6295 
3 6322 6311 6312 
3 6322 6641 6311 
3 6319 6322 6312 
3 6314 6313 6301 
3 6313 6314 6316 
3 6300 6314 6301 
3 6320 6314 6300 
3 6316 6314 6320 
3 6316 6317 6315 
3 6303 6320 6300 
3 6303 6324 6320 
3 6303 6304 6324 
3 6319 6313 6316 
3 6319 6316 6318 
3 6323 6318 6315 
3 6315 6318 6316 
3 6316 6320 6317 
3 6323 6319 6318 
3 6323 6322 6319 
3 6328 6322 6323 
3 6323 6321 6328 
3 6325 6639 6326 
3 6324 6327 6320 
3 6327 6317 6320 
3 6317 6327 6321 
3 6324 6325 6327 
3 6327 6326 6328 
3 6327 6328 6321 
3 6325 6326 6327 
3 6323 6315 6321 
3 6321 6315 6317 
3 3369 6329 3324 
3 6330 6329 3369 
3 6330 3369 3374 
3 6330 6298 6329 
3 6298 6330 6331 
3 3374 6331 6330 
3 4619 6643 3379 
3 6645 6332 3379 
3 3379 6643 6645 
3 6331 3374 3376 
3 6331 3376 6332 
3 6332 3376 3379 
3 6331 6333 6298 
3 6303 6334 6333 
3 6333 6335 6303 
3 6333 6331 6332 
3 6335 6333 6332 
3 6645 6646 6332 
3 6332 6646 6335 
3 6304 6303 6335 
3 6336 6304 6335 
3 6335 6646 6336 
3 6336 6646 6639 
3 6324 6336 6325 
3 6324 6304 6336 
3 6336 6639 6325 
3 6337 6340 6338 
3 6338 6340 6377 
3 6340 6339 6377 
3 6340 6414 6339 
3 6341 6386 6348 
3 6387 6348 6347 
3 6387 6341 6348 
3 6342 6387 6347 
3 6387 6342 6390 
3 6343 6390 6342 
3 6359 6345 6358 
3 6358 6345 6361 
3 6346 6349 6344 
3 6344 6349 6345 
3 6346 6350 6349 
3 6349 6361 6345 
3 6344 6347 6346 
3 6346 6347 6348 
3 6346 6348 6350 
3 6350 6348 6394 
3 6386 6394 6348 
3 6353 6359 6363 
3 6345 6359 6353 
3 6345 6352 6344 
3 6353 6352 6345 
3 6352 6353 6354 
3 6354 6353 6356 
3 6347 6344 6352 
3 6342 6347 6352 
3 6354 6342 6352 
3 6343 6342 6355 
3 6342 6354 6355 
3 6355 6354 6356 
3 6355 6356 6357 
3 6358 6360 6359 
3 6359 6360 6363 
3 6362 6360 6358 
3 6361 6362 6358 
3 6349 6362 6361 
3 6350 6362 6349 
3 6362 6350 6351 
3 6363 6360 6364 
3 6356 6353 6365 
3 6353 6363 6365 
3 6364 6365 6363 
3 6364 6360 6362 
3 6365 6364 6362 
3 6357 6365 6351 
3 6351 6365 6362 
3 6357 6356 6365 
3 3742 6371 6372 
3 3723 6366 6368 
3 3723 6367 3724 
3 3723 6368 6367 
3 6368 6337 6338 
3 6369 6368 6338 
3 6370 6368 6369 
3 6369 6338 6377 
3 6366 6337 6368 
3 6370 6367 6368 
3 6376 6367 6370 
3 6371 3742 3725 
3 6371 6373 6372 
3 6388 6372 6397 
3 6372 6373 6380 
3 6367 6371 3724 
3 6367 6373 6371 
3 6373 6367 6374 
3 6374 6380 6373 
3 6370 6369 6375 
3 6375 6369 6377 
3 6375 6376 6370 
3 6339 6378 6377 
3 6339 6419 6378 
3 6421 6378 6419 
3 6419 6379 6421 
3 6375 6378 6421 
3 6375 6377 6378 
3 6374 6367 6376 
3 6376 6375 6382 
3 6376 6382 6374 
3 6380 6374 6381 
3 6374 6382 6381 
3 6382 6413 6381 
3 6375 6421 6382 
3 6384 3739 6383 
3 6386 6385 6388 
3 6386 6341 6385 
3 6385 6341 6384 
3 6384 6341 6387 
3 6387 6392 6384 
3 6385 6389 6388 
3 3742 6372 6389 
3 6389 6372 6388 
3 6389 6384 6383 
3 6384 6392 3739 
3 6389 6385 6384 
3 6392 6387 6390 
3 6391 6392 6390 
3 6391 6390 6343 
3 3739 6392 3745 
3 3745 6392 3746 
3 3746 6392 6410 
3 6392 6391 6410 
3 6402 6410 6391 
3 6410 6402 6405 
3 6388 6393 6386 
3 6393 6394 6386 
3 6350 6394 6351 
3 6351 6394 6396 
3 6393 6395 6394 
3 6394 6395 6396 
3 6388 6397 6393 
3 6397 6398 6393 
3 6399 6405 6400 
3 6398 6395 6393 
3 6400 6396 6395 
3 6398 6399 6395 
3 6399 6400 6395 
3 6343 6355 6402 
3 6391 6343 6402 
3 6402 6355 6401 
3 6400 6402 6401 
3 6401 6357 6351 
3 6351 6396 6401 
3 6357 6401 6355 
3 6396 6400 6401 
3 6400 6405 6402 
3 3751 3746 6403 
3 6410 6403 3746 
3 3751 6403 3752 
3 3752 6403 6406 
3 6372 6412 6397 
3 6403 6410 6406 
3 6406 6405 6412 
3 6404 6406 6412 
3 6405 6406 6410 
3 3752 6406 6407 
3 6409 6407 6406 
3 6409 6406 6404 
3 6407 6409 6408 
3 3752 6411 3755 
3 3752 6407 6411 
3 6407 6408 6411 
3 6398 6397 6412 
3 6412 6372 6380 
3 6381 6404 6380 
3 6404 6412 6380 
3 6398 6412 6399 
3 6405 6399 6412 
3 6381 6409 6404 
3 6409 6381 6413 
3 6408 6409 6413 
3 6416 6340 6337 
3 6414 6340 6416 
3 3642 6415 6366 
3 6415 6337 6366 
3 6416 6337 6415 
3 3917 6417 6415 
3 3946 6417 3917 
3 6415 6417 6416 
3 6417 6418 6416 
3 6428 6418 6417 
3 6414 6419 6339 
3 6414 6420 6419 
3 6416 6422 6414 
3 6422 6420 6414 
3 6419 6420 6379 
3 6426 6421 6379 
3 6424 6426 6420 
3 6379 6420 6426 
3 6418 6422 6416 
3 6424 6420 6422 
3 6437 6426 6424 
3 6437 6423 6426 
3 6425 6413 6382 
3 6382 6421 6425 
3 6426 6425 6421 
3 6426 6427 6425 
3 6427 6423 6444 
3 6434 6444 6423 
3 6423 6427 6426 
3 3946 6428 6417 
3 6428 6436 6418 
3 6432 6438 6436 
3 6432 6436 6428 
3 3947 6428 3946 
3 6430 6428 3947 
3 6430 6429 6428 
3 6430 6431 6429 
3 6429 6432 6428 
3 6451 6433 3949 
3 6432 6433 6438 
3 6438 6433 6434 
3 6433 6451 6434 
3 6435 6431 4002 
3 6431 6435 6429 
3 6433 6435 3949 
3 6432 6429 6433 
3 6429 6435 6433 
3 6418 6436 6422 
3 6424 6422 6436 
3 6437 6436 6438 
3 6436 6437 6424 
3 6438 6423 6437 
3 6438 6434 6423 
3 3950 3755 6439 
3 3755 6411 6439 
3 6439 6411 6649 
3 6408 6442 6449 
3 6408 6449 6411 
3 6411 6449 6649 
3 6441 3951 6648 
3 6449 6450 6649 
3 6440 6450 6448 
3 6427 6443 6425 
3 6443 6413 6425 
3 6443 6442 6413 
3 6413 6442 6408 
3 6444 6443 6427 
3 6445 6443 6444 
3 6447 6444 6434 
3 6444 6447 6445 
3 6446 6442 6443 
3 6445 6446 6443 
3 6445 6448 6446 
3 6445 6447 6448 
3 6449 6442 6450 
3 6442 6446 6450 
3 6448 6450 6446 
3 6451 3959 6452 
3 6453 6452 3959 
3 6434 6451 6452 
3 6434 6452 6447 
3 6447 6452 6453 
3 6448 6447 6453 
3 3959 6441 6453 
3 6453 6441 6448 
3 6441 6440 6448 
3 6454 6431 6430 
3 6455 6431 6454 
3 3998 6455 6454 
3 4001 6455 3998 
3 4003 6435 4002 
3 6455 4002 6431 
3 6457 6456 4107 
3 6457 4108 6464 
3 6456 6457 6464 
3 6466 6458 6464 
3 4115 6460 6459 
3 4916 6461 6460 
3 6460 4115 4916 
3 6461 6462 6463 
3 6461 6671 6462 
3 6460 6461 6467 
3 6467 6459 6460 
3 6461 6463 6467 
3 6467 6463 6470 
3 4108 4115 6465 
3 6464 4108 6466 
3 6466 4108 6465 
3 6459 6465 4115 
3 6468 6466 6465 
3 6458 6466 6479 
3 6468 4213 6466 
3 4213 6479 6466 
3 6467 6470 6465 
3 6467 6465 6459 
3 6465 6470 6468 
3 4213 6468 6663 
3 6472 6468 6470 
3 6472 6470 6471 
3 6469 6468 6472 
3 6470 6463 6471 
3 6462 6670 6463 
3 6670 6471 6463 
3 6462 6671 6473 
3 6670 6462 6473 
3 6665 6472 6471 
3 6670 6665 6471 
3 4106 6456 6474 
3 6474 6456 6475 
3 4200 4106 6474 
3 4200 6474 6476 
3 4200 6476 6477 
3 6474 6475 6476 
3 6464 6475 6456 
3 6458 6475 6464 
3 6458 6478 6475 
3 6478 6458 4201 
3 6478 6476 6475 
3 6478 6477 6476 
3 4201 4206 6478 
3 4205 6477 6478 
3 6478 4206 4205 
3 6479 4211 4201 
3 6479 4201 6458 
3 4213 4212 6479 
3 2840 5982 4267 
3 4270 4267 6480 
3 4267 5982 6480 
3 6481 6480 5982 
3 6480 6482 4270 
3 6480 6481 6482 
3 6481 6483 6482 
3 6481 6484 6483 
3 4270 6485 4287 
3 4270 6482 6485 
3 4287 6485 6487 
3 6485 6482 6483 
3 6488 6485 6483 
3 6488 6483 6486 
3 6487 6485 6489 
3 6485 6488 6489 
3 6490 6489 6488 
3 6486 6483 6063 
3 6483 6484 6063 
3 6063 6484 6062 
3 6488 6486 6490 
3 4295 6487 6491 
3 6487 6489 6491 
3 6493 4295 6491 
3 6489 6492 6491 
3 6489 6497 6492 
3 6492 6495 6491 
3 6493 6491 6494 
3 4356 6493 6494 
3 6495 6494 6491 
3 6494 6495 6505 
3 4356 6494 6505 
3 6497 6489 6490 
3 6497 6490 6496 
3 6492 6497 6500 
3 6500 6497 6498 
3 6490 6064 6496 
3 6497 6496 6498 
3 6500 6495 6492 
3 6495 6500 6501 
3 6501 6500 6502 
3 6500 6498 6502 
3 6064 6092 6503 
3 6503 6496 6064 
3 6496 6503 6498 
3 6498 6503 6499 
3 6503 6102 6499 
3 6499 6102 6504 
3 6498 6499 6502 
3 6504 6502 6499 
3 6504 6520 6502 
3 6502 6520 6510 
3 6103 6504 6102 
3 6103 6523 6504 
3 6103 6112 6523 
3 6112 6115 6526 
3 6495 6509 6505 
3 4356 6505 4357 
3 6507 4357 6505 
3 6505 6509 6506 
3 4358 4357 6507 
3 6507 6505 6506 
3 6506 6508 6507 
3 6495 6501 6509 
3 6509 6501 6511 
3 6501 6510 6511 
3 6501 6502 6510 
3 6509 6512 6506 
3 6509 6511 6512 
3 6508 6506 6512 
3 6512 6511 6513 
3 6516 6512 6513 
3 6516 6513 6522 
3 4363 4358 6514 
3 4358 6507 6514 
3 6514 6507 6508 
3 4363 6514 6515 
3 4378 4363 6515 
3 6515 6514 6508 
3 6541 6515 6554 
3 6515 6508 6554 
3 6508 6518 6554 
3 6512 6516 6508 
3 6508 6516 6518 
3 6516 6522 6517 
3 6518 6516 6517 
3 6518 6517 6519 
3 6517 6522 6532 
3 6517 6531 6519 
3 6531 6556 6519 
3 6520 6504 6523 
3 6520 6523 6521 
3 6520 6521 6535 
3 6520 6535 6513 
3 6539 6535 6521 
3 6510 6513 6511 
3 6510 6520 6513 
3 6522 6513 6535 
3 6525 6523 6112 
3 6524 6523 6525 
3 6521 6523 6524 
3 6525 6112 6526 
3 6524 6525 6526 
3 6524 6527 6521 
3 6238 6527 6524 
3 6536 6527 6238 
3 6527 6539 6521 
3 6524 6528 6240 
3 6238 6524 6240 
3 6526 6528 6524 
3 6242 6533 6243 
3 6243 6533 6245 
3 6228 6529 6533 
3 6530 6529 6228 
3 6530 6532 6529 
3 6530 6531 6532 
3 6228 6533 6242 
3 6538 6533 6529 
3 6529 6534 6538 
3 6529 6532 6534 
3 6522 6534 6532 
3 6534 6522 6535 
3 6538 6535 6539 
3 6534 6535 6538 
3 6517 6532 6531 
3 6537 6527 6536 
3 6244 6537 6536 
3 6245 6540 6244 
3 6540 6537 6244 
3 6539 6527 6537 
3 6540 6539 6537 
3 6245 6533 6540 
3 6538 6539 6540 
3 6538 6540 6533 
3 4378 6515 6541 
3 4378 6541 6543 
3 6543 6541 6542 
3 6541 6554 6555 
3 6541 6555 6542 
3 6544 4378 6543 
3 6544 6543 6545 
3 6543 6542 6557 
3 6545 6543 6557 
3 6545 6557 6546 
3 6228 6227 6548 
3 6228 6548 6530 
3 6548 6227 6547 
3 6550 6548 6547 
3 6549 6530 6548 
3 6550 6547 6551 
3 6547 6252 6551 
3 6551 6573 6550 
3 6573 6549 6550 
3 6552 6573 6551 
3 6574 6573 6552 
3 6252 6553 6551 
3 6553 6552 6551 
3 6554 6518 6519 
3 6554 6519 6555 
3 6542 6555 6558 
3 6556 6558 6555 
3 6555 6519 6556 
3 6558 6546 6557 
3 6558 6557 6542 
3 6546 6558 6552 
3 6553 6546 6552 
3 6558 6556 6574 
3 6574 6552 6558 
3 6577 6561 6560 
3 6544 6545 6562 
3 6562 6545 6566 
3 6544 6562 6563 
3 6544 6563 4385 
3 4385 6563 4386 
3 6562 6566 6560 
3 6560 6563 6562 
3 6583 6563 6561 
3 6561 6563 6560 
3 6568 6564 6256 
3 6553 6564 6565 
3 6546 6565 6566 
3 6569 6566 6565 
3 6565 6570 6569 
3 6565 6546 6553 
3 6256 6564 6252 
3 6252 6564 6553 
3 6565 6564 6567 
3 6570 6565 6567 
3 6258 6559 6568 
3 6569 6571 6568 
3 6568 6559 6569 
3 6560 6566 6569 
3 6569 6570 6571 
3 6559 6577 6569 
3 6577 6560 6569 
3 6568 6571 6564 
3 6564 6571 6567 
3 6570 6567 6571 
3 6566 6545 6546 
3 6548 6550 6549 
3 6530 6572 6531 
3 6549 6573 6572 
3 6573 6574 6572 
3 6549 6572 6530 
3 6572 6556 6531 
3 6574 6556 6572 
3 6526 6115 6257 
3 6528 6526 6257 
3 6575 6576 6258 
3 6575 6579 6576 
3 6576 6579 6578 
3 6576 6559 6258 
3 6577 6576 6578 
3 6577 6578 6561 
3 6559 6576 6577 
3 6581 6578 6579 
3 6581 6580 6582 
3 6581 6579 6580 
3 6578 6584 6583 
3 4386 6563 6583 
3 4457 4386 6584 
3 4386 6583 6584 
3 6578 6583 6561 
3 6581 6584 6578 
3 6582 6587 6584 
3 6581 6582 6584 
3 4457 6584 6587 
3 6585 6582 6580 
3 4459 6585 6580 
3 4462 6585 4459 
3 6590 6585 4462 
3 4462 4494 6586 
3 4462 6586 6590 
3 6588 6582 6585 
3 6588 6587 6582 
3 6588 6589 6587 
3 6590 6588 6585 
3 6591 6590 6586 
3 6591 6588 6590 
3 6586 4464 6591 
3 4464 6589 6591 
3 6591 6589 6588 
3 6593 3166 6600 
3 4491 6593 4493 
3 4493 6592 6595 
3 4493 6593 6592 
3 6600 6594 6593 
3 6592 6593 6594 
3 6586 4494 4464 
3 6596 6595 6592 
3 6592 6597 6596 
3 6606 6594 6600 
3 6596 6597 6598 
3 6606 6608 6598 
3 6592 6594 6597 
3 6597 6594 6598 
3 6606 6598 6594 
3 3166 3167 6599 
3 6600 3166 6599 
3 6600 6599 6607 
3 6599 6604 6601 
3 6607 6599 6602 
3 6599 6601 6602 
3 6602 6601 6604 
3 6604 6610 6602 
3 3168 6282 6603 
3 6282 6613 6603 
3 3168 6604 6599 
3 3168 6603 6604 
3 6603 6610 6604 
3 6606 6600 6607 
3 6607 6608 6606 
3 6607 6602 6608 
3 6610 6609 6602 
3 6609 6608 6602 
3 6603 6605 6610 
3 6611 6610 6605 
3 6610 6611 6609 
3 6611 6612 6609 
3 6595 6596 4496 
3 6598 4496 6596 
3 4505 4496 6598 
3 6598 4515 4505 
3 4515 6598 6608 
3 6609 4515 6608 
3 4515 6609 4516 
3 4516 6612 4517 
3 6612 6640 4517 
3 6609 6612 4516 
3 6614 6605 6603 
3 6614 6603 6613 
3 6614 6611 6605 
3 6615 6611 6614 
3 6616 6612 6611 
3 6611 6615 6616 
3 6615 6617 6616 
3 6615 6626 6617 
3 6617 6626 6618 
3 6619 6614 6613 
3 6623 6614 6619 
3 6620 6614 6623 
3 6619 6621 6623 
3 6296 6622 6621 
3 6622 6623 6621 
3 6624 6623 6622 
3 6625 6620 6623 
3 6624 6625 6623 
3 6296 6295 6637 
3 6614 6620 6615 
3 6620 6626 6615 
3 6625 6626 6620 
3 6634 6626 6625 
3 6642 4577 4578 
3 4579 6627 4578 
3 6628 6642 4578 
3 6628 4578 6627 
3 6628 6627 6629 
3 6644 6642 6628 
3 6629 6644 6628 
3 6632 4593 6631 
3 6632 6631 6630 
3 6618 6631 4593 
3 4579 6630 6627 
3 6631 6627 6630 
3 6634 6629 6631 
3 6631 6629 6627 
3 6296 6633 6622 
3 6633 6635 6622 
3 6635 6624 6622 
3 6635 6636 6624 
3 6636 6625 6624 
3 6635 6638 6629 
3 6634 6636 6629 
3 6629 6636 6635 
3 6633 6296 6637 
3 6326 6633 6637 
3 6638 6635 6633 
3 6638 6647 6644 
3 6644 6629 6638 
3 6633 6326 6638 
3 6638 6326 6647 
3 6636 6634 6625 
3 6626 6634 6618 
3 6634 6631 6618 
3 6612 6616 6640 
3 4585 6640 6617 
3 6640 6616 6617 
3 4588 6617 4593 
3 6618 4593 6617 
3 6637 6295 6641 
3 6637 6641 6326 
3 6641 6322 6328 
3 6326 6641 6328 
3 6639 6647 6326 
3 6643 4619 6642 
3 6643 6644 6645 
3 6643 6642 6644 
3 6647 6646 6644 
3 6646 6645 6644 
3 6646 6647 6639 
3 4705 6439 6648 
3 6439 6649 6648 
3 6441 6648 6440 
3 6648 6649 6440 
3 6450 6440 6649 
3 6650 6651 4899 
3 6654 6651 6662 
3 4916 6652 6461 
3 6652 4916 4902 
3 6651 6653 4899 
3 6653 6651 6654 
3 6652 4902 6654 
3 6654 4902 6653 
3 6671 6652 6672 
3 6656 6654 6662 
3 6654 6657 6652 
3 6654 6656 6657 
3 6657 6672 6652 
3 6662 6655 6656 
3 6655 6679 6656 
3 6656 6658 6657 
3 6672 6657 6659 
3 6657 6658 6659 
3 6659 6658 6660 
3 6650 4915 6661 
3 6650 6661 6651 
3 6651 6661 6662 
3 6662 6661 5297 
3 6662 5294 6655 
3 5294 6662 5297 
3 5294 6679 6655 
3 6652 6671 6461 
3 6468 6469 6663 
3 6663 6664 4917 
3 6663 6469 6664 
3 6666 6469 6472 
3 6665 6666 6472 
3 6666 6664 6469 
3 6664 6667 4919 
3 6669 6668 6667 
3 6669 6667 6664 
3 6669 6664 6666 
3 6672 6473 6671 
3 6674 6473 6672 
3 6673 6670 6473 
3 6659 6674 6672 
3 6674 6660 6677 
3 6659 6660 6674 
3 6675 6673 6674 
3 6674 6673 6473 
3 6677 6675 6674 
3 6670 6673 6665 
3 6673 6666 6665 
3 6669 6666 6673 
3 6675 6669 6673 
3 6669 6675 6668 
3 6667 6668 6676 
3 4924 6667 6676 
3 4924 6697 4954 
3 6697 4924 6676 
3 4924 4919 6667 
3 6676 6701 6697 
3 6675 6678 6701 
3 6678 6675 6677 
3 6668 6701 6676 
3 6701 6678 6702 
3 6703 6702 6678 
3 6701 6668 6675 
3 6679 6684 6680 
3 6684 6689 6680 
3 6689 6681 6680 
3 6679 6680 6656 
3 6680 6682 6656 
3 6681 6682 6680 
3 6682 6658 6656 
3 6658 6682 6660 
3 6683 6660 6682 
3 6683 6682 6681 
3 6679 5294 6684 
3 6684 6685 6689 
3 6690 6681 6689 
3 6686 6696 6683 
3 6696 6688 6687 
3 6686 6688 6696 
3 6690 6683 6681 
3 6686 6683 6690 
3 6688 6686 6690 
3 6688 6717 6687 
3 6717 6688 6695 
3 5344 6689 6685 
3 6689 5344 6690 
3 6690 5344 6691 
3 5345 6691 5344 
3 6691 6695 6690 
3 6692 6691 5345 
3 6692 6695 6691 
3 6720 6695 6692 
3 5347 6693 5345 
3 6693 6692 5345 
3 6694 6693 5347 
3 6688 6690 6695 
3 6683 6696 6660 
3 6660 6696 6677 
3 6677 6696 6678 
3 6696 6687 6678 
3 6703 6678 6687 
3 4954 6697 6699 
3 6698 6697 6701 
3 6699 6697 6698 
3 4956 6699 6700 
3 6699 6698 6700 
3 6705 6700 6698 
3 6698 6701 6704 
3 6702 6704 6701 
3 6706 6702 6703 
3 6704 6702 6706 
3 6703 6745 6706 
3 6698 6704 6705 
3 6704 6710 6705 
3 6710 6704 6712 
3 6704 6706 6712 
3 6777 6776 6707 
3 4960 4956 6700 
3 6700 6708 4960 
3 4960 6708 6707 
3 6708 6700 6705 
3 6709 4959 4960 
3 6709 4960 6707 
3 6707 6776 6709 
3 6711 6708 6705 
3 6710 6713 6711 
3 6711 6705 6710 
3 6707 6708 6711 
3 6716 6707 6711 
3 6716 6711 6714 
3 6711 6713 6714 
3 6710 6712 6713 
3 6716 6777 6707 
3 6716 6782 6777 
3 6732 6733 6713 
3 6733 6715 6713 
3 6716 6714 6785 
3 6715 6714 6713 
3 6714 6715 6785 
3 6716 6785 6782 
3 6695 6727 6717 
3 6718 6717 6727 
3 6719 6746 6718 
3 6720 6692 6723 
3 6692 6693 6723 
3 6723 6693 6694 
3 6723 6694 6722 
3 6720 6723 6721 
3 6723 6722 6721 
3 6721 6722 6724 
3 6720 6727 6695 
3 6721 6727 6720 
3 6727 6721 6728 
3 6724 6728 6721 
3 6718 6727 6728 
3 6743 6718 6728 
3 6719 6718 6743 
3 6743 6728 6729 
3 6728 6724 6729 
3 6725 6743 6729 
3 6726 6725 6729 
3 6731 6732 6719 
3 6719 6735 6731 
3 6794 6732 6731 
3 6795 6732 6794 
3 6735 6734 6731 
3 6734 6794 6731 
3 6730 6794 6734 
3 6736 6737 6739 
3 6725 6726 6738 
3 6736 6739 6738 
3 5546 6738 6726 
3 6739 6725 6738 
3 6739 6744 6725 
3 6739 6737 6744 
3 5424 6740 6736 
3 6740 6741 6736 
3 6730 6742 6740 
3 6742 6741 6740 
3 6737 6736 6741 
3 6730 6734 6742 
3 6742 6734 6741 
3 6737 6743 6744 
3 6735 6743 6737 
3 6735 6719 6743 
3 6744 6743 6725 
3 6734 6735 6741 
3 6741 6735 6737 
3 6703 6746 6745 
3 6703 6687 6717 
3 6746 6703 6717 
3 6718 6746 6717 
3 6745 6747 6706 
3 6746 6747 6745 
3 6747 6712 6706 
3 6747 6713 6712 
3 6746 6719 6747 
3 6732 6713 6747 
3 6732 6747 6719 
3 6784 6715 6733 
3 4917 4979 6663 
3 5498 6748 5347 
3 5347 6748 6694 
3 6748 5498 6750 
3 6748 6750 6749 
3 6750 5535 6749 
3 6694 6749 6722 
3 6694 6748 6749 
3 6749 6724 6722 
3 5534 5535 6750 
3 6751 6724 6749 
3 5535 6751 6749 
3 6729 6751 6726 
3 6752 6751 5535 
3 6726 6751 6752 
3 5535 5531 6752 
3 6729 6724 6751 
3 5546 6752 5531 
3 6752 5546 6726 
3 6762 6753 5092 
3 6762 6754 6753 
3 5092 6753 5550 
3 6753 6756 5550 
3 6754 6756 6753 
3 6756 6755 5550 
3 5550 6755 5565 
3 6756 6757 6755 
3 6760 6761 6795 
3 6761 6784 6795 
3 6759 6758 6761 
3 6759 6760 6793 
3 6760 6759 6761 
3 6762 6763 6754 
3 6762 1594 6763 
3 6763 6766 6754 
3 6754 6766 6756 
3 6763 6765 6766 
3 6766 6757 6756 
3 6796 6766 6765 
3 6768 6793 6767 
3 6770 6768 6775 
3 6759 6769 6758 
3 6758 6772 6780 
3 6772 6758 6769 
3 6759 6793 6774 
3 6768 6774 6793 
3 6774 6769 6759 
3 6780 6772 6764 
3 6769 6770 6772 
3 6772 6773 6764 
3 6800 6764 6773 
3 6773 6772 6770 
3 6771 6773 6770 
3 6770 6769 6774 
3 6770 6774 6768 
3 6771 6770 6775 
3 5096 6776 6778 
3 6778 6776 6777 
3 6778 6777 6786 
3 6781 5096 6779 
3 5096 6778 6779 
3 6780 6781 6779 
3 6758 6779 6786 
3 6758 6780 6779 
3 6779 6778 6786 
3 5096 6709 6776 
3 6777 6761 6786 
3 6782 6761 6777 
3 6761 6783 6784 
3 6783 6761 6782 
3 6782 6785 6783 
3 6783 6785 6715 
3 6783 6715 6784 
3 6758 6786 6761 
3 5106 6781 6787 
3 6781 6780 6787 
3 5108 5106 6787 
3 5108 6787 6788 
3 6780 6764 6787 
3 6791 6789 6790 
3 5566 6791 6790 
3 5566 6790 6730 
3 6791 5566 5565 
3 6790 6794 6730 
3 6755 6792 5565 
3 6757 6792 6755 
3 5565 6792 6791 
3 6793 6792 6757 
3 6792 6789 6791 
3 6792 6793 6789 
3 6790 6795 6794 
3 6789 6795 6790 
3 6789 6760 6795 
3 6784 6733 6795 
3 6795 6733 6732 
3 6793 6760 6789 
3 5566 6730 6740 
3 6796 6767 6766 
3 6767 6757 6766 
3 5576 6796 6765 
3 6796 5576 6797 
3 6767 6796 6797 
3 6767 6793 6757 
3 6797 6768 6767 
3 5579 6797 5576 
3 6797 6798 6768 
3 6768 6798 6775 
3 6798 6797 6799 
3 6799 6797 5579 
3 6764 6800 6814 
3 5137 6806 5135 
3 5137 6814 6806 
3 6800 6806 6814 
3 6800 6801 6806 
3 6771 6803 6804 
3 6804 6803 6805 
3 6773 6804 6800 
3 6804 6773 6771 
3 6803 6771 6775 
3 6803 6775 6802 
3 6805 6803 6802 
3 6801 6804 6805 
3 6801 6805 6810 
3 6801 6800 6804 
3 6805 6802 6819 
3 5135 6806 5130 
3 6807 6806 6801 
3 6806 6808 5130 
3 6806 6807 6808 
3 6808 6807 6809 
3 6849 5130 6827 
3 6808 6827 5130 
3 6807 6801 6810 
3 6809 6807 6811 
3 6807 6810 6811 
3 6810 6805 6819 
3 6811 6812 6809 
3 6827 6808 6812 
3 6808 6809 6812 
3 6811 6810 6822 
3 6812 6811 6813 
3 6813 6811 6822 
3 6814 6815 6788 
3 6787 6814 6788 
3 6814 6787 6764 
3 6814 5137 6815 
3 6799 6818 6817 
3 6816 6817 6818 
3 6798 6802 6775 
3 6798 6817 6802 
3 6799 6817 6798 
3 6816 6802 6817 
3 5594 6799 5579 
3 6818 6799 5594 
3 5595 6818 5594 
3 5596 6818 5595 
3 6820 6818 5596 
3 6820 6816 6818 
3 6802 6816 6819 
3 6819 6816 6821 
3 6824 6820 5596 
3 6824 5596 5599 
3 6816 6820 6821 
3 6810 6819 6821 
3 6810 6821 6822 
3 6821 6820 6824 
3 6823 6821 6824 
3 6823 6822 6821 
3 6822 6823 6825 
3 6823 6853 6825 
3 6824 5599 5600 
3 6854 6824 5600 
3 6854 6823 6824 
3 6822 6825 6813 
3 1626 6832 1628 
3 1628 6832 6826 
3 6826 6832 5612 
3 5612 6832 6837 
3 5129 5130 6849 
3 6849 6827 6828 
3 6849 6828 6850 
3 6827 6829 6828 
3 6829 6813 6825 
3 6825 6856 6829 
3 6827 6812 6813 
3 6829 6827 6813 
3 6829 6856 6857 
3 6828 6829 6830 
3 6857 6830 6829 
3 1626 6831 6832 
3 6831 6833 6832 
3 6831 6834 6833 
3 6831 5189 6834 
3 6836 5189 5191 
3 5189 6840 6834 
3 6836 6840 5189 
3 5191 6865 6836 
3 6865 6867 6836 
3 6835 6846 6869 
3 6832 6833 6837 
3 6833 6839 6837 
3 6834 6839 6833 
3 5616 6837 5619 
3 5619 6837 6838 
3 6837 6839 6838 
3 6834 6841 6839 
3 6834 6840 6841 
3 6847 6838 6841 
3 6841 6838 6839 
3 6841 6842 6847 
3 6841 6840 6842 
3 6845 6850 6828 
3 6845 6828 6830 
3 6852 6845 6835 
3 6857 6843 6830 
3 6830 6843 6845 
3 6844 6840 6836 
3 6836 6867 6844 
3 6840 6844 6842 
3 6842 6844 6848 
3 6844 6846 6845 
3 6845 6846 6835 
3 6848 6844 6845 
3 6867 6846 6844 
3 6842 6848 6847 
3 6845 6843 6848 
3 6847 6848 6843 
3 5192 5129 6849 
3 5192 6849 6850 
3 5192 6850 5199 
3 5199 6850 6852 
3 6851 5199 6852 
3 6850 6845 6852 
3 5200 5199 6851 
3 5200 6851 5202 
3 6876 5202 6851 
3 6852 6835 6851 
3 6869 6851 6835 
3 6854 6855 6823 
3 6855 6853 6823 
3 6853 6855 6861 
3 6864 6861 6855 
3 6853 6856 6825 
3 6861 6857 6856 
3 6861 6856 6853 
3 5621 6858 6854 
3 5600 5621 6854 
3 6858 5621 5622 
3 6858 6855 6854 
3 6859 6858 5622 
3 5623 6859 5622 
3 6859 6855 6858 
3 6864 6855 6859 
3 5619 6860 5624 
3 6838 6860 5619 
3 6838 6862 6860 
3 6860 6862 6863 
3 6863 6862 6861 
3 5623 5624 6860 
3 6863 5623 6860 
3 6864 5623 6863 
3 6863 6861 6864 
3 6862 6838 6847 
3 6843 6857 6861 
3 6862 6843 6861 
3 6862 6847 6843 
3 5623 6864 6859 
3 6865 6868 6867 
3 6865 6866 6868 
3 6846 6868 6869 
3 6867 6868 6846 
3 6866 6870 6868 
3 6877 6869 6868 
3 5217 6870 6866 
3 5218 6874 5217 
3 5217 6874 6870 
3 6868 6870 6871 
3 6871 6877 6868 
3 6872 6877 6871 
3 6874 6871 6870 
3 5218 6873 6874 
3 6873 5221 6880 
3 6880 6875 6873 
3 6875 6874 6873 
3 6871 6874 6875 
3 6875 6872 6871 
3 6875 6880 6872 
3 5202 6876 5227 
3 6876 6878 5227 
3 6876 6851 6869 
3 6876 6877 6878 
3 6876 6869 6877 
3 5230 5227 6881 
3 6881 5227 6878 
3 6881 6878 6879 
3 6872 6879 6877 
3 6879 6878 6877 
3 6881 6880 5230 
3 6880 6879 6872 
3 6880 6881 6879 
