ply
format ascii 1.0
comment VCGLIB generated
element vertex 6320
property double x
property double y
property double z
property double quality
element face 12700
property list uchar int vertex_indices
end_header
12.61759140880331 8.482904476777176 7.702807338319865 1.899088602110083 
12.11853233870925 9.110879502054207 7.2690101697855 1.984261647144393 
11.72216815666026 9.115483461745615 7.932120210625781 2.493172046004034 
12.02613418578228 9.362290199729069 7.439393418773405 3.678868472085497 
12.42775652502002 9.548423912155098 7.293166236807437 2.115136492110196 
12.57839402638572 7.754154357855995 8.36811485671557 1.979899767007822 
11.76169078501943 8.158753151863522 8.987550886406336 2.171151860092905 
12.4158623822341 8.054176236051269 8.092249913630793 2.224811714450567 
11.77264182301479 8.648651414709237 8.226696280880759 1.976472838912926 
12.03248532961094 8.48962404102573 8.10723864230452 1.973021937688756 
12.0755898971409 7.893998178901998 8.71450190980198 2.214069088854913 
12.02259369379379 7.800862064107279 9.439149825722849 2.328883166598573 
12.4408196512461 7.591729733483758 9.36211521475089 2.255512892210021 
11.61529332759079 8.287338988523164 9.427365573955571 2.19398698287101 
11.67070023762858 8.424816138725259 9.850054366240018 3.056252086790849 
12.1065142587413 7.789680041314269 9.841486268938491 2.518126844186725 
11.50287682731522 8.670710835102456 8.785147557215151 2.373189607467211 
11.55029667389166 9.101352664651154 8.466091786325647 2.856640133241086 
11.87986092038914 9.423904387710262 8.886630832334227 2.213911726775578 
11.7778299465421 9.39972792087802 8.393289976020739 2.845813294345163 
12.29641745344502 9.601953337632017 8.178080977581992 1.870699089687946 
12.92679173190116 9.358342080675666 8.536140134521123 1.718793356045062 
12.16485905165795 9.42674272654256 9.36971981856019 2.123659042016271 
11.45761200288041 8.931999060517249 9.295593537583818 3.225836773881852 
11.50197693993512 8.61492306441599 9.629480169969334 2.741415233923121 
12.14925737438031 8.579479741341222 10.24461644673869 2.697324141420864 
12.07891429332062 9.12606987082091 10.1551974422696 2.824932084052136 
11.93473115007497 9.127522060981569 9.892648372573227 2.674872998508221 
12.18480857547233 9.525206615953037 10.0729104127673 2.750773769875664 
11.20896515415266 14.43743923260092 4.654968389187249 2.739029600212575 
10.8223485337929 13.31944855941865 5.963446157051889 1.668192124655206 
11.2694755202533 13.9974803454019 4.988250098609429 2.49717187041901 
10.85673698988044 14.02964483474855 5.330224978654575 1.939875090946302 
10.65496408886566 14.08354924138163 5.813126567384181 1.447006198845969 
10.85511539316942 14.47963193407646 5.162405057244833 1.88557042088074 
11.41763228944405 14.67770959547644 4.364191508346196 2.91936142066713 
12.15172717055387 15.0445168321077 4.092996868315519 2.565182818574371 
11.56987969245409 14.00872491565848 5.35346427967346 1.542624664142501 
11.54267390746255 14.46156927170068 4.579551317999798 2.678720788205922 
11.7838214490811 14.50447045347996 4.827034601665613 1.988457149665834 
12.16564801798491 14.73751182694612 5.164679647541877 2.182850542279937 
11.83677699319012 14.3852141071429 5.757365232801587 1.596475483940189 
12.37393279924409 14.95950202279347 5.812652033237863 2.380823717300373 
11.42528972662371 11.0116948943864 7.101551004035816 1.629283428496159 
11.12467880670013 10.87032551102598 7.786429661691459 1.542036810228943 
12.11911949216964 10.93259289490341 6.45254911995475 1.259911804501549 
12.62655787545368 10.9824206747462 6.488789188123311 1.316079719447885 
11.73125849068474 10.57960519535909 7.316886509485458 1.093446492795699 
12.24956355470112 10.78249306664129 6.882799741817475 1.031751542160528 
11.4973558900558 10.80646572537868 7.133438272303219 1.360014679262051 
11.42520764569369 10.39113476556954 8.106241050122431 0.8821832910711009 
12.53437159436566 10.83867540645872 6.903644099231184 1.226404746124366 
12.01916016337812 10.62203215288003 7.575183022907821 0.9605270677405144 
12.43604486868099 10.78498253198537 7.666137896548029 1.011304204527647 
11.34849181586425 11.13995112863786 7.404055207816217 1.303274482691258 
11.95239136614698 11.13958701026163 6.315642018013276 1.929092919932273 
11.97821959298057 11.30125610399551 6.280971802061676 1.858915579505023 
12.31746913802663 11.21842563490928 6.074444695694603 1.626698633403954 
12.33703237860223 11.46363354852581 6.022214315727831 2.073098278088224 
12.03364159427534 11.54272705469251 6.644664571703657 1.214210209468597 
12.8274062508573 11.92070190282759 6.587302710491062 1.380819974645711 
11.60633188979852 11.31130435018373 7.040381986492049 1.288145696481948 
12.05568148113418 11.57041947330421 7.056089423108853 1.151572213299389 
11.82994404339486 11.46011012352636 7.410912075658455 1.061547785514534 
12.44879647332606 11.58062380818133 7.656206201466415 1.205509705179836 
12.15851474028137 11.34813426699406 8.117270702628833 1.010497518972514 
12.89105353979166 11.90361536622541 7.180825214387421 1.502769746522034 
11.07333345712446 10.13241258684195 8.649337409674109 0.9074068136900522 
11.1045374088739 10.45999752845328 8.216220345281341 1.23561503798264 
10.84821203149832 10.40985629809166 8.72404324605734 1.018606788521794 
11.10699414937409 10.04043086977879 9.175447088363027 1.328655264940274 
10.96545413688303 10.7221481541686 8.452716007442769 1.017737916259527 
11.19897140779986 11.04397622492872 8.121655083512302 1.13497276781348 
10.87010947348002 10.42486070834925 9.198117832982504 1.189442381204387 
11.11949286187404 10.85966507941212 8.798835161594704 0.8620583612921706 
11.6569909337117 10.42022942180019 8.372491021682073 0.8271971284588346 
11.63491892157134 10.48506575471485 9.048446558925134 0.9547795612217769 
11.36771235339054 10.91163521119736 8.883688059776832 0.7881149344603635 
11.16984639858507 10.68561578465606 9.18936116858727 0.8783722806614733 
11.83832401953617 10.95849934007432 8.815811235026443 1.18504566831588 
12.1529697639188 10.74312328203607 8.258391995706708 0.876026909514195 
12.11318699539771 10.85853899616245 8.615332163713985 1.150258198957232 
11.23932547035219 10.40119187991096 9.42479635410645 1.676232958091859 
11.54256058241813 11.37001209852049 7.739123843285832 1.116275571066851 
11.47952033796868 11.1856449697958 8.353006724050182 0.8978868176873576 
11.97689604458964 11.15073812384702 8.625974047410093 1.100649700997558 
12.31801243002316 11.05549994760238 8.296329033584833 1.327868249645057 
11.06840382785277 12.6407739957724 6.759836740020253 1.807382981797957 
11.03634298736642 13.02947629582773 6.113566431922098 1.791913961561647 
11.2068556717272 13.55475088497805 5.559026248957679 1.881189485179874 
10.78245540640191 12.84900314319052 6.543526031645626 1.834490444050303 
10.55065783810683 13.06146348970994 6.767179538528456 1.271939553745106 
10.57876204520027 12.68102853724868 7.39835104845409 1.076482430356435 
10.51186352775234 13.18067645657442 7.31461436999309 1.105984541855122 
10.83121001826045 12.50670244475494 8.091395855074484 2.647020320262982 
10.65826442712729 12.73065157773367 7.921548694928854 1.190859357063296 
10.84886414777801 12.3806938620155 7.486037440264029 1.349352476343661 
11.30184671707595 12.89540967637255 6.857729198385518 0.9724893519002862 
11.2132126472422 12.55077491101867 7.610660804558221 1.132236245351812 
11.3295407425332 13.00159540202795 7.36733883679199 0.8891540418784203 
10.61609587114169 13.15218034383697 7.65456255630844 0.9114416757555048 
11.3179167960058 13.50343141811346 7.203194628620769 0.9983193742000083 
10.78954165840437 13.03358083420601 7.949283479045865 1.222705610318016 
10.95461863648216 13.36512138080153 7.738761750858174 1.137307996482988 
11.13997147751254 13.04942471297253 7.888176594225005 0.8331567561919364 
11.33705779083389 13.30812046010078 6.062523726292796 1.268309468747006 
10.52356492762192 13.56413541286699 6.74777677438878 1.223944017098617 
10.67744725374382 14.01777656608708 6.876935492320273 1.109641878359149 
10.60806507624971 14.16211265447594 6.449909140850364 1.537647473687905 
10.65916188822718 14.68916619106862 6.461772822939773 1.97389787895068 
11.19860478103768 13.81451931135483 7.272251894738424 1.203056659849366 
10.8302463452855 14.21173042996566 7.004025540093119 1.435668138090747 
10.99449555953324 14.1219509768782 7.167438239955854 1.538808941066435 
11.23002963813622 14.22871150211413 7.114421550999665 1.571722715718728 
11.04097735921008 14.8054147792272 6.863105928507819 1.925091866126053 
11.47824427327206 13.50824960462035 6.206330491264696 1.147203469061701 
11.60207551574433 13.84127190395211 6.251487446183392 1.22933223402606 
11.46294097251088 13.49266622205246 6.751743567568974 1.086605647663248 
11.80793997786982 14.46830275023958 6.368622179672428 1.692171605783685 
11.65863387420738 14.50263036434121 6.728224964812676 1.69805157920905 
11.74508401358409 14.93865961767587 6.734363479525806 1.904959355101113 
11.06987442509136 12.74114655355386 8.170533600588248 1.801335196467676 
11.76733473490335 13.37629594928289 10.16700457700589 3.315282158390403 
12.21664376586112 13.33460911971393 9.732682289778687 3.139022901332808 
12.60314820415287 13.19122829210213 9.727702312882572 2.882697695370368 
12.38002977993192 13.76523235109276 9.297198930128847 2.712248131538644 
12.43223058184755 12.92466526758978 10.11202429157492 3.058978466774747 
11.24304130945607 14.49711184032681 9.876934124532825 3.040614025258378 
11.18074701260035 14.88288082676564 10.10226790206931 3.453130520293826 
11.98056291372289 14.54872714268995 9.108917226798274 2.603980357275034 
11.68094205036596 14.45296440197743 9.244413657034897 3.320929981769041 
11.50323375464859 14.14142627771302 9.639950037065331 3.058580963605593 
11.52141919118574 13.49600052015258 10.40002074040296 3.25805850371259 
11.1140359173292 14.0986560676541 10.48195806877973 3.154913602766086 
12.078781075299 14.1393717466953 9.070752986065205 2.873695068183196 
12.69418656336678 14.07038590383637 9.468340898757669 2.350649948384941 
11.80305169477651 14.03878507524797 9.26116169367562 3.091999096016067 
12.43358198464261 14.44269193397685 9.448259113017951 2.395193661763827 
11.08796507486072 15.95687847778794 4.191579706756595 3.046929612981486 
11.232166761315 16.39398504137476 4.156778841030217 2.807229669721096 
11.16026619406791 15.179198163159 4.544977678754544 2.340226349817314 
10.97131051269542 15.51040508966167 4.556159209399063 2.570298520442549 
10.66387141979314 14.91102592864732 5.676318691063026 2.186692594818496 
10.88806890141544 15.14483065364261 4.995160120788775 2.245483723333436 
10.67415774736289 15.71098991913749 5.460557493376097 2.238438901703617 
11.54672064924807 15.3637064362969 4.05660342706169 2.762291731549709 
11.68180329210764 14.89755804697558 4.102351789138505 3.021756392954302 
11.37674941002851 15.8765066349866 3.810551981782455 3.278242649169812 
11.99448335252188 15.86396510773883 3.667815146097868 2.795057876803355 
11.70507291620959 15.95405584690478 3.607349463662393 2.945448283287746 
12.2993628523984 15.63193171409859 3.664571111200319 2.757625781978589 
12.54939593375389 15.10770801518492 4.685461214412393 2.498703691910038 
12.74689530550638 15.17568641868816 5.165103781917625 2.5291051031043 
11.33885798029711 16.8750704762216 4.417051295427771 2.636620080129006 
11.24025300819116 17.26761334391554 4.409527438455917 2.296635824450235 
10.74499440051008 17.45939113111582 4.285582297955242 1.745132346320133 
10.78922280074308 15.76161795842034 4.886322978710006 2.419600561248416 
10.98557343804002 16.40265507760282 4.83407007951519 2.452595987969218 
11.15588247383838 16.86072792084799 4.981382685679023 2.470377288238467 
10.8118923367105 15.99082404212454 5.900555169758366 2.481466807063697 
10.65480992697423 17.28708866794549 5.212133534933051 1.637355508960283 
10.96982164077747 17.15819318525383 5.234600859003979 1.964425624307992 
10.83679308862289 17.39316345652024 5.669639507269167 2.950065876803237 
11.497893043312 16.25123607017987 3.729058595756008 3.084397360152352 
11.8740601273629 16.33660357344879 3.513906352829383 2.802418242186008 
11.74618678433046 16.86641608557303 3.712808091681855 2.7184991762214 
12.28730837019228 16.86503813938431 3.593383867878424 2.542004285841884 
11.5982968183398 17.22514907520039 3.902157312464386 2.587238097506187 
11.33409532573397 17.49271803036234 3.879508858772027 2.121884210855853 
11.90239849714742 17.3592456856208 3.767889110544158 2.328238760687753 
12.04334380495374 17.02896836729346 5.617430591100355 2.101049717430129 
12.1911408263096 17.35668459381751 5.540102821875309 2.472510282048205 
9.508410586601885 18.60970993250317 2.795267497016559 3.078265566420342 
9.519127407469743 18.44910591614479 2.885457799090223 1.80040003952746 
9.726865377024584 18.83345552991878 3.167345963177043 1.153602757838726 
8.593547706693789 18.487287108308 4.086680434426323 1.407761059282926 
8.30843106774492 18.51778978723978 4.814895926109982 1.478706256991828 
8.039558219260662 18.99253820417035 4.693141894932913 1.206930266763209 
8.728572443411514 18.1551849000643 5.551491034046117 1.590304759485427 
8.228318147244044 18.25468054741573 5.896451776222854 1.158592652002852 
8.589557730590156 18.19464642230899 5.101266877701684 1.195049634671946 
9.630882380195622 17.9517683342932 4.098807965385395 1.305776088975897 
9.953352855043194 17.77097246441686 4.411501581431133 1.451042392751937 
8.90997864388523 18.54168237230513 3.418820836313051 1.740808577312151 
9.192370246564131 18.10737509587523 3.852777305276793 1.358635507183919 
9.56433896664047 18.1507565526611 3.398415523297307 1.268447365464965 
8.786909641309734 18.70528417789269 3.450226404597927 2.186010282677628 
8.883962835157728 18.06180264962119 4.637039183937154 1.243055313796205 
9.275063679070014 17.79262610038835 5.389619791639123 1.704379255946066 
9.08475274529545 18.00740993858125 5.602029781565389 2.263797964707308 
9.654762192667084 17.77162677254121 5.647373092342489 2.972726835821661 
9.837294307740216 17.55866373456934 5.349067476755996 0.9852806555561386 
9.386612446300955 17.99691800269176 5.445836240026468 0.963016789909787 
8.840704725344795 18.31687719059417 5.591137437559353 1.033406815022389 
8.715533683466324 18.69421033583206 5.673325498425617 0.9710904071129676 
9.533128927353017 18.6375337961795 5.020330939072774 1.195825482996689 
9.860078230359543 18.3291932836927 5.07632856753047 1.255048537635638 
7.988510635425208 19.63592121623484 4.375967930235946 1.037872988516227 
8.529301999658955 19.07738301438312 3.689471938399822 2.717260769440799 
8.34042219596242 19.12171003563205 3.93848249259866 1.609124178211644 
8.062957895814776 20.06115675559438 4.502400240103771 1.78043370121911 
8.226678248642072 19.80990634943614 4.103557882846816 1.909536788502606 
8.375936341896578 19.7298986202051 4.140361140521009 1.025156575277038 
8.587944677410551 19.37304631215184 4.211812083504442 0.8855571504439297 
7.668433373509491 19.48333603882673 5.297236717915207 1.05122448478263 
7.868231147274081 19.81032425205084 4.658541598831377 0.8918890276010316 
7.82521331579263 20.76858852311396 4.819470041806778 1.325324844058095 
8.597271112532155 19.42630228630183 4.699147457576107 0.8561146131959809 
8.337111715449483 19.94858758258582 4.971221857493244 0.8167887948324974 
8.96119651046245 18.8793183961496 3.361381437442594 2.08934386379417 
8.92291565385821 19.08489473908901 3.862881302292618 0.9403914832374625 
9.126910916953694 19.00299838292856 4.631317087572625 1.025161800189828 
9.482799167584901 18.93893881147079 3.745675522646759 1.139740449510107 
9.624785149475144 18.8051892618314 4.708564090076679 1.225043400219285 
8.769626406463447 19.01259170628114 5.537555607443321 1.02932441649547 
10.35250766393339 18.42562505478508 2.742291032962834 2.594496628314062 
9.867154895254929 18.61327263746249 2.719529908973321 3.310311524689112 
11.11769503241421 17.87686152075672 3.374305217210912 1.869512317339627 
10.33410555335308 18.27068592472734 2.898868991070823 1.189473423333318 
11.1072323390483 18.34131504378448 2.516830490917386 2.172015712340922 
10.38949542700455 18.6435638671346 2.824016166519177 1.745008997398571 
10.94222531661691 18.62525629949046 2.474708661778944 3.211207018068663 
11.7395562754901 18.43122940434044 2.571086274469491 1.639681312296915 
11.45369644642805 18.62742593928494 2.328597723273925 2.899011922087482 
11.69793774380803 18.00764008524419 3.172434022819612 1.779358188778446 
11.91460832294207 18.77701287728681 2.347497733372641 2.426528590709978 
12.37745462347782 18.50793497488564 2.867696507891911 1.809917371849124 
10.34508426194647 18.84360000260144 3.391349575624054 1.450677878247852 
11.18028059685384 19.09376883707575 3.36415391728661 2.2971845427425 
11.70279884703428 18.92516529408844 2.366393953499858 3.276491791138668 
11.38162264638609 19.08226165523726 2.904089973366233 2.186728861860217 
11.82882881652302 19.28992553908839 2.597217639158375 2.31035644543789 
12.15014197549079 19.30090024529293 2.387072316363616 2.560259926233087 
12.53028343398191 19.10056125111101 2.745373305233664 1.824135691392385 
11.6026046936811 19.50972241581155 3.551117751241814 2.244686258212639 
11.57610250624863 19.34875659340173 3.172274821786989 2.247893125274715 
12.06088885647763 20.25477191432446 2.885871174733109 1.737267930527111 
12.57799053532685 19.79622969268461 2.317363005751398 1.38652967738367 
12.33078510696702 20.03386734552929 2.238959231986138 2.570889242935678 
12.03370332960752 19.88289874778765 2.617718796623111 1.683646187298038 
10.44490990228616 17.91957372049137 3.6081674453669 1.718806469551673 
10.83985453989168 17.55937042390495 3.955966091198591 1.88160297043521 
10.22222329423845 17.4657611946111 5.335061430479313 1.403063760235064 
10.14951135861601 17.57042929814078 5.705463313280936 2.428320428449283 
10.38456670021551 17.65103815545725 5.569931410819145 1.601027407473353 
10.19285915979336 17.8884286418915 5.37171814055488 0.8829644667579046 
10.50249569527325 18.56364727480366 4.917164877251209 1.7590554070661 
10.85560301539185 18.28827937787375 4.943943225768915 1.670286085292922 
11.70811893841674 17.52937018476465 3.714092902525465 2.04808119074913 
12.57488932569854 18.2284760916369 3.333458588913786 1.734734769867188 
12.32203253025945 17.9135273184653 3.773967435535321 1.754502151692421 
11.41333762223752 17.8293273621615 5.219840247995752 1.975540345653741 
12.0338478380776 17.50907367281741 5.427201133668978 2.209469321512472 
12.44797008427192 18.06640279015831 5.36770211958216 2.498337538217626 
11.18519599132492 18.37779380810658 4.865025296932233 1.92068859648424 
11.60067444612189 18.63504886989448 4.823833315676711 2.074312097043929 
12.15461850979467 18.40487507509797 5.103668519239156 2.401178338343541 
12.45757629187729 18.90121834896231 4.788704493478168 2.339877202703789 
10.32178301962091 18.87646046422243 3.926843216671764 1.801041576858708 
10.24986028107397 18.7843897324905 4.633809329751158 1.701454841522484 
11.08284784739412 19.08596943036737 3.987299282813036 2.427373592292241 
11.08681738324614 19.01637748239041 4.615300854016332 2.61279980516673 
11.47273328145525 19.35388827052609 3.943897307195202 2.912860399764597 
11.41504395569944 19.14735747440072 4.66483373228573 2.444674815280393 
12.44416699325335 19.32371240027162 4.4513853477413 2.447680267076862 
11.72030453247862 19.5034280282106 4.212034510646895 2.516317999868534 
11.80596721810226 19.87134241536836 3.682550912428498 1.991829574748877 
11.95107769447758 19.59128497157162 4.233453754026507 2.206804820887896 
12.56462951071031 19.48182361315477 4.229618068481744 2.356942997268561 
11.26359388144273 18.89659601057926 4.785438567017573 2.120958274349974 
11.98642710750176 19.03560703780865 4.633135533498511 2.225350392714333 
10.64245234299766 15.5107294485913 6.054019635874021 2.529123748871513 
10.85825534328059 15.0807590207587 6.670349314705509 2.237908214482943 
11.16578941954059 15.27369385738191 6.684733049143876 2.006297870511915 
10.80390591433306 15.74168843590226 6.272809752073768 2.617898500456022 
11.02071823285832 15.43830085136455 6.526580357998188 2.090871382415841 
12.02361548647882 15.35141448884877 6.458595396417434 2.093071787845503 
11.44622935367264 15.45246328590625 6.533132525657598 1.940145557020159 
12.32273398197019 15.15884221606419 6.228208168695136 2.26542281013586 
11.52480183288561 15.9041695599941 6.232236667198799 1.998004397174455 
11.92685172321075 15.89795204739016 6.244395579928108 2.120165521895615 
12.44404114132416 15.82732792412296 6.135965597722847 2.331544593745036 
12.8768092599717 16.18520018399937 5.981746530839934 2.231206393010424 
11.16521728132066 16.36969333149637 6.146511170550696 2.650831228223339 
11.13498518653955 16.7340186621872 5.714587032035379 3.137802935420879 
11.27518709518755 17.20912591884139 5.828037498595525 2.464433386468372 
11.74009532282378 16.29589945125193 6.154120857128909 2.170860699266427 
11.66308899624358 16.92032014156116 5.895900569484723 2.0656582071732 
12.53271829744739 16.61339957021021 5.704143900079763 2.14126638342438 
11.19175655353694 15.11035572465728 10.36433898940669 3.40725394190703 
11.52826953303945 14.95158756710679 9.153941023130535 3.626214464664628 
11.81671171585766 14.9297371393336 8.943794182990656 2.982601511198482 
12.19496974069082 15.5788845102828 8.98211135488422 2.135916892321148 
11.92911932399788 15.581523275761 8.938201036456991 3.453335009037545 
12.36278550648618 16.05695272846793 8.992846143746606 3.476107023065083 
12.76236452535925 16.10880170450321 9.102660830039284 3.038452550551469 
11.54072692838878 15.31589705432204 9.41074307094993 3.390431361910188 
11.77443310900535 15.82412933910058 9.568964919792657 2.480268765295634 
12.37597446041366 15.05400002467855 9.24416524405985 1.99628406902589 
11.90932437485945 16.02295262198916 10.41664447598792 3.245509082784153 
12.11389154279759 16.10870726044098 9.652995911136699 2.925891537162457 
12.45848429724953 16.22504060575151 10.41678324088093 2.668622363622546 
12.67924075309569 16.28436398589567 9.445833490216961 3.470679670516347 
12.77155703582337 16.37652817961905 9.92983316843655 2.74249443453752 
12.08561504022129 17.49127210574186 9.984383544958993 1.161582838858031 
8.029655023834637 18.8375266410394 6.75102593575226 1.786207946997422 
8.298545607997291 18.37160499037246 6.308975650140634 2.175393054988945 
8.600921379815153 18.20549650528884 6.025369155812632 1.685565062132639 
7.63410698889018 19.11095901053156 5.889208544918506 1.041950879275248 
7.787317898899212 18.80843298147715 6.293957935484268 1.036561945202912 
7.872881196881013 18.91184578259779 6.905147796316133 2.04612420478594 
8.403872620652628 18.93178067583244 6.08259677923229 0.9170871428009235 
8.062973942539029 19.25029000721125 6.731964474821753 0.7648347720516391 
7.59691327745464 19.16753071876192 6.181943818560361 1.017539676921302 
7.501580029286163 19.77042437552711 5.971509440793411 0.9877297053650622 
7.477375789715356 19.82770026915321 6.584142204159757 0.8702518441417197 
7.718509048792131 19.41816529107031 6.814982608457915 0.9152451049191228 
7.570097184543808 19.8844565651633 6.930147490902028 0.8305722684475434 
8.446714753824285 19.44039650601228 5.920201015147187 1.001099335152325 
8.211352693801953 20.13458386729151 5.815343913930658 0.8712554371945629 
7.905295858959683 19.9061884011577 7.08639412942262 1.192253179387095 
7.704678941248838 19.87594214823719 7.174397907320685 2.405229797190799 
8.113675037617492 19.85081516748833 6.822452925328289 0.910453245194681 
10.75400345524401 18.69115698730763 8.433348742870265 1.078554057053204 
10.27581598376949 18.89278639931712 8.829071017412064 0.8678190837667898 
11.11203262197747 18.56319636900729 8.297643573165091 1.88246231491533 
11.25666883227075 18.05823940074096 8.817526951979616 1.119258996270183 
10.47624370425551 18.7030095991235 8.784640741305097 0.82528245404432 
11.015187261703 18.8852087742464 8.785156437914374 0.6991880969339448 
11.69000162007483 18.55006540624369 8.918643990546416 0.9424554262389506 
10.59567549947083 18.25367205476348 9.955830226497133 0.8674779276963562 
10.5475524367685 18.38642169690009 9.445061435605632 0.8850717458007722 
10.25520258200297 18.70407605588863 9.483082829025255 0.9162844527673357 
10.37514634313029 18.53606342370043 10.0089881217456 0.9077128296607384 
10.54251523912144 18.60961456686168 10.31061432398414 1.117089940317264 
11.06007624213251 18.5780361069204 10.06864923394633 0.8308484716805431 
10.97421850502493 18.80976871720047 9.746250836323698 0.8068018350553174 
11.6125465399228 18.13868102666093 8.360868007760756 1.464338771310864 
11.53271517093334 17.89642960413191 8.882724881816403 1.126451344849379 
12.15634315467631 18.09820638060271 8.13045514515998 2.10176624762731 
12.7737641867109 18.24351043327702 8.207656218619562 1.889316376003663 
12.3173068735326 17.93074413838662 8.329404290125083 1.242912601962537 
12.04748459238562 17.88856231951756 8.399748346638271 1.293899657304721 
11.73766026360678 18.31145658824218 8.3203888188722 1.451657293272881 
11.44737959519315 18.46131839606932 8.308579206431974 1.602311301730012 
12.00915981342913 18.45350331845373 8.855228241613922 0.9744164226765193 
12.47722097871823 18.57876975466125 8.828025946131675 1.010843899955738 
12.39787711716198 18.61911068712902 9.378200168164659 1.110437499393079 
11.26003672105346 17.88199525874128 9.376367618796934 1.209999544455137 
11.31728722874451 17.74797313980704 9.793683911520004 1.166502350373392 
11.85516054684984 17.65820060702602 9.206758639111051 1.335209969260497 
12.18627332183289 17.66064374296778 9.036328893307006 1.282728383961711 
12.39106203659627 17.54296448306761 9.799879945658988 1.244918251329167 
12.01317742577524 18.50221596901412 9.574931659648248 1.104535294476037 
11.74672780696843 18.5120526615676 9.50956085220459 1.016657178906073 
11.73732326985114 18.35509505331665 10.10484939592282 1.024326019041901 
11.86125989203142 18.2127245219614 10.4194537932799 1.203026129966787 
12.32242120873374 18.5449181712954 9.980963882516328 1.128989627972821 
10.31060507891591 19.15779051016093 8.328428128642908 0.9531220344759674 
10.23016623192846 19.5549357465616 8.434632634639591 1.010329604618327 
10.4854684574245 19.13413244239322 8.128963318439377 1.702735867199571 
10.08292804073487 19.18249347520041 8.959638548016862 0.9473712495805771 
10.04249370210605 19.51945755243317 9.101354930888601 1.037085051177577 
10.75031911347982 18.98322942313814 8.418073223489163 0.7459036836206856 
10.79545433024682 19.13720198624845 8.842346033399496 0.6844769451754225 
10.47990470116367 19.73026407497972 8.286356218989967 1.398316465943246 
10.47944715683188 20.07809420978182 8.431677042479752 0.4662076988698516 
10.66157506914673 19.56733068644524 8.674114563258486 0.6212007925008898 
10.84820763475979 20.08331702770645 9.128281956589589 0.6565040939360038 
10.0959699452164 18.94886548775653 9.939661611838714 1.00025638255547 
9.989498852927211 19.44709216466304 9.611203972638918 1.035249979846164 
10.72867287976357 19.1512169783396 9.631785862545135 0.7709480736903416 
10.20531473473177 18.92050035637707 10.142783648632 1.776711104529838 
10.5289106134201 18.93752894334404 10.13255637569095 0.8281395592972487 
11.00808484309393 18.87507395798502 9.436272095685627 0.7994099152973817 
10.4732531443589 19.75850067359764 9.805447505128448 0.9006792774506636 
10.64656264729736 19.6282579057659 9.455756026747231 0.6687588195381338 
10.21356817371927 19.63663571401794 9.908125349641264 1.322924355203341 
7.599184820120612 19.83985564336185 5.365733707483625 0.9788852598513884 
8.180087523964957 20.27621664074032 4.856937333567623 0.6561499268082294 
8.069818721760639 20.65684821466759 4.670769385996809 1.706815806944 
8.13636678523628 20.91641023628401 4.986939386543784 1.104020999138626 
7.68943081415538 20.81492580509013 5.171927657468935 0.8182294364728691 
7.714670688843695 20.96933644452455 6.045128893263607 2.159432073356172 
8.129585240951224 20.7392998018318 5.357514436850597 0.7724521314290911 
7.85925909205486 21.00377507962638 5.126392380372002 2.427569475297247 
12.48032618541684 20.30255680708368 2.270921153809325 1.413410112052809 
12.36370511770441 20.45059067522152 2.648792083533652 1.4361241397933 
12.12113960949973 20.39358687379204 3.337438305816091 1.8081716362815 
12.75511708740687 20.66592925179647 3.112020583485746 1.355520537117393 
12.12895467137249 20.19806351301462 3.765269227110251 1.84085951029256 
12.57320360776073 20.12572335783319 3.901095587474673 1.630252496144877 
11.69260585092043 23.80632451354346 1.743614820355573 1.576265111469745 
11.90136127504388 24.00093722687637 1.61483536732005 0.6865742866390612 
11.82221031393707 23.9129466836525 2.25923183123208 1.099538331312253 
11.35523960902262 24.47122586343951 2.528778232768577 0.7253726449338878 
11.11999919035841 25.51197919334786 2.460723455657818 0.7646966704351392 
11.71801936640194 24.01917850654863 1.184778661213831 3.015991982305948 
11.47167098789765 24.11223401884023 1.582419295307753 0.5603818855769127 
11.43709544486876 24.69158463727178 1.48378631615012 0.8496112871848638 
11.61724723222921 24.55298467930064 1.35818418848369 1.836938776714334 
11.444617223865 24.03504538262698 1.846654987661323 0.6700869206549704 
11.44303174221999 24.17058851353288 2.301345816567768 0.630423685619423 
11.87322885794652 24.42538144102291 2.040124331516574 0.6601324885211426 
11.27364991598755 24.75555635420938 1.854588699390305 0.744888462575652 
11.22423588505952 24.72482697215795 2.203672964919287 0.776120737352862 
11.79715432803139 24.45022415273575 1.562000684378883 0.5579814479467942 
11.81381087918141 24.77726924458902 1.76162313929339 0.6965723621620796 
11.62824794070599 25.20089098947809 1.843434518674963 0.8294700167473046 
12.46085130765472 24.73879280568087 2.227978269824338 1.942984631201497 
12.44422936783174 24.96075238088227 2.212725489081616 4.827792781542115 
11.61905557640635 23.9300923476984 2.309274378325594 1.047691521692869 
11.80785002457442 24.25496377319211 2.569243041780471 0.8269501744925343 
11.98184519988475 24.79000410694315 2.792973011716157 0.8038124677943017 
11.6204018047498 24.3606402224398 2.931689806501907 1.241756871743149 
11.83556127229344 24.56819074763258 3.204152656562179 1.346916642490619 
11.77044444127016 25.20397074812259 2.554035793782278 0.7282504961640726 
11.33110091819506 24.69134200287162 2.949164916119451 0.8032302485906158 
11.62386192592954 24.72359420980204 3.414648359464767 1.544658487058491 
11.78013273427099 25.04255751850691 3.21928561286295 0.6941104037450856 
11.39444550803237 25.14342796032938 3.46669918138728 0.9808325131338904 
12.34662121939101 24.79087085997867 2.784654863704202 2.369988272665736 
11.62639396952433 25.34114369992844 3.604888868488431 1.339693559130303 
7.474492485884355 20.43482646630252 5.940464555601601 0.8168114873458912 
7.507861828801061 20.33301352311554 6.602061700015545 1.101815881042526 
7.701499823205732 20.29284338811816 6.828454873265294 2.429890975764522 
7.884130601592544 20.67167987390535 6.373323099491491 1.125660641380428 
8.089281827744331 20.67457548712959 5.868708005674889 0.831626112867518 
7.536671460608837 20.83532238621923 6.031275717521368 1.09410913467665 
7.883218504845914 20.94416804459847 5.905158252257172 1.240494696731815 
12.04719355934089 21.29436932354109 7.95480297638941 3.776881279280559 
12.69800079495562 21.81343250110227 7.685202712590555 3.15421346445217 
10.68656599267553 20.49169108064584 9.082584386482111 0.5175541462525999 
10.27870057506973 20.01136131657083 9.217008283544025 0.5787643581648716 
10.4421849448276 20.41655522572352 9.126846986381187 0.5115314097689314 
10.71983734349658 20.08043696025323 8.306392108409876 1.285154792481876 
10.65505889142753 20.80267504277249 8.817459914026925 3.146342901702923 
10.92668074879331 21.0058224906792 8.56881318959949 4.13159753514438 
11.07378187264872 21.53195134638251 8.688198955376336 2.310179208200097 
10.66079090792442 21.12165371582189 8.80941410548753 2.922097021085364 
10.36547085679411 20.00378537228973 9.657069189527983 0.4793278134590544 
10.45004619280176 20.83816073941902 9.142014752074997 2.582705536885129 
10.46257388094548 20.78386832667357 9.769264877691777 3.438259393999573 
10.70748083873829 20.65886973559374 9.986288035443552 4.952716963085976 
10.53995487139926 20.40420315479294 9.865646849078406 1.110415882597025 
10.68921674900371 20.63784157702145 9.802959566116449 1.362405537885387 
10.4620395939578 21.01281261259963 10.35214462333504 4.704960614099832 
10.48426224110574 21.45737360557311 9.985022952243249 4.677687388927978 
10.93655793665376 20.80831207678016 9.19944321290909 1.609225705438611 
11.43544556805992 20.84129410142442 9.095640185450334 3.242912608475123 
11.08814400436865 20.75005743108133 9.734789903659015 2.602106969916491 
12.03233099098834 20.96801545132587 8.238936723414438 3.97217212750337 
11.55840703471615 21.12387371472707 8.311726246359042 3.970591540159631 
12.42364845870927 21.02873103082607 8.0802223909766 4.118778262837708 
12.64991691228458 20.79426803918844 8.829278147199876 3.715371966723353 
11.41797343264739 20.55562003999684 10.08975644346355 2.875249428513712 
12.04550303228656 20.6906513195364 9.146467117121301 3.900817440060678 
12.31962637191611 20.45902981389489 10.03295474637084 3.387278588062884 
12.66426980220422 20.45382966358173 10.19274750550591 2.86891253134236 
10.67448144582287 21.81133934087155 8.756191577374041 3.017434263134646 
10.62552701076398 22.03618889140019 9.17201186542146 1.980560974598987 
11.1161735632664 21.89722944433958 8.782409495990512 2.089160684498694 
10.63871884941121 21.43706615766671 9.253486638376934 3.471228798605694 
10.44290333829871 21.90715634453774 9.11269700788139 3.105958218905215 
10.47395356718803 22.02823331933811 9.95621693673062 4.245991570879397 
10.70013721470447 22.25356353442561 9.772039103047531 2.722707177553829 
10.21636377736555 23.06056183113511 9.046225486825012 4.552739848950466 
10.24861580632214 22.54596280599978 9.725390829971136 5.414185358707101 
10.48521559699584 22.62464662990959 9.200341919534635 2.587186053276824 
10.5467477763582 22.24676161589213 9.896957417147661 4.747607376787983 
10.64417639982124 22.11255685593816 10.21797825421357 5.219465357818962 
10.23718399899885 22.53793971890038 10.02202516873576 6.223652616430428 
10.99360260804598 22.16245263740537 9.516111357670411 2.023240521053665 
11.54572577161236 22.45589252392285 8.765850561513687 3.38604448415164 
11.09574919296572 22.42390818989053 9.519173430607864 2.74935812585727 
11.13513341210698 21.28799891311331 8.349471644148732 3.032591017994775 
11.68680604461439 21.36434218941411 8.303817229967247 1.668471196467777 
11.74652912494242 21.71639511510626 8.824591467187529 2.404453846416786 
11.3926233802352 21.99119600100406 8.779527323799504 2.570711186103722 
12.32495255029473 21.82443051308674 8.051450457026478 2.121150264282704 
12.4794592744225 22.19473456306162 8.092367315731579 2.733931929415988 
11.9194671074824 22.35698563407811 8.402435198890107 3.60865097154425 
12.48819654394717 22.46773734855666 8.180841547917851 3.106258395267488 
12.635225252849 23.92416309670262 7.925084872010185 3.989450401854953 
12.69709590990294 24.50464295554992 7.36636032053491 3.767857547543684 
12.19262639242984 24.55553123919553 7.42498020968538 4.144778248477024 
12.45665705446924 24.28794969793649 7.477452977573609 3.540525485104581 
12.40383653068939 24.7715442854833 7.47538289978723 4.361343302394118 
12.79717164748654 25.06171890158347 7.681039492678879 4.15937644991493 
10.51334253677299 23.08275360989222 8.71007807057212 2.704862973432554 
11.28229029333074 22.94656430056614 9.118630310386852 2.846812994325731 
10.95011961297322 23.09220557626889 9.039904614541214 1.537905133602962 
10.55232939293349 23.43617595149596 8.433118643065349 4.373686390491969 
10.3641279735219 23.4785017392254 9.006792620151097 3.081095829964426 
10.55376933658728 23.68210505391913 8.666505858650741 3.224702045762896 
10.90397446771104 23.45018369666565 8.206380452100074 2.986382503971882 
10.90286668149634 23.71758008371103 8.074295940122655 3.820910287524953 
10.21675712577281 22.96560058693538 9.574142529644595 4.651212038674004 
10.2418932622185 22.79121868760608 10.08969172399302 5.330376528157444 
10.50891839565757 23.16730380151256 10.11919912667897 3.520997424775004 
10.98718312062868 22.74181684664711 9.340614194832654 2.206612830955166 
10.33194610144286 23.32669237344195 9.672760586449234 3.980680744308671 
10.61703301627451 23.81957420569152 10.05901478702004 4.184950246589381 
11.98720333222492 22.84673136790402 8.398489170274692 3.303367922938449 
11.56780799407404 23.21768954779589 9.045928698113784 2.515393292753899 
12.67385347540284 22.88732677457104 8.236228831685887 3.395263893994979 
12.44385834891676 23.07445395105687 8.290527812062376 4.199184958015906 
12.1051985492267 23.27297664323365 8.877325614429479 3.436253642183672 
11.65348691306601 23.78004230814114 8.03988093368824 2.836538152098726 
11.40172007401927 23.34668273714254 8.854515770025319 1.795453788752525 
12.24044355957576 23.75900595172589 8.214406430853073 3.345002077037961 
12.00455290678677 23.44614986877552 8.937743509621281 2.954313833351122 
10.87399635566822 23.98064311660239 8.482490397679506 2.364432653630459 
11.29772046290518 24.27924259426124 8.685996043533093 3.70353210944171 
11.28636529050133 24.44688810735286 8.953303496626923 4.619984681461773 
11.33032418347348 24.69744318014335 8.827934443405073 3.80317140125365 
11.23051877824284 25.06489607413954 8.78604940408662 2.435698415106444 
10.87657793647091 25.42992041936376 8.965680447967253 3.024196734575241 
10.60199785166053 23.8924068564049 9.063727848676059 3.404361799003624 
10.61160714184896 23.91831527726418 9.840363008586488 4.452118683331008 
11.04808131994054 24.28771581031746 9.401276649616433 4.569119028505014 
11.08528061319237 24.45936581918886 9.662817015959625 4.810726782078802 
10.9974692053105 24.32367411038537 10.03591061742895 5.005742246662777 
11.03917142735422 24.24904322062855 10.44540881176971 4.739373324027355 
11.08243481873859 24.99903328022391 9.359503545829849 3.070331075326365 
10.86359637828337 25.01292344184083 10.04374488450968 2.776763510587941 
10.9645835430129 24.59641210023605 10.17607099648745 3.678153376178102 
10.81225573880326 24.88999242773357 10.60735451214876 6.183607245616287 
11.01530046460429 25.30394087646645 10.27339436480226 5.52351717109309 
11.56349899668564 24.1542056794661 8.126720001524642 4.049264383885571 
11.82366870888372 24.01743690353951 7.967807672030373 3.521588761963756 
11.64295504869188 24.45783983617762 8.165577219528519 4.678169720093024 
11.73784628377493 25.41774464364455 8.108910280623391 3.936325537587322 
11.83724899589428 24.91148902942846 7.95509164383559 4.364590124671651 
12.22892018745915 25.15554164563051 8.069316049197335 4.48684324883763 
14.82247185968969 5.722367762220351 7.772661587862922 2.350548318708704 
14.82319100369982 5.982123523241279 7.991512638401907 1.55194109344491 
15.31315118269007 5.960488171117676 7.574832401070301 2.145587693649873 
15.38721935718929 6.336258696673012 8.048325358124982 1.567453142374788 
14.5909515068671 5.144250775920786 8.463722179292542 1.905031069590393 
14.67860233893465 4.813593190604779 8.934622552314822 1.763017530149568 
14.24601008376366 5.386569979157454 8.897944724936725 2.174604810302483 
14.47337633721892 5.678341426327558 8.342771871178069 2.022659428791954 
14.35160108699113 5.695133593152987 8.902258308776748 1.619000390327521 
14.83530644655776 5.303708519828486 8.107042886599695 1.970081643628262 
14.86625391201141 4.535393643816428 9.847604260618141 1.619652684832161 
14.25455540659051 5.134118869552186 9.113919647404019 2.350412266077612 
14.28687251648234 4.880890034110284 9.881732396363745 2.166248023315916 
14.4076177111114 4.771066898044921 10.13837647485608 2.555243600157198 
14.2359425894273 5.150825693446441 10.07653016306303 1.981982150877982 
14.26964984808047 5.425967563827115 9.678819154467485 1.608095792435364 
14.65391747497073 5.597690293907922 10.11438814205942 1.483686008678184 
15.06304147784355 5.553257070527534 10.34965071036888 1.499203999665745 
13.34110587993326 6.905909589570837 9.209029365919209 2.124209399496863 
13.05216028310524 6.975818040315779 9.739906147413826 2.978089235532963 
13.50338530033727 6.937915626505952 9.654068680230374 2.824737020641294 
14.66638305856926 5.991071964076351 8.670298357886265 1.493769885465163 
15.18344390794947 6.277854053466927 8.531676946185362 1.546871801096223 
15.13127671936351 6.844428189991312 8.442975207689049 1.859462863507503 
15.01843445983204 7.069407192892438 9.118936130756831 2.121405567864542 
14.91479252371031 7.060609106440433 8.850156821229806 2.015330207987503 
14.57582605733913 5.783401584486557 9.456503531985996 1.481315742358198 
15.4019673137459 6.22428118245767 9.739842207640784 1.64787633188552 
15.23204258674588 6.226383187200712 9.370461164286858 1.592022628851502 
15.28644438805761 5.052642127051827 8.343949821146575 1.836364446104469 
15.44521164788122 5.677289679192187 7.571303177055888 2.164748370895794 
15.89541587415679 5.989258905919268 7.512688013108846 2.425273996944654 
16.02902850965636 5.678210844581952 7.836219506811593 2.107897016866616 
15.7629977826649 6.334277033544286 7.494655822438811 1.905801283205264 
16.33754457069523 6.191397664599965 7.366905836580899 2.536531036020008 
15.81840534127374 6.687826840787458 7.24354116197067 1.864950661125775 
15.44111909634142 7.002213812418484 7.468668730002697 1.842714456782431 
15.38762718457997 6.716978305758967 7.99758779303695 1.834853319366061 
16.05635378478359 6.292433049417129 7.284840314323769 2.468402476102227 
16.50426826129504 6.473568391980811 7.376246423857491 2.312170822016682 
16.57062725803838 6.035671949387169 7.658795343932718 2.390413788604022 
16.40149947911926 7.008785627128192 6.946803579849017 2.457690995084775 
16.61218596792408 7.068907311103497 7.207027508056384 2.166066483208766 
16.78155763090573 6.84563388386356 7.966525202676127 2.262825721131208 
15.76303646102794 4.92001322328886 9.45588160153601 1.728025367148661 
15.54649253744748 5.064982742445347 8.395747403147451 1.835029122314069 
16.09905893781127 5.457720924639786 8.279145847998381 2.134725817103472 
16.49026885101187 5.629606496956199 8.045747319718926 2.306394732151503 
16.16170396867204 5.290431296550314 8.765216903588609 1.980560974598987 
15.20450951744697 4.653521199769961 9.211136823263869 1.777576595966181 
15.49868253544952 4.850713984479612 8.927996332106831 1.746048652594595 
15.78038645078109 4.896615664404057 10.23915601008784 1.917316376299738 
15.84681750210741 5.304165072443462 10.32657917065367 2.23992093284923 
16.22420383594887 5.256995573554003 9.50831435209329 1.863526821165749 
16.18886085468393 5.398604968030465 10.08825364597695 2.28765573610255 
16.1458486881057 5.625725894081419 10.15421830774002 2.022424000368574 
16.53718580667253 5.762637227880848 9.756262978353737 2.587459592828793 
16.70523985965027 5.543192524313833 8.587600317711505 2.400242976504785 
16.87934129393002 5.796234149161241 8.865563078588792 2.460958512114928 
16.68421989377351 5.567025950575007 9.349876512767956 2.459003165340064 
15.3043150993685 6.491759214507653 8.68106776505595 1.801864449398565 
15.29945158718539 6.567879247420305 9.23757487789555 1.924140317302573 
16.0566757074957 6.107267189345697 9.714956847608768 1.607636205008347 
15.38980979244884 5.923282196267246 10.13506717185726 1.638535622106026 
16.37752772960597 6.258605869817677 9.651362790728639 1.536626156911282 
15.54947457403296 7.159651318184692 9.251909656863688 2.156631315201963 
15.99864440985982 6.543065974962501 9.350733963287679 1.741230873204742 
16.481486548692 7.136295640330366 9.685460729400443 1.647734542095286 
16.68033790192338 6.693874368415121 9.93555288592824 2.263248221922339 
16.79568293033872 5.808369326329792 8.236150919233097 2.290829819398098 
16.83879660567014 6.347197102619152 9.237042255525367 1.902614291301646 
16.73742008935078 6.382156243800786 8.082439596545051 2.217143386561091 
16.98009521525113 7.072840031606552 8.697396214675196 1.776336549997254 
16.67851600884229 6.023186472377769 9.674639528154973 2.493940210633497 
16.85216681056913 5.954664328975362 9.492961633262501 2.568660971304467 
16.85669356092041 6.530179265833312 9.798930265720637 2.990111452515919 
16.8626895086549 7.080869738457184 9.734882378504194 2.709813117279765 
16.9944201542104 7.073096594293615 9.439599929648363 2.286340492369149 
13.80726949819073 7.768454727726226 7.87038340448038 1.96126834269279 
12.95888361076793 8.12964111715374 7.723452857963689 1.964689943425626 
13.74643013349163 8.312566326669897 7.167885218965151 2.188452468385435 
13.18194872066939 8.437957708276532 7.258831638970132 1.892250523107933 
13.28554804870004 7.847936290113521 7.957656319128756 1.922441503500792 
15.08052786024255 7.848495325188434 6.835437881418441 2.101543727812 
14.46501080920874 7.657729899966819 7.598279415465895 1.853757053841818 
14.3605218152537 7.547951960023317 7.960020155574378 2.195096098672366 
15.04155070984547 7.532908204286858 7.112717287352482 1.659186833787004 
14.9216785803546 7.191982695328459 7.94892867770175 1.857102022520394 
14.52061578479278 8.160820561090404 6.953918934707808 2.431216464424963 
14.31841767029278 7.972348762094129 7.262919490000789 2.264270665640936 
15.0385952057998 8.097443523539798 6.825283269249958 2.836268505619032 
14.73932126665338 8.586597329868818 6.807135837766269 2.075497435102463 
15.08372783143378 8.307288316375187 7.101607928609977 1.7944497859026 
15.20042186702108 8.278054319799439 7.508308548146119 1.486336473752715 
13.62524232261389 8.789818062147113 6.600493555311941 1.689509051695246 
13.60278842737855 9.018494976662389 6.486930594540119 2.983887044643467 
12.69976501673075 8.816884550712478 7.14777100189884 1.35828021311417 
12.56424352613705 9.277781146582166 6.761417039179981 3.186177841715661 
12.97665740451309 9.062537380504363 6.857617562848841 3.152626115456584 
12.90819330854283 9.391070275050515 7.128495987426938 1.555708153117536 
13.19349050302761 9.298985949674575 7.494393278068611 1.373658565746176 
13.49842124164893 9.251163370794863 8.016649588490948 1.876291180663486 
12.70502269568087 9.522296672756125 7.737101706575475 1.429487783404568 
13.20353726700217 9.209259711891701 6.972339275099738 1.742189183680068 
14.44408518819451 8.622767535129949 6.77196678308177 2.091293883206973 
14.30235202210357 8.997911498477714 6.367325042656462 2.448906584843556 
15.094209352884 9.013675928452679 6.486712430276476 1.810907236699734 
13.95301144067317 9.191062406552341 6.433469628830196 3.235975358579225 
13.59452885415528 9.219528595933873 6.731238335811728 1.718741209366428 
14.85135962992397 9.268364990736345 6.285892264352599 2.979133808293966 
14.65694623766123 9.385714022413774 6.426031329706546 2.076005378585108 
14.76238029152958 9.661644675868823 6.540809412559882 1.761868049335675 
15.05981606713207 8.626861750018152 7.163787676534991 1.991413016015429 
15.39837481344692 8.851862722613266 7.126905922327102 1.65413874843729 
15.15491544501649 8.536685684557719 7.818730364796372 2.038459360171657 
14.38162756894805 9.491058748781565 7.142993248972846 1.739334127412548 
13.81239745085753 9.350222247043783 7.497509668527668 1.89893943597238 
14.38760608220374 9.455229320275921 7.745508923435718 1.778404181172476 
13.30533116929175 7.128583993349952 8.817346559103013 1.799431689023635 
12.99260168775735 7.474205018634676 8.88812795591228 1.873633236792216 
12.97734404769082 7.086553717211415 9.196370042675998 1.626236382295907 
12.4194864391381 7.618512272210791 8.945340736372517 1.965131704679592 
13.3695386815753 7.542613394603372 8.513195718882388 1.83757724056747 
13.65880878300899 7.482164870393617 8.599795940678041 1.972253363262212 
12.84622391505707 7.428099467368894 9.704986954493551 2.247582294188319 
12.84833642356084 7.589102588705591 9.740771077945801 2.772117231276738 
13.29709367607612 7.63105096317152 9.946031634781177 2.260966061974898 
13.1029011315038 8.048012141404135 10.04187056690441 2.216997703698581 
13.29493661952895 7.083097418678014 10.09737682227401 2.916040630016369 
13.49097233905817 7.064679219381558 10.07368800742648 2.558467883595242 
12.80221544739372 8.061892430767081 10.12075722993155 2.431544302090245 
13.16971996414927 8.600735094598983 9.934111031436206 1.945234826976574 
13.59683388894376 8.242196456336703 9.726258099177489 1.934866960812045 
13.58690553646623 7.935479331271133 9.875802430199483 1.812774272203512 
14.04445000959151 7.485206915134794 8.698125444291627 2.262149965743646 
14.68952779889035 7.238410199889701 8.535066128516325 1.795722410739515 
14.02030205289275 7.504293470135686 9.201966087530989 2.321836295983346 
14.51449439044736 7.427360829924134 9.050362971550255 2.205665175203961 
13.81868901872568 7.367730706327291 9.676455745812135 1.954561603655293 
14.06902922760104 7.856203585724077 9.500261909175812 2.32218790187936 
14.7444913222297 7.810396047946941 9.225581865255261 2.373057857705476 
14.31462155376815 8.126461099618409 9.4689840223296 2.353145612611897 
14.7107904420709 8.159447605093863 9.448570882120055 2.385487822784626 
14.14994698222087 9.096482518151145 8.752858114104095 2.137003879080098 
13.30962361769637 9.24200112989301 8.997678290014511 1.865900775659469 
13.63989361597194 9.108253093033477 8.895489509256508 1.93944480401062 
12.96122541443155 8.838841107985722 10.05446972808564 1.869177103326876 
12.56992705102379 8.975866855549274 10.31853015981844 2.676477354082692 
13.43951896486623 8.908247844187919 9.737657869143789 2.095728707224069 
13.66776474221542 8.926233272816329 9.442499335147984 2.003026460409487 
13.24437345667454 9.329756881495292 9.577043516808923 1.863276640047431 
12.6067665341179 9.486630517394872 8.715235095646351 1.781830289673209 
13.07172776460277 9.309208978093864 10.17131061044313 2.29670364586724 
12.76325176689927 9.553231929805484 9.93472626122561 2.092480655555292 
14.30883030634572 8.608708505881131 9.323581719513111 2.123670926131638 
15.23324445032585 8.289740544597958 8.247475992270855 1.849139665224868 
15.22652991475083 8.920623421813756 8.485030677695011 2.10493582315496 
15.22933806088531 8.520031292436196 9.011228587597783 1.909172888694144 
15.13542680804209 8.69206581846683 8.743536763618096 2.273328410535584 
14.74522427170885 8.713094009126019 9.092317144979098 2.199395484753992 
14.33634755003851 9.29678036584842 8.336014291255573 2.006021667278915 
15.08538509695859 9.436086425274375 8.317889067094988 1.871735876304399 
14.9523025614521 9.051593151141212 8.577430038365319 2.042564707335146 
14.64501555085273 9.47203238756896 8.095858387188276 1.908431770672067 
13.99878465045618 8.382438371104435 9.587296273281343 2.204657689078843 
14.36834706095248 8.52778330918332 9.346905485187131 2.222112585972596 
15.14739118903167 8.413392721365849 9.462518280718207 2.366498235820274 
15.85107136574441 7.69322691522812 6.654099172394672 2.61227280611979 
16.17139604077983 7.040332945556276 6.852345976126477 2.134806342230007 
16.13629458801301 7.481990592410853 6.566246540005126 2.168120386181755 
16.53817982570147 7.642552894676751 6.418316657950107 1.825834914991248 
15.33796270468842 7.935308838846854 6.802491600375808 2.555923863312657 
15.85537926175007 7.913168433734429 6.929199116355411 1.657363031875335 
16.47047170648524 7.887636434710759 6.301987264561119 2.930782465331376 
16.49431861211888 8.192509168881099 6.681567209993792 1.580128985702899 
15.40040663275578 7.539040613772537 6.853106289714933 1.927173840199131 
15.86160713684363 7.193371444722588 6.918047821751075 1.919073176388565 
15.58325040058215 8.04116316366486 7.242158487264768 1.436529429107004 
15.60367153306661 8.046904259485848 8.252491393011459 1.647525340685128 
15.97742047324382 8.025357154871951 8.198142612297733 1.82567939699878 
15.95211673042048 8.06006062739028 7.681491153466 1.656760117919028 
17.03713267811362 7.930263796076568 6.546642135349425 1.19531405623885 
17.11314920257309 8.321019527043493 6.482742628905056 1.574499398294392 
17.26037402060138 7.802674521730379 6.937264475816472 1.070815551413503 
17.75859664217041 8.029049531606653 7.015420153238598 0.9821450931862614 
17.61166525931581 8.375504278517701 6.310767141391206 2.22392491356598 
16.83311157004002 7.181066208432902 7.641383832828239 2.055514090215226 
16.94865992022658 7.486471966750195 7.186360549967153 1.39335976534273 
17.8748127735638 8.127570264327051 7.83855885165671 1.392480545704153 
16.23734620439662 9.122980610921815 6.638864376524044 2.492953214362458 
15.63054228318123 9.7941229027748 5.863671479929378 2.771755995149306 
15.41091917532563 9.29278853544381 6.184197975176087 2.188328709666791 
15.69500634203368 9.570876319331616 5.975741792717082 2.543289614388328 
15.10900690313774 9.628214986833489 6.027281072692295 3.719801463378388 
15.63236152640932 9.043687488214932 6.699141453259894 1.941004286804656 
16.6292746768748 9.541417064828114 6.325325891344755 2.640715387263995 
16.05424482603475 9.343675643433118 6.419766764288388 2.515965164581274 
15.33255563615278 8.729911197841927 7.662500337633894 1.651335838848404 
16.09594626519916 8.893725195999306 7.095628249101335 2.313388329146122 
16.4879929832001 9.083400102332746 6.906628365277181 2.451338525624323 
16.26960189012599 8.88879877905112 7.355980808002426 2.249178248922618 
16.23559652391366 8.906577293551162 7.859198188877834 2.32939930602285 
16.72247316228115 9.136864104428561 7.428228372841285 2.3375059118911 
16.55827266630587 9.085991659532027 8.082922611119264 2.670846537282941 
17.53668883534084 8.559125933017933 6.346790442047888 2.327245822359032 
17.52983612046139 8.729831936821789 6.885218143194436 1.367374020151999 
16.9151461615717 9.496343689721934 6.815496271193966 2.287196968269697 
16.60100974457174 8.371750569083682 7.176885481183108 1.466813843234469 
17.07033548549872 8.517972416971755 6.93832074596054 1.279527766305129 
16.65050403282854 8.360174199884989 7.808622506320104 1.599844425748039 
17.31545709614747 8.58484516099662 7.781016917086734 1.421902951670468 
17.73904888086964 8.597871439669287 7.600973356885975 1.600560341249597 
17.12502982261881 9.60877700928366 8.094296718859322 2.509448161592559 
16.45436204109521 8.02504961343918 8.8149053982624 1.832001746373734 
16.26917025309553 7.963566642458836 8.920442652002007 2.081335199428423 
15.1618759479279 7.40024077274932 9.125240635267984 2.064430455116721 
15.10006392069817 7.628988960536266 9.192326055318825 1.867602662939362 
16.05645235520797 7.372785351984043 9.423083850269006 2.109131530574942 
15.84133590160584 7.624357968772188 9.51423928536704 2.519468110034808 
15.2805538692125 7.940691775491172 9.748273980712327 1.739145825653551 
15.69315429818729 7.995430465127536 9.857511780999635 2.453090613046712 
15.51913804975984 8.269620581034324 9.34816852117857 1.481022225198501 
15.30066464612893 8.233585095691939 9.752170880329613 2.664343672293541 
16.01204290397644 8.013901625896651 9.225309380092702 2.110575860389048 
17.11316172630471 7.450182888715262 7.945333831284666 1.428749738860603 
17.33757613754019 7.607045707562552 8.507894130962162 1.377819952660573 
17.220939423164 7.439038048951538 8.861481298006275 1.82935548171929 
17.26640762330939 7.757860009285195 8.959508706389048 2.809455482569817 
16.91169853006494 7.931278313973574 8.98649803111865 1.87645837787278 
17.53381121471288 7.888089295110475 8.555111060103171 1.85180314135674 
17.54755811015688 8.475640807316017 8.125020569614344 1.574520502844095 
17.69510633590817 8.180374486163114 8.381430960756783 2.748852846055655 
17.38881789768375 8.182894769460697 8.645571845280058 2.078400437628531 
16.34582018921403 7.434525170586215 9.512077600614498 1.978881421260041 
17.09568867493303 7.404627308550564 9.533190642259028 2.949015976680172 
15.3666826059335 8.794689405726821 8.246017352918203 1.689119027322832 
16.16718621035054 9.181152953032187 8.453272465529684 2.873596102187989 
15.55888403305345 9.163878188878558 8.454918236324449 2.329985520748082 
16.02068302727567 9.367106075568023 8.533212690762351 2.464336059661491 
16.77500847539613 9.45967536195268 8.286062787268495 2.715089459603931 
13.19231886763094 11.6367542623079 5.612827499991653 2.154352228732634 
13.91396729524237 12.10408152419835 4.991619541568768 2.635421423665321 
13.4538466616765 11.91804611781046 5.458517298828152 2.115915721260862 
13.88864249345494 12.51885066328149 5.116653552187645 1.683663398775465 
14.08130453681051 11.44100219781906 5.543873811321821 1.545019415838112 
14.15405418531769 11.95306363729997 5.001506490017008 1.707018656499393 
14.54808162530396 11.86271931852344 5.38744079951642 1.337966161982081 
14.72851236508035 12.16689933482667 4.934019249396683 1.154973119279603 
14.87623838526181 11.9763210117956 5.814625987200527 1.320876189389494 
13.03571716917685 13.52867224386005 5.499740397047189 2.098513278393554 
13.30569899496164 13.41863043231657 5.479064128434586 1.037157687710291 
14.40058406966055 12.4583043067851 4.589343466847914 2.891098125746126 
14.0277316867621 12.43876299358031 4.892103796760741 2.013339003967999 
14.66456353332824 12.91191436289439 5.035181236929522 1.325917308188821 
14.79455342953681 12.45023975822886 4.58053451737217 1.63975179739495 
15.35937533735295 12.51507633704569 5.099770538906852 1.201517359561599 
14.58659774665433 12.69959651839848 4.621618404076612 1.7118168680786 
14.87536715119471 12.67350591441146 4.553901401104973 2.422726493386875 
15.23892685903273 12.6981340337811 4.787919671803238 1.994396338769491 
15.18863259755925 12.98299022537343 4.98255529824526 1.503554815281113 
14.63650181359952 12.95911105777744 5.439961243418896 1.282770900408927 
15.00025810836419 13.08597819739876 5.535125745853192 1.384145682861451 
15.33155470812091 13.58891262383409 5.047274344991064 1.293658184374387 
13.88516520765363 14.55825617518178 4.429809668240905 2.229086102910216 
13.24547098319603 13.65839027493646 4.949987999849132 1.607448108147892 
13.01961510123293 13.752773637012 5.178535840986253 1.326279773707498 
13.56488175745427 13.86709092162413 4.744746523688344 1.493807791695211 
13.51381351916855 13.65991625880439 4.96094411630721 0.9105582556968415 
13.49807765149422 14.15351524272274 4.745290625559219 2.037551659635909 
13.45159450617654 14.3396307622562 5.133852421635014 1.235502651133011 
13.78259867528115 14.3267851339323 4.412545024080847 2.298651206497553 
13.8396130691784 14.73247070619978 5.131106938159232 1.865809595808813 
14.10338820145048 14.37638235541104 4.193762195757864 1.669670160279274 
14.93493674251221 14.16766788280668 4.224251724828211 0.9765383519650541 
14.40726913629326 14.67922633927188 3.840216025779029 3.018350569409108 
14.29908214001562 14.05202094526271 4.630966936365894 1.108644124914719 
14.32214864256303 14.81531444142857 4.042891364885936 1.935776710333201 
14.91651605659371 14.48731231918203 3.745202336718955 2.137595830964472 
14.09643971843158 13.83322426349195 5.30760152238314 1.054551627288156 
13.95793901799928 14.09350813313671 4.501442728918185 1.214144129689188 
14.41121453422276 13.78980390526245 5.466040506839003 1.169951817307776 
14.72328034109737 13.89275581791776 4.876269776278951 1.174089128643629 
14.96637492891577 13.55722208551764 5.803716172864601 1.116527493822765 
13.97231957553334 14.76614252024051 4.650918869501682 1.748196808896353 
15.6129981286757 12.81660213445627 4.94950034051193 1.899902664012686 
16.12160733836593 13.03066930940423 4.916148548992657 1.990065808109662 
15.50429753337601 12.42411540150274 5.491197994147323 1.381839139987655 
16.53918378706158 12.47260378717239 6.015411364933589 1.919956289099417 
15.54598077039452 12.98941166130362 4.946238544210395 2.474025506757428 
15.88027234431647 13.31950611485957 4.850741164716907 2.089202483801017 
15.42319699216615 13.23173059532814 5.333718826627101 2.24593490992028 
15.39775178970288 13.40288332351144 5.358052994613622 2.132470498864876 
16.56555920020269 12.83651278622187 5.305304097667872 1.932440962088961 
16.02681139882005 13.51796060644429 4.568619375516808 2.070869186862851 
16.66902563489685 13.55212287594508 4.786201194595527 3.020341978327153 
16.77518961299397 13.335432105812 4.892452802613551 2.073629580004521 
17.11751412717496 12.97923603670815 5.421556178444945 1.886602085033672 
17.46089880155974 13.23945306886077 5.504593840353158 1.598031995705384 
17.52090831526994 13.66323798467747 4.993335418634716 2.748201268695908 
17.92261004311679 13.66919831884105 5.249582655715834 1.912497777315721 
15.4865804948764 13.87281111648723 4.440394518956686 1.083819129957625 
15.28729809242794 14.2438954833672 4.094014239855511 1.54386511990851 
15.35808827447685 14.44545175105916 4.135381986554678 1.618631880301891 
15.48851646563056 14.4377619218442 4.515405348194473 1.111637692595821 
15.43086106125194 14.39869976300118 5.837247836190425 1.334746181413394 
16.12730366232322 13.75321670246192 4.533865854233357 3.06177287307419 
16.12894398108845 14.02059680642362 5.217996008063083 1.61624235351907 
15.9207422230165 13.968646267723 4.524334874550203 2.096807293142845 
15.5580420358642 14.41885252536327 4.923645803145837 1.306431969205001 
14.9606109155273 14.86759510988122 5.292444030109871 1.454277023566291 
16.68749723405021 13.7943216084086 5.05505476289108 2.060764000627628 
16.56803842284837 13.91834765266233 5.796428329743398 2.030330830159542 
17.31238985777004 13.73563978590416 4.875599549902306 3.516901502944393 
17.37637092468916 13.9253607869142 5.039481566289073 2.697641119463484 
17.21039525945863 14.10485370279943 5.592537694985444 1.736367811237372 
18.06488940767185 14.05096388204176 5.532428566004641 2.215877728274563 
13.19766383326955 10.8610628746797 6.562183685981073 1.604079883484935 
13.6106793874554 10.9760683226644 6.230872490833397 1.639831912724404 
13.7410974807963 10.7809779063192 6.803457454293429 1.572402364178565 
13.16402806731715 10.29691489498819 7.712905014048953 2.552651633616065 
13.26642988025546 10.2696297981882 6.881424186742485 1.704877261849482 
13.51994004189434 10.19484721679554 7.105913548619386 1.990127277671903 
13.35624708139584 10.30917568475895 7.875879456502218 2.097822360513973 
13.27943470414201 10.64848102756344 7.184328235133007 1.3649439234581 
12.66687761677619 10.80735717373175 7.142529531453635 1.359552940400356 
13.11362272170592 10.66173131256846 7.685782509050148 2.423313937503352 
13.1764453287378 10.84177169804481 7.794537237641898 1.851811542196913 
12.77270449467162 10.83591814102645 7.781053233380465 1.339684748493049 
14.03037451987059 10.46425807756376 7.05679300163029 1.676780856789961 
13.96502204837157 10.53371617974367 7.425459259534744 1.836536355980201 
13.82481414162959 10.66423276286172 7.7197780898755 1.891939487122997 
14.12828132599501 10.61797648451317 6.796372148958654 1.358856080463092 
14.25345619316326 10.76007506729905 6.749810581097173 0.9179569371066236 
14.70584931050353 11.03803118443698 6.425197660125657 1.215738445235161 
14.79837237660388 10.77381353137772 6.203408048503755 2.239592890285408 
15.13426032885008 10.96744524057622 5.980344072664959 3.227487436526545 
14.5677241750942 10.60654022294599 6.711714343094481 0.6146593041365485 
14.5673915524893 9.55833485332367 6.950325555409055 1.56337596876066 
15.30581594925779 10.26328200038846 6.792266665827163 2.251513682490668 
15.2362208540369 10.36839953914311 7.73262583175166 2.245241123461128 
14.80484427708842 9.717112806906048 7.818263060985674 1.937240710407224 
14.21875 10.567041 7.1050014 1.38998815985385 
14.72198278516074 10.64424065425843 7.073524726527935 0.5719045086927608 
13.90476912760208 10.70018389376797 6.860087574006215 1.171328223255607 
14.13338106653857 10.91426006954442 6.912811920971498 1.629686976172266 
14.40751063623858 10.96102569536545 7.103139996859901 0.5262371317161225 
14.39057812552212 10.63005812619209 7.432183732608388 1.298154068156641 
14.76536365898223 10.79511066084596 7.368846857557763 0.7242395560032584 
15.33875125175774 10.83518078604713 7.380502432442007 1.943193422814574 
15.17187830472975 11.03120399356015 7.271047826656472 1.503437203518693 
13.07487539616578 11.13236618524177 6.111915320306241 1.58785212395204 
12.76977218191251 11.41347500016573 5.818877873186718 1.966452890470677 
13.75122977177682 11.50639726378091 5.34388654081214 1.985710894523478 
13.96724470501609 11.11539571589285 6.104800367784309 1.594328147232595 
13.0144149196537 11.80594546148627 5.746382296482979 1.834963144983931 
12.4885866274695 11.70152351691808 6.218589687254817 1.30849099464151 
13.28528069285506 12.10090385330411 6.086514876041606 1.602321444207782 
12.64237232349341 10.96243870556031 8.014596837533857 1.332367206905424 
12.70926656314849 11.49265447688465 7.910059190971417 1.505390501308149 
13.33731649574083 11.42279899961918 7.82755371600114 1.76677577918494 
13.61570500432142 11.17539799529264 7.848814034310213 1.733137380843104 
13.98249473070999 11.35736464832286 8.026858518089977 1.25633335393573 
13.91845031550447 11.60878610064385 7.878292869684983 1.622620537746393 
13.29440037017559 12.06473779227901 7.243852294839846 1.571027802317602 
13.66701090477258 12.2140636025909 7.295582928030449 1.641438624632094 
13.46389174384234 11.88167739122774 7.658450720041127 1.701260700155075 
14.09669245296354 12.12016452644398 7.400491534520471 1.750366274646353 
14.44680779686379 11.58958821642629 5.940428234301205 1.423096485670634 
14.30233034919138 11.25094591873134 6.691017046452079 1.60510683497143 
15.4592249806571 11.28326085861065 6.127349142078963 1.815701452757395 
14.89982512094528 11.12224698477311 6.857617878434803 0.9548680773914029 
14.901870313185 12.01398573804393 6.423506814129007 1.270261844493028 
15.25524360864845 12.31152648481979 6.820176165306067 1.322291628509348 
14.36143008785815 11.13123997404841 7.290589647865403 1.428450689440304 
14.66076503038427 10.95775714040897 7.397283529382319 0.8105226901069926 
14.47239882289557 10.97065061384625 7.65017006182952 1.886703919608451 
14.31690771091649 10.8176086265219 7.711175367410958 1.844031954399782 
14.50489564800695 11.16193545933054 7.930959505164671 1.934524370451825 
14.25083753711664 11.87898217140092 7.468056466102752 1.952092576238641 
14.26734702129369 11.44731120982619 7.956337846887593 1.707532542039722 
14.43147489097816 11.50874335400902 7.376836375223716 1.748663567772297 
14.54669645562363 11.74441025427111 7.058994411943186 1.613310972545101 
14.75247360115155 12.04742620600855 6.982116740768197 1.37421722161767 
14.70772480992279 12.23969215647054 7.089799518299748 1.642416400468797 
15.07328024147643 12.43981796739572 7.097848222628377 1.507853279319306 
15.14217630553204 9.838814576119958 8.292657962758158 2.137769994724152 
15.37402074510591 10.46415254563088 7.91439645386721 2.276588551218268 
12.632204332863 11.32951408270085 8.016529250627119 1.453413068869004 
13.49168071256041 12.12404717592795 10.03330897583409 2.34720396472575 
13.75881045724599 12.16231884900747 9.871136369575369 2.754928292688945 
13.75187447658535 11.4983271890809 10.16990061604552 2.912130141365182 
14.08499326061663 12.45331790112214 9.856819765347367 2.66248893070221 
14.41116726229333 11.25467148756121 8.27706219464833 1.817670322835951 
14.25221795310463 11.21849122175318 8.318697643154948 2.090304428153445 
15.4237962279094 10.03475450075891 6.030723483417456 2.461510918580927 
16.19187992601447 10.22163211659695 6.217775700889896 2.331627577654061 
15.72185609408398 10.45377834182264 6.440916344472774 2.810105215842697 
16.21919278285582 9.8753136647373 6.151702811252699 2.763575011110746 
15.51093486110662 10.89934397598815 5.922240729840875 1.712289364113687 
15.57972760582154 10.65378863525553 6.318210434130384 1.689107143207465 
16.02404124100662 10.57226715467289 6.374224419244251 2.398430239114319 
15.75307637459498 11.1049338481886 5.832165110477798 2.83255881753783 
15.33746319091395 10.54465184747759 6.934113162740291 2.351735500854105 
15.25161956970025 10.63733706213287 7.183356008484528 2.619564325592734 
15.90475916476514 10.88962668726203 7.867734530405286 2.185797393093736 
16.69550042803322 9.868077256928856 6.03130935914823 3.018160218664704 
16.54023791313314 10.19569510459842 5.964037250304245 3.021402123377257 
16.95545260512164 10.44525155250458 5.899449508968668 3.000004568761412 
16.88591685376431 9.714314111312484 6.356065363766311 2.523407079583166 
17.49866778866688 10.47005495402625 6.277844954128737 2.80911350690522 
17.394042843224 10.05548229934332 6.763025184189236 2.395789916517558 
17.66229909554461 10.16639570729689 6.835975349169846 2.896011797653074 
16.63304820490195 10.79360348238757 6.153933942874611 2.83577449523716 
17.0112422660732 10.73173769235756 5.967399042291707 2.891261634781685 
17.43203317978313 11.00940587413184 6.032505620683548 3.131072018355567 
17.52147698377191 10.72184241591285 6.050898289253706 2.915002614008671 
17.33735368368948 9.941609499727377 7.078896523455623 2.370024334808917 
17.42283543637719 9.75071961523698 8.414088774049608 2.521214665196595 
17.73533469673194 9.932227365752263 7.63964688424723 3.03250004304266 
15.58669428259934 11.18659031636096 5.88702474445827 3.160489506756903 
16.12020527900677 11.534860928489 6.584049788273743 2.541161333245029 
16.46581992749403 11.07603925040982 5.956724152954981 2.330289795081171 
16.21617595461134 11.29389028290008 5.961458581146521 2.98729020450763 
16.09801790218183 11.43771643832588 6.232231428315818 2.809825939131585 
16.07319956366302 11.52583491291596 7.164069906880254 2.578896268113098 
15.40247813192565 11.2464794433226 7.008253920608301 1.809398773642357 
16.08918362282719 11.38238763001173 7.843636046119274 2.363591750019012 
15.71357310577899 11.21716512745931 7.463218747941761 2.365588486299117 
16.55786774284456 11.9810042644445 6.827308506259663 3.305348677132372 
16.27394308903368 11.67471472273577 7.688905039512192 2.625599202314945 
16.42023796583507 12.14400699886127 7.592829851241744 2.783311248357776 
16.81994048131065 11.13832080900285 6.188575634997231 1.897889126052235 
17.11684314910334 11.76484310716712 6.138875032961568 2.63033830066513 
16.97965606076317 11.0590000305194 6.246897628084626 2.79208643816466 
17.81248356556026 11.1675769882843 5.951823465605246 3.305920548959747 
17.69921355516337 11.76381096104099 6.399515998289353 2.667330683221337 
17.42516653770572 11.49952715847123 6.397411423153532 2.777338250994887 
16.71412381846767 11.88550388049188 6.385902156128958 3.487955895882521 
16.88675968318867 11.92337541321897 6.213815676938203 3.214459987302419 
17.38888954975943 12.11735781437555 6.108633260695845 2.603982201361902 
17.72952459116534 12.28276707707633 6.346694363219215 2.362364817556696 
16.60162388138207 11.51107040476734 7.919067340918598 2.361413268733216 
16.62521546471844 11.94532157604032 7.962487103311345 2.483610865394638 
16.97358205669889 12.30444796904511 7.755015810992523 2.298184242723067 
17.42846274253531 12.05441713835307 7.951049283937101 2.190879286702682 
15.72958671260534 9.876214872646532 8.555221685155296 2.242617397646171 
16.55705794300794 9.650072372483482 8.365984923845513 2.340800475528638 
16.4859744098598 10.40666895820839 8.322222888261038 2.176496023834076 
15.94523185818551 10.46629424738924 8.265241415259787 2.141993773244224 
16.2788684714484 10.73835827000644 8.153397989808967 2.166227328563295 
16.97781755915607 10.38231359227408 8.428289492456107 2.223531303469102 
17.01152577669329 9.810950572708361 8.49916031117305 3.109332283176585 
17.82037332074888 9.760987269161298 8.483839965764327 3.175158603089926 
17.33092505731051 10.01329238411274 8.758917459857315 2.650929169725842 
17.80961572286482 9.851529860237452 8.80364040414428 3.066516888989355 
16.81383819756448 10.73595965011147 8.402322989713877 2.448383683767432 
17.66114868484881 10.53861172849742 8.532696332039587 2.18971997075883 
17.68304608423748 11.09782786581187 8.612677471122549 2.536716674097974 
16.94555206439633 11.53167289382559 8.135368996179789 2.346389083228985 
17.17122285556972 11.12679418308693 8.447653822699452 2.352907930304568 
17.90727837667507 11.87982841123717 8.476505797744762 2.601830151987869 
17.80576304515247 12.15217785815043 8.434104784992215 2.842706212872457 
13.57469949031048 12.4487843973428 5.847795069334214 1.770737082674245 
13.28258685384075 12.15987576409801 6.561990580115578 1.471737247822105 
13.8268454150189 12.59739259567174 6.647531270702972 1.542947686692074 
13.88764746038494 12.69494229943754 5.944183532910468 1.490657066833315 
14.44825273995045 12.74108298230563 6.85482681182078 1.311666204879032 
14.65137398449852 12.93244403947979 6.106458577101412 1.302065273952721 
15.2370421202004 13.2492725989644 5.77861336457084 2.040051626732222 
14.96838938680311 13.07613422769809 6.429782081202359 1.666785905969689 
15.04278755620834 13.63508672904694 6.377874616140516 1.576082444420621 
15.13969379030357 13.30716296212945 6.860975200094752 2.199561657470582 
14.44261508172531 12.54849678607414 7.190905171075308 1.678604453803089 
14.74380565047024 12.8187908455372 7.158980601854743 1.754263854689469 
14.75273209760372 12.64620874004854 7.25108105512061 2.198690019078015 
15.56549428405645 12.92841443544831 7.371953689913368 2.322952993030711 
15.05799933758885 13.14614324822381 7.18927226603087 1.952582898446778 
13.01595787298048 13.72069372634459 5.89422070917007 1.721278263098625 
13.00638259100395 13.88435545658323 5.619561416578044 1.267769868439807 
13.36862602891643 13.98639333797108 6.280990991866824 1.434519681769558 
13.23248599536165 13.61972271653516 6.109056426910625 1.597779253355306 
13.53532261772926 13.62836925609861 6.038106492008202 0.8861928481667647 
13.52387467292908 13.92163067022856 6.372280712918397 1.919904039971513 
13.54511443916276 14.42726956274494 5.890356677043021 1.545880297057288 
13.85113054002793 14.31090264720542 6.306200016704985 1.460691987081688 
13.93260991135933 14.76641342442344 5.654663089501961 1.817964557140542 
13.98347415257288 13.82288212372365 5.976568913334169 1.055744649041969 
14.36988690816299 13.79058993596181 6.223993671654542 1.433277279467411 
14.08273414796418 14.18665366689618 6.35788690194025 1.723862648393748 
15.0084974149211 13.85786738236966 6.463531723460225 1.882780522349194 
14.02141312516083 14.61081769971014 6.157698008187973 1.606280084016056 
15.16032339957681 14.43727488001559 6.211072714984806 1.515565660395055 
13.12055281236352 12.37915165592057 10.19047412543934 2.777687807905494 
13.49984912026835 12.43405688227917 10.02900471942468 2.262656884733588 
13.24917089217032 12.9685771185295 9.753620962333073 2.812164036380665 
13.20610631200136 12.65649811329442 9.966214018658412 2.794444820369279 
13.44029424570215 13.48549150396938 9.576149803509184 2.874205060651249 
13.03651096579936 13.73337701146919 10.13712033889803 2.358957354823175 
13.01658274876598 13.46842948448091 9.826791986662293 2.400787187029152 
13.32731726639043 13.26249245754113 9.559679775263218 2.827194983536742 
13.94211649538851 13.23161222226706 9.801111163635179 2.683046606199312 
13.72085446089377 13.49247257690715 9.545216338447585 2.685812531601584 
14.42911907453416 12.72945253926566 9.703123954138526 2.559224164109338 
14.57770512287072 12.54362326678964 9.85475841507234 3.44526036734166 
15.08058503944069 12.89831997491219 9.789039769200937 2.785204920671859 
15.06857392820718 12.62599250083029 10.29223418577723 2.92022875619034 
15.8468505552658 12.99814469847251 10.1573380648848 2.136136748455428 
13.87395273229442 12.86593638864552 10.19983839231681 2.292067406584536 
14.3555266414248 13.10968142164035 9.920512707521141 2.226413406344008 
14.87742872004476 13.07721902887212 9.662727384784832 2.400031726109219 
14.79610199566692 13.50242123436177 9.485056481921642 2.258638414551399 
12.62371739975316 13.69873573953747 9.492153525380843 2.43266858038362 
13.185600357146 14.21208852630181 9.879318505435446 2.24395497532052 
13.25091600193575 13.89949274948185 10.17980847765375 2.390394937938268 
13.83025473283589 13.90541829668674 9.861072349833066 2.505701386875472 
12.98130368160294 14.4890070650701 9.48890911693009 2.347937911298899 
13.651918157202 14.40860385323319 9.653979903964572 2.331301584075646 
13.45686756131043 14.78955498767568 9.271549057862408 2.438527449259283 
14.33427341404138 13.48377129192543 9.866693514615182 2.32172995364067 
13.79013287018584 14.11368273715545 9.922651160590641 2.354787054822253 
14.20160001333939 14.18172280974529 10.155103757735 2.218792410017457 
14.60501875018329 14.09174942986913 9.873571581878346 1.993155063409318 
14.67242459086715 13.7870082158391 9.73256923877846 2.227499368610253 
14.20469704135325 14.4479104262173 10.20057446978085 1.874853202704145 
14.4253667112609 14.86196698026813 9.673555385068537 2.46448932377001 
15.05625121548076 14.16198530840952 9.818959965164455 1.984943344589638 
15.49281093595514 14.63499418753392 9.402649075974747 2.679093498651639 
14.79316604773514 14.5689582462085 9.429729153001674 2.402105914037747 
15.25042704962735 14.93532734354214 8.903795083069523 2.704212420565511 
15.54089154839834 12.34516373197207 5.934934256655476 1.462627253799553 
16.51138183538118 12.32756429927306 6.589529008644941 2.215547431826792 
15.68471842385739 12.3247236882354 6.428496686689869 1.79301713530532 
15.21154877785433 13.42279745691335 6.219904247684717 2.319946516741538 
15.32374856043186 13.6495200142554 6.507340349041856 1.949085075456765 
15.29909494116336 13.23347725422842 7.344530034872292 2.171479697758187 
15.81995770249567 12.66951583335803 7.332391048199137 2.254067947700293 
16.33563924855931 12.30035952994743 7.136592898818413 2.728433272175053 
16.34416127252961 12.50246483323058 7.36962461210065 2.364143131992307 
15.97455730570308 13.19033306829072 7.295322045389341 2.062029249117074 
16.50160589004486 12.86930471576529 7.409676590422894 2.16078993598606 
16.27730932748414 13.47252461240977 7.333845819341406 2.649029350455535 
16.96642042827648 12.47546353335304 6.021105319895542 2.119648357978633 
17.15604376794357 12.29914397351603 6.119393137269546 2.598477602063284 
17.25279151757446 12.64715326148918 5.978273363232542 2.252411138099376 
16.77186847302121 12.24740693159923 6.430583630299251 3.196311713746596 
17.41825506778303 12.59536154680131 6.213851318265482 2.138500048225026 
17.79698946709126 13.00455703647417 6.496609542336712 2.00968095031908 
17.869510145858 12.55130041365339 6.625665045567735 2.24703767386687 
17.05920886760011 13.24033926400731 7.968566353826434 2.064410375059722 
17.12936264450589 12.72334810137983 7.678109231833107 2.264825735787966 
17.53220747930614 12.31772300794442 7.983044027575669 2.600026020336117 
16.53546935427043 13.47282621864032 7.612819989837496 1.510679752240385 
15.89852052799298 13.84036691127212 6.488444990706991 1.946067329747848 
15.77140849583531 13.53870442706955 6.889598775598558 2.023575735066416 
15.64198681091146 14.02553363148798 6.264541853018894 1.580612853607001 
15.93638788454943 14.05347315573089 5.830346364810142 1.594354066898006 
16.42087565496268 13.89797406440756 5.881497413537276 1.983642648652634 
16.20402335660157 13.80295728127661 6.805651879608444 2.415937590034517 
16.43066279796704 13.78232852644953 7.36499836317801 3.377873335243038 
16.45153249860294 13.87537492081418 7.683381682376067 3.476109891644654 
16.89205398897334 14.03343248744894 6.400157903785295 2.405871539420588 
17.19856371223387 14.14182123806029 6.20086732874138 2.480912146713749 
17.83343926015727 14.21938398177218 6.306027799029765 2.381217737194333 
17.80774523780957 14.21430829720369 7.173109476613709 3.107030452969227 
16.7440026848695 13.92842568712888 7.351884250341823 2.697316150377773 
16.91916391799433 13.95945400290868 7.767899279199392 2.168394540429347 
17.55043343834894 13.9929048379403 7.970721778148828 2.935422392787814 
17.32904342054719 14.06954776291963 7.657909295961308 3.10272594442408 
16.2540211068598 12.83079137480313 10.3529554728795 1.639082906108506 
15.49679497672751 13.35095430641043 9.27201203908591 2.330859617923139 
15.50159335701771 13.67759190486481 9.129521664440297 2.040001836386807 
15.91680537520823 13.36166443119437 9.333479353648872 1.722006882309714 
16.71273282792705 13.28528940360437 9.043103520174215 1.079765519675689 
17.06325842598093 13.16336885594847 8.826267456537124 1.022341166877162 
17.37542102040474 12.86564645131425 8.699044750151049 1.944589601471591 
17.38127477965652 12.58402781623621 9.389887481755215 1.487843604969576 
17.02717419091391 13.35088466974565 8.295716029074889 1.285081233905728 
16.87652105234745 12.90123906691376 9.639857408301365 1.241846105057668 
16.78002043535206 13.43616343190251 8.545957956617181 0.7844681502311879 
17.4576784748856 12.10858656199731 10.41744098881522 1.234666460188002 
17.67308872773671 13.49138273459385 8.790191518146891 1.658337426886114 
18.00373048930228 13.1199295818279 10.28171889321493 1.658995253651355 
15.94466360702447 13.60053696253291 8.878225892619538 1.374719120593362 
15.88431408475515 14.13906465431737 8.64432157043011 2.95705312194309 
15.76605930219301 14.06417598277536 8.82577273547474 2.307843979530588 
16.12555222698436 13.90320526005954 8.314921535309781 1.745911575470799 
16.32792122732798 13.65661581109848 8.398202945966073 0.769384134353043 
16.42944018035249 13.69687863448672 7.936563276718473 1.20069643355788 
16.17483668677421 14.10774315080161 8.310228651802118 2.199314754728917 
15.68907191283307 14.50374313663244 9.417137914743927 2.768969989690035 
16.21704132547545 14.267026372301 8.81064825279705 1.435116858566722 
15.42488930836415 14.12639363291005 9.540005185481624 2.055020284731896 
16.298856817522 14.25099156731273 10.04959336108816 1.971528227326317 
15.6149161502588 14.73939206843809 9.713777897908983 2.245177195116398 
15.57965507253179 14.74343230061936 10.0720514448986 2.366536346948863 
15.89514218395202 14.50349154920715 9.664655374167113 2.022927436083322 
17.18834650065435 13.87342479445355 8.281334751910492 1.647937494099949 
16.76845523569486 14.08597933366364 8.689439286537883 1.303915200428342 
16.62437388274322 14.12329790006678 9.723867704470484 1.681477643591471 
17.0793242990827 13.83098015033722 10.24943384496691 1.799933075752975 
17.32632064652302 13.73227610779705 9.524326487803231 1.686571933562135 
12.86752108530654 15.27402489742381 4.599240100830731 2.737583426311602 
12.77478318232045 15.49749480953095 4.08235032387903 2.725978997453339 
13.40708888336138 15.46221416200849 4.141833836037491 2.95177555022768 
12.94655842072606 15.72911695922838 3.947775075401188 2.612818655832484 
13.4639616783459 15.88113367590908 3.78090445943084 1.719950315655694 
13.29690797529078 16.2023863432469 4.230040151819535 2.233492446030141 
13.74194282470301 15.73302944771282 3.759411773061125 2.617376418974061 
13.59659317972527 15.38231384667135 4.571081228925693 2.856641362632331 
13.05365773607233 15.26702763183924 5.24139125310072 2.611621228760043 
14.18717526213632 15.80022271487469 5.439595807708303 3.163229410044494 
14.81923679528004 14.84829377351343 3.789313005271193 2.716571080952463 
14.11831324085316 15.92324805072716 3.6987348783557 2.911263010740512 
14.15179316255428 15.6618371790172 4.168211247630158 2.641597475482143 
14.33356454794779 15.00448244473486 4.674979549041232 1.657509944129089 
14.3361207440392 14.83559774131932 5.902424618015115 1.574563941334745 
14.99264030635949 14.93116960618033 4.348543495049679 1.283763838737649 
14.37293492276497 15.01709931183805 5.111009166283628 1.801484157706838 
14.16746746827038 15.607529250482 4.829311201676575 2.96475034052682 
14.32004430248933 16.06599775325955 5.698185240365667 3.289043465951053 
12.71393195957551 16.24689305594931 3.807003000879098 2.482177805000276 
12.86915076120451 16.72952500431492 3.77223052729701 2.425567821452162 
13.4989761788862 16.51799577999324 4.017161742560658 2.514103456439557 
13.48076214204435 16.30455010264206 4.273029357272442 1.997236027646451 
13.72195167119838 16.43077514054303 4.167140267373311 1.864860095970741 
14.13798706597088 16.60960502589892 3.762930463830267 1.618448701006415 
13.57463095573774 16.83046226863569 3.721261136038466 2.408052069691792 
13.98518028909125 17.25885904854941 3.352531910649531 2.462914678483955 
12.65931078161105 17.14928624739461 5.504119441619479 2.359830427505528 
14.09910551303157 16.2954405954196 3.681229970572736 1.804392487594967 
14.39956887288225 16.24346198592895 3.741903693180716 2.764176593226537 
14.09143725697203 16.81174320437113 3.760640048209638 2.104253511014093 
14.52957478407005 16.74032892352222 3.491025369703368 2.271624269371742 
14.90570112458645 16.7387891748672 3.721280145465392 2.082420751897587 
15.0610143025349 16.97824091659265 3.653543996982521 2.384737484328213 
14.82618948513865 16.45685128914364 4.216147532219708 2.808833205701404 
14.86103569167292 16.43881720986619 4.614795298775036 2.782484687644185 
14.43659887874907 17.1440288592383 3.898669018162614 2.430367364871884 
14.95002905918126 17.21539129076012 3.716906521202899 1.185719682065844 
14.72541044727634 17.30712452772156 4.160385764775365 1.893742594282045 
14.70118580765177 16.27703073354946 5.049480047530909 3.185794886342904 
14.57969407434894 16.59014536250262 5.580561900619335 3.13351051588964 
14.48760911013125 17.31600632752914 5.540298740232967 2.6609054747789 
13.83755504838464 17.28086470291011 5.571680125017066 2.33523174298675 
14.99756429118661 17.44919328692721 4.608830147775119 1.012762160094717 
14.69866952083225 17.46157945820545 4.812099256122398 2.594948224697987 
15.13677960329103 17.36667797618317 5.105481082664298 1.328324763593962 
14.92038302598862 17.09427179102795 5.380377992343185 2.889568967936128 
15.54007712093497 17.04515511475545 3.894538333813841 1.761209915222622 
15.51638793508473 17.43759748316477 3.696827332621972 2.537918608938313 
15.77686981138635 17.47565091795607 4.080079338580426 3.421603601414944 
15.28464916793891 16.79078341692204 4.640650554877353 1.813856956093105 
14.98115262581422 16.71584046832146 5.203784745042371 2.625179160306303 
15.51086354542488 17.11734182905479 4.88662905398664 1.414355718818605 
15.495096 17.46875 5.0750012 0.8308375096086102 
15.7259379644388 17.18411643787664 4.349469420985108 1.330642780786043 
15.72808704155017 17.46683044981894 4.636604894901114 3.566087397663665 
15.356249 17.30625 5.1159592 1.906528673025107 
15.52372368251337 17.46903481260396 5.074393469407902 0.7826902968172931 
12.49241648011267 18.78467657149151 2.746246951508911 2.201634001312243 
13.31435079707227 18.30602359169621 3.226826211254112 1.955932989588874 
13.39852132253842 18.64188452876026 2.795330069627626 2.089008035085797 
14.41571568154201 17.6412250762871 3.440848431180004 2.994883129734092 
14.23730692781221 18.07829517679369 3.275835256931245 2.66780215476372 
12.73042530064908 19.52349153143719 2.885886143949901 1.098134673858496 
12.73686107604789 18.98194079223214 2.906623750371873 2.393934765129146 
13.06380922602164 18.95570880981113 2.875913381800914 2.08230641851182 
12.97429657601114 19.12882478809499 3.338970150510157 2.150529026859829 
13.25100005898559 18.81937102944381 2.730852554960252 3.287270478877502 
13.70981908844767 19.31810667732232 3.247315840542522 3.135760711664716 
13.555842054921 19.35369568840192 3.50586103105104 2.553206703763095 
13.91926196303559 19.28047441237198 3.028673659714367 3.104803410729261 
13.01398708344357 19.94014616874711 2.701005556353604 0.9338754022921805 
13.00451402947203 19.91470107530906 3.203917987103726 0.9643964742342703 
14.11017625793128 19.09445223122595 2.92127134944229 2.844504402466526 
14.67908057884372 19.17277844602436 3.097506472531612 2.977739268825275 
15.21043931518751 18.88926198350493 3.136643066574141 2.603589001062105 
14.27861121604735 19.77772651109758 3.142566677343738 3.398058914990045 
14.41373364572222 19.9068468100257 3.462685707484867 3.014274522736955 
13.08358443636448 17.40610477384607 3.575858804302222 2.414733196411689 
12.84195306976669 18.11156161430546 3.613849241599098 1.812695796062386 
12.48885670253917 17.77672641571147 3.907015790241084 2.045763993151212 
13.31135579334241 17.89622938837657 3.598687070801 2.162876417827036 
13.46442456528722 17.49931036064664 3.586818866065573 2.312867477055406 
13.8845872099467 18.33895530565366 3.272596822634179 2.27850783584995 
12.51390721454274 17.54779247169874 5.593417846945345 2.65520581206944 
12.57317087436937 17.7567160118603 5.582245680596276 2.605140083015968 
13.06121568899093 17.56398230210681 5.641725798582619 2.589803427237015 
14.2710830739227 17.78876810900136 5.470284786520625 2.374442357145668 
13.71388113278258 18.03708537594333 5.54157615041631 2.549625282168435 
13.90047042787153 18.10138776081465 5.483578585336347 2.461347204646827 
12.94954268114122 18.530545198182 4.939181810601986 2.262312655185042 
13.24990570467652 18.78666527450924 4.948972195062322 2.064717517972383 
13.12728352593898 18.00436059263358 5.496459862669436 2.521337809219617 
13.42883726407145 18.7178297060499 5.014260528907604 2.253358998749121 
13.67964419080655 18.51048201911967 5.244545240124769 2.308267709712965 
14.57931364311595 17.46698345205805 3.979041472919993 3.087975298471818 
14.68674765724952 17.86888645445404 3.964016450931051 2.650910319060088 
14.68062247540963 18.30947941018791 3.481503818432377 2.364817657988624 
14.85484180308045 18.17306664975168 3.959142480939042 2.070711619884975 
14.72831496717221 17.85531407589218 4.412169665762248 2.411046866764138 
14.83756860672473 17.93600536673488 4.961160259808913 1.57791905249109 
15.07320493885374 18.21549983772508 4.124567163518325 2.290734131779544 
14.69164437908575 18.70162074712756 3.349590492357134 2.448139854503879 
14.88888168818069 18.4533716990917 3.503447470495638 1.906993997611266 
14.43687361587674 17.53984796831078 5.495342418703302 2.835978369285257 
14.65075682261819 17.63020873692535 4.975954509713053 2.979427837700015 
14.68157813695515 17.81122771362793 5.158489712888273 1.878382784967982 
15.08201318611846 17.81570585098268 5.610612613669119 1.441732212855023 
14.3481406223708 18.42060761117325 5.533511647058857 2.110727690207781 
14.4133828428125 18.13283495276989 5.552015844957853 2.135408743939962 
14.8613427838745 18.43747727906028 5.653787761211402 1.725733576969802 
14.92491048337234 18.93796114482003 5.264494924205803 1.968314393713854 
12.89910654672186 19.21499359415567 3.95266287442081 2.746085486363597 
12.74956463551544 19.34478981059053 3.661980571594307 2.192722349077187 
13.10832967765901 19.24173974704761 4.187300247214282 2.844574067970399 
12.8063936999828 19.30437952659874 4.363498150692285 3.15697119391281 
14.11407942244937 19.93091687825026 3.64059650030501 2.661496197272029 
13.60614799520303 19.470036250082 4.417050126153286 2.768871843288991 
13.83766497926794 19.87789625115571 4.491449558221502 1.676121083488582 
12.86218849935706 19.01202303909649 4.775088288285325 2.259863707825389 
13.24665360301451 19.35206458727924 5.158418504719445 2.282330627925674 
13.10495718325862 19.42343368210427 4.811161078883727 2.822219227371932 
13.64680409160153 19.17581070054198 5.029954864251588 2.149504739054365 
13.6685018436661 19.51585288218562 4.780496799572295 2.57100992817621 
14.7115579759974 19.40127633105129 3.31973789341379 3.304031794210644 
14.17094634240939 19.82185313842265 3.266127118308602 2.701583162489953 
14.61048705771869 19.68959535738562 4.211481924620485 2.946697959488091 
14.15149790158206 20.05869119546893 4.171988994702577 2.109352616100466 
14.26436221766774 19.74306699296145 4.793646363654009 2.175502880606814 
14.33983940353054 19.94942616451215 4.413558798650012 1.274951562294881 
14.7076455902564 19.56704393476636 3.679019337448894 3.167670585916355 
15.31500766416486 19.5487259119491 3.665822291099883 2.293418917359659 
14.11957169520448 19.20653380456548 5.057815753238401 2.296770237893 
13.89539734533221 19.78005662196945 4.778931577094581 2.06836962956362 
14.27150928505974 18.80216062818672 5.342727502300473 2.167441352417541 
14.45343199212332 19.51686990204909 4.90912523719293 2.629981777204137 
14.40186915090297 20.2534983799747 4.798009228854209 0.9996768270328147 
15.05212068972184 19.46965842071605 4.872132258176354 2.004003621550567 
15.53637274006246 19.19263437589548 3.173401051715601 3.449119836256187 
16.03796352262619 19.26600008520399 3.487196192304155 2.913197048067133 
15.55714718593225 17.68118418412569 4.245308629546584 1.349740861527749 
15.54657366694432 18.18331199204936 4.202054710576827 1.988039361541141 
15.43115753370149 18.38927124582229 3.747182020239088 2.315592832546599 
15.68437620438554 18.45665667364658 3.856793914619508 2.014587245878559 
15.40277826989248 18.60422181783196 3.397374581686605 2.438001884502128 
15.72059556540569 18.96191740820393 3.439228917509237 1.957229587555062 
15.79147785513094 18.25880287226895 4.283180642987372 2.063417846528083 
15.94086723046023 18.77755411565555 4.054491824352455 1.818497498245165 
15.41414258397424 17.81481521727667 4.987955522624295 1.302060561286282 
15.52659337737692 17.63582295940349 4.780159725463477 1.547451254169609 
15.78150169790347 17.65680145351368 5.142586452212996 1.375738798181658 
15.66018761777599 17.95104354796051 4.809868527506237 1.521700425155906 
15.88863012003872 18.00154675511217 5.131078336543204 2.17235789290406 
15.50354008638222 17.62046307886542 5.38078943164257 1.809290587212814 
15.09964589764437 17.96012414315341 5.092597288433946 1.238401248340452 
15.56108720178834 17.71592814319146 5.713527694235833 2.918194728375809 
15.83128800764321 18.40253359446458 5.568551496985767 2.300606963069498 
15.98640844672425 18.59032380827697 5.170410201650357 1.905707029876496 
16.06965400002693 19.10047811337341 5.690334207350496 2.367788072134616 
16.15100378284091 18.67116603949042 5.633361152075614 3.888187494005706 
16.95101214911131 18.67617974902591 4.736931822611582 4.978462054940536 
16.48518080305124 18.61148584502932 5.574229958336117 5.150566174489228 
17.63997459176357 18.33981036297386 5.201213470269759 6.356662913988458 
17.27316512165152 18.69821016495801 4.644570137869373 5.461040327626222 
17.83151604748933 18.5080232765035 5.056694688852104 5.098036335584084 
17.14657733005423 18.39466353768107 5.260229343016666 5.55576492303851 
17.5114016959137 18.17707043738825 5.534028033397682 6.840196013874277 
15.84797552392788 19.42977026239894 3.454387778933793 3.105535103418461 
15.98348520879473 18.98420119902575 3.756102806424411 1.546959497671686 
16.34908940136684 19.04521524303328 4.116506012484935 1.762828203897868 
16.17396411180681 18.89305440377237 4.355760799394558 1.519799991189977 
16.11743810017337 19.60290360864469 3.63680246030923 2.668709650400928 
15.91398491102757 19.70292096799461 3.914920407943628 1.934108221515459 
15.69498131618542 19.70981649835576 4.362018290110089 1.712255248506644 
16.06748997368001 19.93844331018709 4.270705148635158 2.283492607550556 
16.64037424838222 19.79464976547011 3.576045330743408 4.691693433582969 
16.38400887234896 19.98653075673949 3.819357813842678 2.601501494728424 
15.80351850910157 18.64432011624763 5.471487885416196 2.397548765591793 
16.44739589640334 18.80233094034145 4.924669364190642 3.74166618666726 
15.1496306077391 19.58157344685679 4.239334103081876 1.78083284357659 
15.48116301736324 19.51013792003847 4.93798207669015 1.64458904214618 
15.91187529944865 19.79881643217166 5.199594941580401 2.17518221439046 
15.75961648696585 19.37711221523441 5.31050440419722 1.551717549136896 
16.19898107497875 19.93176787012379 5.899621782781079 3.032954098209075 
16.47635020052421 19.32969241081291 3.715417701206627 2.030720752082686 
16.94451677153458 19.16571343231961 4.344388053050695 3.073278950632869 
16.8104533002387 19.68631778353837 3.660417050119362 2.920902257693953 
16.79383451696525 20.0993884994829 3.643240080123742 3.909586687809878 
16.70621419695614 19.06606450796239 4.271315548062332 3.234261587183966 
17.3676349457902 18.85303152647996 4.542950396880864 4.611737924991616 
17.67275169937433 19.06729757580878 4.765809890749464 3.207519049232786 
17.2460435700874 19.54355391017494 4.927144769863355 2.877551463619611 
17.64677259573022 19.5936451479918 5.024398045232243 3.883173626712306 
12.73743844647284 15.2730006926863 5.78324569740291 2.723131112634746 
12.39572488613995 15.41434274744468 6.23645004365825 2.421748922448714 
12.95984366295329 15.90118432288092 5.981609899943625 2.839379889961094 
13.23309880236473 15.53750717677489 5.705007882171225 3.108370079628983 
13.72668657108732 15.91119330569094 5.862984487114058 3.241600848016915 
14.20360430133445 16.23460645942207 5.872517369843576 3.215896940769056 
13.21431460987607 16.60717802053461 5.831004765007934 2.071090272388375 
13.31147986834888 16.17327890275521 6.201016882681484 2.584739769598201 
13.80328662821847 16.52627768407979 5.911646278692027 2.183560720622353 
13.17545124067767 16.98522064359979 5.685745088934712 2.358384663401637 
13.59164935678363 16.87825746281598 5.674272766763973 2.155723204869133 
13.84647211938351 16.25042141765782 6.000996508143149 3.004750633661985 
14.33402116834052 16.83398311278741 5.771770610320885 2.740201824764497 
14.0778523237566 16.92813452955449 5.777326881307197 2.231058661162507 
13.08337667058465 16.2789588476138 8.894822520449321 3.072916690012732 
13.76812470356028 15.88919797931085 9.079354526512491 2.641672878145158 
12.73179226278188 14.94145131886348 9.307361566152837 2.391303253169639 
13.28736419407627 15.51697522175524 9.440354415575293 2.330209269954636 
13.43467855827214 15.09346571590591 9.256347430523871 2.609179657747859 
13.73412720648053 15.01590099564738 9.282558246432703 2.257365789714484 
13.73336511739088 15.30106025647759 9.056841458786415 2.525623262200469 
12.4850646748403 15.61025039240238 9.193620381999645 1.565964554475869 
13.59855118003641 16.04481948730208 9.142702786821708 2.244631550302245 
14.99369627466447 15.02224475987543 8.894185605378881 2.412600612399032 
15.13369440882679 15.4921383120333 8.875998296194155 2.82990865981111 
14.25551431529531 15.94437327660866 8.949084447186008 2.378735801169611 
14.2170550886016 16.40420619698343 8.989098111624322 2.855796565948609 
14.82306120156915 15.73583527324592 8.962276463905859 2.405394740516144 
14.57120451359839 16.28654181751021 8.72367200782096 2.83350524389779 
15.15382585718709 16.08485756757431 8.998831801236326 2.164786891821464 
14.14305833794958 14.87942406217235 9.739199375804358 1.972746144252838 
14.16300185564699 15.44195419526624 8.991283810272094 2.380846256139861 
14.51768941939951 15.33709902247808 9.195203049416616 2.300630116604609 
13.76554261883227 16.28225877236629 9.139716991661679 3.009612876035192 
13.1311585404041 16.5685656481781 9.419957152286266 3.479678814428325 
13.34959708018153 16.41726105910329 9.125099564857694 3.659321970887248 
13.72795320682372 16.54127708487086 9.496292914815541 3.462589866328443 
13.53741027999309 16.66826131147175 9.68742829517833 3.189874211391711 
13.95921702197837 16.63146259807483 9.730611520046974 3.028399203647069 
13.81668737725393 16.56792220727292 10.10750582134127 2.647497324065966 
14.116088619166 16.57821554975365 9.333117368958717 3.189899823709311 
14.65969117209605 16.5939604449968 8.917260349760223 2.802393654361111 
15.08601488714427 16.56451362402006 8.68440136073116 2.636548980335348 
15.21105475588015 16.77926966826182 8.648568268774792 2.461633243009786 
15.19394966478946 17.470472220522 9.107033908323888 3.363564655443284 
14.46495535469686 16.71527727599325 10.15951230073961 2.448283898178062 
14.81031237351872 16.83302358009959 9.228356355844438 2.290735156272248 
14.70293572117254 16.66209808819673 10.66153531509127 2.446637333504185 
14.82079388519652 17.00060903703976 9.957178166548694 2.761653882392196 
15.14077426100499 17.26482256989757 9.267396374411419 2.629445762621401 
14.9966162862961 17.29282031708354 9.853532838233511 3.334046561858415 
15.01055408563865 17.41570944612675 10.14529876411552 3.588522148693045 
15.43720781888862 15.30615460207173 9.150663265970978 2.813057189120016 
15.65922564253383 15.94361264707767 9.272261076771056 2.37176720179697 
15.57133876783481 15.28772543554946 9.731731765442849 2.379838974913284 
16.34485471768514 15.59329897012081 9.535438196607451 1.029846907774512 
15.60441868029291 15.67454620706573 9.514041158083584 2.286506050390116 
15.46660562903897 15.96114875246573 9.136346671046898 2.21177361050232 
16.43509391316837 15.70931617606435 9.09308897587295 1.843639983491229 
16.02181175015566 16.16594826329339 9.203653015452625 2.446543694871039 
16.37528494278706 15.96789055911663 9.653720506296073 1.369977768359227 
16.11235301730987 15.82625050219359 9.679323532417172 2.116778958813256 
16.31030956803199 15.74385020883884 10.25039354190231 3.065148576533886 
16.54031080239958 15.92560187799896 10.14559118183241 2.251895613370721 
16.65379584361635 15.50891485384143 8.824055654298208 2.128876988256309 
16.7662938230092 15.300508435029 9.121604597820726 1.535309683786636 
17.2230347411516 15.49755207982309 8.377572557895059 2.474206637067496 
17.26488347409085 15.24340045034512 8.847478690794601 1.541179309835691 
17.76845126152671 15.43590190036914 8.605540641694123 2.676972593855808 
16.96128420802085 15.88492973854613 8.913707362988404 0.8409756845089014 
16.97491396260353 15.67163284536278 8.432213002465042 2.070323951845779 
17.59486743092858 15.74861031483176 8.319864937368576 2.153293313073775 
17.83104433828468 15.9543242853886 8.377344594755638 2.095656173140625 
17.13260610442149 15.83415859710081 8.69714760313129 0.8243484240460788 
17.53466790640282 15.98941697663716 9.011653905105444 1.447444784172554 
16.46051852645928 15.36607787210436 9.993144199750335 1.650508458540649 
16.9275239575258 15.19671781111248 9.650006364268538 1.668324181764753 
16.77484104836302 15.33596136267174 10.11738837790283 1.919627426941432 
17.63147281366647 15.2523712470249 9.910069357296807 4.254846876015733 
17.82706766988998 15.2829494432915 9.178133041198443 3.255663854466249 
17.4787286087383 15.36167084551554 10.10238336182825 4.562205751738389 
17.83928804373383 15.33763127861437 10.38860479367595 5.518708202340491 
17.10171401682262 15.7923740091566 9.808420141590943 0.8216939634500022 
17.03781575280605 15.69671678800983 10.0612220010787 1.731625434510534 
17.13850533457899 15.84158622748737 10.29305464418047 2.970313131011025 
16.65735806694806 16.32077771341541 10.18352066148845 2.122210409332808 
17.40463718761564 15.93988395343012 9.583001619735992 1.624027063779721 
17.23412656441171 16.07287525573205 10.05033028665311 1.734306941713996 
15.73428626630821 16.69113396505862 8.353748500866363 2.972957961375684 
15.66910657539061 16.2591222844179 8.920719979306968 2.757155539827451 
15.99606841597799 16.64351193331119 8.401513488417784 3.337333544249944 
16.30218806337403 16.35381261492904 9.265514352822544 2.677381571343247 
16.35789213350058 16.71362716619108 8.585008826822357 2.826236468162875 
15.62160996452027 16.89772426453037 8.339914040423702 2.969517919774177 
15.53937460724631 17.38357771045486 8.776737916394811 3.380300768255907 
16.08758257284565 16.99092332728709 8.141838347015277 2.913031490046166 
16.55679151435825 17.18588222957849 8.266063961810824 3.089764882327174 
16.77792876177893 17.02298077285655 8.603321966452686 3.654516690308384 
16.31858128555593 17.48469786196097 8.225393167457787 2.834088180246368 
16.41348626580079 16.24698458481527 9.724972367473134 2.142797795118327 
17.12099466060483 16.78182530381787 8.969525443098194 3.957026437164444 
17.87175508016337 16.18610526213054 8.426035723695431 3.005876756042227 
17.62834518821399 16.24742293842527 9.060714197301396 2.710667749093446 
17.40463766358419 16.3393563288804 9.533021632048445 2.790340497698494 
16.95583816153844 17.33702539511586 8.229480787423455 4.26596098266586 
17.48966309362045 16.98393030274181 8.230183017863666 4.286854896668416 
17.73870021308769 16.6961309700481 8.217641535481944 3.888519429641804 
16.63875003231546 16.54231863504145 9.434488841951612 3.266171256537064 
16.93539110446125 16.61082480121036 9.47348679051237 3.657079971053804 
17.41746474617223 16.65818366874072 8.847905688559507 4.139930349001673 
14.57340106289815 17.86154529591375 5.464632407221079 2.542918748029479 
14.97881801569767 17.98245902503039 5.96341927425536 2.262362445530457 
15.54365647667118 18.02217169119928 5.932957744019086 2.341983764601764 
14.15553384425476 19.93486099662673 7.843989673631896 1.912753080897559 
12.81601371296136 17.93167361590125 8.689753824860055 1.173087174779113 
12.76514517122884 17.68077825167616 9.508415791931199 1.265833577229238 
13.59801509278732 18.5636974308304 8.604025963540741 1.058321862888164 
12.49631359330888 18.36690314276311 8.295833029656043 1.058543870457122 
13.60751869877613 18.80996232295236 8.299304374476042 1.848421700737902 
13.71603451587382 18.42904828092607 9.162766496522405 1.200806259175749 
13.33382767681829 18.12242660810908 9.610821385550629 1.18448547570533 
12.69383464009197 17.64627120434536 10.20286578894323 1.182876100116609 
12.62031924347602 18.63266877590667 10.17839434990171 1.257246279384269 
13.01476781539292 18.66410629115446 10.22375456350669 1.406040218888009 
13.40787202055359 18.29164043375019 10.02492213431122 1.191211680104203 
13.16355045548945 18.18264842619203 10.20782612100211 1.603828575424643 
13.83707903982398 18.41410333244261 9.758718455544875 1.318699552190566 
13.7308088524635 18.57700547029423 10.05215734247817 1.436732790908749 
15.01230237184356 17.80372918259314 8.91099705173478 3.711678875423956 
15.08913120081533 17.96938467311259 8.787853420849521 3.177850560118969 
14.77568551579642 17.72614517875795 9.602607184926121 3.849960802639714 
14.86812046223988 18.00073563375694 9.457848597818266 3.498825763472013 
14.83131301861773 17.70328086529514 10.01421846368909 3.578837414263546 
15.42143429366966 17.74794750247941 10.24698353948781 3.087543782144891 
14.1869860468204 18.50266390954679 9.38236730113508 1.416587473725009 
14.17981525567884 18.50136486607997 9.686920566482252 1.500743402402783 
14.42365412128402 19.39979634081453 9.762754482733378 1.325403934894844 
14.14974354929272 18.73781597377727 10.03562015248965 1.594415638909517 
13.03975866439487 18.76856567779378 8.354994450259907 1.278280651336544 
13.16539709760454 19.09726262139018 9.561269664721893 1.079236369194071 
13.63550439373282 19.24942519398867 8.655204877298473 0.9714127125176475 
13.44709110477406 19.23303370735188 8.986525334593923 1.00847558017189 
13.67362111334546 19.59497298755672 8.851552748395754 1.008923898179162 
13.62378857467231 19.9191452904069 9.432407513419136 1.012794124267081 
12.77690258773334 18.84657877584824 9.6653442397161 1.128709941464628 
12.92709219092684 18.81914505811359 10.01987798748253 1.171095253614716 
13.48970959719759 19.37131824865997 9.532260242827153 1.025389032671576 
13.57939929854679 19.17696840611933 10.22299614716769 1.590575942704177 
13.48162602690738 19.30934082703346 9.998642780487376 1.187308465351215 
13.68686584742865 19.80439274942966 9.98433288666968 1.359472620172362 
14.0149234416312 18.87512064735717 8.385327398238141 1.512337381435465 
14.24814164714838 19.06998426644992 8.541259197997645 1.135759783108696 
13.88182419362019 19.35873596060763 8.302663697703327 1.010640435704723 
14.47553714896277 19.7510809005936 8.188422305877461 1.273277233868725 
14.59478969078568 19.64403191222037 8.799222876394358 1.315016398470398 
14.12635848095807 19.42979898714439 8.064540677525089 1.720521982584529 
14.32476334795459 18.88242090114432 9.256417953403348 1.422072505212981 
13.85894223441428 19.3881532129214 10.2089710169726 1.715991061151797 
14.54201241272671 19.57421441863158 9.402177592558177 1.264550502566742 
14.21806048235041 19.33972517991959 10.0549847523336 1.508550344155111 
16.26879383449148 18.6289810390789 8.195327552922123 3.9222244200094 
17.72975865345131 17.48742583398371 6.974255238353436 5.276077595251024 
17.25637647075958 18.14241117461106 6.119430146785787 5.703074270164876 
16.44565652985152 18.56578786776258 6.117471985569665 4.427373496355557 
16.61845495696154 18.54353415790384 6.641848396489336 4.890370025293976 
16.98935693259137 18.17075301104544 6.965127200887324 5.29591218379764 
16.86171235200249 17.80497020881353 7.842853884044414 4.365840415567618 
17.18125874955066 17.62017340407397 7.691804871622321 5.318573962410227 
16.73676738109133 18.41877454883136 7.208723037507914 4.844356779580465 
16.5381130905434 18.89992413875853 7.368345168424338 4.616416168475183 
16.36268850239552 18.8345207513133 6.324741292494316 3.398641441541542 
16.56040413514411 19.49915988333297 6.162494299961413 2.956490470550051 
16.37028893324047 20.14898317863332 6.470442734915856 4.512886672967596 
16.41580304497271 19.37324811259163 7.515241770794361 4.674031998960089 
16.31673415112284 19.78397592525267 7.371014652843041 5.372345076675543 
16.10308365059985 19.38213697760427 8.253621730513846 4.349036686236531 
15.83909298468143 19.82427253840173 8.262339848598593 4.902970875756154 
16.64470237438503 19.14032181347091 6.773430790120714 4.037976933069928 
16.55277800368847 19.7260713820475 6.716968907287852 4.701708054663158 
16.077291926134 17.46615705627769 8.332775779495078 3.064980559730429 
15.27748265112632 17.79352473461897 8.55251657987275 3.462971797208496 
15.81506360577453 18.03170231596749 8.38071729012224 2.981660207302042 
15.69658472925386 18.1600466998459 8.821159613603648 3.064196003217702 
15.87379055452319 17.79576971369628 8.242785765983758 2.972569063945244 
16.00719442582104 18.25625470577713 8.487085768799254 3.066791657932569 
16.38152842662507 17.76822392049292 8.201285863576979 3.06816058508366 
16.34760842062102 18.12941979108147 8.391130441661153 2.957035500668582 
15.88785483045408 18.55362176723623 8.862235670694123 3.695055047011692 
16.59708550501185 18.16398621358849 8.045882099335252 3.904010169123438 
15.49687024226491 18.05186229686181 10.00772435546014 3.107264652001362 
15.45894148586402 18.12233355827428 9.203743654612504 3.087307739025889 
15.76289096450417 18.64948183615395 9.960117032949496 4.09736718491817 
15.66218578341926 18.30550255073112 9.513359002157951 3.52485402510996 
15.7325415812248 18.2475103164854 10.09956527596879 4.209130733186385 
17.52425564991671 18.40826393822528 10.2473413184258 3.555777312887642 
16.09981709431564 18.94697197438703 8.36522285319213 4.005133336167859 
15.78709727128279 18.62166963371073 9.467239806435662 3.649721244859478 
15.94800907247823 19.28968514363227 8.809256068824421 4.032358205284083 
15.61627579595866 19.91653946663635 8.921948172533108 4.540995474388836 
15.79000346950686 19.23150446762007 9.47404016304368 3.812686069894283 
15.71446658517951 19.26337936163671 10.04671744205211 4.623945370255456 
15.78133362752043 19.77805561281365 10.50621439106806 5.74928790665129 
15.58666107176603 19.79298707663001 9.840971818289599 4.524125767727611 
16.56373787415403 19.49062759290366 10.30783333045968 2.76428723843857 
16.65452499299931 19.64821298581045 10.25000940962162 3.477294615007565 
17.26672227756321 19.21501581546521 10.26319430794606 4.026855040275251 
17.89396335707015 18.8302141061361 10.06085549699482 3.828853384357643 
17.40325460680297 19.83315301496211 10.15539877332297 3.991887465099239 
17.79527762329136 19.78965082283252 9.945597089051544 3.89901187411914 
13.08046141598306 20.35982218330068 2.088410794586752 1.896634122489829 
13.32902892275588 20.97200965458563 2.790393158055566 1.091323641463731 
13.2827176646339 20.18005489601404 2.421068436429289 0.9560500346240133 
13.53318656689187 20.52742379650659 2.275955154422277 1.238425938614618 
13.11032245986891 20.69357117392084 2.318986430207768 1.137636858640974 
13.74450866937613 20.90469478849895 2.345731775689571 1.300180207377352 
13.7219623337812 20.32176925606475 2.988864234011288 0.9396129712316892 
13.71244764643399 20.36271582636635 3.532637392520281 0.9447707797500016 
13.81276146361254 20.60904921886361 2.434943150106593 0.856504996140842 
14.231769742811 20.53615173928547 3.016223624100462 1.018868443958397 
14.44618799633301 20.85752896905004 2.597587457672004 1.019141881061095 
14.31250360077879 21.08388163922021 2.375946320475109 1.98285891173407 
14.40929297379498 21.44308549781058 2.668470027439912 1.228528314601228 
14.75442427770934 21.12470445486937 2.552757007369567 2.054141065093319 
14.80936861725853 20.78294652426902 3.222564015054519 0.9961684517679501 
15.71468536647435 21.21663335724201 3.182155016181774 1.899315219896209 
14.75014507591818 21.3562681828091 2.585756153889021 1.810002199845016 
15.65070951265396 21.38062853056591 3.173148873682313 1.508214412997468 
14.22131101844397 21.5558535736469 3.211238323463552 1.146967630841239 
14.60439696385598 21.65527632961698 3.306806990277808 1.22149138156523 
14.86996392480063 21.59163682133188 2.995714393002449 1.255219832815747 
12.92410888711781 20.29255827356313 3.733090796556705 1.4096883349577 
12.7923276372577 19.67127377484051 3.783818707442896 1.478673370776029 
12.84183742803348 20.53672864542988 3.604292974347362 1.097005375550872 
13.10995482214908 20.15964815031164 3.630592463576193 0.9519422286780355 
13.44738898334185 20.77985235096591 3.921726974024351 1.323496534378528 
14.0892628226051 20.52789125694943 4.080813621378306 1.434452372598905 
13.77060618240904 20.55620504045479 3.901488739340344 1.291680298760035 
13.4934524744657 21.1001017980664 3.51219819298213 1.051583159678302 
13.85161503879449 21.06912321368616 4.044918541703552 1.224537198374236 
14.10425098869331 20.36306272268428 4.410802268367677 0.5868359263826441 
14.2968077272711 20.33126772122167 4.273113371686208 0.4039706123080382 
14.27628160056967 20.50513765758927 4.458193634968485 1.501989492878664 
14.37388369419907 20.56135565780383 3.999363431440672 0.8319349461931402 
14.58788373189795 20.73076569532492 4.223903511298471 1.176328977042395 
14.735394576513 20.72275122193476 3.602886046660563 0.9825939234398859 
14.39776327562885 20.92218694034378 4.313080660730668 1.201437449130687 
15.1312803319604 20.98358151239409 4.485531963755845 1.682743301877998 
14.20024003399923 20.24531959055707 4.895781958222308 1.749847471541045 
15.11428097119197 21.63204984123274 3.699507060904025 0.977396569503199 
14.16556468360672 21.50470728925269 3.483587659067781 1.144056944619891 
14.49375604102121 21.41129966467521 4.054819945954923 1.234103706345692 
15.08010306058025 21.37729178342703 4.23369456430854 0.9574690594683304 
15.43681221684812 21.59145331185938 3.405336884962999 1.012522019004898 
15.6798593313836 22.32656199083461 3.315532255713066 4.373595005742771 
15.40612182886257 20.97814963068881 3.256945165626645 1.612181879136017 
15.11251629337213 20.80109707726565 3.931439367444005 1.084826206285662 
15.8823853671955 21.05309565691193 3.535976046134426 1.984622063677662 
16.0639574527637 21.01090261977144 4.106336685106284 1.571036305607045 
15.85765647998115 20.81560076696019 4.190399276522379 1.852727233775752 
16.4041093207114 21.36029709619498 4.695895872541471 1.989740634125411 
16.1736011418977 20.19722699178964 5.144213296733319 2.601993865921969 
16.4630748826545 20.40601351135989 4.415935383000935 2.610176898945937 
16.46167103631284 20.48903415198414 5.511075665227176 3.36144805351681 
15.55034969240085 20.86478202684388 4.565227967717567 1.998528937438905 
15.66943691080613 21.04868529999764 4.854468290644856 1.965337832611638 
15.51287549422713 21.27609946022318 4.769135491752786 1.374301025120857 
16.00765833378167 21.18098323425184 4.972561336823149 1.967718958554286 
16.83054827563198 20.3797104131581 3.997631263476793 3.358112510171111 
17.2518126054686 20.06511090998323 4.171506939684829 1.978128828919679 
16.68755525241293 20.55835091098711 4.619037807908977 2.71541934625462 
17.06358534270873 20.63620614950362 4.534598870723446 4.702466179264121 
16.58260074790795 20.72140288639403 5.646905299842174 4.020714231007446 
17.55524591401732 20.16120942832575 4.742532990600124 3.555860501695207 
17.78035376564353 20.04203364463105 5.036557612450957 4.104263660004449 
17.2709242764719 20.49387316845967 4.413388691433998 4.088315996776828 
16.87043842165067 20.78652365826527 4.944014341974126 3.757087260645022 
17.17038880950104 21.02513939500259 4.567619851643663 6.100910604346097 
16.68881279020552 21.1310443107183 5.213405258091768 4.211332572905832 
17.5442457131832 20.87148593065039 4.466726670342633 4.845384550661123 
17.60534864666394 21.25845519313726 4.590796874898351 4.305428539594942 
15.60736724626609 21.69801535289392 3.507506473072499 1.43728560717183 
15.84328806039272 21.58619323190494 3.359500708264062 2.440926811172062 
15.3964113719803 21.68844888944582 4.089808657499694 1.432142756246996 
15.38947574784225 21.47653823522435 4.535840076927822 1.179354816243674 
16.17962474006144 21.68683385407218 3.469215598155307 1.974072452507443 
16.47243071908567 21.59850710119868 3.946162388028682 2.69396155146778 
15.40637693500935 22.32568148674815 4.12444657532068 1.816197921921756 
15.95515397500423 22.07206842677399 3.324070089656275 2.161381273174811 
16.15245827123481 22.49713468842112 4.259210019296274 3.601248806859275 
15.89439811640433 22.42467886173882 3.451279161988722 0.9562531915272174 
16.39909558112755 21.93368636361255 3.702787898877859 2.750592639565596 
16.37172774628895 22.30053768934586 3.90089922244189 2.725183171520868 
15.99675946756487 22.61843643009092 3.767680713175656 1.237445396647615 
16.48358321415634 22.65164911194923 3.759788953109225 2.08937972103881 
15.60753650512826 21.71620742994684 4.966796376049537 1.632153544806428 
15.8518574538781 21.54540667903119 5.218789169212728 1.795763185549134 
16.39557347739998 21.4494854516596 5.219901140378202 2.679448382924306 
16.43740357158964 21.42976615115273 5.584882149424275 4.021853876691381 
15.99039795327946 22.14330173861529 5.23919978208141 1.682994609938291 
16.22981466503614 21.65338399692506 5.368603634435147 1.943598917026819 
15.67155099703129 22.21766472371215 4.853726868977616 1.892788586676076 
15.58570493343509 22.69826281632551 4.835787641025375 1.949535442449445 
15.88157507385824 22.37485660230354 5.231015750408451 1.818261250227621 
15.66735738220621 23.07679380852487 5.441880101129512 2.097608446437377 
16.17899471083809 22.22794037112866 5.506106912506732 2.29186373743498 
15.93880325532369 22.684932956459 5.908025604910158 3.568751488491159 
16.82739820289667 21.76080105675813 3.841000894966093 3.12392269846994 
17.13585588401016 21.68926809389212 4.49331224501474 2.80982716852283 
16.7862794853537 22.25196001445461 3.606892480569742 3.675355281704924 
17.05341392615206 22.04661756480625 3.925016876635177 2.671104504545809 
17.13183493084145 22.12132821294881 4.284092436107165 2.056098870650672 
16.88834958282186 21.40931628281698 4.586912836022185 4.143683680472066 
17.21280148470638 21.43142297335204 4.577145008658617 5.265881434063687 
17.29828353545786 21.70830363219806 4.834161058458764 2.688594439090039 
17.15531880369807 22.25970188960969 5.02699176725009 2.016592587897378 
17.06757763000639 22.6479172576096 5.398180279418547 4.082496468420999 
17.53859058478612 21.96075969560556 5.395429674742083 4.408726089954342 
17.90072612241459 22.01720716994118 5.366154544080247 5.791567491154325 
17.79026062187589 22.7382779355777 4.914251971710653 5.999993975030804 
13.88790861756865 24.0525519026316 3.133378884587188 2.41292496678912 
14.58113204913801 23.65439481790385 3.132473144692118 3.431345297638785 
14.6488624058438 24.05512322043501 2.829183043104207 2.450911926862375 
15.06410075674372 24.02166955441426 3.05378111272792 3.724145312443369 
13.38220041821805 24.50910621354558 2.524088997711388 1.182289475594295 
13.05872429596254 24.88888777562407 1.947115929782291 2.347885867069536 
13.01161747740289 25.18038357361078 2.287884018494127 0.9119138644427807 
13.22602059641055 24.43583483988321 2.805629035473649 1.183821911780946 
12.7286807526991 24.58476643930792 2.906420878064542 0.9158692258744026 
12.80442883979237 24.58611163629877 3.247715703333852 1.488728664216566 
12.34376327656448 24.98088511296951 2.58417008516421 2.188758996602473 
13.49604220810804 25.1314405114084 3.077980577404256 2.04736732423298 
12.81591339339172 24.86877728963703 3.312088434182711 1.358376412979077 
12.87824600148156 25.14850134738479 2.821183361025892 0.8730140813702576 
13.37553937832527 25.04367401273531 3.426955397466267 1.590774182042402 
13.43185923507956 24.87214581331214 2.215737132972499 1.386618398451837 
13.65753109676742 24.63567470864416 2.346665694560764 2.228339452627537 
13.71078620608314 25.01651227459627 2.567307238371621 1.784565275395821 
14.16773208928414 24.14265097654134 2.780760851718717 3.136289145001442 
14.31297428937467 24.42743439590516 2.593874221647785 2.007517836423844 
14.63568442732821 24.70700511656729 3.053981366646764 1.742832565098183 
14.98786724317291 24.60773668422257 3.1589286397261 3.594674022482053 
15.51837247492169 24.96116622567986 3.024197626496936 4.26012588202093 
13.60823792811528 24.13476262961767 3.772457332109564 2.188875993669271 
15.30334637873955 22.99679658164108 4.370861920526585 2.440179136396679 
14.39098269071712 23.50492862999927 3.770199610347425 3.188835170891309 
14.20989828106041 23.7367779600391 4.404880137846304 2.918497158622031 
15.0564375276286 23.5579917986074 3.341093198360642 3.762472813891435 
15.36155655862315 23.24683871513928 3.6114293070829 3.059483951474903 
14.97267471417184 23.31185742741794 4.101529096605274 3.328027052526764 
14.72405794377385 23.44176185679536 4.703614234403389 3.261545671978482 
14.61378354593577 23.6915522388436 4.881464814522364 2.549020831473072 
15.03263166342462 23.46866371139828 5.206055374282875 2.513086340083021 
15.14164395042313 24.00934600372117 5.335325225029322 2.536175127254637 
13.38484241684588 24.28350318586032 3.41372531100568 1.664424347837688 
13.0837323955009 24.55951739800187 3.710345185238025 2.174735740470055 
13.48587573605578 24.37876366684155 4.162597307817175 2.399467435527853 
13.37167862180715 24.69231310911849 3.935888733871832 1.890326935606893 
13.61749981038423 25.09631313324472 3.850203089205956 2.509662895263318 
13.91952199288228 24.99051570551441 4.359487892887146 2.493473861554634 
14.07555835471221 24.15508626845068 4.638121462786412 2.372494386718273 
14.10751609951344 24.66679504071718 4.656444371950527 2.346738640139591 
14.65372998551742 24.37026401853633 5.053992554821583 2.369659615406292 
15.04089932075195 24.37927951720916 5.512741663613355 2.960262242889115 
14.39411119418757 25.14070945526304 4.856936706724269 2.772364748714025 
14.72077962005985 24.88358455332624 5.255866554199567 2.785063540678706 
15.20325627190824 24.72874248623348 5.81433626203828 3.880786968509057 
14.86133340933351 25.19894606061557 5.128949694985786 2.560790613453761 
15.67075248053336 23.18111525310956 3.185223985282024 4.389649626008691 
15.8677235173003 23.06396503202192 3.301806828281699 3.087946817574647 
15.20244586305128 23.75861653775804 3.088153969843723 3.919726706797036 
15.66959309681312 23.80557711211773 2.77454996338317 3.664603845472016 
15.96468637146097 23.61721840790621 2.975791415908895 3.068450926315975 
15.53392625388229 24.41091109845733 3.255692055296121 3.349094310694838 
15.9605576977318 23.96404128149312 3.171786182390333 1.94424127395223 
15.83683881822735 24.79384990856352 3.127635906495813 3.649338494385262 
15.7747307916741 25.09415212214178 3.155415926911658 3.512490037360948 
16.35913382553938 25.06968119628815 3.50125244025282 4.315343170187219 
15.47622461172796 22.56235971005478 3.497094793799743 2.161440079056021 
15.31843060991208 22.99940653533303 4.019316406022666 2.797423020659821 
16.55068329826938 22.95009512521581 3.597045511341243 3.757581475925434 
16.42999142399891 23.30791886245543 3.706466897830741 2.445208166182098 
16.15555606166442 22.95612469253981 3.799471812460799 2.99202274610451 
16.07187308501616 24.12585033429438 3.783827449757206 1.96249117718429 
16.30397897542798 23.64438779488443 4.154099924664329 1.729895681029092 
15.50750534474397 22.93183486381244 5.036103567292127 2.380731308058472 
16.40024069407686 23.42610405370344 4.706365905787258 1.610183298769044 
15.87579059660719 23.21372188491617 5.681939726442252 2.458121077121916 
16.26587958583429 23.30573445556239 5.371432315159087 1.236717904378501 
15.59995971564362 23.66129768672193 5.64457711455903 3.132145891607905 
16.24867624325652 23.70058662219902 4.631099729759854 1.753786441089403 
16.31096664677235 23.68502661536694 5.018825884378843 3.644358230452553 
16.51975162667145 23.29431020061913 5.812361296309905 6.13173677021544 
16.84612927047335 22.98140616241361 3.862762676299722 2.393469030745905 
16.88014845136247 23.03295438663721 4.174231154525283 1.586740549368194 
16.89560456250867 22.80103188754037 5.109231094646948 1.733155002117613 
16.74816864223159 22.85829602217652 5.370314648498595 1.973765309594782 
17.23111791923809 22.7662849710567 5.345373833020179 5.613567211195544 
16.86213310874628 22.96027519401173 5.61373397576095 5.742870484353404 
17.35612396275018 23.42966600089244 4.954805152833171 5.848416181502472 
17.47858567739348 23.10098430432804 4.898914919105936 5.653831413651261 
16.84032427573458 23.53968845007945 5.260544125713253 5.328157886757651 
16.98827654124615 23.39614267904586 5.368453323300693 5.960812866261762 
17.30516077944894 23.67912292341657 5.144287647606759 5.981399432453117 
17.087594333032 23.79302430510283 5.026250819763306 4.92301036284357 
17.60284804420278 23.79114479478329 5.169134426088328 5.517896394321838 
16.08106961702654 24.30429582211203 3.885414292596619 3.129391850320999 
16.04257164382055 24.55078724644359 3.507642539453299 3.368711706788204 
16.71549284802652 24.69371474225175 3.620498943319089 4.770827299025711 
16.54809675693469 24.43790877953851 3.682808853625827 4.603520673911333 
16.24556267795119 23.96934988085 4.372078280327678 3.226947323972993 
15.53169628934787 25.32210798916706 5.343818565588476 3.956153979177714 
15.49787987795389 25.16465426039801 5.693303343953147 4.232847739284097 
16.93548524660161 24.37868427532898 3.912241489498369 3.982650638879932 
16.64220518243539 24.01154305504675 4.201505158568633 4.229348072207216 
17.41751987533595 24.77957448036108 4.251163462793894 3.786736489296004 
17.17623589879295 25.41188444660517 3.710333630461367 4.518755786770299 
16.8427784765347 24.87595366329879 3.668655868576298 4.932466020704453 
17.48125794357128 25.43563366357359 4.173543104082129 3.465112577162785 
17.28748735583995 24.39648087395647 4.369421741706228 3.733465327470242 
17.62204734367057 24.8329331601954 4.602094400960478 3.715038391898929 
17.41080293920015 24.01379605507712 5.251589019091829 4.521583386633353 
17.84025415198473 24.53842277292567 5.420243153996115 4.842919621215287 
12.99154675511273 21.18679295336921 8.158499157731708 2.940358193737168 
12.78888833496103 21.51115709883847 7.682182889989262 3.882907258609265 
13.36256401477472 21.7712381903474 7.899602154750898 3.682957837162803 
13.37323649894026 22.11001980631206 7.800542966541201 3.153177292531339 
13.78648656706085 22.11646473619671 7.789990876401592 3.846805365111379 
14.55349164655315 22.2225682899544 8.144299058586347 4.757020415752379 
14.80663877796368 22.48878915770975 7.64733895582251 4.856762976428882 
15.29969922905774 22.39306547355687 7.276072361645926 5.596470476951112 
14.85837978995254 22.93130187454329 7.567562042433804 4.4515486555905 
13.87920827244333 20.36591860497153 8.085801319055507 1.325774903702964 
13.74641612050648 20.61965798897868 8.524144454345807 1.011920641787647 
13.7508511341491 20.50974153483232 9.208489786062733 1.038158617082104 
13.01838516708548 20.97151725312776 8.702566379853153 3.112089602840143 
12.63725440126781 20.66787732768661 9.49656700994851 3.483042019077033 
13.17090745079284 20.60501632154559 10.25342971566024 2.870047464359857 
13.89946448791001 20.05998585016079 9.943019903701364 1.903185138636317 
13.89502913389738 20.64851839969743 9.418018722731643 1.069049530890339 
13.0802583646386 20.7986404758777 9.709145720165703 3.24350025749014 
13.43944502431219 21.07273427778 9.791253272055 3.137369370108544 
13.84307101512005 21.15026330513301 10.32363755559178 3.08186952685449 
14.27768926839933 20.49979984905655 8.116089709196864 1.026000654815867 
14.43157644760647 20.49450351321554 8.54805171201612 0.7960069603317592 
14.56819628822949 20.8991073199691 8.187039429422521 0.93852086200922 
14.453845962992 20.49026538849252 9.070406101801977 0.8327377386759984 
14.05068327093012 20.93909392716125 8.264334479896984 0.9704458987528781 
14.17510301678004 20.81657939151709 7.983899449562949 1.795008339324824 
14.52118796904898 21.1026386918671 8.232697805774363 1.895530538949075 
13.88021017488316 20.90425659281995 8.977313944596926 1.0672540049773 
14.15955051390156 21.08052533631298 9.049294080051647 1.220964177619749 
14.6575914080375 20.87938093051086 8.782006658368328 0.8840225628226008 
14.54303400169129 21.09322483225043 8.8909025412049 1.639065079935456 
14.22265654185999 20.21540200012376 9.767224278122786 1.281237029932491 
14.38798952855981 20.39191631006828 9.466894304826907 0.989682286009625 
14.15842365623485 20.59307441788479 9.58476129736192 1.551564899723999 
14.15690055963125 20.88019292662915 9.466943273147056 1.648301701256223 
14.41330469100072 20.96618172292313 9.278274566619652 1.502970137294938 
14.25989580921268 21.25339024558961 10.42886535798458 4.116051063259647 
14.94474909776488 21.23685378452222 9.078671650127735 4.788316618874319 
14.935931971322 20.96183215438269 10.0476936463493 4.346795096200168 
13.43801954650955 21.51004676408399 8.471401257044489 2.939613797338438 
13.76161294380239 21.78437593513948 8.243222737728448 3.307125762176739 
13.74434499163728 21.56599746367883 9.254747394301265 3.741360478044385 
12.75589152105622 22.34348758705754 8.262142315189372 2.307894384571625 
12.97570719012981 22.05263223197482 7.796066774463615 2.365606517370708 
13.06652121812015 22.50476468039188 8.716406309011132 3.219510736333163 
13.56511151414544 22.6109267802114 8.053150179439436 3.731015150719344 
14.26405540152427 22.22423733618638 8.188698875868115 4.051974781783287 
14.8611223226485 21.8164506060303 8.502596484250278 4.683729846896199 
14.99019390956819 22.11716298871389 8.004246553443279 4.935965277984252 
14.61520028167173 21.80301692332732 8.930683807020168 4.576666261356877 
14.09298694775659 21.62615947815962 9.720255265269127 3.621575151903812 
14.44896133914002 21.68139174478113 9.529059642386038 4.263490316060881 
14.30978948557753 21.95432704502027 8.920871474929907 4.865008503507795 
14.78682906240043 21.49353054568308 9.129796491081432 4.760441811586674 
16.50023089602885 20.65239544470882 5.989124568583549 4.310811224261784 
16.35281820638096 20.27945093405776 6.264891404893418 4.121022721453642 
16.26920666772146 20.64663327906657 6.724891634051879 5.019873279427657 
16.35734372362197 21.09425503626662 6.039276674194295 4.875483736507704 
16.1243771034656 21.13446389015677 6.747601616084997 5.232001870139328 
15.6588303718921 20.56404231751173 8.174598994840057 4.82351163143062 
16.16673972108412 20.26153723257461 7.141808539505043 5.200661818729657 
15.74552189442752 20.22323533211885 8.179439194671554 4.646747299469951 
15.98097388875953 20.73926000764557 7.34286184845509 5.022054219495942 
15.70256806013684 21.05999803610345 7.679021233277643 4.768293523670167 
16.3675904577148 21.75398053644631 5.693390569858874 3.486618318208173 
15.5624863420297 22.66820921488009 6.961304796553552 5.066053312553379 
16.32350401910049 22.32390450849177 6.017219747445529 4.32434026511379 
15.88109067932278 22.58584216680234 6.245785220983159 5.774203569212688 
16.2089444716066 22.36883846009203 6.415607289484571 5.623991629357334 
16.10061595980662 22.18199606732356 6.879240545002525 5.752222463552641 
16.33146081547757 22.16232301294094 6.317321212550611 4.758573956488732 
15.661652287141 21.42149241094892 7.749758750640845 4.616299376306927 
15.54878609126557 21.92924129192697 7.999320595933289 4.626680355978067 
16.20162410131128 22.02909113651278 6.783351334900476 5.178612276956983 
15.94259230973126 22.006243332764 7.274161811215443 5.128157240675989 
15.73254888071476 22.4524743832933 6.719724728951117 5.707258298368032 
15.49337230281547 20.19025126696927 9.141924190209432 4.449946349001436 
15.35520702520884 20.59508274427984 9.028185732259136 4.570420953833263 
15.39664125160269 21.14040887647652 8.166517167442789 4.442900297980373 
15.2798489120385 20.66667371564899 9.260719769559325 4.604910705612127 
15.42863723273078 20.2714034126743 10.18163304836291 4.649919948475713 
16.33154533299377 20.07057878954413 10.21556307087534 2.970868201158055 
16.21703247336085 20.61759961017783 10.19587842050233 3.143115339888226 
16.7699069903472 20.91235222796717 10.15457169188217 4.614872053071707 
16.3202840631467 21.12746503816659 10.23869991669057 4.638707490526002 
17.1981405362511 20.57595874912065 10.11818550582034 4.064571534274648 
17.99340239137283 20.34416171219916 9.726967194413326 4.179673699366674 
17.88593697939967 21.0588323472887 9.743026488163455 4.764050894484342 
17.11681917738589 21.35652238986521 10.24935058952945 5.531724996840495 
17.41073205012875 20.9871759974542 9.981630811991637 4.306155929414786 
15.19236503114177 21.34935500434048 8.353409404821845 4.483864433851465 
15.30328583038564 21.7707162846616 8.177023391139272 3.850533289162712 
17.60922813888665 21.69701139617068 9.948512957496819 4.912531851467008 
17.60979132221295 22.04551137860811 10.00460356803934 4.862493169020922 
17.76405259812419 22.47698118798989 9.953792001214042 4.953176345614452 
13.23155032191236 23.08318750650538 7.667681595377091 3.927525145259921 
12.67161194726807 23.15375146290865 7.993843038562053 4.394346720158012 
13.75186611802037 23.00528261953446 7.742159131105611 3.712416919967922 
12.44201146480023 23.56922885192555 8.241397505503574 4.653523294214239 
12.87899932094311 23.53934966815731 7.503650530713965 4.328157934725994 
13.22094632943779 23.52132241940325 7.209389993265857 3.985687235254602 
13.60608879188209 23.72366744986201 7.545043345216644 3.329419133212966 
13.50494698923316 23.36244206790652 7.326050141358112 3.900104802935772 
13.24370204471411 24.09383853278532 7.769276673129999 3.67661786651334 
13.74656743268356 23.80789630425821 7.741823680458958 3.708919301876449 
14.23042435628555 22.60497393311636 7.890843660369146 3.820869717613874 
14.61507972985472 23.11244734569776 7.722534269157909 4.411402474694285 
13.87197112561499 22.67148163723194 7.848518085447425 3.633619088132093 
14.26856499705386 23.40328546606496 8.058988202074227 3.753839208976245 
14.962099706234 23.38303791304174 7.388583116298722 5.014556572090953 
14.05892730522116 23.40667369708233 8.041715589912497 3.691502925908367 
14.403777030573 23.92855673326326 7.620457115223772 4.053518487389681 
14.54869430901683 23.54198654695636 7.781865307464754 4.773085280945338 
14.86502068294646 23.75161150213639 7.406536844223513 5.088850324202895 
12.9884664372337 24.08072698904727 7.775842822655724 3.747418918098788 
13.65489340378562 24.1425818670401 7.851482665320982 3.602204043856489 
13.36051630166662 24.43303366818532 7.554526206132908 3.361966241926496 
13.94202611229074 24.48938009650524 8.04229674898453 3.387826486760986 
13.35637606311018 25.34174542947454 7.243334133964119 4.207130513631085 
13.20683718439664 24.78428727156591 7.3861352350525 3.801539589274711 
13.70306413250963 25.14182027277073 7.270725627902696 3.624075323898666 
14.463775433581 24.14665170107254 7.63144846870702 4.391751475240227 
15.0688070501488 24.53103926216124 7.143815667986527 5.874387481346076 
14.85787827647767 24.21849588837581 7.321549381156401 5.367551270414964 
14.87767348739874 25.0990801367341 7.949810339584565 4.936200911306173 
13.08260161974493 22.76868497679689 8.430061101456094 4.178888528158325 
13.07268462297248 22.65032686691624 8.651879163023734 3.804691338629311 
14.40411255783454 24.50455918038461 8.069510885702288 4.111501496059702 
14.46781223074127 24.89944906954772 8.185836981033843 3.877388521311332 
14.12217437941316 25.27551055126775 10.32900974859689 3.629874772197496 
14.3179835693985 25.28236571778892 10.09420306385613 4.909230526177623 
14.53501093330663 25.13770293079139 10.21513688948381 4.998994118120038 
16.58731421244743 22.90896603527308 5.680942469383207 3.877110269092924 
16.06380544040281 23.12016738736186 6.007923989082365 4.229566903848792 
16.21379365542559 23.21162909291221 5.839185140277707 3.365047915980142 
15.57036382089784 23.6148311423981 6.188011916709852 5.249426851846124 
15.29935939227004 24.19206784731519 6.023633134081394 4.8209126983391 
15.31457382341272 22.9545566464637 7.3733701213694 4.650568247458807 
15.57062177243195 22.97651471733752 7.108534423533603 5.247614319354199 
15.29996643539161 23.47556631184163 6.91035484671352 5.671855928488441 
15.26416148164944 24.09426634010121 6.609667150983758 5.446664646003626 
15.26515796563064 24.61470104895745 6.372963387212383 5.291417119609548 
15.13382913050477 24.36356720584872 6.905760300333172 5.791370788555156 
17.51199011634786 23.20390238260545 10.17341459172251 5.053210681813056 
17.47157674227349 23.63079821530899 10.21150721502686 4.918473909150237 
17.40595210276736 24.2613669701624 10.23419892715057 5.102684254083613 
17.84655735657395 23.90181190012455 10.01433189014326 5.279584228878292 
17.21898336281228 24.65469118352804 10.27566034114225 4.979775044789989 
17.69117453368196 24.85117442866807 10.15405775546451 5.268989744927637 
17.53119458202751 25.31542784313251 10.26029429298768 5.268133678824171 
11.23958421078016 25.20653820991589 2.052503318807978 0.7559407410910914 
11.2452738243062 25.73825650478386 1.997773644726597 1.228023444596694 
11.14724246102795 25.49228523294106 3.058260874310749 0.9858921752511591 
11.15759464853093 26.24970405828736 2.346459552819167 1.148032488557782 
11.00278837661692 26.79291963128355 2.632044872105889 1.635785166543585 
11.07498813972655 26.12262828384494 2.829249620953881 1.332078095064354 
11.61193935253045 25.62849797333746 2.229517172971859 0.6332072835208393 
11.45254975413506 25.42083752169806 1.884657257579727 1.355457633265367 
11.35358985981262 26.29221981869237 1.978558546286008 3.035312480413694 
11.71898044465993 25.55963633841781 2.917498153770191 0.7061415850392017 
11.73667869984327 25.50913649935294 3.329712111013641 0.6828516899497892 
11.63024523652498 26.26409885304153 2.322934156240536 0.7908527375379109 
11.75147369572616 26.15112175612351 3.198099373148661 0.8679069852407935 
11.76594528572902 26.57154046688091 2.482255243461883 0.9560581281163749 
11.04290165268337 27.13221966580987 2.777492940075905 1.979283022400011 
10.9561452640148 26.86729207469114 3.097990139127166 1.794422534396674 
11.09285657656252 26.5954725380712 3.696038176488914 1.708338100652881 
11.15056249107833 27.29835499759043 3.019137252879061 1.5973428194634 
11.67484444501698 26.75767199959152 2.169243256127834 1.371532333588284 
11.41865876375517 26.83176334130319 2.090507944553049 1.926254870243639 
11.48307683004372 27.29776017861722 2.323061761482381 1.680820841318933 
11.98190926447882 27.21458972313554 1.896734347197263 2.927244892024447 
12.45688948314623 27.57225872296308 1.909538275070803 3.17794276446233 
12.31803197407516 27.79766828671859 2.236641777127244 1.127617115097266 
11.95391544234554 26.5742174079795 3.107363180903643 1.144257950088416 
12.21509444417128 26.8703732145817 2.525593503828075 1.257761804112924 
12.46132840989535 27.21004025740455 2.019695232953193 1.747342381981213 
11.57404892858135 27.50830378956164 2.557788703076031 1.390098805065882 
11.77468579419895 27.70159648429439 3.320928160275096 1.380554323687562 
11.98510951132067 27.86934265482827 2.895547564865995 1.404713705734864 
11.38443531226595 25.72296533851533 3.983741051904472 1.600821074642766 
11.30519205904952 25.91181197865902 3.88390014080041 1.129364797201028 
11.74881614463083 25.91013292980228 3.771182091808153 0.7746234412659589 
11.60972544306146 25.94694379984691 4.186382259171876 2.428355261201219 
11.44494099221661 26.383734887999 4.505949129498184 1.469404887732168 
11.76690527316154 26.04776752419761 4.422607973506473 1.806179817566374 
11.95451982434516 26.26460245383503 3.862791842064 1.014241220211488 
11.8811274419976 26.13426980222007 3.967037686319784 0.8979580199302859 
12.01490478595075 26.16089557985143 4.48746852513236 1.271258880792566 
11.7149783149724 26.20304651762805 4.745115845462521 3.041163972941888 
11.8672418145065 26.46265250719679 5.00529762239664 2.03352540330917 
12.71614501766264 26.72504207580643 4.611306437448349 1.253374414108023 
12.02229808538928 26.25432607841417 4.902681056857005 2.102592603442361 
11.09889281907493 27.19458602629336 3.357626291029663 1.63890997174007 
11.26833768026719 26.79690122521313 3.982236666403017 1.453288080759116 
11.54747097416477 26.67399865456326 4.535585872206911 1.248150423361032 
11.3471431857529 27.16701366642716 3.723307411624549 1.409111545565345 
11.73177656335841 27.47986477702949 3.686804021383484 1.318030660904121 
11.84959071786438 27.61158667650293 3.697568701422787 1.447778154098437 
12.04869099145877 27.76679805291923 3.893049195159032 1.558837568531189 
12.50160747821005 27.92076995761078 4.467212915486684 1.697866146029625 
12.2598488457065 26.89021568811753 4.955027939851234 1.37427612994815 
12.49711404089393 27.39941640928322 4.695971054426191 1.108536860528609 
13.0190588966717 28.13240992295491 2.241265453632548 2.618456848979704 
12.35535193035723 28.11838476950914 2.581932570695994 1.452964545963191 
12.54561393595387 28.02289671917495 2.297713639840491 1.448113777908269 
12.63983649508287 28.94125891823088 2.862627007298321 2.307351813235584 
12.01132023447127 28.03173950879503 3.193836687289239 1.641898109609841 
12.31472416370256 28.63666822949033 3.015726236178434 2.268870842780458 
12.05450544741538 28.26943199744539 3.536850431459906 1.921873524745692 
12.33214443434498 28.37613088875735 4.219137202040568 1.814609548433467 
12.19668664912765 28.44170111894998 3.931550085669137 1.970057465600448 
12.44597864922718 29.08679499415162 3.524926183530972 2.295292304718203 
11.17237589575317 25.44205498784345 8.373531643751218 3.857801450202004 
10.84648919127626 25.63978026515461 9.113688048075867 5.738026682848869 
11.2660473258089 25.84415539475346 8.912996825126516 2.963040257305295 
10.87052820767703 25.50258621756114 9.770809335279697 5.17281979520854 
11.21868061278606 25.6854527731073 9.711693240427216 3.33252068242507 
11.48095661104249 25.11994180429991 8.326049507058341 3.630625110653909 
11.32911228592131 25.70681256716243 8.393411195625417 4.875372271701508 
11.97294051716861 25.67240339780446 9.046774832945191 3.49711609004757 
12.15742544685188 25.46429927664607 8.346856678701315 4.354244387549528 
12.50765207909378 25.45168162598016 8.092012737597765 4.293630481615622 
12.23402107306911 25.73774531013125 9.096330777340862 4.873781849227811 
12.47294585659587 25.84881431751908 8.664029050131779 3.584135270934496 
12.52420044020314 26.03687221362905 8.787321230060668 3.393013493321362 
12.69535957154576 26.65621240129257 8.732664697974466 3.292237014607977 
11.9642915988408 25.6066492989123 9.576220996390163 4.61217640786893 
11.7229746147356 25.44416659142475 10.10004839774365 3.443122046169862 
12.04500793119359 25.47017877150176 10.07852305496375 4.758810409404816 
12.2514866741378 25.83441351821153 9.720566608042134 4.578903753422424 
12.2277194634277 25.67258646737375 10.09296501498221 4.473831781699687 
12.57734244659908 25.46190573494942 10.32261311077482 4.319686609455118 
12.42117606697156 26.1927317478925 9.710419252184241 4.364324985959854 
10.23855375419535 28.68195802201758 9.023517141842412 1.629153830169102 
9.867978199421206 28.70307684621067 9.138810461726241 2.302461909559369 
10.29451834415503 28.83944316690735 9.0299734836198 1.061256727137327 
10.57694698949023 28.75194168492686 8.97531566046043 1.175879429643878 
10.88987130080985 29.13546393319979 9.148375224534268 2.14490394721922 
10.73963546186057 28.3766167649522 9.582372675478869 1.009776173659624 
10.65593376695934 28.1640563375992 9.98732863420231 1.239802856808801 
10.14685273710986 28.38262400476886 10.0685178943487 2.584424430743908 
10.95079897040069 28.21517946161194 9.776481674481357 1.17479285268201 
11.1959489441563 28.04223639988398 10.31534656053325 1.391814113200198 
11.36140234606813 28.65306593502374 9.68760804288225 1.414127359394882 
10.2849356018744 28.54762951944765 9.506293961356494 0.8245821620564975 
10.20497012074978 28.6994967916605 9.675481447462987 0.8871266732664651 
10.29213349068759 28.81285317271551 9.67612212635524 0.8146103135467015 
10.56608103011677 29.09949597057621 9.640909782439445 1.354774296631795 
10.82192949459712 29.16107252723758 10.30987570920242 2.221150792222076 
10.72890070017676 28.53348760406302 9.465986364437486 0.7894593762358291 
11.06022988442866 28.64196937762027 9.707876931218696 1.002094834712807 
11.11950370499579 29.03992894053397 9.156126202647846 0.7935789126232677 
12.72664274436202 28.22965320148996 8.511404900710003 1.829669181385256 
11.42258867607083 29.12436391850616 8.978333444219347 1.952725917628257 
11.87677663876512 29.17536477290806 8.598153469074369 3.273707834664805 
12.54949203892111 28.73550079416928 8.390002785536696 2.561274788705674 
12.91150214202113 28.45223755670118 8.320409455247658 2.226277148814376 
11.88045088191578 28.96028635160205 8.63243286872477 1.772991991115759 
11.3237630566379 28.18194870882083 9.843246155816232 1.43984612178695 
11.99321290900453 28.18515627448932 9.054877897414904 1.929141071089362 
11.6126192555326 27.97200688280045 9.935510240439543 1.58061787362125 
11.82557416984173 28.56088313079873 9.033902428095777 2.018864502917779 
12.35609440692212 27.99214877285095 9.107103267059387 1.797189894088731 
11.02926152456796 29.41596769011703 9.630892353979149 2.181878913399458 
11.31082536388519 29.47463494228661 9.719110397072946 1.682336783173049 
11.41821324711123 29.3402173550886 9.113569371161912 2.652559752313536 
11.90532590851331 29.47966281367744 9.137373594787441 1.835661849008062 
11.89017234669852 29.34279969769797 8.777910864136185 2.908818366250216 
12.37616715594105 29.41907269543583 9.230677129285707 1.687597143411033 
11.98770218211083 30.04098015651529 9.396964734461488 1.908651831704887 
12.00852131496543 30.37969588225359 8.893787526690915 3.501219798022731 
12.47849050933856 30.21026795367014 8.996952826983057 1.479114107537292 
12.2156003621424 30.53961039322883 8.706792624780295 2.871992156410599 
12.61212482377612 29.23872637623296 9.925369465853519 1.692485510348192 
11.47749660143661 30.35666100232913 9.602688099885496 3.89218178616008 
11.63134431395975 30.52394384764359 9.415744875013964 1.801587426571402 
11.74235573893951 30.06494820710065 9.804133635680468 1.672008872223977 
12.29596369480693 29.97554469365326 10.11056178171411 1.466659452183976 
10.58068251586841 34.92251231361886 5.48873318002825 3.373144891616974 
11.34700333064877 34.77222087470329 5.289730344632166 3.016983486344884 
11.04493862398987 35.32877753339901 5.212763789762238 4.306716531822417 
11.58086430896372 35.00589130535384 4.932383426261094 3.669437811846592 
12.48256092878957 34.83967253380491 5.040306065944081 3.247406853069052 
12.46038815988739 34.68752491503354 5.385522770250107 3.02779577744441 
11.48385022710394 35.27925822579502 4.868757788593789 3.892787466246688 
12.05473690728831 35.3646779113312 4.62233100102537 3.891823213713678 
12.05185929901004 35.59385691049022 4.59811296810149 3.901162899000468 
12.55034861696978 35.10956132912947 4.709057089538162 3.725376342876501 
12.7032738441835 35.61440384197471 4.486034988106577 4.179114736147369 
12.35539221663865 30.98669172407264 9.10799260437785 1.312091062003383 
11.64617672983278 30.70300854939938 9.92452763950971 1.321825791676837 
12.13382151045905 30.96084093179426 9.876163225189174 1.203277438027079 
9.882170169212225 34.35017896829746 6.704451013549742 2.679722127374816 
9.670937970811117 34.34294262313204 7.131366914315917 3.257970807137127 
9.418102252416363 34.51514911327945 7.264930821132499 3.337254453413195 
9.696903076223286 34.54785051989137 6.434225854512126 3.303809069496793 
9.390867096852636 34.72977634102602 6.85469881553023 3.277704585601668 
9.928414720792428 35.4755090014127 6.578963581890614 2.639446040803733 
9.222788618964941 34.85057491158202 7.73115528552793 3.299188607401732 
9.390275615837252 35.15209168732884 7.180680504772255 2.943759714413005 
9.567968108479151 35.58619534918992 7.293713158246347 2.572450364918041 
9.446964764799606 35.44561680782321 7.922495547799554 2.819127718188327 
9.750735239626207 34.05167097593861 8.858805397173548 2.781397905783777 
9.402263941491585 34.51562180632756 8.073895140428206 2.907944883770782 
9.336721925556244 34.76085044647807 8.149717330706693 3.004446359328895 
9.536726449906295 34.26586155368754 8.863353755201757 2.819191441634516 
9.615818670616658 34.8626130395068 8.800750428157857 2.608073000728993 
9.582302868203806 34.32182660236081 9.171848971663042 3.281196671432539 
9.917863340022079 34.8713625317064 9.172487383040387 2.922833631339543 
9.456077256869843 35.12342108185473 8.426699263354639 2.808580156003515 
9.662533288702406 35.32739203612987 9.060605723543333 3.560613328247626 
9.478094635240589 35.46932347858706 8.745656367585168 2.913430017708023 
9.881925301087739 34.28743918380632 7.094600955579598 2.249740080721494 
10.45144198944801 34.3862045801827 7.233825255565708 2.215069608429644 
10.33390642670079 34.14541144709489 8.013375337360973 1.97785262568668 
12.53046482736506 34.33373132715107 6.87533484713409 2.739984222514167 
11.68055242227408 34.41467681300557 6.965563220983778 2.589639098607293 
11.8417354197506 34.29110275387271 7.532734356800368 2.30473361968123 
11.56420329144901 34.0548119491049 8.221678856746479 2.109831054193236 
12.49121658704019 34.23551000560749 7.382371124660827 2.81914656885408 
12.24201527926076 34.19540717357837 8.078541728908219 2.640181011869586 
10.49677782167407 34.55830531915002 6.063958451139277 2.891792117103819 
10.05509370934336 34.64653967646471 6.136916863891154 3.142816597815738 
10.41558625369072 34.47040639583385 6.606151204208542 2.251985154033051 
10.91827894804707 34.57867378083532 5.863735640025586 2.927802216055426 
11.03251923499692 34.37678212345529 7.137421266651719 2.39842286276685 
9.792962976547887 35.05614295000785 6.349446436651953 2.455441618903862 
10.41253122028097 35.45009069305699 5.925548719525595 3.426824416234552 
11.74219863689824 34.53416606865994 6.45925889583474 2.655738958072604 
12.34961314009074 34.5947373990521 5.825501468406708 2.857154223679956 
12.5886442445347 34.52043605926947 6.156760136385655 2.968034044541696 
10.06335260793627 33.95239874760772 8.806244752478586 2.248719071292683 
10.72684966747089 33.90107022601646 8.790850720767168 1.956235624733637 
10.98000673926358 34.09524233629809 8.132082724805898 2.041437150665118 
11.63247476545322 34.16601545434125 8.873190831734961 3.273794096950482 
11.16222751666426 34.2088063905158 9.031866078719204 3.171788431890832 
10.69796941417418 33.95881963660616 9.191500578214997 3.472852414643 
9.820645950693731 34.07220085168539 9.288247508083408 3.672692830065756 
9.921806593124263 34.40680896490211 9.391006691081525 3.280713725571871 
10.70525072118387 34.1894700889765 9.354104730460136 3.645619176072643 
11.94950352876255 34.18552244559431 8.499132800652481 3.229754638880507 
11.74240216139421 34.35126343664393 8.888447176005897 2.75418000321794 
12.15905064639304 34.36049387885237 8.501153795582054 3.339220864709262 
11.26250929671573 35.0541631230269 8.916826455279635 2.096592354573545 
10.87714156754275 35.70594976284975 8.698197142443991 2.310568105630537 
10.46019604646531 34.89650303549188 9.326582629232405 2.49731775818006 
11.31851323139185 34.57306208562674 9.020378326966613 2.262431291440166 
10.76119825055728 34.84130413997354 9.29082864073472 2.192373816659284 
9.93931864826709 35.19429836585579 9.187504185806738 2.716422939307463 
11.8380388076461 34.70031203846654 8.571658534066536 2.013063005633541 
12.31940634317918 34.95674745100239 8.291450095894449 2.319697565014465 
11.65857534789641 35.07638917880323 8.576354576096398 2.113181555132414 
11.53964094333048 35.42820097084608 8.345046330315297 2.206568163073271 
10.77596106961033 35.9114571006818 5.487790909038329 3.471210767534103 
10.88168179627422 36.17887053091759 5.649545627297391 2.867990692807297 
11.45074100436299 35.85618916266858 4.932255714820065 3.279674889970011 
12.20774287112204 36.25140618253863 4.906433568964498 3.217167926417645 
12.42303896598433 35.9903342547564 4.72474633250994 3.202732004624053 
11.25706829807145 36.14901235548341 5.258208098156853 2.90097874318063 
12.32156661340286 36.53511232873703 5.235574455710954 3.154336813373732 
10.36170110500247 36.0673365330472 5.93648974252624 3.28432034968705 
9.859050933244013 35.96264156744418 6.684633530907667 2.599218720085361 
9.078516191962624 36.10800685523689 7.390941255749704 2.389681481219199 
9.183198176443042 36.35109341376479 7.548740199242222 3.176942449786139 
9.346730106111231 35.68924545215879 7.839205192170509 2.120809722907893 
8.960492037409159 36.09131552905212 7.697371293715209 2.90317361634969 
9.354200824480344 36.10165810067005 7.15462476853784 2.502761912409142 
9.830372041672565 36.42042568437736 7.199157159842444 2.648007521432561 
9.219493689487649 36.40976765873911 7.928381799326051 3.429264552956951 
9.769134227972417 36.4865936645464 7.660575125832165 2.737010939788604 
9.894063792784152 36.50006263738091 7.977443194308499 3.148797176424637 
9.370179878534092 35.8402407833144 8.555663458826853 3.522688247533694 
8.991533998479763 36.1432559517834 8.041361978541801 3.441778321539289 
9.397890750187432 36.27197395207104 8.333507847220051 2.985695479164576 
9.623247915761242 36.00972674800591 8.727515840109323 3.332188746788972 
9.848364321536655 35.92794706862725 8.875889972985114 2.811336041377288 
10.59238237379443 36.25616736735502 5.903302496875823 2.882418008862174 
10.02041202482618 36.44594528729327 6.797633991689879 3.03946065137221 
10.92742200697307 36.4497080811649 6.13722516706207 2.618437383618328 
10.77851901919744 36.38260525835219 5.967675154065541 2.675162725044913 
11.14764328099516 36.51028755715691 6.342671376066085 2.604811630655064 
10.08294950801303 36.8468768950266 7.305249334916087 3.260577526373197 
10.38352916128822 36.88044926739736 6.682156388987517 2.842448040711048 
10.21313905763863 36.92705804138905 7.644894825483981 3.279954371579663 
10.55343609998496 36.95730701629184 7.929755813048515 2.871760006363871 
11.09102132066833 36.6207518045822 6.977037558875355 2.372189702588102 
10.65700191198341 36.96891834281747 6.862174059069468 2.828253694297061 
10.87355556177347 36.88750848604906 7.529943956724413 2.386175257389013 
11.35666489310766 36.35161392926112 7.617212322903995 2.327033547470762 
10.87686719385005 36.78087347872762 8.075319151015691 2.482663824339056 
11.41192504419814 36.57753380871055 6.920485573714953 2.693512413866344 
11.96568272055771 36.65259446753846 6.218507483937328 2.724401073790631 
11.6205343341551 36.48663166211239 5.691268489550895 2.852111465692303 
12.0688108570221 36.54978621935228 6.818914063485795 2.780478116234121 
12.41577721433495 36.80163920692181 6.357622548940975 2.829333509607082 
12.13333988304247 35.79362529694592 7.741483456277198 2.462070291597314 
11.42969742706338 35.84847605859826 8.155486497888083 2.274612304792242 
12.04856650286999 36.33964524038111 7.232139137280353 2.649989709916269 
12.54389916223452 36.33349700563139 7.287065566900842 2.794105713284253 
12.82422235247393 35.88379733244043 7.752403694187168 2.863968124654292 
11.4524513367915 36.50166410118109 7.256031159045096 2.592451331079786 
10.4797056279362 37.0868735219992 7.372890260578862 3.082042256324385 
11.84334432233189 38.08587464377292 7.051172637436927 2.167990480506887 
11.77439593743415 38.33268861256818 6.764565904068867 2.318597259850364 
12.48670307429638 38.03116548616563 6.458059917181498 2.380022359107301 
11.58695298164714 38.09973366697677 7.632186295828207 2.224660294428915 
11.7845174014792 37.86047931498187 7.899686836982772 2.182232568280881 
11.46461654523682 38.3561062868962 7.511209785271885 2.019980380370981 
12.35447821543567 37.83247558617227 7.579989999848228 2.105572033124147 
12.5745346720801 37.71528265402732 7.238061664524746 2.410325009204897 
10.40604169641762 35.51385489298883 9.020252997810802 2.29352136663006 
11.00599326612506 36.34908089284366 8.408314099258007 2.358694879792409 
10.21090554158915 36.33951702955589 8.479874138821637 2.588940189684621 
10.75068172255218 36.30995984152427 8.503916132104655 2.613894782968771 
10.36754964885264 36.86068906825219 8.092197649617649 3.156407108229985 
11.61127558069689 37.9321990006204 8.877320811521864 1.932197952419571 
11.88280379210423 37.65773971518597 8.86584165907324 1.963320606477453 
11.71648231836012 37.92869349895741 9.192362058603267 2.714986395637908 
11.30058154137315 38.44035528440057 8.733353166005868 1.643534531805948 
12.63509299474603 37.61320573440027 8.264941634410453 2.033929258333089 
11.92509158189979 38.20712518250188 9.120243165105554 1.350231593532968 
12.47796187781501 37.62319861979883 8.857678371034975 2.434138317616785 
12.42291214899145 37.78057747358762 9.129585273640076 2.709395534053613 
11.02580391453014 38.73302941266278 7.960826976771119 1.860989972332092 
11.08953083086211 39.05164333779852 7.230738023515197 2.074747711341672 
10.64542353267847 39.53699469250958 7.918060753802436 2.087937850007194 
11.06724433548534 39.43380535722211 7.283714839074601 2.780208059957346 
12.06690558493399 38.44049018914162 6.317777003826606 2.711692241797451 
12.53850358916084 38.52618634340671 5.9851947850676 3.153202699950398 
12.23622845210579 38.77594799898431 6.155995141404984 3.55040979071282 
11.92101690934211 39.02811308444795 6.594304141458704 2.701697290977179 
12.65936984822346 38.94325172208629 6.205493346675339 2.51859380796121 
10.95136886218818 38.93103806133693 7.562491441226476 1.834594327610489 
11.53188828306527 38.85795185816324 6.771785281538918 2.830611871603139 
11.49476107262661 39.31358338566485 7.049729552742857 2.190654513003423 
11.92380099421751 39.26290216810904 7.001007081101299 1.752021649957484 
11.66769022948592 39.57332670850486 7.847559392153999 1.331216906497367 
12.28681770020001 39.28651132981745 7.163550150254856 1.815074258324003 
12.56757540902367 39.20585250714243 7.701383577596214 2.030237601323478 
11.93728388487024 39.42381363345587 7.676991108161415 1.634519918054139 
10.52357101131051 40.00058566794604 8.339806565650681 1.962193459604507 
10.87111788575577 39.86666330515203 7.792184597188746 2.873518445641025 
11.17015285975363 39.70608963798104 7.452561879726391 1.865999741654676 
11.40192463269991 39.58900497629023 7.3941454754174 1.348222665789685 
11.34423398516178 38.38266113833048 9.164252464688179 2.278256015543306 
11.05005949431352 38.70615604319548 9.202832822447485 1.347719127625666 
10.32233351807665 39.6561481361511 8.55726597509117 1.829215126218841 
10.68590143592808 39.10072354983306 8.301488976518828 1.771794768941859 
10.30626241983593 39.54697875736536 8.868080451965083 1.721985982658552 
10.62482122180539 39.13386557049515 9.454206229073176 1.403941648033125 
11.24843473968804 38.61402783106831 9.509076552257644 2.011150892450786 
10.87978573503919 38.61481234170338 9.894780827887168 2.230539653158658 
10.74800719063457 38.75806400318578 10.28667932130704 2.277759956176027 
10.90161160095284 38.81314156564502 10.27992561447766 1.803780865450676 
10.38793867816369 39.43879722349969 9.794624101269379 1.504435879006557 
10.8652621184368 39.49145069395554 10.44887503562963 1.091703011112024 
12.33548889705911 38.73674406696544 8.692980434891009 1.758380266374161 
12.35995006291345 38.94181095521611 8.6209017241925 1.642239470578815 
12.65112108776184 38.95464689398558 8.364191537505569 1.954334576072085 
12.03642517133239 39.33645394521398 8.582611382926924 1.470005957601607 
11.8834540988938 39.30524339073079 9.076039509478417 1.477493462528827 
11.45504651571492 38.55035707763992 9.353925297259824 1.554719107861089 
11.56369921562622 38.63925250403636 9.256492068723851 1.344250195329906 
11.15779807871606 39.60891408830847 10.16715711539126 1.39340596996368 
11.40300266057234 39.06656857199743 9.597117481382053 1.314491550858136 
11.59276514761274 39.55346947699144 9.659366500764456 1.50993412645041 
10.79618052880047 40.53584112680734 8.525287136668418 1.984762009381029 
10.97717517098911 40.11902610015976 8.059927846348756 1.765154212133041 
11.18836664745214 40.10096605030719 8.167984950126904 1.434593855041328 
10.63671744115035 40.47512758062405 8.619636146103819 1.690573294716167 
11.02143593348755 40.59663517622601 8.642561868924533 1.502641787383304 
11.28829616524252 40.96193486249707 9.210808858159261 1.022864067953286 
10.21184144726426 39.9778897983142 9.24463757037454 1.730770392899771 
10.25006357551576 39.7728830039413 9.801438824543593 1.694687350067639 
10.30579606666384 40.34669549024306 9.177897961456239 1.652738984055809 
10.19258339371506 40.30606556756062 9.871844589519734 1.630847316608822 
10.39457704299097 40.92919454787901 9.29727454807966 1.545335779185109 
10.12685657242178 40.95672196924505 10.12974368929895 1.601985205702327 
11.35936713101703 40.54532057323189 9.951863328693452 1.323178531843205 
11.74188007558534 39.65600950098337 8.724187967682631 1.422116660848523 
11.4789752513754 39.94397886101238 8.599194312639723 1.375142543427927 
11.38416616371153 40.0073049908544 10.12875883905294 1.431992258268778 
11.55600650510569 39.91840203379807 9.309127634333219 1.422472262266083 
11.37421635715029 40.30859232130589 9.529489678831945 1.375682758430749 
11.4159601286456 41.06667707770769 9.862417077640517 1.07643509879351 
10.85267473537099 41.10633453572184 8.81532911818409 1.441412776029914 
11.11314366278852 41.09942005725639 8.71778300469186 1.865639120222866 
10.96079346716657 41.53889577323182 9.168143033089189 1.056277795045133 
11.43427756536993 41.46809041584633 8.782002940508548 1.022715618960476 
11.18244107508079 41.42462126667045 8.74815613441025 1.625507353287738 
10.24435959247919 41.11286726492103 10.46906814894675 1.442052571723565 
10.88030238919337 41.62466748050075 9.776982824939013 1.157767115781965 
11.25493499816953 42.09329836203046 9.57457660316706 0.8824280423780877 
11.05556366540372 41.70400060910909 10.36795286899298 1.099059585871672 
11.48721602143441 42.02594110110713 10.28127854809118 2.602031772152017 
11.48143382684643 41.77968075746173 8.68521737268151 2.066429240382234 
11.6625578730879 41.92684010569403 9.022275566313791 1.758720807748972 
11.37558529873533 42.03610957839591 8.998348156090008 1.189989050511244 
11.68517865186267 41.66151724190567 9.198991299470825 0.8393091934519319 
11.45809524143882 41.4481794397087 10.65518861656818 1.514495475316451 
11.81603934159115 41.87834791724627 9.668100200074901 1.181645581929828 
11.34990756551008 42.13604625614017 9.957983642404429 1.136976982890324 
11.74284950849339 41.92012457488639 10.07346774930119 1.447375323567222 
11.53740032376407 42.21340605893391 9.641350182376971 1.813704306680208 
13.77358781368637 25.56986902289661 3.045261586289029 2.639897022492036 
14.37059955031751 25.57241582165654 2.604201545551263 1.960567179886169 
14.10155432405605 25.05612879407592 2.590378006547827 1.800989737527885 
14.55044612439047 25.07768507634849 3.17072622176007 1.593572788761932 
14.01531582133772 25.70857830588644 2.777601244832785 3.996509566382628 
14.42964610253958 25.85995435777559 3.058111851902447 3.056298803658152 
14.83639303820767 25.49551338868673 3.220184639707062 2.711101314405781 
15.2400147929084 25.37292941045297 3.183988724291403 3.807483286146265 
12.95577669906365 27.78102664598968 2.215378779104981 1.799835544047554 
12.66412205011849 27.22099830146815 2.403517295873252 1.231904018060924 
12.59004180930675 27.0250524845273 3.001578858014991 1.397022121861006 
13.44859357223019 27.9656503301803 3.051643538469355 1.524211764121233 
13.78220156871396 25.62939300873963 3.521497515849536 2.590728544148732 
13.92236609762077 25.56205233014986 4.032859688821407 2.236381720353975 
14.17697947370609 25.86481924702255 3.456437323284131 2.436482561822089 
14.12037206748551 25.79429332560803 3.70541751512922 2.077640673839241 
14.82667602178929 25.64401332810493 3.410876836922051 2.402795807424624 
14.60502091418746 25.72036020849818 3.860336119609461 2.1047823541479 
15.15829412210745 25.71924210491954 4.018261679223811 2.457959821970306 
14.54082267179435 25.49002411635758 4.549677644587457 2.588409297565406 
14.88885837381713 25.66829700183116 4.272617899188874 2.541989942944028 
12.68222504174572 26.79932274914652 3.855570124234749 1.363130468922741 
13.12437593140817 27.38610424646825 3.654302524527234 1.478858803955454 
13.21956772229312 27.28054483651984 4.329633771603897 1.34582443081888 
12.62494665861611 26.76562799135326 4.932015679255335 2.351612356831083 
13.08136484524318 27.4734456786137 5.068177400832977 2.647197967297856 
12.74676221523043 27.31794214488012 4.961222244469744 1.316460216038152 
13.36577474173104 27.47648145982633 4.823114887848651 1.497157575489496 
13.23383671878176 28.11295206814141 5.149544837414744 1.728610557381188 
13.44443905636133 27.76119318658827 5.125784277497694 2.459675027655351 
15.31280682048302 25.61987903984041 3.633351575206487 2.85152996363351 
15.71053039691506 25.54978074973846 4.166068451744756 2.593785425478941 
16.03287934271151 25.3546761577139 3.81683126576048 2.78895804724371 
16.21853403039646 25.58045065908912 4.082794660504694 4.194727595159321 
15.93273087248065 25.86644109955757 4.749770865615835 4.691989307075886 
16.44254451288187 26.07956026227291 4.058502518243574 4.722120866891913 
15.42591883873818 25.45216195759112 4.958806153725962 2.781309389614151 
15.80212618956312 25.58320994154427 4.780446248794032 4.304539689724947 
15.74903721417995 25.70188825589848 5.211533187214566 4.667013814140574 
16.05020553533959 26.44120394559618 5.245072700079871 4.228607568880761 
16.36298679481704 26.47978591000983 4.698255085225518 5.645000696339821 
16.48071441931482 25.3247076199831 3.725027831730545 6.248811288661216 
17.02949283812552 25.68834419823493 3.584581718627431 5.627231894881561 
17.33494118299546 25.8128350433348 4.030077366143669 4.660937343014581 
16.73380775710029 26.26759078370772 4.097072927396184 5.329146317318475 
16.76872302849906 25.93109592211831 3.666798792514418 6.194254593390468 
17.13338143814982 26.17158903316079 4.22947530634633 4.534657142927699 
17.76173373258288 25.51734625747561 4.913238437744759 3.674957368738689 
17.74933812458217 25.82584451242209 5.039694118477859 4.119007339406323 
17.63078425773735 26.12404803703824 5.082670999843905 4.916327392036806 
17.23012090822689 26.55899702596087 5.496511826317534 5.177338217830282 
17.6903822534604 26.49851422333656 5.613312713086329 6.281955266824099 
16.22903530416534 27.80023189262275 4.458037557435697 4.588714705353055 
16.4511428635002 27.53979516172059 5.115553951986469 3.94784944131905 
16.25018661555546 26.72131699457805 5.025351913992956 6.159883272968187 
15.80321017791431 26.82222271001181 6.04682953844199 5.036695039830335 
16.01392484049177 27.73253173311052 4.81813858787773 2.722906748732569 
16.30542543414314 27.322139569898 5.46723995139219 3.467134515963409 
15.89832240296091 27.68301927225797 5.714795038791574 2.89512048900059 
16.66263442113329 26.66314357754547 4.862155829412515 6.537698560930664 
16.87423322419844 26.60869674386296 4.995024674117237 5.234225838901182 
16.82029167063926 27.04583951746832 5.418373523961005 2.996641773909786 
16.54855100129308 28.01167976597541 4.489000604495397 2.576966328757294 
16.57127534493041 27.36506782999889 5.371207106867482 3.312443289107605 
16.65599175740325 27.58413673766149 5.442935600519553 1.524634367361635 
13.61594178968854 28.45521587169602 2.747159896750461 1.953315820527223 
13.96711457378428 28.57816266463354 2.969894201145443 1.829188284509996 
13.57996129111024 28.21138493594801 2.860647795012535 1.63415448150662 
12.93091103393449 28.51006020485697 2.476683787486492 2.281342812060473 
13.13410168402305 29.04668294616007 2.656158496699392 2.258114079185489 
13.97538480608981 29.04546831280947 2.91646841231065 2.34949862348418 
14.12047918616645 28.42952659793552 3.367206214421115 1.607203971536528 
14.50695465404837 28.95040223143805 3.270979639318099 1.664583861351701 
13.09190990711275 29.3628362707251 2.995324034175256 2.289580348096294 
12.92362488102975 29.42294502770306 3.402564158207991 2.120994746290236 
13.71791493650245 29.2444408618571 2.907516319763756 2.516990271980902 
13.6190242992891 29.50414411336385 3.301788782624014 2.053058176305186 
14.90514010530531 29.30318083562149 3.27692286863874 2.525691288516015 
14.19103610077822 29.48210210676755 3.092535314742713 2.550743618404127 
14.43774076958374 29.77785690072997 3.448533322293465 2.105134779638078 
14.94006350164547 29.66624845325045 3.380898750311387 2.826884357348888 
13.61666722937998 27.80772596281045 4.233454732850188 1.476701632117901 
12.61297843761024 29.07198584422039 4.130233074593682 2.141624750972241 
12.90609643521097 29.36989944807633 4.091614951820385 1.943378446196917 
13.08977419088766 28.69451816116394 4.903601656032213 1.80469000027621 
13.66960672879064 27.82879294225095 4.769798615697173 1.389779880487126 
13.30247677207181 29.28608037556984 4.592218822038674 1.824790342230244 
14.20052853322591 28.26996290130597 4.690426249918245 1.473805083895869 
14.50417981486641 28.64874045026257 3.780864857112419 1.665659066444555 
15.0549357951636 28.88344431686446 3.546130158714856 1.927623387597649 
14.43987465659295 28.32898813508843 5.029171966580869 1.529196228474028 
14.05128956323414 28.21193966264829 5.124548291841002 1.823131893441001 
13.88455126018238 28.40092367703843 5.28981118126684 2.128993575526025 
15.09735283604391 28.42491469181454 4.831858044709599 1.824432179580924 
15.26601407285341 28.47370430806714 5.487137526199993 1.831438685183613 
14.28381047596189 28.73166760080048 5.617976567331151 1.846261455422237 
13.74883380036314 28.90064382029598 5.062775447726899 1.656080469459191 
13.31070818821767 29.60413774137685 3.72627891264397 2.190167469171939 
13.66122807997094 29.64019089903425 3.741200681865777 2.101120612325246 
13.6256745069187 29.55626856105816 4.376654809948787 1.909323489121633 
15.19711520744579 29.61410549110414 3.555234790114817 2.15559452858551 
14.57023615348225 30.0063059232382 4.038945691183137 2.255236074281399 
14.9955561577895 30.12300657636264 3.83733756908805 2.865600346430313 
15.15006075468515 30.58506311988393 4.081737719497745 3.707399774297869 
14.79716072172071 30.2208166893245 4.256947739262465 2.332722555456101 
14.30524758645502 29.84930384200173 4.585046605272419 1.911552785245547 
14.18144862745046 29.47803765517263 5.000388769446095 1.718208165812534 
14.54651848171027 29.18977752801149 5.436048305393994 1.638942960405139 
14.62015587819507 29.75937186447922 5.175693552406051 2.025880228954804 
14.92359165965119 29.57664380041443 5.610874716517441 1.948786743181358 
14.66212176551653 30.05713572511545 4.920819760129165 2.128540749750854 
14.78219210346649 30.55703257246886 4.962017657667126 1.967346043210028 
14.83777106272735 30.17847504448015 5.355545122406371 1.734247726035704 
15.06719495555408 30.14233398784969 5.657481586144729 1.552958619598527 
15.08263918330008 30.60319572699368 5.853591447381567 2.236663455847577 
15.95546766152208 28.09131654336895 4.307395144516292 3.236810934828611 
15.93234946381502 28.66795785987804 4.514362961200614 2.830253504055278 
16.25681277307812 28.14201888327032 4.112782460297818 4.79459716894695 
15.4610777539761 28.90494697323593 4.136515123675196 1.931511542307888 
15.12291829190939 28.56605833101999 4.187321445291869 1.916218325019585 
15.64817037178072 29.11303432224242 4.245553275514081 2.108995273045309 
15.9284995992134 29.13087250627919 4.300415460340215 4.406720952834064 
16.23295763563983 28.67924003908431 4.214512319370609 4.627732714883621 
16.4008911241241 29.11696569822082 4.139389769345537 4.335566656164275 
15.71902055562834 27.98227289957545 4.905694644076237 2.709613136303943 
15.66662069147746 28.50790772401673 4.951213436529613 3.079481229462914 
15.49354073389062 28.35503902880028 5.622860824934079 2.974134693695504 
15.52602500134211 28.64305996006372 4.954468124635375 2.028233488695903 
15.67982843136986 28.7461180349598 4.764564706754471 2.705500822590068 
16.54590717263346 28.185360974541 4.341110038232195 2.202998420695437 
16.69156157373128 29.11453752219984 4.436002147693068 3.015663529945044 
16.73247077249048 28.14337787018971 4.928511667242157 1.684188143938457 
16.53231139299263 28.69785717964148 4.326689367561773 2.79163893975155 
16.75236766394552 28.69214338708824 4.794653145029006 1.836329818251073 
16.8153021445371 28.7083768058135 5.122998443849291 2.034170423915612 
16.97709771548676 29.26914389546763 5.241333415982992 2.612066678187745 
16.9692802662013 28.75348930864302 5.59290133512413 2.345561907819771 
15.43373931168137 29.35145777226602 3.941503836678836 1.985130212058849 
15.60487400091803 29.75495424479247 4.071509887143013 2.034584933663652 
15.85592551477646 29.81888977044111 4.690717622626861 1.940661081748814 
16.43052852543065 29.37410005279143 4.283519798586257 3.55394265135331 
15.3247198411963 30.24012031229153 3.783650919457838 2.840014665640496 
15.36580944900735 30.58837819274644 4.075610671014003 2.608766172492523 
15.58726043186503 30.33731397364726 4.092800278451752 1.901263600120686 
15.87903244386131 29.44361501452525 4.425098320479016 3.002908390881643 
16.01453897360713 29.68951777335573 4.92358139376719 1.953358849220791 
16.39967869127086 29.61166409241884 4.81959612393959 3.749108511466233 
15.93204319469966 29.74424442313501 5.711674560997977 2.094902556307559 
16.52246348823822 29.75956262260601 5.580669927780787 4.552924667434269 
15.6582903113015 30.40670447982487 5.241333763004759 1.350710338973549 
15.81621389249836 29.99740863609414 5.18360056050316 1.862752714478603 
15.63674201394318 29.9365315764205 5.838133282898791 2.318385804556257 
16.72818803692444 29.29795435794686 4.614349116383776 3.059917516787237 
16.80779929373382 29.53395689353615 5.058449476934605 3.522304267668233 
17.1930337534175 29.8239067677522 5.567905305433182 4.80558423850178 
16.86625094414737 29.81795052633847 5.433998470611069 5.503547349509546 
13.06631464296189 25.65747133038177 7.426873586092204 2.708077831537722 
13.58538856570006 25.74556416481018 7.428987576181775 2.593577453460028 
13.35465675842409 26.33364592643698 7.252148095733757 4.069958316912306 
13.08066364197814 26.40502771206276 7.549309584971621 2.030921552652671 
14.29967000695998 24.99513138656866 8.049474274686462 3.392799579244766 
14.92657081343669 25.57437513377576 7.869922804079878 4.98060939164813 
15.00763884142279 26.07483095231334 7.782296287414794 5.42102036423114 
13.3702687056488 26.90862749994687 7.491551546180569 2.61167142890254 
13.6244221389327 26.58447468456647 7.460220970728792 2.306247614999208 
13.81927759061411 26.63175471299759 7.963296578281438 1.33010492211644 
15.16003406588698 26.99679608956716 7.958779029465508 4.587245173018431 
13.76188090109037 27.2815850344845 7.422472250972431 3.852072487001209 
14.32725979199083 27.72873429040667 7.946792930253832 3.228030827456749 
15.11365754332645 27.45968807152262 7.876376248527708 3.993011128696992 
12.6779048837493 25.77452663784907 8.096819426241083 3.485846260506435 
13.86145823936199 25.67937849855846 7.976954532056036 2.598350769866528 
13.80135113070002 26.09519679494417 8.017491048436151 1.908963482385445 
12.86996457203399 26.59222662168555 8.125504506483361 2.499451981381043 
13.871292612847 25.99206824915708 8.741330418535179 2.232620192941951 
12.53017489789043 26.40432062802069 10.04322700446133 3.993181194485857 
14.04076958627751 25.55777214558168 8.589991227043527 3.232976668434603 
14.30680120991775 25.24840530748093 8.549460182438308 3.810583810865666 
14.43175773748675 25.28792194710401 8.836640184850364 4.985551954249331 
14.61426231870095 25.36801725219592 8.556816005933886 5.185464084161367 
13.93245833003704 25.90466148570695 9.524529555061388 2.395029333134104 
14.75095503523864 25.84525537241909 8.330011383227298 5.255218514000404 
14.54165200782226 25.62239943630263 9.278286146958342 5.557005378804519 
14.68600202383808 26.15641653377124 8.966605159189589 5.080882639545308 
14.75905707991321 26.52515919983423 8.830652453640258 4.448412888322082 
15.02175301586073 26.55961373034587 8.123230488107694 4.842209442872871 
14.37923027471599 25.4001647787952 9.649941520167255 5.77754505461607 
14.20790934184685 25.39199834115719 9.697103760839077 4.396343661336658 
14.04858218218772 25.51697614646441 9.822224323617357 3.486692901277024 
14.54281757972804 25.4668893454121 10.00366009896043 6.975601165577189 
14.58517519040022 25.7386680801382 9.715134883800587 6.10699445181956 
14.69679685990697 25.84352746990133 10.00301705844308 6.571569519116309 
14.85148152573074 25.73954350792874 10.22599542487904 6.195256137457903 
15.15604073720069 25.728136243988 10.25704611222793 5.081162121154961 
13.91415073087525 26.35485691945125 9.08785712805388 1.75318444917653 
14.03756858821441 26.28797332197661 9.815987221959691 1.378601640593729 
13.96043571461631 25.58373840988107 10.33091511269668 2.217086424766748 
14.39477254219992 26.38253130223673 10.25317108750572 1.680694418919259 
14.66789451211778 26.27137199469103 9.292149414745033 4.840030551789994 
14.57909165293418 26.46000288860636 9.663900159668222 4.072372841317105 
14.68483770975711 26.2630047358476 10.17684134356298 5.831214129408067 
13.11770330294319 27.17380138749551 8.16956998589948 2.391094461556563 
12.93124940530113 27.18959801107305 9.119379146214042 3.305183119111405 
13.28591770300661 27.43146365042646 8.432518504409073 2.640209287868217 
13.78856315294527 27.50970593708621 7.665290240282183 3.615321238641485 
14.04627658801788 27.84827151667007 8.107388896670939 3.235303086466857 
13.27176766969579 27.54874326559207 9.287343008994212 3.967301279391449 
12.56643436338882 26.63449246220701 9.737781857434163 3.922302691251986 
12.82819340270324 26.77119910921816 9.943362425280313 3.642399400402496 
13.16794223983561 26.73477568624937 10.06640511785267 3.168542019410381 
13.2814287094593 27.3437635732634 9.951222164053261 4.84794455302989 
13.18501367585087 27.35391827676872 9.757960262472112 3.834797491026279 
13.16149425704532 27.5296050691749 9.938615659180483 2.87511337588262 
13.05453168852988 27.48592252899562 10.37423164702002 1.678658547017861 
12.63992045109803 27.81466578239331 9.858803714831465 1.726973008243107 
13.47109476176928 27.75520235467146 9.081106161116566 3.995802666416864 
13.77001404616911 27.2028272472981 10.32733095236879 4.856222863875331 
14.06290072296642 27.13618931018023 8.070200734633023 1.217389620126205 
14.0653150570852 26.75062415901763 9.071303384374277 1.591711285518755 
14.22205314214796 27.32812559415243 8.185807703099728 1.615580838580094 
14.48723910123369 27.22880457266191 8.531899220054155 3.03060452664171 
14.21334107596368 26.97429284807822 9.033697757019935 2.053138906330261 
14.3644505809238 27.06195955844308 8.90081530809665 2.773735519951984 
14.89685999713271 26.98766733383326 8.249014753240116 4.365745342644686 
14.57078166220677 26.86291962048371 8.899242779786414 4.272661164950051 
14.24645274361323 27.52798449219133 7.992440275579836 1.802692444401941 
14.2146042422076 26.47459046313068 9.896389442602862 1.516840744014459 
15.60538045054152 25.48086073630983 5.741746574670204 4.737133373179319 
15.58293280401199 25.7958536101801 6.115156196167343 5.074641429992511 
15.55254905466924 25.19687392825663 6.517926758307155 5.501059881224222 
15.51755035363032 25.84907181297422 6.432756086014813 5.152554509929161 
15.72452206606455 26.22834821307655 6.000231046551787 5.168477175534804 
15.3086845211358 26.14148419185275 7.101530250786293 5.65418424893852 
15.39501981537986 25.24231699715605 7.023827014277654 5.460960826992391 
15.26593708711988 25.85787716457625 7.062611989901595 5.581798102241436 
15.57017803723787 26.71889370677358 6.701314482443705 5.531149231940844 
15.98312487340929 27.39500537022642 6.349074862359882 4.163930934679854 
15.80508373277779 28.11023744328236 6.632491134515574 3.984336953870724 
15.2877738642629 26.80600159617353 7.543856209220375 5.439415745427169 
15.79691453628534 27.39243908348096 6.970546928245341 5.131046719898364 
15.394789701173 27.39989100023065 7.73204771703324 4.398799575246699 
15.79181726482793 27.73049441670871 7.037936466842249 4.942408107701198 
17.14944724492153 26.92408575751672 6.058143568546086 4.88771576959644 
17.57824691528826 26.84368936586479 6.013657299938021 5.728025994869455 
17.94677103252732 26.79260716937048 5.84829609673174 5.550719091572745 
17.28543813319721 27.27013141336946 6.285642987464661 5.153290915284799 
17.85558218619112 27.92620218372875 6.197933550574888 4.954737672495355 
16.8635052205649 27.50202494933412 5.966305096621604 2.784836103298417 
16.7951773973635 27.7773082171077 5.748385412612551 1.901990375244907 
15.34192029056112 26.20940221744151 10.2739528275222 4.795131134544278 
17.70241003731254 25.68796316841325 10.09437768030274 5.113250052238556 
17.95581308004847 26.21658549251691 10.09108818438806 5.176396913933843 
16.9326619597249 26.26117684421544 10.27343316940893 4.819701338165885 
17.30918543679271 25.92877318114981 10.12335295240062 5.251634838521795 
17.6658965993151 26.83108507613825 10.06727946416323 5.158156436034659 
16.76949893066956 26.84567179324624 10.18639115970041 4.514068117953855 
17.21742618620306 26.48158880920161 10.22291270412889 4.990459684098596 
17.52308946081221 27.25092024176049 10.03078468559975 4.836809136931521 
17.09940237344429 27.5221145892381 10.21879859754955 4.683556502730681 
14.45954907841118 28.45837031905248 5.582842165576473 2.27146260442305 
15.36008719783043 28.38048922660452 6.117166922604309 2.569525848045188 
15.04467213295575 28.50003554010925 5.827457649161852 2.106811259498912 
14.86222332430289 28.69119203750373 5.919374435047194 2.24948826041485 
14.92383543370102 28.88485834844398 5.925023013420527 1.829351588647015 
14.66492272351339 28.1265656781934 7.60558601705223 3.902481626009063 
15.37816551813752 28.0346606670131 7.715086398520063 3.911768037675245 
15.06735072208865 28.76637655466981 7.957887879176825 5.128663340071768 
15.4682113235226 28.84371605340996 7.720205016039184 5.305143682654887 
13.27650643980935 27.84568643565824 9.24945588740049 2.44034039154829 
13.83895820880377 28.18213044940236 8.360273006522641 2.993383477313969 
13.72261543821353 27.83091252715427 8.577322571344126 3.825847522764093 
13.61776684209255 28.45364991547497 8.265049983965485 2.63445163887171 
13.5099635954028 27.98782955479424 8.718877869072266 2.017763992855137 
13.08386372357282 28.71683191402362 8.301586536659341 3.068183738618771 
12.60628387010888 29.01521379043283 8.417137127525706 2.483535462731624 
13.09119478844869 28.94652107043118 8.643772245365525 1.750546585362258 
13.25896035654104 29.00714594046807 9.216617102758772 1.964727439858592 
13.93904579541105 28.87154686008157 9.070649337660628 3.368007675402012 
13.29231256275183 28.8725602576925 9.966066325910633 2.086753946238446 
13.89844008495807 28.74031111700325 9.959916984076113 3.823630110755545 
14.30053833682057 28.21710663115693 7.9770171273177 4.215654292928406 
14.02152601143804 28.44186773621686 8.232705509893131 3.569767375456451 
14.29223271503932 28.58985628265896 8.267614880856627 4.346180400577765 
14.1820638488387 28.67070224320783 8.478578994528908 4.520592497290039 
14.32723509847656 28.86244225224193 9.056182524207117 4.261439281667464 
15.43077757084458 29.05828443465298 8.079743708640381 5.527172970858061 
15.02018886781195 29.10899662557764 8.868541399824721 5.677566041023482 
14.45375121811603 28.48883432325472 10.20611853834887 4.5679232406209 
14.12169634805547 28.84650879983411 9.270310093273274 4.127490548792565 
14.45589272649593 28.73922900459554 9.904723725404505 5.289627535754192 
14.66263385160093 28.94686498903741 9.368343301060785 5.975772918522722 
15.01266748360361 29.11079267557282 9.784085932856373 6.630967966906184 
14.94515074219831 28.81790477670726 10.12171927044216 5.918063654303211 
12.42898076857157 29.30204000009936 8.761489558304335 1.832897357895575 
12.73886458507385 29.27585490793184 9.248713454406532 1.629024129392775 
12.72794199379359 30.46963040062769 8.651029940223625 1.747199567698274 
12.76372423709551 30.0890688732285 10.27753637459377 1.222866763020356 
12.55560080987684 30.08056181566987 9.496105554962686 1.269442557677635 
15.13264206199254 29.25850057456793 9.283217005783769 5.376185285127235 
15.67136148350032 28.20132952203285 6.167053012039072 2.929601225243658 
15.33689371463602 28.50355082692758 6.600311035859214 2.781757297824342 
15.11121744930183 28.75420656761867 6.199999105793481 2.869085670609337 
15.28163116857997 28.72669248668853 6.705746755603335 3.028521732974468 
15.65800040848704 28.73611061053777 7.039013581294435 3.731430684960088 
16.0372908890662 29.27052140685737 7.011310905048767 4.834370434498908 
15.22732616860824 28.49589533126109 7.721465187783788 4.192899490378295 
15.64557870689998 28.66106344793501 7.385468642980536 5.105477840788893 
16.95223217929623 27.95944033934351 6.02038631448799 2.903359459326197 
17.12982721762641 27.6892895431502 6.272048857009949 4.494939609778839 
17.24498624566066 29.49531317090582 5.677268944187521 3.257166785263024 
17.20318195286632 28.79562456978224 5.956567278890127 3.438494617524412 
17.40297610196957 28.72352038690851 6.091315243018158 5.071994140845362 
15.5032123827884 29.38700968946053 6.29879603200543 2.926964385922091 
15.31745144574679 29.61756031230984 5.954921812297261 2.185106475214155 
15.59415634737884 29.59298048074685 6.160547337999295 2.5883771284945 
16.04474182966063 29.42319927395 6.633486676462379 4.036451258535124 
16.21958907046171 29.62925897253711 6.294294696229052 3.743637310629765 
16.33410145153139 29.71269821256705 5.981044331967805 3.952086743142814 
16.1821672134859 29.51191468302262 6.811628534229174 4.273391833146547 
16.5212416034092 30.30676823691734 6.66148394367687 4.093054890228473 
15.95170960599531 29.35301264973738 7.48863978848122 4.917326477321751 
16.14613330741394 29.80344720904822 7.293691851168116 4.498968324888068 
17.54040685046793 29.48040481025259 5.997229573905495 5.066428276883045 
16.53545852724768 29.95484367119668 6.051764786929972 4.146454318540776 
16.83116482792068 30.47225909483544 6.138261951835791 4.05517324800519 
17.1370283862098 30.34466136710411 5.668143963302055 5.93600620972407 
17.6569908070828 30.21916295752631 5.714614076026526 5.037058939638797 
17.62120224988997 28.61764911253844 10.44578003682882 5.525000636528489 
17.61538541533686 29.05729589048478 10.21308586678783 5.126110714050469 
15.65701530206207 29.51524404008532 8.084293262703715 4.544092720731584 
15.48556965009136 29.76465951077186 8.532797774862193 4.189693238011841 
15.35543009758719 29.53720392102277 8.797622823640824 4.975319730918812 
15.49340684596966 30.23090325055711 8.476491901928847 4.27252019475398 
15.40726587834497 30.39590381155596 9.162902221959376 4.555483440411791 
15.37191724748853 29.80836141613871 9.722111612591227 4.766911687911005 
15.46813671765137 29.65827175151287 10.07321906267754 5.719485823688871 
15.36509716903611 29.80129138134738 9.222779858211505 4.654249454642837 
15.39956500787238 30.08621081494499 9.801633476072622 4.550992474194516 
15.48134253086488 30.14155065634113 10.09190257724675 5.40943703992258 
17.21848160085838 29.38367171323575 10.27144386508064 4.418631295213743 
17.72505973075166 29.79943711770207 10.18760967044025 4.402745921142525 
17.34611518947975 30.06584773491076 10.28718384631262 4.171708063694496 
18.00790093864774 30.236641132171 10.31561301793845 4.505711126068746 
14.94390274260696 30.64207777058652 4.479383758718007 1.999570436721797 
14.04744147129242 32.03689259705926 4.692684470640429 3.911929087928314 
14.8954597555311 31.76238148455527 4.204262975472021 3.713997097514579 
14.95998484824668 31.00259409705202 5.05543807964255 2.797626075113754 
14.87814454835543 30.77544930349438 5.477529305308926 1.713153831057326 
14.79585332520288 31.00210249638875 5.516786544211473 2.816071041756658 
15.15547972840617 31.05828609568608 4.738840208461649 3.193833260997067 
14.66761524121682 31.51774593701901 4.452883912737015 3.163645968777942 
14.18058540757702 31.69344051711765 5.038151022730407 2.439374909624036 
14.25445550343669 32.21979367693902 4.445507296108681 4.263638662604421 
14.49150810872256 31.96359708170295 4.278000194892286 5.039531655229183 
15.08788017723508 32.31404904567163 4.169950842913214 3.817854840484529 
15.13948526999341 32.56676520670248 4.262087015710329 3.227151402919631 
13.87348132449297 32.11258267382973 5.162592989925803 3.472922899741036 
13.96939164804716 32.35030855830184 4.854680021328683 3.735869197150919 
14.15565667019168 31.84697731970557 5.906194629960662 2.641165549358135 
14.38091150719922 32.48745453377104 4.752822465293109 2.398754183707325 
15.29416180054457 33.03873711590293 5.067858905552202 3.16776668333199 
14.06664517914284 32.35755571908635 5.534021042324816 2.613364095748096 
14.63619477367366 32.72715735162216 5.259164030435016 2.240867769006272 
15.60116376501736 30.72636619386869 4.689201192933054 1.405644662254993 
15.33158774841116 31.51484229669411 4.452893061381658 2.785574147842382 
15.69264928091723 31.85901529340349 4.588168121101816 2.439483300952119 
15.7459326679572 30.76660210336789 5.221289062145475 1.700312737056059 
15.43429277853964 30.93058239939883 4.660476707219654 1.895493042516108 
16.17201805321387 31.20458439946368 4.924993783419367 2.471384569465044 
15.92387039816442 31.37160683559476 4.562072166160015 2.868247635577461 
16.43538608099815 31.72116528233177 5.02222714414881 2.496848745420166 
16.64154124792034 31.27738938135261 5.880060116360684 2.71035159064499 
15.42927172571313 32.16952978599938 4.272205837258531 2.64095450386111 
15.92269663395137 31.97585424361642 4.751553473730181 2.429438764684974 
16.17533781576761 32.38471989738004 5.189454018200003 2.616341271545934 
16.64534743723912 32.2984354963746 5.504721721029281 2.954242528658924 
15.69634678424445 32.71138515594662 4.563749743993483 3.283003261866781 
15.48947244142493 32.95491793632314 4.779464356190299 3.792916639083643 
15.94933285176564 33.14152706096858 4.746186392315439 3.614388540483759 
16.31851540531676 32.98882786866691 4.880913892900766 3.061866716605877 
16.71250855981708 31.5617710000214 5.623496188920734 2.393227865163382 
16.70589282355149 32.09998246101613 5.611945399949455 2.65647720751511 
13.78122065814572 33.61645468504479 5.197479265833095 2.591611451961043 
12.9815161327144 34.47011956584557 4.95613597347154 3.154150765498684 
12.81359595903467 34.50790461056313 5.35981235700839 2.854504270851777 
13.63641440952701 33.91242129986719 4.696504793227475 2.986188465053743 
14.37079128943451 34.24207557415448 4.236315976549611 3.584652434851478 
14.70089259921569 34.30897381120457 4.187384124803179 4.384392749045901 
14.97435213254523 34.34057759326111 4.295537447791199 3.953264499955338 
14.05661996305002 33.78488862339623 4.668481861158472 2.982691461657893 
14.10645203628586 33.56262938064314 5.115560520667518 2.827156872408153 
14.52933931961552 33.49532152144725 5.730234604143481 2.659939787956105 
14.59540918258245 33.62849701719239 5.069127173498337 2.511376666658578 
14.79681644037943 34.00650304876339 4.359108285002444 2.98188477610276 
13.44470112450398 34.47345368045895 4.427189845970833 3.878422439348213 
13.91975818696833 34.68934537849666 4.406606325273441 2.782805148961998 
12.7892374606397 34.89682450839798 4.752364123196424 3.815058385199677 
13.19199137493784 34.8890707591239 4.535981796289681 4.137338792257623 
13.43240650934795 34.85596684936035 4.485019704823665 2.78362166964709 
12.74065259859825 35.1359502429988 4.678958255400679 3.637251529463413 
13.60687188262377 35.42117443377548 4.816581941612734 2.952614199955178 
13.99705155856801 35.31298472958775 4.929560412033423 2.731822703836983 
13.71142137117999 36.04487192885026 4.990420111549899 3.400158510337633 
14.6206883130308 34.71815874519158 4.333943241747097 2.663173906524108 
14.22142108084663 35.03517698421332 4.672009775762639 2.299453589183329 
15.09277699347994 34.75536770695869 5.248640488038997 1.928617555317615 
14.40794192239048 35.26903829810681 5.167978314968892 2.422898403262607 
14.68426171477842 34.99005552800485 4.856801843917744 2.089201049511232 
14.65702721008585 35.15237231434423 5.571198473108101 2.398017573453146 
14.55126296125425 35.37616899752154 5.60062036423934 2.935885873287106 
15.43540343013938 33.28038852719964 5.46350460259027 3.102498507043791 
15.29950382479904 33.68030545664599 4.904047762538214 2.51967321347415 
15.25675511356567 33.49420701359943 5.281326288563801 1.75264741010109 
15.58447451351891 33.42480033235415 5.312143312230011 3.560408429706825 
16.23131508429858 33.24346352583854 4.942221646153018 3.298919985414742 
15.92486570875476 33.57931923317571 5.323354984701448 3.645273307335771 
16.18455904556257 33.58464418112683 5.369541839963326 3.415309937835701 
15.40738938691793 33.98681149453129 4.725709655762394 3.295480148711775 
15.03338428361997 34.5969346627466 4.614538818701393 2.208926750176431 
15.63021325266274 34.14200808195907 5.146646949236603 2.287325439654779 
16.08147627902949 33.86252473629897 5.373142484918709 2.947752162480512 
16.10851977006332 34.11226012610618 5.658591441483968 3.063448533340861 
16.77138080218235 32.96061805431279 5.319582505809823 3.346936933958744 
15.44777214733523 34.39249510792423 5.373737345014865 2.058975031467895 
14.8144603260005 31.20915720448355 6.669134424522244 2.649307192876861 
15.24420242623047 30.79200397939292 6.351860903443807 2.739700438035158 
14.43661541093416 31.35613782840175 5.759767524642003 3.288624038638034 
14.57700816304852 31.25018335206671 6.425108475964625 3.066884272073011 
14.4414285548676 31.83963979233966 6.287034508095029 2.522114784486334 
14.66280116255516 31.51634182200938 6.707004709592522 2.469020450101283 
15.15178114123675 31.66985409378258 6.893755335331274 2.339567396110098 
14.23456883301692 32.22528705541333 5.881104825788636 2.401863314165439 
15.01099633318062 31.96888290032896 6.660367401849286 2.398272262339361 
15.39313542893495 32.09341023882137 7.074088868342942 2.708685560609737 
15.05896085047937 32.73259122138315 6.060104097691186 2.477022967510806 
15.27894939311512 33.15133538957275 5.923466209581728 2.955000653259887 
15.21439829994948 33.03202529254938 5.674655222495867 2.844129028339779 
13.17780734385515 30.8358074791358 8.729910367932417 1.387009447316956 
13.28392162108476 31.10927998676069 8.58372318840993 2.927167850173106 
12.59111928780129 30.84755797587125 8.523693703584847 2.691257095627748 
13.11307853831185 31.44548668222345 9.033513261258506 1.310774486429466 
13.70342647334631 31.46784285845135 8.591930932305271 2.714955660856788 
13.15891450360631 30.63048319077603 9.238427764607803 1.102677069609513 
13.79988249765479 30.8902011714719 9.364702944955349 1.393185089336697 
13.28125818866028 30.59091673849416 10.29352678186377 1.194401540587393 
12.72079559228057 31.4105321419331 9.539004690146408 1.473526114532568 
12.58018198669471 31.3700550626026 10.14864281675841 1.631671418539923 
13.01845636445818 31.65700536308812 10.22044884966792 1.602073209625601 
14.21910107331549 31.61691967734803 8.300425418440614 3.180326554086008 
14.51277439013863 31.60141190682337 8.315870904565413 2.787070931682933 
14.26836946994353 31.15584987792684 9.142731683170348 1.458728239466652 
13.90528188704558 31.21061769587579 8.641828426826107 1.834288823886155 
14.59709254953546 31.35483342194627 8.903774615788066 1.456491566995268 
14.82640765692351 31.66927499011602 8.674065299047138 1.833184215852697 
15.10183580185415 31.6252246721811 9.202553719225133 1.780426939567263 
15.06560972696892 31.47322512904052 9.758492395688194 1.889231957804853 
15.01724500815484 31.19238172731976 10.62660588344086 1.795668522423284 
13.62444553181661 31.97245176085548 9.76985286599451 1.811875382305018 
13.68992102329546 32.0201727630109 10.42035037872928 2.093124651669029 
13.91645857642435 32.24944772610012 10.07737029004324 2.545383472576773 
13.87598787504092 31.95759469376059 9.172137568838513 1.599443439303691 
14.74313652161332 31.98568672788695 8.610704140299935 2.822878385977688 
14.59860224909303 32.15368810985863 8.771097854133451 2.443125782311938 
14.1899081455617 32.10195353612361 9.034091313104421 2.030784065731794 
14.40152131144464 32.34729096547989 9.01748882571728 2.878955838218261 
15.0992899434967 32.13291744135647 8.513322571605118 3.30697782543028 
14.97560035702173 32.79102132009479 8.684088172600539 3.665152973561362 
14.78872768011342 33.01152767609955 9.01610842245087 3.793844009879308 
14.10472557894654 32.50480086493264 9.99489918606792 3.042613015422432 
14.12334625985799 32.34801704419163 9.5946056324384 2.844903954621088 
14.37152932348269 32.87477902617751 9.649224583724136 3.898071799613945 
15.43599766550865 30.38176627259204 5.736522728831838 1.673024656739997 
15.73767725032693 30.69831785866787 5.945545753623721 2.319600648004666 
15.33687387671408 31.31672902491129 6.822430956537046 2.471078246146547 
15.83615531037683 30.95365780789509 6.808910144059853 2.976030414994995 
15.73184235816808 30.83193627279394 6.502011877538116 2.627534878829891 
16.39127793041728 31.05318998339955 6.086841078133117 2.902589860406948 
16.38353216741555 30.83354896363683 6.726913096091257 4.51517457007418 
15.85443901167962 30.38052591597895 7.620605557936909 4.079422580511903 
15.73926517048216 30.67124519389069 7.955888118176897 4.171037225871913 
15.91339513151694 30.74171573361111 7.362878731971598 4.024206111939776 
16.39282991830516 30.54032876947117 7.038574020686319 4.006587706010464 
15.61734555373344 31.49696434109871 7.086893320855109 2.546445051916663 
15.77618759533264 31.53478712846132 7.410377957742912 3.327312776213532 
16.91487269211509 31.12969286266849 6.240895868018345 5.051185464635779 
16.68611101388456 30.68352938000833 6.499883152486343 3.669624679315802 
17.489214247968 30.80690345403838 5.721598688429813 5.789523833108376 
17.64379392140586 31.49525732863285 6.197639214395605 5.155446857731107 
16.82243103917173 31.43680697812973 6.101893719290513 2.51105231226849 
17.01060705109711 31.97008528816029 6.447931581557116 3.259295681101946 
17.19185210600712 31.52294113188515 6.318537751007075 5.367341864106265 
17.56444898209994 32.02662969900055 6.342158515054279 4.639760669025719 
15.20873439237384 32.64373394672414 6.354094794823453 2.551454411442165 
15.30670057286851 32.95968107439938 6.42840197229815 2.706264479451633 
15.473853119405 32.33323473906201 7.090957977080815 3.084121771614974 
15.53366167351333 32.09804701656379 7.383861599361377 3.309633310519061 
15.5636459133831 33.12403534892238 7.642192876446583 3.638319870455149 
15.51366110452208 32.92446899346935 7.018644605990312 2.796225183790298 
15.51154253769855 33.17080061261954 7.930330590747166 4.563140498881523 
17.17294941630228 32.06524392080946 6.527246373000033 4.194173139707914 
17.65052538842889 32.74781574144221 6.121951482276951 4.327449395571904 
16.90353788106095 32.31201646439607 5.889847872106523 2.792699084801654 
17.30509555275063 33.03453281422825 5.965055049316624 3.901166587174203 
15.65438468524645 30.89882266508723 8.488152706049082 4.469378516813919 
15.56949567125992 30.9056609967338 9.038225781367357 4.324114057124746 
15.60775134885809 31.32196263604107 8.948264821846198 3.94156397368144 
15.77422475068621 31.68040629963952 7.959624896076716 3.909053541806713 
15.36021228553658 31.63416121463949 9.168222679588666 2.590664410905461 
15.58575159677402 30.92468865067521 9.722686148297727 4.206171998257219 
15.56358691081234 31.32846042085021 9.694375201619335 3.218855880596763 
15.6455978820626 31.04224788514619 10.02652307729109 3.763380924224265 
15.46515517907771 31.28705460772288 10.32759650335544 2.562832837209925 
15.22710241229726 31.9293800745581 8.594148377569965 2.460248948468134 
15.55187857842063 31.69398184035142 8.687109372729905 3.442933539512325 
15.5458853124478 32.18731447202068 7.873845674501347 3.833657845342344 
15.36972064801745 32.14715208947727 8.262652367712265 3.404814829677335 
15.34367076327188 32.99615439841564 8.245974515700977 4.446906884047195 
16.98939175963982 32.81183504209773 10.32934618254529 5.056920574792798 
17.60854947361911 33.22699297394654 10.14955754038622 3.641873630746801 
13.53480910526755 33.78880388906708 5.172025989624018 2.7667456111311 
13.68295279553476 33.54265329853531 6.498873967397207 2.265518497754414 
13.96581576667842 33.48698382893465 5.715910667023261 2.779456082312606 
13.60805257963624 33.52500138239637 7.049559192087491 2.148929998647418 
13.11861977656494 34.11867007246022 6.009012040915193 2.735394700098766 
13.26752978022221 33.97418012183908 6.790519159240572 2.53275045304369 
13.47271831158221 33.84872167159858 7.117946002860029 2.725699310945146 
12.94454984622689 34.23963981628116 7.203458131001829 3.056627051120515 
12.68070158618812 34.35903242408369 7.883915603488592 3.261190992604355 
13.24981523338434 34.2618172213237 7.24417311237798 2.549513817362239 
13.88787925364326 33.68492723617795 7.47886171602771 2.117660227437241 
13.62742893676025 34.10395032506699 7.037737942273862 1.567076129059714 
14.39934107026234 33.28062210579403 6.750980633604103 1.931665216213489 
14.2914030789579 33.39849330783825 6.181911931615489 2.791724792240146 
15.22037052998405 33.38456809135287 5.831013734688554 1.501682349966003 
14.94790570479033 33.39794003079665 6.3190883647114 1.844064123470687 
15.23176227776334 33.21756112035393 6.4041786700633 1.974981997130058 
14.70329299763267 33.54322183375316 5.460879831068877 2.30151814688044 
15.06397753960421 33.24220522229591 6.91764973806672 1.675234999748888 
14.72391024619706 34.39352926101632 6.756254328288899 1.864122871020939 
15.25438168316514 34.20805335594614 6.88474675201203 2.207317681935521 
13.92242506109629 33.36813017149037 7.047044564733978 1.91638572712742 
13.85877687200674 33.51970155692961 7.471995044202506 2.663690865542549 
14.47950695595934 33.32115634914881 7.266691076046741 2.387704005401929 
15.29172041513664 33.40729965926619 7.304366215330172 2.282114255066588 
14.4012944732197 33.55750436979263 7.436916067569656 3.028355150460797 
14.58103450497033 34.0035535272579 7.130793282400278 1.463078030589315 
12.8445530656527 34.31263056552308 6.590064258845511 2.876129262847911 
13.03586093974173 34.32335498286292 7.400621862133664 3.380936568428012 
13.52633982976684 34.65673648489246 7.067899121705585 2.570247090908808 
12.95113686239644 34.57191988431242 7.768656143773765 3.217210955111213 
14.12606185717024 34.66437049253857 6.932978037549149 2.50546554865501 
12.85652498069334 34.9464481620024 7.97499193527215 2.687485528187224 
12.46379704669633 35.39299947370819 7.979938483498317 2.449614304403482 
13.28301891798163 35.29931620076275 7.707478048505462 2.86310550179752 
13.45687826307659 35.73043896760193 7.717126289726787 2.880790909549674 
13.40878808338887 35.22560031826681 7.60459247608533 2.945663016958505 
13.58348649591433 35.15759025987762 7.376104609202791 2.909759055451033 
14.8002397359339 34.93515702756527 6.157501591820535 2.290677784680824 
14.87651210901326 34.72502346126581 6.500760763048727 1.867486075669646 
14.59355316250734 35.34331209251668 6.044929968908002 2.993615832259238 
14.65403240777594 35.82955030737089 6.111252130856641 3.288277555205539 
14.0851065099222 34.31238433722279 6.948983658325982 1.889753424591191 
13.94016491633806 34.96434490369699 7.091044228396949 2.748325847008715 
14.57861788578278 34.72723115131239 6.706754154029625 2.446613155476371 
14.09965423304487 35.30736415482229 7.200707892717049 2.877154984943161 
14.61785630925471 35.04479248869616 6.866410735031317 2.961658421546133 
14.55006936281908 35.48575306688674 6.949516390739578 3.161856180024046 
14.13765496836344 35.57151213868703 7.45776300181908 2.995242726673197 
14.23208758450722 32.97788877474633 10.49313975458481 3.747136158112482 
14.57827647637399 33.25752020946996 10.00448397759489 4.071963863829666 
14.77699591709155 33.2041477686911 9.330183426842378 3.698555123885654 
15.10654361048884 33.4723428612564 9.538074749760417 4.045397538623575 
15.71002256478692 34.29541121847902 5.94970277693525 2.306979102789867 
15.5541105888171 34.1958646524013 6.641275626408224 2.50579297652321 
16.36845296767522 33.55664987615766 5.520621387504761 2.965316065397971 
16.42293582699106 33.90733607580372 6.008811653803457 3.14671827582967 
16.29899511770903 34.15085218492241 6.396807488646184 3.64435986964088 
16.23825600063186 34.08231530107713 7.183402207398923 3.886710995120694 
15.69333400947174 33.46664647205456 7.532940527039306 4.113530401410713 
15.38055492346037 33.70947058696034 7.238816613183849 2.429445116539739 
15.53531658986044 33.94775342976699 7.062042935538939 2.702451522505868 
16.43937985563064 34.0228627444158 7.22386504340966 4.75953534044217 
16.17453985006185 33.96540397269543 7.338914962295186 4.25684135841189 
16.18201807865309 33.75427942123717 7.90849223544502 5.024551932708306 
16.63088327368458 33.23048461395175 5.364490579450386 3.39465022286528 
16.6229356296172 33.56131901422712 6.04241187066652 3.699454628479771 
16.64228168708017 33.85712470989528 6.84981259470922 4.848160106294813 
17.06684805455308 33.4726438607021 6.239369671283429 5.000834107016431 
17.75125483283975 33.09241242354913 6.048090189115625 4.26234124504407 
17.22865615778447 33.23794483326831 5.996140507799135 4.606935512992322 
17.6625729370291 33.62443953619302 6.149889569152399 5.222620385550215 
16.53533458456605 33.89796190110462 6.575674504247819 3.446405340387656 
17.0233237463245 34.46176077953311 6.648431781069164 4.897246830120338 
16.98548349745987 33.66196766271471 6.534440169396334 6.001944199342148 
17.32741445104618 34.19680939434075 6.499355352143274 5.277062747435195 
16.9059141052224 33.93806394037043 6.773431443244856 4.312398778155909 
16.65890044781768 34.03587472663475 7.112029747775831 5.080110991640652 
16.59398740538494 34.24260544795904 7.547158736114731 3.858316155336496 
15.45280268391252 34.36617675093468 6.142759493801714 1.811829075234797 
17.85854989367641 34.54619248725798 6.603379199347566 4.676083443150588 
17.23145515759619 34.74413336410426 6.61850583342543 5.180531766487206 
17.60710797922158 35.33539608950779 6.853043733337064 5.136809696256933 
16.67599919008345 34.75740514521074 7.879933780547645 3.188610806989132 
17.29129523589021 35.51065826921644 7.065421582126014 5.439105529036397 
16.77251550122276 34.64298499857839 7.149825659070552 3.572801922845713 
17.21595513477903 35.61547720206547 7.247482448534051 3.408586602016399 
16.83712783232346 35.12296970144757 7.914848246881433 2.980599242657775 
16.81447302586164 35.37077026699821 8.177201386102835 2.926580815853711 
16.98519666246323 35.49615679170416 7.604166680527776 2.554764547368805 
16.96196250136588 35.70966167662597 7.467943513671173 3.183090840299954 
15.10528694337313 33.24154336725592 8.856148888380623 4.463847075806456 
15.47926153967773 33.25459480047935 8.338349194132533 4.953357066127438 
16.03077105031047 33.6260384435355 8.35964593487595 5.395253553131255 
15.65711548370065 33.47279347460803 8.62504580118328 5.578284911860862 
15.58522427424452 33.62666873848446 9.560898484055468 4.698899715262939 
15.14935799205559 33.52492391126721 10.20593781308514 4.718549485325752 
15.81757403295434 33.62878297850925 9.955640500094127 4.411212328848421 
16.03087823383484 33.70169659850711 9.093348898371012 5.133385841640148 
16.55349315318742 33.19200717283329 10.22710577982089 4.667330177487571 
16.61336580384931 34.165534287398 8.070647521777554 3.499944099707704 
16.58418227723362 33.74370501996007 8.954097970005686 5.058153654211338 
16.4293401229785 33.86475148868864 8.357282263667193 4.952563289180375 
16.86388257606085 33.9132572636172 8.93167576524621 3.441651284443992 
16.90340495506793 34.25082584295037 8.807173351265185 2.966343631580088 
16.97337847103993 33.15645055479431 9.861813013749989 5.40907395970828 
16.81112065994953 33.50422544551726 9.300649865935133 5.071785554130827 
17.1519088906088 33.57177514538129 9.367669155741352 3.673628396803053 
17.27903477165043 33.22477787890892 9.879798512410291 4.381522530286361 
17.34873650004739 33.89200403838115 9.588416997836537 2.774674979761556 
17.5135318767573 33.59191571383764 9.976701765778554 2.825396179247051 
17.68923367453162 33.9165319705325 10.23190550805472 2.926553564347785 
17.45765390254678 34.32396469017926 9.981622827629973 3.014518556899048 
16.85976821316925 34.82355045024541 8.458919138604085 2.65868498929224 
16.85652029056403 35.08192053981641 8.535580051120254 2.806911462287232 
17.08729528683628 34.89695725124312 9.175360704740882 2.939356034974111 
16.53881618605623 35.64132661565709 8.336380332347575 2.97332534445934 
16.49447125466277 35.53130341531941 8.919405240526897 3.199718356885953 
17.16587251346195 34.55740833536171 9.340519637221435 2.909096823367165 
17.23739758835579 34.80986271363433 9.866846250466415 3.175844808303069 
16.73802262430907 35.29751996640685 9.324193202474262 3.21446797834551 
17.16159196228949 35.09535470743786 10.03367968370641 3.254207845435317 
17.0011334776404 35.20522951962028 9.774952157858403 3.282101298490176 
16.74255479156998 35.57696315239979 9.704237853793746 3.460579811643186 
17.08547743230186 35.48946338389687 10.03762415270232 3.237032225252676 
16.94030609110791 35.68094067783486 10.37982552396988 3.587859097015013 
13.1491073363639 36.03075777101696 4.691063216680179 3.192213742930576 
13.93061374622681 35.83312398523113 5.189834706752679 3.097784201417042 
12.98455560953201 36.48057381767824 5.125068170407878 3.687170551161671 
13.63111756106954 36.3992754124497 5.00600535610562 3.275905781311977 
13.34192317444106 36.98253227288586 5.397279557506228 3.276281360337265 
14.43873980325949 35.97789402369516 5.473342813610953 3.2067703499647 
14.43029965866604 36.45872923931543 5.183165319039619 3.771932979520216 
14.63351038554858 36.04970141098035 5.684079263384104 3.30735627303514 
14.97521214080966 36.28351758940972 5.723867769921662 3.663231025248649 
13.96863929856476 36.63856070664465 5.132632253004023 3.242550142956446 
14.41540421567228 36.7590199463792 5.182206517228066 3.496288709739815 
14.79555896823168 36.42536462190562 5.437697889222709 3.889160352277429 
15.40025440044655 36.55041341377312 5.636106311049458 3.368192903682896 
14.97540499612228 36.76375755253856 5.404657499198295 3.550432329552308 
13.18035073892714 37.35446324007435 5.784137949851619 3.177500593411281 
13.60609874131893 37.3131192532306 5.588514181687787 3.296709744855121 
14.03269251488748 37.1193489885093 5.688854792503834 2.868067734658638 
12.67076576368866 36.8346070881335 5.674226227301619 3.595578034844067 
12.97027273554571 36.22921302362923 7.531515504809168 2.885248272406258 
13.4168915927678 35.94742857011391 7.683147021884903 2.894557222911928 
13.78064529135348 35.72380511949277 7.593109325332209 2.884884167699255 
12.49592465878016 36.65551069912411 6.928244976368431 2.870773214991374 
12.88281026725712 37.07650123676669 7.015232214084825 3.02079910697168 
12.98064811294298 36.79800648204262 7.374592937473429 2.927327671034931 
13.36304781649462 36.98193766355479 7.602469229158673 2.482770166681732 
13.70655768239749 36.50009901014405 7.605387293458498 2.639791909540605 
14.08794669470047 37.13672716029871 7.980338376891522 2.712844796089456 
14.84626466962865 36.02789094172316 6.12098394520874 2.923069264661464 
15.19598622732671 36.10113487033847 6.244483061441398 3.22184801398808 
14.51191768435574 35.76301725409413 7.58288150931981 2.991187579652205 
14.0495485913127 36.09636710072296 7.676338857231893 2.723023745799367 
14.72043565859858 35.76188973272279 7.038179282685157 3.018459575432814 
14.91651587290616 35.83143630835925 7.571604806057334 3.348158948856081 
15.22091558358808 35.88303602205155 7.945994884184552 3.108475602377496 
14.57687534014697 36.81901600061845 7.70922104675445 2.468460667287815 
14.46022512299749 36.63010887288879 7.648847996026349 2.446584059883577 
13.0724363747483 37.77964576582308 6.079451516592435 2.989011557148899 
12.74642907132469 37.05735845604944 6.160819777316443 3.320924449508439 
12.86235132715109 37.47225246688169 6.486344208656545 3.755979579133452 
12.82111741108091 37.43802688364591 7.159115873440109 3.164731521247106 
12.82406765186978 37.99014095600086 6.151175199385705 3.043283443447933 
13.25062925157608 37.74728075792043 5.994003742978667 3.279979983897263 
12.86693456297254 38.34573260696727 5.995859719992327 2.919962388087299 
13.49215224959132 37.98282475723328 6.271620177256661 2.858905286609641 
13.55907270292682 37.59325170175826 5.78372068357255 3.20221688969248 
13.55478473396691 38.38045912813859 6.071767432067525 2.998570074077264 
13.10227411952571 37.16821152644632 7.653506983592572 2.859135592569501 
12.97524676159025 37.45493504135523 7.75266018915037 2.836497172390565 
12.76460925234642 37.59122715653279 7.955285607347336 2.211293123424142 
14.01273180066445 37.61033110004007 5.745922829924801 3.150754162387827 
14.5473908045441 37.42637876934079 5.93525779735561 3.032053159325173 
15.15285600217418 37.24078062744692 5.673365892432188 3.199900101891643 
15.17819900027396 37.63702654406089 6.01808823918113 3.120265874212265 
14.01383254753237 38.01907937521801 6.032395279673493 3.140844039563447 
14.12664705563475 37.82568648156145 5.926384442462186 3.04639318860167 
14.7255692592921 37.7753139431521 6.089515106904882 3.101771527021029 
14.34096195028758 38.35969120298925 5.920805194028024 3.23374606245531 
14.36047741307085 37.96757460568113 5.978413357858848 2.97712416340579 
15.13365423132846 38.14246127689543 6.047405833089066 3.422986871463891 
15.03699560482283 36.73118203037935 7.94208170766051 2.296054527289982 
13.57016547269615 37.74107096700333 8.691617605484579 2.771133718280893 
13.37983882765257 37.43544131541449 7.992206671852503 2.782342488056869 
14.12921168177403 37.38728337762382 8.293874242790606 2.80613571641176 
13.31777193490514 37.64708029869263 8.57038837772013 2.722785038999334 
12.94457541578524 37.74513209743194 8.628084332148598 2.523757456087935 
13.00645032639437 38.0487203596806 8.702578413509887 2.198220391622499 
12.51221327074279 38.00179368789826 9.119366478697939 1.713180058070549 
13.51958081593803 38.02383798264464 8.749810224986641 3.073253133416728 
14.23535323772761 37.56612784445203 8.454175348652017 2.821981135267521 
15.14845510060797 37.4395688464645 8.404324459644235 2.641466545314572 
14.41877974130744 37.78591301788562 8.568329702975101 2.938677206108437 
14.76115772665398 37.71931872419935 8.585175339393508 2.853700044079133 
15.77710299826492 36.30894721378039 5.930690652373175 3.711322761760044 
15.82981957939598 36.06280415215548 6.340640546537769 3.643198094914538 
15.89559701127512 36.49554316094967 5.953723700945647 3.384437055099056 
15.38491557335133 36.72377950462507 5.684190475721874 3.240205693852602 
15.90469456734068 36.80450923182057 6.142718213046472 3.420376464054087 
16.18344329743641 36.6642077198394 6.30033153578862 3.499871565624261 
16.28038518564422 36.36160067593973 6.257360092351618 3.943956369043832 
16.04021816795301 35.81044228119227 7.058331031693685 3.527498035880456 
15.42250861940631 35.96909184404434 7.367990075174848 3.388690748806084 
15.71248905117407 35.85299734391365 7.94957659153039 3.114339593716679 
16.29667383836264 35.90057066064335 6.741572128621496 3.456279401068855 
16.54789333895732 36.19241634302686 6.462613941006418 3.742632897982759 
16.95482607751806 36.65190044057933 6.722508363608732 3.383265240344215 
17.3002391229199 36.80426734676956 6.933336790777506 3.367947435231017 
16.71794661241616 35.85638541527467 7.265351937414654 3.572340901128911 
17.19276399562809 36.12028489520848 7.071614492519551 3.7785442358377 
16.64535295631531 35.73698374540902 7.79299921501585 3.134175206755998 
17.58873272744838 35.85036521098155 7.205545881477568 3.637776069727863 
15.38256464824938 37.70968784456521 6.086094818405691 3.211988501103278 
15.55656613513687 37.25205747049367 5.844018055449588 3.281942297222514 
15.77995150982181 37.61145534732806 6.243768870235881 3.131731381859865 
16.22627731069281 37.15310207732603 6.231867317507363 3.637323243952693 
15.4395150762669 38.07943675137368 6.118898250641237 3.366806560155837 
16.48759677336061 37.76355431956201 6.541728968539325 3.52592072691337 
15.82533170946952 38.03479505369331 6.279254454493739 3.194738297851785 
15.93742741921974 38.29046850747496 6.551701877482444 3.250065001838863 
16.43498988991 38.38794647646882 6.742547861439705 3.408940256897822 
16.78557469082098 37.03139743254672 6.62629934159189 3.412243221375533 
16.50050733122709 37.40375408951453 6.525745857589562 3.493014021260734 
17.89858948131764 37.30408353565005 7.79006345979311 3.376300943840931 
17.59028862796085 37.0692064375701 7.279922975083879 3.281955820526207 
16.97929483910269 38.01272053561461 6.965845344667546 3.513582146583417 
17.1276361718748 38.27009127360768 7.384943132502762 3.850454608123044 
17.36152347313184 37.98224578363779 7.305045126031827 3.488080064398247 
17.61718250680856 37.68435904432964 7.502378135603007 3.624947372088315 
17.85513153740573 37.82897450561109 8.195290919381323 3.829007877857407 
15.04819546841095 36.00988416678013 8.063738460931171 2.727838246812567 
15.48171026259096 36.62509550970307 8.216927082440048 2.317676650706545 
16.28946459959239 35.76582852564875 8.17046217086879 2.999082320429267 
16.04797898843137 35.99843103197529 8.265557677065543 2.404380287840638 
16.3259105679013 35.90451160742808 8.533228422785706 2.664112751638058 
16.32637016643906 36.59033511529012 8.713780629745482 2.502910054054141 
16.15507076175939 36.726146723259 8.56991176171543 2.216865749038305 
16.46430834972055 36.03380869838689 9.285695299278428 3.272490737332447 
16.50026944238489 36.61180304481397 9.337675472593558 2.863298311324414 
16.5112859136161 35.83922808915655 9.471431901075857 3.321877227723164 
16.31142986477531 36.02891778242839 10.67499729307564 2.65254295063319 
17.32727101571192 36.57725812705129 10.1900025570103 3.879410050314874 
15.4268734072043 37.00505392316315 8.243374920405341 2.359036650558465 
15.53859663019412 37.16919571253503 8.457675717679107 2.382579083099415 
15.55394804706438 37.47940893355864 8.536370175187914 2.450154621855575 
15.36526562783008 37.73439042653629 8.489558504416463 2.628521465303848 
16.10020163826625 37.23093579185503 8.901043862059879 2.231995457291049 
16.28826877413566 37.50426876375658 9.168234363514069 2.783540939622014 
16.12210493695286 37.87548411422221 8.794707235042891 2.425623348956719 
16.39055846555758 37.15330668146793 9.326280609257291 2.633147254760971 
16.42022257579015 37.54279620572616 9.49791846812284 3.007605075233883 
15.98467731209911 37.20644606546146 10.23454981369465 3.213951634022692 
16.28547208996598 37.44523427392704 10.00335083935568 3.249923007150088 
17.66853750784966 37.41556406722156 10.34101673527686 2.878061660986205 
16.68359196720762 37.98514632403769 9.506639242341141 3.088874803065934 
16.6500512943316 38.029450928478 10.03756663821643 2.837413068867946 
17.63371485268518 37.63851062801165 10.67126479676158 2.167160026721021 
12.79879698746959 38.80298259547943 6.02186721390234 2.825041704771465 
13.58699132457936 38.56805655927378 6.055460026174986 2.942815337038454 
13.83710859915973 38.74713762965626 6.269543109186958 3.366751852245443 
13.54123962045443 38.91697305690369 6.548740917920398 3.128483125292547 
14.27247019053662 38.95498057090288 6.63518281325978 3.295742213945459 
12.6862860638545 39.08159445403418 6.55892856217742 2.196226319023424 
13.10518716874415 39.10899240339859 7.147464308211794 2.552667205905166 
12.88977661489815 39.05689308980625 7.872463275067299 2.231258847036869 
13.26364281933105 39.06931719930562 7.869583348829941 3.069381575488293 
13.40607157599868 39.16922590801004 7.394676921465185 3.184682901961978 
13.7514997271972 39.07318070213556 7.005641055972164 3.000762283565294 
13.95223297801813 39.25863158951649 7.074110705814517 2.492192630979005 
13.49623257077694 39.25265469840211 7.299420410557402 2.869294257323872 
14.78260975941664 38.9378732757766 6.501785663903365 3.061479663262304 
15.31157764187562 38.29740098986782 6.163835567898123 3.325962494829653 
14.65273731142346 38.57015579799118 6.035875635010115 3.379458840151756 
15.20749129250232 38.84640234797465 6.635393086616984 2.923360015690861 
14.67024703126283 39.26711204347316 6.620058169842706 3.1106817449663 
15.1450770379702 39.5711806028628 6.584210119098886 3.144041481292646 
13.44849473709388 39.73345805933101 6.866566038593453 2.672192925594544 
12.97771014547136 39.94686762516019 7.389539246950526 3.1139203713022 
13.39175772018814 39.24742857996726 7.7056777995006 2.933976218886841 
13.4225000598636 40.38688859934187 7.671456461095612 3.085675107452786 
13.88477836892255 39.4332390248078 7.068014561732035 2.27181052214533 
13.89465342597928 40.05585735966891 7.086841648208416 2.56394195301128 
13.5721501101937 40.24639348386818 7.262650710827662 3.23020029320675 
13.81411347604905 40.95808283222258 7.159371825831587 3.256936274404623 
13.22720898399343 40.65208781936841 8.052597014518474 2.565126676374192 
13.53313748644025 40.67760654707178 7.388665198631389 2.886694651205772 
14.12642367179879 39.69107182924374 7.089027343714817 2.504295782885578 
14.10529889146687 40.44331140494671 6.957312149268375 2.450590441051858 
14.56091773557308 39.96846676754362 6.926867185440384 2.869301018975719 
13.94040024900266 40.53947760238945 7.013757654754007 3.204532857899153 
14.3795136251626 40.9703557888016 7.263645736817007 2.310242112052123 
15.10145167260778 40.23016645613991 7.067596847799395 2.929020337880488 
15.17621247946609 40.62953685805257 7.245713855021815 3.230611524578137 
14.69392306975596 40.78076705955039 7.381695715992505 2.479842371432227 
12.94186716591824 38.44653257433277 8.57127065731218 2.288033569011787 
13.67792391670042 38.36008891427061 8.53541954668593 2.853925842271096 
13.26514563163743 38.72734375630201 8.447576312443653 3.002805941611243 
13.35222220990964 38.90486040754284 8.324024071940705 3.367566938640749 
13.46815909592121 39.06555428916084 8.335004452123695 2.901162742070269 
13.46651456801833 39.24555409697388 8.641369651972594 2.63587138086092 
13.85142794968155 38.93293106130682 8.535619393734217 2.275377600842134 
14.27233173653434 39.42433152375718 9.047807884275143 2.374093824727765 
13.81657532784404 39.62529310673339 9.205748376352327 2.475761816992176 
14.16140299870876 38.40713291103289 8.476361560684396 2.821958391529492 
14.44893743850583 38.60163791058972 8.524125599593315 2.448699637317347 
15.05726756217127 38.39705607588806 8.682240017568931 2.607668735907993 
14.80525669812991 39.17420998893476 8.945637918633796 2.5729413018218 
13.21972289831243 39.69344808131313 8.299450318294493 2.85061160837364 
12.92728555082956 39.96338109594442 7.758409388312952 2.745643315312549 
13.51120517520669 39.83320544873343 9.044778604649073 2.637558310547334 
13.35810122376961 40.16991008922985 8.628793031674807 2.66866170414238 
12.99676609615608 40.98809353365174 8.546787347356485 2.825497604024747 
13.04409521047417 40.9909814916721 8.881900697972496 3.026430128669972 
13.2891532361574 40.29024481464015 8.089652873741011 2.832994636734114 
13.25660820296375 40.50916392207711 8.61287315861154 2.491027987673093 
13.39255427296844 40.57997077045739 9.290573906569804 2.625399016440582 
13.5653364213164 40.34533382952358 9.48022233716142 2.751066160093387 
13.75983306463533 40.49442744320222 9.703286837471319 2.637409144409631 
13.31947336323559 40.98071689215811 9.312767203279327 3.079567696647132 
14.77268330897467 40.0331121938958 9.079916799569782 2.117618837932 
14.16024250911331 39.62422738801618 9.19661826245019 2.220957572898101 
14.2084425401548 40.07087229858057 9.445570172224123 2.145386483282806 
14.61837856032783 40.2259227082948 9.347357118463957 1.917028698748453 
14.06823883214966 40.55961007706916 9.841105225090862 2.610793233756667 
15.15401134316352 40.41576253507388 9.139551308160405 2.183131458179375 
15.6632232798934 38.47802431520061 6.577471998992169 3.156251590237517 
15.69480842185271 38.96234004075686 6.603188303599199 3.066793297120896 
16.02978118166121 38.8298332756881 6.633609138094509 3.351104365380095 
16.13056399927082 38.50514913211772 6.632930907315641 2.924808443475783 
15.74792040575438 39.19129784675221 6.688324429257451 3.451854821978799 
15.43446007341992 39.51067892140553 6.651750057493028 3.130393804185516 
15.7460173850815 39.50106891198183 7.093351540214855 3.379082646430845 
16.25827057408399 39.0095154669233 7.052847241488501 3.321424811745075 
15.88842711360258 39.4844414228234 7.525336335150698 3.343574139107119 
15.9109590865491 39.37918761097799 8.169234676540858 3.571098806174575 
16.33805426333172 39.03756664526992 8.125465911177155 3.778966736628831 
16.63568664783016 38.52483996687548 6.986127475009123 3.529327370052727 
16.76457009848183 38.65367736282741 7.439809245734819 4.02610019405094 
16.76649937978457 38.70811730345688 7.743851744485234 4.108009205330291 
17.38136306759335 38.29606806097302 7.902323786807105 3.596737350787919 
15.66139569905793 39.87723907143342 7.882369659361168 2.953228280881959 
15.43435844625458 40.06085289736566 7.232889627103217 3.037200415568634 
15.38380543069738 40.46682317678307 7.401269802523485 2.951927175147873 
15.92847169405471 38.20156130418384 8.679608236869646 2.441122079481445 
15.53799933228196 38.73142627237941 8.771523172257281 2.845416200973091 
16.0568684231872 38.97503606830791 8.550536809700025 3.635030839078212 
16.38839527235501 38.58162317688568 8.740096046528047 3.557114070967828 
15.6271540459312 39.29461876721196 8.686027135271415 3.158019249949007 
16.64450951012498 38.75334457046525 8.378504667036239 3.44371010498196 
16.75531946977615 38.45420506976711 9.178968845657977 3.487583800132427 
17.372030247135 38.41987536271327 8.361809463099382 3.705270878458947 
17.01011522555577 38.60108191541431 8.766918547341753 4.159351042495871 
16.82279818201931 38.58414922618892 10.14600141812572 3.118072845130072 
16.90283970030741 38.46043788427673 9.513642580953015 3.465299854429077 
17.30946242878928 38.5180346066889 9.242076914281013 3.795518030957652 
17.58771323374689 38.70264151677317 9.738374340247042 2.270003726812547 
17.61225544448343 38.41980963047703 9.050315340176406 3.880142357699697 
17.8424652912761 38.9568760039331 9.778836982088297 1.493325358080895 
15.65480754884181 39.77422178709599 8.37745098378339 3.071002732743111 
15.55532292578985 39.94605018203595 8.714701594948274 2.771259116187863 
15.35529107594522 39.66858882675714 8.814698215367311 2.698615207126451 
15.53995643237958 40.48416618260383 8.482831977339705 2.791024244129147 
15.49635788477556 40.59035551333747 7.975773207268705 2.758440253678273 
17.31246676847577 40.87117397249929 9.562964020326131 3.521767843288416 
17.23493608358839 40.83580671864144 9.944130933057815 2.984200334512352 
17.65071138572605 40.89577565787274 9.903031652790373 2.818905813068639 
13.14463383699707 41.02711650801437 7.936109642657488 3.224150049093979 
13.2804489180269 41.14234999433137 7.783279473082909 3.044139919348481 
13.67172880508208 41.29540516859717 7.633328636369261 3.274664915748886 
14.48288669153349 41.41924272529422 7.556612999793487 2.57021697082331 
14.80417959468385 41.0959952827559 7.684126806171637 2.387160204674643 
15.08755653716992 41.20564798610881 8.248586253285628 2.064075365945513 
13.01495101670157 41.20926845908005 8.492458248890317 3.23883676670151 
13.22774340685555 41.41301314575237 8.455936755371388 3.207723947773587 
13.18239179374036 41.32322336395712 8.848313048921602 3.185568063658238 
13.47150588194709 41.30668375927836 9.212420603350846 3.068828554326672 
15.14944863865244 41.51898848130897 8.409819819888922 1.575987986193311 
15.23498906751443 41.23319950411848 8.751445104246727 1.453229377327176 
14.36929995516538 41.79164181943736 8.591246468591004 2.975763022399249 
14.23605963675084 41.65518331048266 8.018452678468629 2.596794975246226 
14.76129874725576 41.59716697991254 7.869169500334052 2.534180235061399 
14.79586263370087 41.82622599753323 9.191162021715542 1.867225444725747 
15.08841089124923 41.80074611118945 8.562456643684804 1.740409639853212 
15.130054174082 41.97626127686726 8.742688698789301 2.114189451054614 
14.63280947699847 41.19225634078707 9.975158735006566 2.631919502704491 
15.20446161942352 40.97034488559408 9.34466481441083 1.526499046532194 
14.64952520485675 40.81640747480073 9.854638851220079 1.901928495885585 
14.9856414579764 40.79313103515924 9.520558595085838 1.699505846602385 
15.07514448858633 41.18669410759549 10.02607038764335 2.033014181449872 
14.86072809965115 41.44441010905444 9.979555679861059 2.240792366343257 
15.20370070626182 41.35647408676912 10.23190126077284 2.483860226918793 
13.82374770767779 41.58655627584543 9.100469608572299 2.965176119694604 
14.56708332282594 41.46174452480454 9.823432236512147 2.558123858945237 
15.0384625445252 42.14098910491374 9.252713357695034 2.799040284842363 
14.94559665943518 41.79120336106599 9.611907584506442 1.996389181977321 
15.08047192768401 41.86825078246896 10.0497426412932 3.006438382942562 
15.20483760711144 41.60974692397133 10.30420661476888 2.701728845352463 
12.67374259491591 43.44624969223938 9.85362016934109 1.881546213539409 
12.92477163276117 43.31143035722673 9.901726625239226 0.9729555985298788 
12.87937820829002 43.52281901445412 10.47612122210932 2.403457629711411 
13.28688578606798 43.46228362633438 9.220700633715033 1.021788657961892 
13.22239624886821 43.32400222447092 9.532776271138113 0.8019094725966127 
15.06336558630881 43.11716919926238 8.844924468329953 3.667924021427154 
15.14592983749216 42.64676758497793 8.80718486344553 3.888900950724775 
14.8262451691804 42.5834864575632 9.838155078193376 2.783388290209118 
14.78176610787519 42.92143800698906 9.232157574669866 3.043332823996266 
14.3406634580565 43.11890397916314 9.838845273313158 2.488710380278093 
14.39451956789831 43.68389193977063 9.037955459067488 2.98438925096697 
14.07213657883198 43.43565077084407 9.426286173979259 2.200294784449568 
13.85241322033044 43.35134877211084 9.924517805386769 1.659194210134473 
16.00697353899623 41.51062515681937 8.399998224997777 4.079250055940548 
15.31673344898476 40.76359496356753 8.934609207310981 2.487319938780217 
15.39064859849882 41.49021679081123 8.743922083694587 2.147122793517553 
15.61534467089224 41.30125000785986 9.310019160040742 2.502501691262324 
16.85930165149572 41.02827771567644 9.436762315096463 3.03177613649801 
15.41796670719817 41.78861044492177 8.400337493143075 3.649446271017723 
15.86222175739462 42.03106257267289 8.30743882656833 3.618384062029378 
16.92872768515394 41.93984236352846 8.823916390790597 2.477893376512128 
15.32544563349618 41.18869425544509 9.430885593814635 1.603674081924879 
15.36595553790536 41.49574224807368 10.42782662908545 2.708283139875604 
15.73166285284955 41.31211510046712 10.03090704942325 2.674028816520121 
15.85773692097311 41.39187365307333 10.40149969026184 3.074774709980716 
16.19168102972045 41.19151606123719 9.36705893260284 2.505118245628353 
16.41666150528778 41.1797074894647 8.929734071979057 3.041595694167356 
16.52160452173023 41.3493516586573 8.613581759547976 3.452487958469874 
16.37766237013329 41.6764937210517 8.379529158108655 3.277483090279063 
17.18787587735189 41.59862529788349 8.848900552689571 3.688440102520474 
17.47877827942255 41.95488842321979 8.969779309913367 3.550278245849626 
17.44268202105161 42.35371737035028 9.177612441843305 3.245967440819925 
17.31846814580105 41.12753588892709 9.110263451760018 3.690367787992329 
17.70988427891144 41.47451645464466 9.242654679254048 3.847170904108168 
15.47791393309717 42.37700399039399 8.392666801087952 3.393107746650131 
15.58476526471594 42.74332729367893 8.496338807210117 3.549789357931274 
16.24247184321788 42.43212314087993 8.877251165996817 2.409635525615101 
15.81413530451669 43.16887931783819 8.867622648789432 2.698741834424666 
15.44775387725394 43.37226091158124 8.848522049049407 3.394128960977483 
15.75938714303029 43.59547307682627 8.924564506964421 2.801537588257645 
16.28840326704315 42.84585184109516 9.025370693273391 2.871975764527335 
16.46325202518162 43.20985661817033 9.195220379584331 2.932618356256953 
16.69999719171257 42.38356903434749 8.969356953752399 2.873908982259792 
16.83687343744222 42.83982073596933 9.031835033089655 2.931824374411349 
17.01554099441198 43.30282757648453 9.545627677094327 3.019169958673771 
17.41408703123995 43.19586649139362 9.553319238127647 3.243524640416496 
17.75365737293128 43.614125432559 9.588663286067149 3.47444857427584 
13.07974823809874 43.62801156321877 9.0836707840675 3.105783235551371 
12.74394277655184 43.55932951462471 9.33309730649893 3.973297020492367 
12.60099795724323 43.71327401733751 9.866583697986421 2.351600882512798 
13.34712205357231 43.89984627386169 9.278253921658578 1.027979360024382 
12.939110339657 43.89413716174323 9.401422070218532 1.337426664124152 
12.80714069593792 43.85457279018144 10.11478606391553 1.592749403975724 
13.78412546058366 43.72778647949381 9.128136971180592 2.476783441116609 
13.73699212863089 44.137347978297 9.908762005719419 1.797340699414761 
13.83483360800293 44.25095510885475 10.22061788951536 2.863959109118497 
14.75777847341405 44.1967206105215 9.043518437382907 3.171875718669213 
14.08168823160628 44.12686249817309 9.511169721760433 3.195157110469182 
14.35558656046544 44.09892460624049 9.213098508713784 3.521905125310752 
15.01779983713343 44.42147902894308 9.229277933387623 2.322080739942521 
14.89018568240772 44.67594228861648 9.142546376315179 2.059769423110581 
15.33499036710141 44.61310078397791 10.17548345900477 2.070365751148103 
14.67602479104592 44.84046313119747 9.004712729871439 3.230258074595255 
14.80421805023956 45.29969256423608 9.167922863316205 2.879848990957612 
14.04132788940506 44.99892915955671 9.832467983688662 2.164284685497961 
14.4078126973889 45.01983452908266 9.204697529480068 3.089045893347503 
13.85869687434954 44.76789630812699 10.46914229322798 2.624310390493306 
15.12832548042629 45.53253798713205 9.630330986268435 1.617058976653432 
15.12063940472221 44.86173834787004 9.795001389931631 1.514940412497801 
14.18781367072784 45.65892722362638 10.47494988031251 2.556909220395369 
14.46555870064902 45.6894692664109 9.858795265406554 2.306325066647631 
14.77600361482636 45.64556497855367 9.469436438465825 2.982683265716261 
14.74638967870998 46.06654598258149 10.30598716385544 1.948591679770516 
15.08120776982872 45.87253591701238 9.676601102779248 2.521931195393776 
15.61242311161369 43.86719323476247 8.968409124613572 3.000544886213504 
15.8475564554239 44.12263661895747 9.438512727888249 2.811465332356534 
16.62105594359777 43.74071741175313 9.20322751729293 3.296677985581297 
16.53458863579066 43.99385190955567 9.444050396717834 3.136770246775242 
15.44063391006232 44.21720403275809 9.30389608284456 2.742282364547791 
15.46575025423394 44.32985680387828 9.57628030746838 2.546151637206236 
15.52052969424212 44.45925290348328 10.1014984117938 2.466824347540978 
17.09793694259726 43.75197369890977 9.57965485505378 3.186075802242343 
17.28833877015046 43.6306685549612 9.615745456240704 3.183209271656537 
17.07235901429204 44.10494607750897 10.3375448312514 3.294471638093952 
16.05552185047657 44.25374933944915 10.45445473492235 2.921158380869954 
17.45291224411579 43.8223767637993 9.797249304134352 3.335277592291547 
17.44845002403214 44.04479134292443 10.16478782978363 3.123827830445549 
15.95040104877113 44.28526406542308 10.01250662411297 3.109522633920989 
15.38455020450511 45.56930777220946 10.19616559656643 0.9425684277842024 
15.2813463032753 45.81673880467868 9.750274515861658 1.766043471800117 
15.47310101276498 46.05422306963577 9.843651660037802 1.868971590090453 
15.99230951680308 46.07705459846742 9.881229109295983 2.090308526124261 
16.06813251344167 45.91631677096886 9.969066360015663 1.537603420501632 
12.62015000805411 8.604802856476139 10.47037647903391 2.608413747002345 
12.36402201061354 9.269026288758985 10.46529609487255 2.835997834646633 
12.37929933339961 12.28389592163379 11.36770660942714 3.092635101086714 
12.50275030833404 11.98341064470664 12.42150688176093 3.49050852190382 
11.28772027558705 13.39813097257014 11.81119150259441 3.41441432631386 
11.77406028027476 13.01940291090705 11.11038145818308 3.087413876470023 
12.67674173033975 12.34509975331106 10.63813375272457 3.300538274089988 
12.06572366244872 12.89972302626723 10.63069770133579 3.274853217507882 
11.21893866049896 13.71899931636325 10.82202327240778 3.254637312776836 
11.93895666102677 12.63654310020375 12.02611287443614 3.646316650705529 
11.97936412584781 12.63091347063989 11.56538458629305 3.376791470947609 
11.65923409571868 13.02234028057936 11.81346794484969 3.533018412366715 
11.84586022669004 12.99999405971539 12.01796744241699 3.962541076491561 
12.2510599213867 12.27826387462933 12.03178565454993 3.544705415336921 
12.08491934718369 12.63853338006743 12.2982250528468 3.818278160869824 
12.68830627423662 12.5061088126317 12.307108773916 2.925760811893426 
12.556738931881 13.64727933425457 12.43733670200634 3.164070518554482 
11.03641108843683 13.930588616915 11.28668847021111 3.681661648993696 
10.92303848539564 14.45074816558935 11.15303942557651 4.122144745863068 
10.9751489659458 14.45095111251451 10.64347217466194 3.79161881172621 
11.06072109882268 14.92687291449958 10.76115308244901 3.575866385421932 
10.98807952479328 14.46432523671095 11.47335866771463 4.240636342617023 
11.23102457953828 13.85233501484284 11.82840121280202 4.374285513825271 
11.20849817221248 14.30590607123526 11.77386219574458 4.067497075640205 
11.24922791975682 14.95849629263132 11.57650630327386 3.35636513541516 
11.58793665850114 13.31371138835453 12.01417908453299 3.905694844925904 
11.8226763314589 13.81698713221963 11.99474816418492 3.287704863784001 
12.10399243335404 14.21851872153327 12.3565964041892 2.850582717679387 
12.54412807010698 13.92887926500055 12.32687009305428 2.362345761992401 
11.48365131339365 14.67557763980255 11.83297959155815 2.870007918941482 
11.7753494823598 14.42389373532269 12.1125969903836 3.217302544758951 
12.57283805311066 14.79648110768746 11.86801138027522 2.525822423582127 
12.02481610754145 14.75269879108505 11.93906878148085 2.731807951142045 
12.54947041399249 14.34050047198563 12.00057673232343 2.313425620680547 
11.06840441861738 14.9965660964188 11.14188960149663 3.972309409525707 
11.3983780434054 15.37357199445384 11.24493300267565 3.488084162369063 
11.54739028054627 15.27341111602184 11.49130819826847 2.826522096728752 
11.48748638397443 15.6478050242353 10.80523441464594 3.572687999257028 
11.71313274278012 15.59307054215089 11.2774600028154 3.218896655406382 
11.99738776004353 15.9758685613167 10.9081235020807 3.078073986284693 
12.58999132795869 15.5444593820896 11.33175069652545 2.712301610057793 
11.922255550707 15.20817774317483 11.46560856738799 2.538429830797611 
12.57984098712375 15.20422321584331 11.57463265829959 2.713182468884696 
11.52985693321206 17.49569123345236 10.32459965070542 0.9431506469878883 
11.89676377816868 17.39961168775357 10.59891646602434 0.9501316427222477 
12.08166557288399 17.49857574295147 10.75449809642077 1.933866851034395 
12.41516092807352 17.42273981482195 10.58718966699645 1.764985580633962 
10.64720774970276 17.98519752920096 10.69765315848656 1.920357070645224 
10.96372404021577 17.76441810123792 10.72213031098575 1.198910640325529 
11.51697548177355 17.44183559467789 10.98247455420885 2.314795162527261 
11.03752936397483 17.99993043877534 10.78125763568625 1.146520029978859 
10.41762221508384 18.29466457397346 10.6396545505534 1.834321607652683 
11.47288226248937 18.06023687432475 10.56138711313302 0.764532649153228 
11.52678409634305 17.72279817132992 11.00819464465412 1.234001154626021 
12.07683944427049 17.88115122486278 10.5200585952931 1.136808761188327 
12.69344106202408 17.74478761574635 10.50851008836566 1.804042930684361 
12.21087342211114 18.32827725242018 10.50643119438677 1.314519724407496 
12.69446187327543 18.46673135198965 10.36438400396641 1.458093976033602 
11.19857468648076 20.80280718968884 10.85772045848319 3.105231033983912 
10.65720471219578 21.04296012128495 10.60844478215473 3.27299294365595 
11.7777710235856 20.43802981001969 10.5750542490077 4.24741725492629 
11.10009923321481 20.54273930287306 10.65945076220507 4.88565899804388 
11.70491182572814 20.61168056427744 10.94548201000219 4.421376525863394 
12.10909331097516 20.60579666886755 10.94594094720702 1.749793173427733 
12.18369079957165 20.3405272658081 10.60362838520416 3.237256179357772 
12.50070285039691 20.36272609492429 10.82271933751528 4.766742851513385 
12.17358487298586 20.35154780919398 10.96512374275383 4.58816065969873 
11.78595558731603 21.14801051450127 10.81519233327115 2.007119513660527 
10.63474841255158 21.59178893340142 10.2932421932542 3.863424685755746 
11.12657406594247 21.43507348067677 10.55387248696695 2.845609420297066 
11.6205019045463 21.56063647371417 10.80595307558988 3.923082535098274 
10.95875729471509 22.15035139088336 10.67982133680727 4.414134182040243 
11.18509969598119 21.94445438520571 10.87566035075097 4.046942473621215 
10.50048719762066 22.40216915198526 10.64949903750478 6.634489353228389 
10.91852906046524 22.50204292626895 11.18978367100848 4.371627569954001 
11.17953138349748 22.71228869513108 11.27746134982231 4.343433530739787 
11.72386399829212 22.04100451793006 10.99952694932377 3.442572508283433 
12.39458804503773 21.44324901079865 10.69465240562308 2.649978645395066 
11.26087111282049 22.36078465705123 10.87643536488802 3.802814058198493 
11.54995498107002 22.73967499944896 11.44124001458785 4.76812550686671 
11.93810406249507 22.44637361506738 10.92149052142583 3.918726392120846 
12.195044241635 22.03500500489847 10.88931245418323 3.338340620577981 
12.3221275808161 22.52706748401881 11.02858501082276 4.215291622511188 
10.77088540084026 23.47075856347946 10.33059982725582 3.805042534728244 
11.20120107506358 23.72780513659597 10.55804632887118 4.441690167198402 
10.77025940846789 22.76714308200361 11.06841243900469 4.581012159407265 
11.41099071707844 23.1344131302693 11.35517456662084 5.018252531969921 
11.02373716785607 24.0113301947198 10.36488698599415 4.971883172592499 
11.95219921457271 22.84688853109483 11.50356336214953 4.404751468059885 
12.22595868663806 22.97193334920051 11.5985320444817 4.561077170575658 
11.55089541413067 23.52112756585604 11.06708927155552 4.762912478191652 
11.99400930025107 23.42406056241453 11.36465298834769 4.430720309121 
10.89642575342088 24.54992418445824 10.5974759739525 3.281915045716588 
10.95285236045219 24.57645004301904 10.96298332669045 4.863004595778762 
10.91133842639537 24.89008432738285 10.86488627343874 5.602669887201586 
11.13084070238185 24.83804205644044 11.0144311610658 3.355446370358209 
11.45952520186315 24.26676585090777 10.82824485766693 4.633702638768398 
11.99838291571343 24.18316619413279 11.11009784063945 4.592572125282175 
11.6738361088622 24.20757769483471 10.96153960819094 4.913689938019616 
11.6165278649906 24.57543153141215 10.9094399964181 3.18722897122997 
12.00630890428196 24.46710955525015 10.94334530484496 3.63516607211514 
12.43638830196617 24.47676323828767 10.78482017147475 3.715411307243187 
11.62848962807639 24.74974192466557 10.84803868378126 2.643819395258589 
11.81439296313253 25.08657609217749 10.50003071676611 3.820805789269144 
12.38506464877705 24.90888134394121 10.6028827303203 4.055767043976431 
14.55168379529815 5.066256097595192 10.45543331755615 2.496134059309853 
14.98056329857986 4.701696213828209 10.30429208764025 1.802305186159828 
15.3095507536734 5.200731431277215 10.58388192602001 1.968605759438873 
15.32414420593485 4.967831653437764 10.57103696332177 2.424332283251132 
12.85648251067367 8.62517633874365 10.40923293418432 2.189236205303999 
14.39806363889114 9.356645958902911 11.61427579941818 1.548951828633164 
14.56310709337657 9.835686313324912 11.29957884916508 1.093832214298757 
14.12242881253288 9.323148826363257 12.00296719572109 0.8966832436586927 
14.37500189106452 9.258410325475918 12.38526092091442 3.065349377103871 
13.9867506974111 9.508924011155575 12.33235892465189 0.7834133325431445 
14.5584027795558 9.61285529858729 12.32610708534323 1.048001533185101 
14.24241227501122 9.491667039053953 12.69638854535043 3.189348236837475 
14.58196949963455 9.487646195109939 11.81567453877333 1.385384601888404 
13.68062509950065 10.56694103199487 10.8242526862054 1.084706852885645 
13.75270267739371 10.99332560203145 10.45924642305878 2.664380554030885 
13.44802625002225 10.49501695487615 11.328680393763 1.00447729249597 
13.8665846573216 9.820991865861224 11.99663565334223 0.7250420923629406 
13.58146238782979 10.31962124815267 12.41585590969445 1.222403384970335 
13.34519379395729 10.42349475108937 12.02048079368167 1.221220505694291 
13.27090601402985 11.07473631781719 12.14281771024026 1.407619884188314 
13.79328042145099 10.72409083848778 12.46458452569614 1.229574219202746 
14.02536344381504 10.49248653790046 10.68765484174412 1.715528195348128 
14.30577107380627 10.21114218871306 10.69826063117789 2.053820193978424 
14.17026909451117 9.837609312307272 11.17455861268788 0.7971492184720894 
14.38550787463881 9.814295431830486 11.0499498843372 1.573061830132133 
14.07620775341917 10.71129357664 10.88256548503524 0.7695085589919444 
14.4221176511586 10.25983095411768 11.1917267758425 0.7021548741308372 
14.016988754897 10.95183351077052 11.23266408775443 0.8171137126935726 
14.60943167596715 9.764092675468618 11.77137840421004 0.8286660460978368 
14.45927623874174 10.16236670202283 11.85915758146898 0.8155500807040852 
14.31140200640708 9.916716463331904 12.5612358340954 0.8842808374332805 
14.01376831696547 10.08502897548405 12.54474720905346 1.257764877591036 
14.20467499620711 10.53194953262111 11.94198509159898 0.8523158966988014 
14.11852269918144 10.32599740980464 12.36921283815229 0.8594432412159279 
13.12623145284469 11.5011526106822 11.1291584571096 2.130528675393705 
13.53364289102922 11.16438667669 10.46674870300023 1.713800798199905 
13.86245363377792 11.18400590398524 10.56227227739447 1.156833905377887 
13.28443111731275 11.81128789725676 10.45433498922403 1.992579503408209 
12.85101749512056 11.71626468680269 11.42973674086265 2.728426920320288 
13.79893859580661 11.85269845805352 11.97553179357224 1.846785176092524 
13.07915958464017 11.40972827058867 11.82269924273519 1.755129755922894 
13.79598269653184 11.17932084504725 12.18150638668843 1.082942061753727 
13.61257106943738 11.15453071895629 12.316833469678 1.622975729366871 
13.33501900966457 11.67686591818249 12.26336821427692 2.674292316043591 
12.65077011676487 11.74866712407945 12.07051991992265 3.766894114604838 
13.11054219185847 11.65662850868586 12.24962032639435 3.458653355562575 
13.93588826045751 12.06715007944589 11.72269146495719 2.749857053804121 
13.57885920407653 11.89617654052574 12.2590234902715 2.327591895994445 
13.94758387822527 11.28146325581515 11.10494774743606 1.014535454516079 
13.91852802760423 11.87771079646882 10.36765377503446 1.9128401627774 
13.92603815256875 11.82592907732151 10.89375400987804 1.943346482024552 
14.17927204897788 12.17983625478705 10.39858688501761 3.425103473390365 
14.13620518643622 12.08992125090194 10.9307382101603 3.124842283121055 
14.67692785438173 12.37720358984276 10.76862900975952 2.96112814412254 
13.89457680022037 12.14918903411136 12.04958892480067 2.691073096738108 
17.20552876795132 12.3422620360126 10.40454084678601 1.232277752999345 
17.11116495900231 12.24353979240774 11.16852041883204 1.131451176592734 
17.6151436300015 12.04335919777117 11.53156731701703 3.566677915258254 
17.26068070427608 12.23914589519291 11.59628015429997 3.899543380933977 
12.95426119874302 12.05413632948037 12.42000068611742 3.04881078648458 
13.47411315023585 12.34675963912927 12.57522234474627 2.947488458058501 
12.39563562696998 13.02795987738665 12.18576640865597 3.242625135822379 
13.06618993447558 12.87416373130299 12.57264735989484 2.843042861174993 
13.31119481102016 12.92721534176899 12.56087040406268 2.432061875804308 
12.80492065343482 13.1658590325161 12.43541923314014 3.034380806748672 
13.06286634023097 13.52576544538571 12.40459345654995 2.413816070543064 
13.73589401005581 12.96388531102043 12.18115319409455 2.270485648180511 
13.57277851144698 13.49460951928112 11.94873116155678 2.388639367240685 
13.3040384409135 13.2218921937575 12.2765701345203 2.140311556224248 
14.33384767617671 12.26510430699235 11.49022231611351 3.103713965187822 
15.04572060740717 12.52864886585411 10.93705806246 2.6814063933802 
14.46895138340958 12.4932606878675 11.87108542841 3.424335718557984 
15.06461904460467 12.68735961633155 11.7299364127169 3.460282298961943 
13.89240753964001 12.39428571203951 12.3082567625946 2.658522094952303 
15.22534275836439 12.66272943294643 11.43410086022858 2.760568125024491 
14.76093339073676 12.77004967100623 11.96802705856783 3.245126127411396 
14.26848466525425 12.66893051901905 12.09987541650533 2.881638165015886 
13.90116997235856 13.05439962948168 12.05173813164372 2.477214752544995 
14.04257026926484 13.45582397817401 12.06699441171717 2.620437193376546 
14.76696024413394 13.65779804905982 11.99469276654793 2.689248680130817 
13.08781459029973 14.04388991182913 11.76330103825434 2.289723572176314 
13.23743253991198 13.68158396726705 12.17363010454956 2.315466410146925 
13.88110732551667 13.96155669322595 11.72544152244634 2.399780110701116 
13.54009404494768 13.69146807660874 11.82554433585857 2.279314521405084 
13.20385816367922 14.41655157225072 11.58118950230767 2.472632811375604 
12.90842889904835 15.10291702347778 11.56992624220718 2.649572536487199 
12.90601252692046 14.74019227150198 11.73841997040648 2.453325836571551 
13.80304846719971 14.27009913699765 11.61748031012678 2.704019815937158 
14.77344434508399 14.44000990395654 11.35258483601871 2.445651771522932 
15.19094946372196 14.77146357009347 11.01216246344588 2.617739908985442 
14.30431289198214 13.71282620595375 11.83751315825004 2.20767051722278 
14.75274872662922 13.93414420283565 11.84569696237951 2.48586495424199 
15.08399383492428 14.39927308156891 11.34600832841605 2.51539616133347 
14.26555661400805 14.37249358103145 11.54780788204172 2.527840264411935 
13.97258718850077 14.70126326528864 11.66372142088771 2.695934724415693 
15.7711491089851 12.7707913416873 10.8159871549007 2.010512223699109 
15.63125556199491 12.69665602119369 11.35544086293388 2.106768845500966 
15.81239375865726 12.70314427156543 11.82872445539578 2.95976987169557 
16.38643425299707 12.71287836803426 11.76277900185364 3.673699701495252 
15.25835478354624 12.94800392345605 11.83600194976699 3.41843812385811 
15.77628532239726 12.93259845845568 11.91169165730969 2.774884795867337 
15.67181015731456 13.29546648725146 11.87678647971021 2.387305477740071 
15.24727239436664 13.55063647169376 11.82961853124512 2.483794044690114 
16.13603053121541 13.34530476687861 11.60679494158029 2.231487513808403 
16.89009600814064 12.51616439318918 10.48586704653171 1.289879035687854 
16.65081856447901 12.46811327968479 11.06750705633633 1.371402427913416 
16.85979818349665 12.46940386101722 11.59036125623037 2.863362649466225 
17.21217657279084 12.83476534860083 11.40469725208508 1.84859012733844 
16.66265046128184 13.18933628169373 11.42820092703497 2.119815145390845 
16.62016286904871 13.68161046899518 11.3208186587056 2.214603259350781 
17.36468034610809 13.57970727525256 10.74772005122145 1.858678306994776 
17.87074891456859 13.00785251397133 10.90026032557605 1.869995263200295 
17.33691985562711 13.43200505768372 11.19223973045067 2.383402775233435 
16.35567371249749 12.59501309762658 11.57448343046873 2.398927937669924 
16.38665360715003 12.90464947865867 11.74060901085476 2.145892172881503 
16.081124790241 14.08477640971661 11.27675567906649 2.252639599972369 
15.65447731687411 14.53960960913493 10.43736308439243 2.228379202944453 
15.37284273885509 14.76102284118595 10.75363408350468 2.702397019494015 
15.50030217649351 14.31129887022852 11.12575531174874 2.348368812930204 
16.01538844211277 14.31441450830435 10.6631056524607 2.137504651113815 
15.63933131412616 13.97165939667183 11.54084740246761 2.438735216379655 
16.56565137777145 13.98241839087637 10.86157965542949 2.036858282973839 
13.35373296992402 15.76356632990663 11.20282162058061 2.597702880680515 
12.84790729729703 16.0009000400133 10.9246210835785 2.698541033854681 
13.28437599545804 16.07057066644489 11.08573271687627 2.795405999424176 
13.37343034767063 15.23496532604587 11.52594147040293 2.680280885695581 
13.85123858612971 15.49437914364808 11.23050329283975 2.567048214889823 
13.7263065481677 14.95640878981407 11.53871365201963 2.619714106426059 
14.51781261082744 14.91630751439608 11.33213785913242 2.656601580929376 
14.90635474108486 15.47677305643777 11.0557287647262 2.442479327415711 
14.06503315801398 15.99872578337633 10.92269443636379 2.424969927510105 
14.71788088216205 16.12034664828012 10.83806358918224 2.222794898113463 
15.09168899714875 16.11481487838778 10.90046114044703 2.367890111607935 
14.58070885585148 15.80298448924297 11.08887189900895 2.495657260405409 
13.12379383871734 16.26342688641836 10.73311900873416 2.769927275672657 
13.29911482788877 16.58536962363927 10.10154617917629 2.618777310297517 
13.70173182193422 16.32958259375597 10.69378082878126 2.620160375447924 
14.4531695841421 16.4716261165476 10.68448049497368 2.405268932812092 
14.97018378020918 16.78343081793441 10.77388398186709 2.624043407694643 
15.3046696033824 17.25372956891966 10.61068965305282 3.014167975495738 
15.47548745745626 15.3338764807541 10.47444333876834 2.494083229814976 
15.65678101475605 15.54582469814756 10.01705430030084 2.29116032074441 
16.16196377984105 15.66913262667505 10.10336490635383 2.982283713561699 
15.70120915324719 15.52154605022196 10.85877148427374 3.365857879911928 
15.30099336354682 15.50820790224044 10.93229331325441 2.596565079083447 
15.75210795440216 15.75664400487971 11.03824408852131 2.947492351130776 
16.00805820103806 15.70870811296133 10.91337443941652 3.285502819166013 
16.23312030895553 15.91850443743488 10.66338620418232 3.647630050352063 
15.91523210809897 16.08855977683482 10.85291773005605 2.254407259683859 
16.61790154000766 16.05613057300203 10.60180541468559 3.130713650807706 
16.55832510817844 16.09975309692822 10.84486943875534 6.13149376054605 
17.02730246732447 15.92112778860479 10.46502866597984 2.806700416790207 
16.86899807674873 16.37522907969498 10.21982113143924 2.194760679761075 
17.08102626436106 15.88939443539882 10.79996495289269 4.23767842728202 
16.88890700906062 16.20986557596979 11.22189027751794 4.089718732187151 
17.34293470786514 15.77991227805588 10.633783531654 7.530621317363057 
17.34433020912325 15.95934026781222 10.86055785224789 5.527288533635073 
15.87204440712184 16.42202025613199 10.76939441753684 2.176858079555672 
16.430204756829 16.33168645572807 10.85385438143774 2.941299702532149 
16.19334896594443 16.83048592549174 10.63201541645865 2.316517949458316 
15.20837875982443 16.83238958009834 10.67897457399533 2.306234091695515 
15.70901396722482 16.97871739623606 10.75231843318194 2.625659032688858 
16.00539352465719 17.23886140312799 10.60754373037284 2.663999442744995 
15.59323512511062 17.55995748543268 10.4862756952251 3.156876940584041 
16.65302929982783 16.68307919498223 10.634235174921 1.946981791935443 
17.26542614675973 16.6996943160729 10.81165698392433 2.205104162999248 
16.82583914575556 16.34997063723944 11.20517220470619 3.271723802094229 
17.72715047712674 16.37815674602848 10.82881152529249 2.389371879524049 
17.65192570156914 16.78234260985707 10.56650573435557 2.461843264014107 
17.18845000977415 16.37882806699025 11.1023786857545 2.378542786744177 
16.87394388823371 17.32609698297169 10.54725887165292 3.12919002525831 
17.25625747079525 17.20491558508429 10.56921555375464 2.755696457318408 
15.93456219779394 17.72734104700088 10.52801045657514 3.464334372504823 
15.98480027153477 18.03202278191567 10.44195519437748 4.039871424978173 
16.39810734215249 17.79421193682378 10.71829822931469 3.476508214407971 
16.21319729707044 18.25207138184737 10.51263150150428 4.054039339480397 
15.95604253138174 18.64809252235998 10.42080215497566 5.841992612248362 
16.56868651351977 18.72481769050292 10.53285934623449 3.540475899657707 
16.62242354139249 17.76562327408336 10.63576815717802 3.228704943655984 
17.65864349558375 17.96069222524278 10.36699776348294 3.642581760103809 
16.88999709862121 18.39908402644981 10.47985949785208 3.414290567595216 
17.3396394357038 18.11783232353597 10.36409148087193 3.373217425700417 
16.17656557521927 19.33164258812952 10.58144785387621 3.784031828557431 
15.85242187259646 19.31925792746224 10.47399700006117 6.84351741922066 
15.60295730782189 20.23269081719661 10.47999478293354 6.985177303780063 
13.03422719884398 20.67083759475349 10.89120570785412 2.464890105315817 
13.10496871919441 20.52105160408816 10.86211178345357 3.876096431113041 
12.69614358893387 21.20664788614632 10.6642095193338 1.730559552301287 
13.28621680188187 20.69466004229698 10.56383495689804 3.729245237123905 
13.39458588861172 20.96832970508746 10.77786706006514 3.895357713542495 
13.80698516707341 21.13552041503063 10.70674792937217 5.126840152855721 
13.78615161023016 21.42151971127565 10.7978359407859 4.497486498640995 
14.56047715707973 21.24279991362255 10.24391862930407 3.97001044789792 
14.38182799163755 21.26664281057615 11.10191042623772 6.100740538557233 
14.12853000385261 21.36306029840539 11.05004518895415 6.835482527841691 
14.85346723037944 21.06303099825586 10.74098667537096 4.965425180383534 
15.28797353690587 20.84069062362122 10.7556649303254 6.237604977667729 
14.74498150115816 21.1888182936549 11.14213071305358 6.568304255970105 
14.56638087587552 21.51019357610273 11.37866515339573 5.14693414295499 
15.14663044373196 21.30428703387376 11.05863108609562 4.348941613313599 
13.21228520447726 21.81108443428209 10.48055683265076 3.815211649308196 
12.84209253038103 22.07655330620706 10.85262765522042 4.34916700170848 
13.51676910968134 21.6825961744716 10.51860775365728 3.301392086309505 
13.50588184709643 21.86424567102456 10.56594907047151 5.582782844628525 
12.9493304921078 22.36562864020052 11.06291286596941 4.174447557185005 
12.6744829005543 22.80055273845669 11.15485076900139 3.614339364833967 
13.42950187504055 22.16771140472764 11.09763319124436 4.267085465857775 
13.80364409684623 22.27873982701153 10.88634211684998 3.910850092212456 
13.91374577699544 22.67503533031618 10.72434523195973 3.516477362964935 
13.36848622670538 22.5474661891087 11.05768143565137 3.414891944812467 
14.08254318842187 21.92012264979575 11.1513556863167 5.132153581815771 
14.51331085906101 21.84640517653405 11.26777341815482 3.391174938714755 
15.40384956911827 21.91270036374477 10.8087583416632 4.029702720195303 
14.34790092926749 22.59784765960097 10.78187413856082 3.851687687541585 
14.34996543568881 22.17375725729463 11.1195023994775 3.557145625343111 
14.65009624117219 22.23471018429807 10.91081172447243 2.92775980205748 
14.9780404894432 22.32719640402257 10.75519741441439 3.664406323278683 
15.2236685192493 20.65675082384146 10.53733138843683 7.753600105404303 
15.63499149446048 20.55906307133376 10.54700334081293 3.813539267418179 
15.8500747275525 20.20779261688158 10.48316177696883 3.089460607994084 
15.68425117756422 21.0109275038793 10.51342727454111 3.301209931506733 
15.59181470630799 21.28183857082231 10.73101428912635 4.413210499418312 
15.98652006024134 21.56958766187816 10.76464719128504 4.550588414272056 
16.1692335061171 21.39922900640104 10.51512243485531 5.646464491515303 
15.27191629649443 21.67667734012023 10.9704277684961 3.243687124959351 
15.6879077660955 21.71394103579599 10.88763231104486 4.641081035222641 
16.40195672906428 21.64003098854653 10.65174338033719 5.166435976271345 
15.77895082780607 22.0103057586371 10.87069162348785 4.686761115908809 
15.4502621990353 22.44792721210453 10.79579873848612 5.263901294565386 
16.20096965286843 22.55526771481475 10.74860140618844 4.75513534917701 
16.20294041854529 22.0661565660982 10.58793885044377 4.766156841686694 
15.89431678122158 22.48614019621693 10.88909478888354 4.769610611490435 
16.86282952809059 21.69222795895082 10.61556695168633 5.478593575819559 
16.69507942610846 22.62712388921624 10.73879429499007 5.211497263364294 
17.27434967483367 22.36513093709132 10.4906439546428 4.906459888108913 
13.12129423691608 23.22382518564112 11.09921696042221 3.459262314025835 
12.9230497369972 23.49247952754174 11.47620124230186 3.670802436128326 
13.12918023247636 22.94955518289092 10.99756341540546 3.493507416946983 
13.81348081685649 23.06149707304784 10.75086165148081 4.092595097902915 
13.46144532810017 23.33211784146044 10.82242021930681 3.477849480256054 
12.58219087329937 23.7824268320589 11.22158328224991 3.989644645671632 
13.17264567648975 23.86539782682726 11.14506221840806 3.696657353600756 
13.45943732362748 23.68079730681105 11.04401785495161 3.611980163035184 
13.86049792994343 23.79778435907537 10.97255358270341 4.192919980232375 
13.91528969130938 23.28007044469016 10.81034882954614 4.679014311878205 
14.55692276170875 23.22246729970069 10.85272095091221 4.178134911325259 
14.2355064509381 23.54237664999468 10.80178225120989 4.080779828446168 
14.39281961445445 22.81728861216046 10.76309991271448 4.394070516925012 
14.97175880115264 22.76738252378286 10.58945976679881 3.983638249846592 
14.52192141234141 23.84048859501502 10.56134154420191 3.842573800446758 
14.23881028984287 23.8712282473978 10.78866767882369 3.646410084440134 
13.17763774207647 24.07328509932273 11.10092118681635 4.278975728180455 
12.74124531194121 24.20871332338589 11.01128651596036 4.055344543185299 
13.50383935115295 24.34762492430167 10.96598803727786 4.370337528741118 
13.90899254934525 24.38159159974952 10.95954233071299 4.213556541667685 
13.05565748027963 24.7920699981017 10.86715387358449 4.707577988060024 
13.7896762560031 24.91096606117592 10.86330406860811 4.296847798503279 
14.48321074723975 24.34973699337545 10.57248586024476 3.871687014515004 
14.76114450442448 24.72525250358087 10.41867049251139 4.558316777433987 
15.24894930789353 24.26893251333727 10.43823867804864 5.456559196538905 
14.17680969435107 24.37012661824566 10.81599042582259 3.677892745234203 
13.85429482450712 25.27331277357406 10.57361658496594 3.739997492950977 
14.33729714414225 24.80519396834678 10.45954171462888 3.954468893578166 
15.39301766852891 22.80720063384442 10.55394158488565 4.939547724071616 
15.84512485518941 23.15928145137616 10.63028446817021 4.760628679055884 
16.36727131067935 23.46677024332311 10.27902239716558 5.044941796300492 
15.10517535368457 23.31473579780336 10.67833437221114 4.599432128428191 
15.75482362361946 23.55616304882252 10.63673955420417 5.261208108145098 
15.55945638859983 23.80592337054609 10.68148982607018 6.028612973818639 
16.04706657363688 23.6435815999997 10.50126768712011 4.904970275717289 
16.02143124304236 24.03530490592458 11.06644948578647 6.165613055763146 
16.85130589384172 23.10208118237814 10.47581337467443 5.2717993137191 
17.12453046987736 22.91254970041356 10.42697216323559 4.882460122024895 
17.10299180390952 23.80125989713323 10.35897949915036 5.187552000292129 
15.70623824600128 24.25974842977548 10.92751783778473 6.725927785843311 
16.59833833452041 24.12792298302714 10.53569229874195 4.66382272426614 
16.10521678328358 24.62518327262853 11.16669274361309 5.57935612143217 
15.76868861308948 24.96900927792834 10.80762918513152 6.263318924944087 
15.25657291186782 24.81959978382049 10.46023130727298 5.679684691935364 
16.5523119164924 25.18155940836663 10.86615184224932 5.359412700374349 
15.96177120268576 25.16123214949005 10.83906257195188 6.287906340043122 
16.49110505045511 24.85361891733917 10.99208871592782 5.071196265927483 
16.77405108931503 24.04780128791553 10.29931520764375 4.971958575255513 
16.72261542610895 24.5951980793454 10.5910720723561 4.841427140244093 
16.46660805745963 24.21251079727526 11.0075917166265 4.985675303170893 
16.9266814806075 25.00666990699321 10.56380420243391 5.086726755726033 
11.87818378083121 27.79373389040635 11.00901771452654 1.99439879755198 
12.22963296005425 27.67801359895832 10.72525024962843 1.394775102013313 
12.28922773608025 27.65867802932618 11.2220065291073 2.009323607263923 
12.64687079888316 27.4785918250943 11.36550913584271 2.940437694370999 
12.31118272184924 27.77027583479219 11.34347010938506 3.738576726469063 
12.89852037171279 27.68350618143753 11.51595064912549 2.633853335132571 
10.82332114275933 28.10656632192911 10.65648711733845 1.436836162222583 
10.36446782909818 28.30542105440492 10.51572608846526 2.625424423859641 
10.86230212780699 28.25182185374879 10.93216922545688 2.339719635725913 
11.37146515645989 28.08242647955576 10.77370383024799 1.71359989518065 
11.05812052140847 28.52409749958396 11.15245473232603 3.060281006798618 
10.53244687238183 28.58296131332953 10.63325616098988 2.211192723139149 
10.9597720208134 28.76157078969084 11.0674352047159 3.005797255408396 
11.59506786310997 28.31597453180929 11.17584144981453 3.575180794904412 
12.10878996167656 28.43600997866659 11.30879958808313 2.048567619884992 
11.91966574213588 27.95934398977101 11.43984008418068 3.9865871496458 
12.67238185937837 28.15506296562341 11.29814460981158 1.773379659154955 
11.38777174486261 28.76585221851887 11.23786524681683 2.096590100689596 
11.93561680263189 28.76223562274906 11.12145528292419 2.118261399755951 
11.46165980364866 29.03748023439003 10.95514463827046 1.828555148018921 
11.95053455623805 29.1684363821512 10.64129625343565 1.811587294956652 
12.42826898572719 28.83856475091266 10.82808129567292 1.587756743681297 
11.21767905105946 29.35191381973682 10.2805112366531 1.509471977791634 
11.93412978481049 29.48665037909167 9.860215348342214 1.953863924123866 
12.500680571265 29.81130243840364 11.31321421089325 0.9789428363413535 
11.43849858815799 30.22401222527782 10.32244417309046 3.362779074437853 
11.54502469325091 30.52412692838712 10.54918374561589 1.564526166719446 
12.0933884590321 29.80316742133548 11.23022687591948 1.712424699599886 
11.6780410919776 29.96124049252264 10.9744283137449 3.834332781135743 
11.99730302893403 30.03048158979657 11.41030053470115 2.065732585343511 
12.38126670575735 29.78008568976757 11.77059286259723 2.72316020822754 
12.25746577343414 30.00062782679139 11.81747695466015 1.983838121860558 
12.63924870432459 30.06670383131147 11.93051905485704 2.605819731475805 
12.24106422716503 30.30299021009744 11.34394395234903 0.8043441795076802 
12.22753170657043 30.61112659290839 10.8436153127026 1.032177218879042 
12.1173594109609 30.87226191343749 10.36773108831834 1.240102623373993 
12.39550679464777 30.45752027506896 11.2920087491513 0.9060050003231623 
10.62770988199564 39.13180885991972 10.55759999393901 2.532442080739784 
10.32518105768159 39.5276992015564 10.61348110044589 1.144573186493439 
10.47979090681217 39.10392842029527 10.30209791005105 1.182969124054132 
10.25905278210558 39.79176307136909 10.67651009518863 1.085137242270598 
10.3031977004101 39.83555849911811 11.22421210392436 2.605686137627202 
10.65960601044138 39.655733871744 10.87545953641222 1.000330146030159 
10.47527600729584 39.60489623482933 11.03062047304869 2.219823459474767 
10.12594067066239 40.57312858474236 10.87502210053603 1.399726577701038 
10.49310436965056 40.26042079530271 11.33661311521019 1.868043809497706 
10.83885596912558 39.93601695636136 10.81639089903434 1.280088778509842 
11.14965806840201 40.35405805417259 10.96667845208037 1.527775257093573 
10.35859642024403 40.34722440885978 11.36413360014269 2.207746534581418 
10.31704059145413 40.94133279883198 11.05537158133653 2.007060707779317 
10.70993241872809 40.70227802189013 11.18032305734226 2.08792924426848 
11.28899618505808 40.42069988267228 10.68476976555459 1.327633128569488 
11.43394392287705 41.21184277300783 10.49506862897512 0.9938536105032512 
11.05585594538105 41.13814293848769 11.11648865759778 2.340989596881798 
11.21165904200573 40.87064714145395 11.1570260867521 1.893620064954646 
10.71102477540296 41.34913963330839 10.81396248412904 1.620040762668438 
11.26060779129058 41.69939440179755 10.67010009940529 2.126525572602077 
12.9727948230132 25.23197816334952 10.53660213283101 4.94215034533687 
12.48533530156021 25.96767531365625 10.33245328168475 4.270422033696178 
12.99384495142961 26.11802250818218 10.26131950935904 3.583150118750325 
13.21971932596424 25.54223228076487 10.4691132834088 3.981563857019523 
13.81829785354367 25.50202074363973 10.53767196054326 3.113584132796746 
13.50969373412198 25.8292118316847 10.55845740297086 2.624431075733838 
13.95112164805741 25.78906584105342 11.01930729209116 3.894297158695309 
13.23325420728991 26.4515735348817 10.26970165440912 3.715043309463908 
13.65561111998132 26.42608564895144 10.86985403250005 2.315406989570093 
13.6683866097017 25.79264490131176 10.81525859403287 2.33441829577977 
14.22470934468045 26.20063922775491 10.32401960627611 1.170872221553054 
14.54536630185259 26.34686459910466 10.72801770118201 1.778428359200291 
13.90646719166866 26.44361645344547 11.1948438774676 2.95138685769578 
14.20533623419615 25.96619272763532 10.95381958226264 1.631216543779345 
14.27861757610344 26.4098876010142 11.26315476961616 4.130744337620484 
14.87805874472209 26.11214224121538 10.26852584392175 5.533769474480607 
15.14769194600818 26.52934783468092 10.40881084560691 2.89697277180943 
13.79925126220828 26.75025224697011 10.77430895767479 2.933767837070846 
14.1335489949201 27.31529457941439 10.67696192960883 4.263196901350454 
12.70367008563013 27.43120599446912 10.82233831183927 1.564921313555381 
13.23757888857472 27.44638469555941 10.86029838988404 1.519987780702621 
12.93659070369403 27.54280866411085 11.39567986404507 2.731995638205419 
13.5462310633937 27.37820803279682 10.35482404101709 2.743206047169721 
13.93859040758978 27.5122898229575 10.86650242947551 2.838994680704388 
14.25744736395334 26.86510703027254 10.97711306630753 3.2375651663573 
14.77251713120211 26.630744476866 10.69661487252137 2.851741009130535 
14.57693166946983 26.957419177424 10.91747048261037 3.197616507654416 
14.62422287173685 27.34071600870667 10.7031350989783 3.544077196410825 
15.14395079342113 27.14809781021714 10.3303460363477 3.334040619800732 
13.59234193124592 27.73481986376477 11.09296089467216 2.235000909087518 
14.24167362480849 27.69727695543911 10.87258043912089 3.330658769384812 
15.33062890096299 27.68001617229555 10.57189862487261 3.649152036713133 
14.72914592230157 27.77321084279662 10.83152471201697 4.121457516157221 
15.28460349177546 25.291116005019 10.3665437916696 5.861194064303902 
15.75222065078337 25.45498033628366 10.57486713499332 6.420369968294295 
15.62707583518694 25.92340170918615 10.45714857608648 5.995677992167373 
16.35405668804115 25.89841025594764 10.53905308941167 5.714158051830964 
15.43608534709785 26.83596487729809 10.31135198406852 4.977098250252965 
16.1493328027741 25.96024567272823 10.53047754712828 4.956237120016937 
15.8778446481813 26.4788469712481 10.71630481755224 5.215810787445236 
16.48331282908476 26.45277582472242 10.31695846627444 4.587250910177573 
16.50795318572674 25.66233645075811 10.69880644403617 5.702913219911807 
16.89987877388534 25.32842933912805 10.52330644561796 5.173750444380858 
15.3943144264686 27.04216336554281 10.29837092919374 4.340297763471369 
16.21042454010297 26.89593676721867 10.46345129507225 4.466688608770284 
15.81746638255207 27.07991113009349 10.42789571836303 5.104592269295551 
16.41764959653734 27.1651168409213 10.37614585185297 4.407334828862304 
15.80884351989199 27.62188031613697 10.52420149401921 4.751267684320851 
16.64964251878074 27.51050715512346 10.45080316594495 4.76807182344902 
16.21985367599521 27.57346246215944 10.45597136016071 4.621117770392402 
17.60810390108143 27.78099262795656 10.43459158858 5.041190513815508 
13.19344414402377 28.18445945630264 11.16524951453376 1.504270628333401 
13.15759519402729 28.35128884002088 11.00215393682189 1.8794003111216 
13.99508766055827 28.53334852722404 10.27090505274973 3.250210684701372 
13.11684494431647 28.63241594618965 10.55008258959778 1.548271155680624 
14.25598222122751 27.96179495218399 10.78644153690228 4.072693302634917 
13.94431843064759 28.25747449781359 10.65061993287836 2.88806767632768 
14.96964349319635 28.20118791828884 10.56687719215678 5.376872105036 
13.08203004262871 30.15153780674291 11.52475038072954 0.7525652937545715 
13.22505157159096 30.4140810248446 10.81241137326934 1.06266192133014 
12.9268402819549 30.06921978686643 11.79298150441586 0.9644108171321264 
12.68193744193466 30.46131911465305 11.54254185559861 0.8194592887393917 
13.04306233867836 30.25417139806451 12.15881415566977 2.990642754432216 
13.66433490691865 30.51506801966146 11.67891203930839 0.7667820253341411 
13.26760531909951 30.15834767932009 12.04457543869189 1.063086983353031 
13.29547961383502 30.28123546575784 12.28160436903527 3.676521564199163 
15.27986496024005 28.030540194414 10.63160898229451 4.707390710793732 
15.49426313182813 28.03028641645271 10.65179315671958 5.0481312469866 
14.99903683512105 28.35123663247506 10.47454259480441 5.503882563522296 
15.86703058760147 28.06112707794205 10.80890703197709 5.043039928044777 
15.8529417516796 28.55861775806107 10.64318992989411 5.463297899748767 
15.55308183001278 29.06787693438403 10.40478193795345 6.323841036331714 
16.08383238367497 28.94785499233623 10.71096271462842 5.283298219828851 
15.91573595199387 29.13035533808633 10.59862383829475 5.876719636537473 
16.46175911866753 28.08171515591109 10.81731187436064 5.100318495531525 
16.96133456666465 28.35972462562817 10.83541950168362 5.2710932333475 
17.2570748985731 28.03432575679308 10.73165434804783 4.76224696773113 
17.38872050544281 28.21410236849722 10.71661190743627 5.067072477895323 
16.88872768794834 28.9274075779168 10.80652612604177 5.187219245061868 
17.23787001071475 28.89171123296963 10.494851300587 5.113011960134145 
15.82217733860298 29.70435078842584 10.45470580858089 5.757135110966885 
16.38561249508442 29.40168957808684 10.8172457739864 5.450884326552881 
16.55321975351436 29.72886382906227 10.76063647495948 4.99022528016792 
15.71729563877603 30.57285820242328 10.2050493323454 5.556000556360431 
15.7040601176842 29.99964881098459 10.39508955261728 5.689683740726451 
16.27948872239122 29.93684686560609 10.56898784205712 5.449145967332726 
16.43782578681469 30.22551105273984 10.63352859166473 5.139065629191151 
16.0121351259105 30.37986023845377 10.40013174370517 5.174786001606066 
16.9020737867591 30.15213040366767 10.74413829693884 4.3360539048943 
16.97166888531674 30.40251359692906 10.81765541266412 4.424064794718703 
17.55777876061109 30.45154555428757 10.48431291200169 4.192511002744936 
12.71014680182087 31.00328192905829 10.95372278419827 1.551245667797431 
13.76774974516916 30.73162014838703 10.55336120374056 1.427762640140294 
13.13413408870501 31.07317764865347 11.28166782077366 1.262367513513048 
12.6980188637548 31.32095548190575 10.63082015283213 1.764700771662248 
13.83339980273162 30.95944958445575 11.93150409371935 1.054490465073727 
13.27945343036904 30.43355045249133 12.23380433822037 1.480012485189434 
13.1574056510157 30.72546791771854 11.85178968018881 0.9859913461449068 
13.832879252699 30.60827734947535 12.09294492501537 3.527860706297673 
14.13585120018665 30.90839701768924 10.24102722612001 1.616392134352395 
14.12160479851367 31.69401893999685 11.35311441303927 2.547002990643264 
15.38580106659393 31.11938583030685 11.25016969808641 1.713908267484555 
14.43883787611041 30.67757807873828 11.92533432564292 1.225685142449073 
14.25823987433558 30.6103796718574 12.35707943253546 3.080018473436894 
14.24891696327781 30.76925852648892 12.29053254511996 2.748528901462649 
14.78090282467874 30.84353477204577 11.54191694570086 1.427931681436455 
14.72479699120833 31.00591698499177 12.26444121172371 4.474427216859254 
14.17537398517928 31.17791891977886 11.93096301797608 1.467290232341831 
14.86485559221034 31.47607527276348 12.18968190566166 2.384345103622579 
13.27886773002004 31.72671359667676 10.65104091702624 1.773118823312515 
13.68485288918776 31.75636464212199 10.89454660500848 2.045974014155533 
13.9275173534338 32.2517833381963 10.82724165747482 3.134794205247758 
14.12826602292345 32.75532018932571 10.87174911472268 4.066118928054777 
14.7979596467759 31.77798498648082 11.89737600523987 2.610339998184415 
14.09368524702944 32.09721621550505 11.2156417525132 3.407843639907455 
14.14014068242528 32.4041699944985 11.24286545268628 4.337873813733694 
14.43392440187557 32.17332948910602 11.42649487911108 3.754479312017708 
14.3683652753582 32.8642078830643 11.29041064565488 4.318862507524017 
15.03407736395422 32.65677357321832 11.42872742751256 4.288374014449914 
15.32633415828943 32.73419261339166 11.40199599976755 3.971588986256251 
14.58025457390353 33.06136123956338 11.17450130148729 4.02770413982833 
14.98614467224149 32.12545642658129 11.81050234892753 3.609945930322112 
15.93658967227745 30.89203158259619 10.65207416535655 3.813674500455107 
15.67435750578556 31.11926445532012 10.92587734302795 2.612145769024494 
16.35901031441467 30.88589323400084 10.93445425918247 4.034278924205552 
16.66610021648473 30.6313992807404 10.81912964814701 4.459766316467864 
16.11539736682616 31.18525364928721 11.28263762004959 2.835849693001634 
15.17916675558291 30.95942482894904 12.09592197515393 2.445774300850331 
15.73160982265463 31.14803407308002 11.7272123991813 1.589038588952548 
15.7705991331976 31.17113604017372 12.14644866007193 3.4209374762588 
15.469669414988 31.51002966469164 12.26124495847336 3.370188820368838 
16.39839161986566 31.63902163234276 11.79849517858089 4.308442187333043 
15.96247011468358 31.57056097633467 12.20954523569962 3.609187395924067 
17.05338505721538 30.86118486748957 10.72346628609712 3.81994521539778 
17.67229718666944 31.08190300594095 10.56990020820426 4.700449158028476 
16.76358175244666 31.11647610461088 11.24333242880557 3.870819883890334 
17.19308548745786 31.96377695855777 11.01595813875149 4.632970331383575 
17.07239757691204 31.16229805885366 10.8792324396816 3.701823665408511 
17.55179835009849 31.53792534811486 10.59798600129039 4.393218958589443 
17.24101781899733 31.73565274446405 11.00016111941089 3.687187352842017 
16.56151792476381 31.42323060922012 11.75762353640513 4.599280503507998 
16.61042159107648 32.81772872648316 10.95216826557744 4.705849054172745 
16.3671832924061 32.94404594594739 10.91391612731448 4.646717384282994 
15.56534804496891 31.91441691628483 12.04815237704055 3.347591174999522 
15.36818825264942 32.27253631285818 11.83961528059657 3.612802215980878 
16.03530923291112 32.40478670893497 11.69099226280349 3.95190643242691 
15.96480920214464 32.02658553164125 11.85368914257273 3.596365664834906 
16.06369131611652 32.63594334386477 11.41340128501649 4.482285895493135 
16.95922904249985 32.44494926031747 10.90129103939219 4.10375756060867 
16.85152524747626 31.63169948934694 11.59350298412562 4.21805734301492 
16.54505449731828 32.52810464417091 11.29050603630823 4.228035901951927 
17.55248817775183 32.20690555238096 10.58760296830117 5.01536674092128 
17.17243319889273 32.5427214081902 10.55741456138077 5.42370904288353 
17.80666440379195 32.8710451515207 10.23234190505206 4.158163040756307 
17.19685869722314 32.8538515134327 10.1997833790767 5.472951489600064 
14.41501899954399 33.20792262964233 10.81782714266773 4.103891564254354 
14.80275844771876 33.31825094359301 10.81285632106979 3.732773999793579 
15.23056397005845 33.33864712543821 10.84008869082261 4.073885812142379 
15.92155057101748 33.11739804021685 10.7928699921009 4.37236684388921 
17.73786251067027 34.34336935935293 10.43067340471289 3.183031829520203 
17.46252136325213 34.72917973682959 10.56850211088146 3.3099810233428 
16.88234218316791 35.56092615273785 11.3081506956833 4.01412797231194 
17.21345812740666 35.78194384759821 10.90580122229241 2.119745889684054 
17.28912871806083 35.0655291452031 10.28659113507582 3.213917006169297 
16.90545818357966 35.5947437069705 12.09887984050023 3.744128247533524 
14.46193098643697 36.69893177747905 11.1675520851773 2.08939754721186 
14.49519164124565 36.45742905050727 11.60189505759114 3.749978920467555 
14.47647074944988 36.77572739113371 11.59941142680025 1.912529946386627 
14.75964695169982 36.71045992250689 10.50580272159345 3.611833045882889 
14.82096088202547 36.47714801570263 10.59070653853391 2.106431172705726 
14.5885231409176 36.38260032239467 11.11268291119376 2.793198217647046 
14.92053300236886 36.37792143820071 11.19065263409141 1.044081004505415 
14.73206431880925 36.33757152961374 12.04492047393465 2.52717127067622 
14.75678475296047 36.34347408898572 11.71707953672982 1.371161057432353 
14.56060211307764 36.56445976053633 11.98502174790147 2.396803344700359 
15.02908713868735 36.34869469367204 12.10341744081958 1.082453481183187 
15.15836752245754 36.43266347687799 12.99479570625149 3.334511886444574 
14.76376531859436 36.47912915493742 12.36167099417344 2.488846637807725 
15.05302591662632 37.38597933712601 11.0287169601448 1.443355623993789 
15.17438721475044 36.97792849827546 10.2507873266534 2.845822104982417 
14.72387081933674 37.21953562395858 11.46278178707932 1.621298225013334 
15.08358129562781 37.4717382217217 11.66859794832267 1.668847697536499 
16.28294514325703 36.19692393618977 10.29487585367558 2.434714902110599 
15.32772967426897 36.74995966224598 10.68274048772552 0.925826372913896 
15.76196805380316 36.94989561551917 10.62402621363302 1.788147106787562 
15.43767658257707 36.72805023378979 11.13943994816021 1.262231870679038 
15.84153450825494 36.75874172923868 11.17940450415054 2.594499496893633 
16.09518609536037 36.59627605936291 11.03887548218182 2.805720591968097 
16.18363227699651 36.77384315030976 10.48499374263623 2.902331483346998 
16.02499830862238 36.9036295916601 10.60312547663702 2.956475103159491 
16.32905405604761 37.13464690644529 9.97150136688931 2.870060577866468 
16.43413172598535 35.99104268947868 11.6112807442244 2.070731699941973 
16.32917133323641 36.41390080326715 12.2676129027268 2.901803869604436 
15.51817426964498 36.60997211715939 12.15750486012234 1.464962687367603 
15.84215349856332 36.59048736615809 12.29090199782063 2.467361591514958 
15.63480765372725 36.51804978633296 12.8790257494086 1.762476188204772 
16.22129825647583 36.48706464357453 12.86118577343222 3.43232368817111 
16.09298388865858 36.58263060767065 11.63759853019642 3.030912284249993 
16.67727028533946 35.69948130591813 10.36851202565069 3.042430041025497 
16.60881034557767 35.74182226144875 11.16100378911564 2.411695370645774 
17.2854128287264 35.77095790327986 10.29877146200188 3.46151988614838 
17.28023559770251 36.00625883954758 10.47838824345146 1.459942160871627 
17.4810736303674 36.41934708986049 10.28588493350802 3.273275088946633 
17.73325513393831 35.76312748633199 10.60427707272105 3.12257979343353 
17.24823928318124 36.03252532777616 11.50851480597289 1.525754342785653 
17.24029668159367 36.62027499141498 10.60633559835911 1.703589781868359 
17.44918375727952 37.12385662141234 10.61125739278968 1.973635403919914 
17.60370002347979 36.98541756593276 10.34372673222354 3.125712897020918 
16.65143393107449 35.63207025350719 12.05027457114461 2.497392546147452 
16.60896595435817 36.07637034117479 12.5638769451281 2.823025503129983 
16.96909167957051 35.86273453683651 12.48110317226842 3.721897985247864 
17.16401916234851 35.8239823784118 11.8606693776101 1.866740654778212 
17.3650675198672 36.24557863593229 12.38944442537295 2.244660031199416 
17.3285698453594 36.44884058370696 11.6838073062657 2.026948774845081 
17.75914904125926 37.5201806423365 12.05879581097274 2.679600827438662 
17.49996458977111 36.65893983232447 12.35470410203737 2.267927899695692 
15.61770700963994 37.15329791465284 10.28497679267444 3.196158449638077 
15.04923769237747 37.20131741378827 10.49609811066906 1.464170037362514 
15.92546473987667 37.53600844322408 10.51522889952269 2.28374422295866 
15.61124276818362 37.63069808654458 11.10326437101376 2.024529332875304 
16.2088959476166 37.84292198270246 10.5553684146498 2.567421540031162 
14.92178314760215 37.26720772672875 12.07666584013174 1.662473611279992 
15.09505571795147 37.16706018174644 12.3748877913769 1.554956790168418 
15.16700935058379 36.84699929342926 12.94107475811804 1.648759342147102 
15.52123016300007 37.46078616809747 12.31505749380722 2.105004259267588 
15.62691228062266 37.10299010329938 12.96619124051402 1.66174407002547 
15.71597746654791 37.73985945803752 12.1865888267329 2.708868944803754 
15.83639196934674 37.32408391391652 12.94882389045075 2.420845114985241 
15.48646011363912 37.61986866655879 11.8602544173035 2.11104446335186 
15.88025572926547 37.87434800346496 11.19212175406634 2.811933730420805 
15.770751638685 37.85078678433197 11.79341941054747 2.740109415522596 
15.75652228800199 38.05823182899549 12.07662687611022 2.897163122553835 
15.83525913399092 37.83938431539923 12.56866724442742 2.900152592264121 
17.60435370505198 37.55324599953482 11.29048731115148 2.445411015737491 
15.36407207019537 36.66338278779643 13.17444201802137 3.206597210697723 
15.65583094950567 36.67451864902364 13.24485326558068 3.695840218220042 
16.33714546224848 36.64475612288423 13.41725756985664 3.466957483624157 
16.81011796961985 36.16799439878266 13.12843364347289 3.974916128761777 
17.1451107433469 36.10255873299577 12.91789407826426 3.583367311203574 
17.38191057589244 36.30769331164226 12.90752925153307 2.68247043150258 
16.59513470763385 36.27191470185837 13.21090606759218 3.769802854290049 
16.6678352660748 36.71151612157524 13.49018720855646 3.840972723248939 
17.31181140264693 36.93511303204517 13.51352849183819 3.501877112541621 
17.39530438223133 36.49773298183595 13.23324248994241 3.392090835192136 
16.93382361846613 36.91331503402997 13.8173222236575 3.610399985488527 
15.95795840653654 36.91533087408158 13.34410868659396 2.943319592347365 
15.99732590056195 37.35729164404387 13.2287381712295 2.987522559452898 
16.45130353229802 37.04265866643755 13.7684289722057 3.370425068386382 
16.37719183965117 37.48473565680616 13.82849403931632 3.234648025831916 
15.8454682000205 38.17952262570351 13.01749993122394 2.629214022371755 
16.14452899216341 37.89129648561384 13.57589801387218 2.718027499780476 
16.0504285756222 38.19273585340564 14.01870425763677 2.350427838366713 
16.49649121729183 37.88168469704559 13.91800450059689 3.018381509088769 
16.65044922531919 38.13388925587557 14.27099564366231 3.193225941722133 
17.65505873807687 37.13425845832639 13.17506739576911 2.754792240057853 
17.70011589977313 37.33651800214452 13.58486650953917 3.57221550322194 
16.56949785121306 37.20764418855511 14.13780251036546 3.617736172843365 
16.8586165836764 37.16475586917139 14.21141409268449 4.063770380980117 
16.99697887047126 37.51127741934464 14.23693407731313 4.146585863403971 
17.3418863219829 37.40421192008611 13.90267677369136 3.382736602108949 
17.64343908707868 37.76008209738331 13.81149872991063 3.667181469115292 
17.04642017731266 37.75278852141199 14.50591265425738 3.668462904589461 
17.70544250096051 38.24506100246585 14.09397601608544 3.470081366777208 
17.4947752519491 38.01886804136943 14.30435129194425 3.838827025729671 
13.87820341640239 38.75837381002935 12.15738794073983 2.319850214427362 
15.12311432459232 38.93369295706312 11.38531881108401 2.641300987293604 
14.2821746983534 38.48662683557859 11.6106856672795 1.927809435472696 
13.92885006076306 38.55843991031575 12.00144873742907 3.155278117270171 
14.13525194205692 38.74884885033629 11.55442475499238 2.911562367508623 
14.68194385124602 38.92929682121446 11.49753054123605 1.777312481747089 
13.95277932431556 38.76401158662566 12.7524193150727 2.024936466275875 
14.72259291038391 38.4898265238475 11.83407130616252 0.9462256618389588 
14.82404354194026 38.75528775427053 11.45925604480961 2.189180063103819 
14.62281532140207 38.39992382073081 12.35437241761745 1.160153364188133 
14.04897875289015 38.9818009295033 12.04711080952802 1.279291210939775 
14.12076567756983 38.94698751741616 12.79181950769645 1.490403607338344 
14.72019488848927 39.16676116322753 11.85713218650281 1.323791076030929 
15.13722888843126 39.22550340342086 11.51207497282326 2.614239627212939 
15.09962639437005 39.40918734820126 11.86861204284141 2.440545494987632 
15.03596332119333 39.60412479259779 12.42773796864647 2.762380042820794 
15.10704005313388 40.40189592946913 12.49723118315352 2.444387957323272 
14.90491778091159 40.33779241342915 13.05129195664771 2.517342082775457 
14.01647673029297 38.5278215730754 12.73742900625535 2.08173864465526 
14.14734584394071 38.3884758621302 12.45223068501928 1.319714107315342 
14.58761324742847 38.42316494562318 12.96191086466983 1.238225855189526 
14.29585435839615 38.58487668364011 13.1993763834231 2.799864796570546 
14.60357929005258 39.1480728128777 12.87969464961707 1.502176257898604 
14.71480568777663 38.41866716775729 13.77806082803099 2.954926889785199 
14.85982682829061 38.39534151584034 13.50931488372542 1.458072154339007 
14.51634178226942 38.78060673874023 13.33090942627011 1.420691489047982 
14.76911625389947 39.31455258949159 12.55025165745491 1.930807715820237 
14.62863752324816 38.58469444483978 13.79100359807093 2.833298501270122 
14.96169134143759 38.54233078923362 14.00205559618717 3.244772472529974 
15.00787186947539 39.4652846645888 12.97246768558052 2.914892173695179 
14.90192797480448 39.98575205915347 12.95372366531181 2.361947234330543 
15.33891059915476 39.52416942410287 13.71548736267144 2.323432250717644 
14.8945233394503 40.26322642841253 13.51609135273696 2.589308802159522 
15.18677502209828 40.71106653309188 13.48180967042255 2.686566353333191 
16.6143489486355 38.85433099471195 10.67039315681294 2.769904122137547 
16.03910626324041 38.7758148311657 11.27050060085266 2.570724299610333 
15.6905435396909 39.18436954755774 11.18175470696535 2.478499056598736 
15.53667943506771 39.44588341143236 11.29820019379824 3.113855213566225 
16.53840044249443 39.21394499642285 10.69007455457555 3.286935264864752 
16.39809484967858 39.60219965401238 10.70864634485235 3.156364079536417 
15.97237277102149 39.59635773609478 10.92218636957285 3.475266939047799 
15.81272541930941 38.511713366349 11.61552872314107 2.802179125588893 
15.68210454681719 38.44078260982432 12.17727493922546 2.618249901453495 
15.64183171905325 38.84758365625476 11.52512641349137 2.194717651067506 
15.83521513472175 38.87224398981043 11.36531572067407 2.529011669369694 
15.40784264222972 38.63792314512346 11.98719831470754 1.903941009353332 
16.86533525431496 39.20178575894479 10.73375024939088 3.073015041312317 
17.18196873174615 38.82414213758047 10.3293542788893 2.94783617088224 
17.32441606344729 39.16765431249064 10.77378817046615 2.394425702032905 
17.5702866094268 39.01420539405779 10.22838230361197 1.673758705762417 
17.5597086676057 39.41596923011897 10.77081297373319 1.877242319689884 
17.24931630250687 39.39545093530821 11.18487802306581 2.623755320346277 
17.47827584436973 39.6981015864925 11.63188334431526 2.273543144206343 
17.69940787779328 39.37918751714715 12.66919842878696 2.52710221986797 
15.84384170917064 40.0562605804935 11.45305127773404 3.166722725266609 
15.50402467991913 39.78403914374138 11.55312055029116 3.013172373485986 
15.58046794854448 40.2920077617532 11.7963450883217 2.857023088613843 
16.10444431000464 40.05020305875097 11.49735966695929 2.770756500067279 
16.43226941977851 40.00438302784342 12.11577238237264 2.393445877210794 
16.0575357552614 40.23225755208598 11.8490593067983 2.050204554327451 
15.86326636138515 40.43084795387876 11.79171280325765 1.985849815734142 
15.78338011637781 40.9089003750306 11.6964811981803 0.9819484930363629 
16.1896114099941 40.24985381473016 12.66194815467739 1.73950603728828 
16.17872117297135 40.842929875527 12.87820741120852 1.04716472754447 
17.72424253293879 39.8324530677222 10.84370666190211 2.087073178165014 
17.62661942419822 39.81490886217794 11.33812053838212 2.411701927399079 
17.72071304546423 40.16695141660121 10.99267569930613 2.554053139635144 
17.14365232116224 40.84500522452765 10.76421970115351 2.827986301701316 
17.45183273456414 40.43418869915661 11.64882575977096 2.700241691743329 
17.69718045667654 40.5906954275268 10.52613456098615 2.5740004223792 
16.49652874209323 39.81686406689595 11.18190861202917 2.631079213788666 
16.95671658947373 39.51365910041427 11.24061292184206 2.821042904849193 
16.96515462064598 39.71422788349921 12.23531925770692 2.753408150414742 
17.30668532551163 39.62628693919017 12.41354418751006 2.750972521460241 
17.23570031301506 39.62767812717623 12.01959726346884 2.74921490177725 
17.47691093920668 39.77591498469845 11.94055429026777 2.318978371136254 
17.49277355957174 40.14553180150944 12.04274428595551 3.039017455828457 
17.56522893038634 40.10431606121559 12.39515091373343 2.938681099180712 
17.55453820010681 39.6917215797562 12.38539136714456 2.456179868346368 
17.11334758629711 40.90518254834222 12.20879711376829 3.018706068377398 
17.14254394534965 40.74424345199215 11.88524045145503 2.5394758378484 
17.22203160741634 40.72648529044983 12.34986289621692 3.041488737129058 
17.51008412355027 40.85425256093717 12.56238084409061 2.744779872861614 
15.40978119951509 38.53225262788884 12.6159825906042 2.084730573148036 
15.62345259531013 38.4156065288996 13.49527791352178 2.114464219997828 
15.58354499589065 38.3349484018342 13.84715720200806 1.994594065861364 
15.23683116719007 39.03362566169431 13.93137362399892 2.555094638918035 
15.21257792704787 38.35015237948274 14.18555922289965 2.838435922383624 
15.34278659601487 38.96910593211218 14.11718574362325 2.697597271175752 
15.42738989841915 38.23680781657902 14.44964952979564 2.847448179802214 
15.53960741470467 38.84951191953563 14.69259688978785 2.570846009343569 
15.73869611682604 38.82063997641188 14.90370570495622 3.850827113670221 
16.11192863570706 38.25698576967662 14.29086357623723 2.400911150646337 
15.83555776496495 38.39510544854598 14.73993244960881 3.325784233099156 
16.12011297220694 38.59924341757854 14.88994511452805 3.541729878727409 
16.52841769575667 38.41870750803165 14.54689681514392 2.952133507978459 
15.31945989205246 39.51226303255017 14.0268074309571 1.875207267382649 
15.25612717684003 39.6792336208101 14.38526087385657 1.753479298176742 
15.30226744564344 39.27160237269175 14.5690183160903 1.97967909127938 
15.35822004776809 39.99703070040082 14.87794278847481 2.492729055358822 
15.99006650009383 38.95039719965492 14.81148827969085 3.840371141133147 
16.36585428319549 38.95628400607715 14.91431611826411 2.844995544268826 
16.20999062504588 39.49972274021501 14.69013958027741 1.981358849516866 
17.72071772201544 38.87134697128211 13.74331081675522 2.990522069191684 
17.3141007898553 39.35160017637133 13.03606333169809 2.73117993711449 
17.76694436242127 39.13521064365916 13.27720911583579 2.650844956425573 
17.52465548791041 39.07487081643607 13.67528334439359 2.742804855826833 
17.23583891729078 39.17827438995953 13.91956333412008 2.67493426317192 
17.11171373117801 38.30903921603317 14.41318112168933 3.815080104445002 
16.88095553543019 38.63053464864095 14.44558359169569 3.25838839036328 
16.63589523809566 38.69960865090053 14.53154146251194 2.783768581900844 
17.38208625004738 38.4974905247712 14.26680165424183 3.665995106564054 
17.82558566434239 38.61920547934916 13.88297960349702 3.187192704188249 
16.69466973702827 39.4560859595742 14.24881372166719 2.628385822469838 
16.4759287746362 39.9826986136729 12.65427645735206 2.433496985184078 
16.39079733436475 39.9377951148379 13.72162578967935 2.007666797663006 
15.21999020925455 40.18213504645636 13.78134799807045 2.727590524476739 
15.55486223326882 40.98050033960446 13.7451897377254 1.847339426645391 
16.10781431227258 40.47423533797851 13.25984168902369 1.221130657684149 
16.09277015598501 40.46713972889629 12.49246629269325 1.269261734715379 
16.18654028513486 40.33459401678942 13.73057462366465 1.360340980188276 
15.36059856983284 40.07993583561959 14.07197847385798 2.274059898326243 
15.71826113434033 40.33558742101697 14.69630099803327 1.691627805056399 
16.81178421014985 39.64984264579123 13.89054478584368 2.651718234006466 
16.25704687348293 39.87564002959204 14.45718718375754 1.536200582642039 
15.72174966404183 40.92216172711831 14.00899203883538 1.24824713547229 
16.25030603704187 40.84819592028117 13.72035012636826 0.9789738784702848 
16.18189192904865 40.22212834885996 14.45161590607513 1.145684863526554 
16.35608368025348 41.06441354020986 14.20478571391692 0.9361649385870905 
15.91196687362953 40.53645342051756 14.85274481635454 2.817500618875826 
17.09315283538466 39.63554907499995 12.74738488957949 2.822339707713923 
17.48976454207181 40.55365254510852 12.66914782629602 3.234478779637215 
15.51885618078212 39.12760676514493 14.98339137990271 3.478622357551956 
15.75582776371593 39.44446604701244 15.07126909152948 3.539749739229109 
15.59914426958889 40.08283394721641 15.06287227458621 4.098033514972855 
15.97801583937571 40.00890831135355 15.00334560877796 1.993692307383299 
13.38965248929225 43.404839050581 10.84249983986306 2.632438715606881 
13.69456378850182 43.35271272049489 10.51692368223876 1.596059949699445 
13.50345584734017 43.32731399959695 11.01656108281772 2.68082571091557 
13.49212640058781 43.36875555263731 11.24888185565062 2.921840897909362 
13.74240741064118 43.1445282500903 11.45101311748333 2.515622369322514 
13.72249601175925 43.31010589513907 11.74422785891139 3.677212891875826 
14.32517801021707 42.86544052324935 11.40015581387934 1.815108681278858 
14.92942731307176 42.40199996495219 10.93449127663623 2.742462880162236 
14.85431716120599 42.45574460741427 11.33490155106644 2.37081790685744 
15.0871835307211 42.26205802923572 11.16306182733904 2.854497714098471 
15.23939589601191 42.63208917132715 11.58928539701581 2.179436727691652 
13.99738097702068 43.19266228435315 10.87620070391565 2.044032805379985 
14.41841792316299 42.95873315476717 10.55451653159443 2.479156166219084 
13.8584124700304 43.04177579318005 11.79528992208687 2.750295741579976 
14.74198681012419 42.49123930294685 11.74020684444888 2.571593889017493 
14.49268599502879 42.75687413765071 12.07808506015937 3.253702565633702 
15.04091877160898 42.47396489799888 11.72562812595801 2.610450233599366 
14.95941425992181 42.74808390507064 12.0846094640526 2.310887337557105 
14.00379302207801 42.9629745024904 12.14852764184059 3.234881610168429 
14.00420791084266 43.17342285599206 12.06235213372843 3.209548364380879 
13.92385916113757 43.61226637317314 11.64625058966994 2.86495491602679 
14.5644633737133 43.67714408541385 11.87617748114662 2.315917186936687 
14.41728837811522 43.05416722250438 12.23043471334465 2.468046362438315 
15.25175273464517 43.03546234214038 11.64866111138979 1.817750233266864 
14.6919175534493 43.31048253442207 11.98235809181245 1.802932380593219 
16.26645299634332 40.90492124426366 10.93397667887053 2.821185719132131 
16.59395035045191 41.03867017266816 10.28044732882074 3.21513820147247 
15.91966356849779 41.32430450144669 10.64790426189789 3.23310145164595 
15.94152663291545 40.88528589679549 11.41875829154305 1.647189307078214 
16.24222780242988 41.15000211294623 10.28237972993307 2.968889086152458 
16.07108841109305 40.79935625971352 11.56582367227928 0.8866904442730998 
16.62766733725221 41.00656418343107 11.13328021878837 2.970191216379249 
15.91820714716812 41.28722105069642 11.21156550499241 1.657747216639336 
15.13249354438092 41.98365440295184 10.56516002016398 3.059416539854979 
15.29155651621551 41.89283549801724 10.71284922541419 2.811635603043939 
15.68801625948445 42.17307762356026 11.13682709611736 2.696953275062015 
15.84311763165775 41.5438829660957 10.73089091765277 2.715203178294075 
16.06148745159338 41.71075363561934 11.08464219301698 3.15488635126016 
16.11273183116425 41.66499037253811 11.44568339422796 1.405299613112284 
16.70291446637166 41.73849217034487 11.34624461599993 2.814304406537872 
16.18257050777412 41.88347991843197 11.42897785849892 2.897597917257414 
15.91352054342629 42.33872936314793 11.29302186184693 2.768734356368114 
15.76658525430888 41.11408400122528 11.84217751598032 0.7814647986447625 
15.8371076311453 41.35105308951557 11.8987045718783 0.7576610180150212 
15.48823074920644 41.04802602385421 12.49445800775612 1.778597810293533 
15.81631218945271 41.61090018512431 12.34782461069229 0.8224581837825546 
15.64268521523671 41.50156304219874 12.75303627440735 1.098329737269339 
16.07176223830724 40.66173059276841 12.04615067606287 0.7865569884053834 
16.29289318505876 41.11309591302904 11.96241696130143 0.7469009248187639 
16.02871286591865 41.67473699398777 12.00022979885537 1.141196560990309 
16.23876273780661 41.71330427601261 11.78997375584751 1.272825432586259 
16.3269749999765 41.84900783549716 11.55346656062737 2.291650438054006 
16.18018164181373 41.76709383358013 12.33914621285918 1.517470089882529 
16.33223934299068 41.38118367406529 12.24326528791305 0.8304185433173075 
16.54786215490381 40.93182378388569 10.85637873887886 2.761286294409999 
16.96112260880711 40.97853652267249 11.09820689152072 2.953898094211837 
16.89392678867333 41.09241176326044 11.33167727689435 2.826903822710264 
16.63341027661975 41.26632577940507 11.45905217460606 2.181011782774789 
16.85751577945654 41.29862579770198 11.47197290418498 2.62751152039624 
17.37303065254918 41.31355043815697 12.03750563643236 2.210544629054596 
17.27522961766214 41.59531453325842 11.80787002052389 2.389221893792183 
17.27299552774032 42.10008167390367 11.71402326643433 2.41566978764169 
17.89799597061309 41.69288157540048 11.85102414623861 2.085472100967195 
15.43659478310923 42.56575227387582 11.34150182171476 2.76691711120975 
16.29578743352772 42.28974200536112 11.78376652838266 2.856259636650819 
16.83170014712352 42.42619876696177 11.74181562159377 2.727779440931357 
16.33699241123909 42.17282278236318 11.73801367110251 2.96271426372688 
16.49848200631425 42.52725048806266 12.02440668625807 2.666147189249671 
16.10282436874316 42.83424931332758 11.49739456198123 2.738276802973672 
16.18581754258488 42.23466993628909 12.53266452989925 2.898729366999717 
16.49095769464232 42.52937898982613 12.45302554596907 1.498763262904482 
15.52361632800664 43.30906184912928 11.53563845526184 2.737676040452044 
16.10101788745884 43.29343511397021 11.55166910870852 2.886045942425596 
16.62286537714861 43.26729703117034 11.96641182739126 2.722463962985898 
16.41254432365402 42.87101925256346 12.0393284622425 1.84153731466553 
16.86995427171846 42.68078926663434 12.02669225939155 1.635987708751166 
17.22918444179571 42.45784860917061 11.74643331615931 2.508763595567743 
16.66660510113688 42.62605556979619 12.48291325643731 0.5445170013597753 
17.098086760655 43.08663292287613 12.36300485299849 1.26067187563865 
17.34621820523481 42.95252750496637 12.09542590385504 2.519862949522931 
16.74199261237807 43.26297086731316 12.5271092233593 0.8649443572393523 
17.07164869434376 43.3503977223746 12.2546868224091 2.918444704595586 
17.69731676466134 42.6017574750813 12.04794584719567 1.997039734844364 
17.59411277644027 43.28660920528462 12.30431996549494 2.37921137068281 
17.88371847933742 43.43965730941502 12.73477869449833 2.260309362151631 
15.46123231999996 41.21049990191171 13.23278090494743 1.575022094471976 
15.49751165650474 41.54926747597663 13.38867180486881 1.56891939633276 
15.53136400162567 41.34514941675502 13.55881347679742 1.322549903120027 
15.58816676913643 41.72543273156718 12.90724964751204 1.236192032273536 
15.92341724167733 41.92172004048051 12.34854399594821 2.044826787225588 
15.41014873445537 42.10196650928828 13.39939585961304 1.826674384312909 
15.32233309990709 41.88658988587925 13.61990459734242 1.666267922458545 
16.30073847141014 41.39770872720507 13.26572841321977 1.087368894727732 
16.25913565231749 41.98240565380203 12.94440262856913 0.7696341617974554 
16.15610158713156 41.82964878393844 13.8045350449631 0.8364561861698192 
16.56326915486078 42.2996822022582 13.29179127066447 0.8972140333286376 
15.76294894314068 41.51589069454366 14.08221721198469 1.362761651549299 
16.29556002721306 41.3033713290937 13.77436963279012 1.026555622513627 
16.34122794425649 41.63996535675733 14.51766940418785 0.758811369647713 
15.88366290423355 41.08573324019733 14.51108708260936 0.7607790103350247 
16.16837423991342 40.88013213781737 14.93808600366756 3.030937281871971 
16.16852696914169 41.50450443456347 14.873493849825 2.190749381027814 
16.36338232716098 41.28880311237954 14.72454979102028 1.051293228243068 
15.40946809565805 41.82409153995206 14.1046056971917 2.000745734751831 
15.32907902609713 42.06216293341556 14.09020969081927 1.993787175407689 
15.49065150209377 41.82406797879724 14.47054802144524 1.678202750213849 
15.78700546929908 42.01039321423683 15.03888253537277 0.9702546259650404 
16.22115480888884 41.72037600609646 14.12890514657897 0.7954813955746047 
16.44130702273081 42.08928167821221 14.29050035512692 1.027658386460217 
16.34366953457802 41.70622161354824 14.7391158800256 0.9316194693579618 
15.76362055907059 42.41364214582406 13.52261459281529 1.250852625317115 
16.05624494192531 42.35597607996812 12.78342974249087 1.019825012796126 
16.3289760366061 42.74187436052297 12.57631720829661 0.7774872057214637 
16.29050004385808 42.96100657048905 13.01890397692992 1.0369119119106 
16.24541007221228 43.14901909633074 13.49831110334113 1.322452986110228 
15.80284074088977 42.3791643459197 14.17980307269402 1.118998057978473 
15.98945220509229 42.35495386563458 14.85025370480983 1.306977306671342 
15.82104852474678 42.81010116648085 14.63236617969243 1.926495421130539 
15.79891809759913 42.76070664867171 14.38685689695301 1.861467385932158 
15.96707128397914 42.9100841744844 14.01807207679834 1.749113934764978 
16.01099641638341 43.22374494006929 14.64824834830376 2.232349317071012 
16.85884605470394 42.79799182703507 12.85490400868207 0.6613570134256044 
16.92260131655981 42.77302428494974 13.60490540771254 1.149472617951801 
16.973315363519 43.14952077384869 12.85912433841879 1.081240584270915 
17.12687920008255 43.23742259654112 13.29941186084055 1.247797383175232 
16.88364589920306 43.30652403379824 12.93420664476847 1.797116540411125 
17.27740959744688 43.49647401769847 13.23700512127552 3.009565134675185 
17.1434032521845 42.9124012205122 14.00130948013266 1.581894801327522 
17.46472519883495 43.3097133497555 13.64409415431318 1.849232074466769 
17.89062040959702 43.35392416895726 13.66609218320664 2.020387718670094 
16.78002118903975 42.54032221116815 14.30746722838893 1.322732979966233 
16.8050100875825 42.34488971848831 14.7853608690578 1.350991357322258 
17.13868244235557 42.73995966452377 15.06140303820344 1.564563150906061 
17.57423016123582 43.14294545525324 14.05454106250052 2.003998294188506 
17.14990420289661 42.88714195941724 14.45646386451094 1.656423367167221 
17.53626470305633 43.08072982843762 14.36400155936853 1.819678328535801 
17.25418860080665 42.88825461104723 15.41107232098503 1.641681941649296 
17.71599834600545 43.31621989176647 15.33527180206229 1.926006533212188 
13.4891328104233 43.68845824351483 10.88754580375117 2.179462340009252 
13.69335142408194 44.01390615014232 10.60010235758604 2.41423713704441 
13.78089833181939 44.01887191097187 11.05511014546138 2.976018121082546 
13.80923053692993 44.51677166632901 11.1151509887705 2.714647903248505 
13.88771551741465 43.91863651919282 11.48238965393621 2.752321983249956 
13.91994603924128 44.50173936301074 11.84377803301299 2.530892023278625 
14.08751540793096 43.94019919950456 11.80431840626457 2.985426037583423 
14.45763592105162 44.11495301546712 11.8711686056176 2.257140811116685 
15.05899518722073 43.66931851658735 11.62611641287053 2.125464198160728 
14.03964311416346 44.59864415839183 12.20751093347909 3.215508862932779 
14.51131981452409 44.89660512118982 12.09740651337491 2.326404918747585 
15.02246940731153 44.31946033097652 11.66491980480407 1.905507458697755 
14.72062546255572 44.42129736044603 11.88787115601991 1.907771587573606 
15.20442499494241 44.89613079710295 12.01083091265816 1.269632191277147 
15.05386562418227 44.93337073414906 12.33839955253733 1.835402447455408 
13.94194191931208 45.29816342380185 10.63846262696471 2.480515668037299 
13.94213612144199 45.31353449724308 11.21230689394462 2.325777724314193 
14.160545109226 45.69346509363439 11.04928954751085 2.375202120934958 
14.70720072477897 46.15248837523522 10.9063099421063 1.93896124345433 
14.32506723812386 45.77046583220033 11.49489474710087 2.155299269788216 
14.0673191759234 45.11340464883735 11.83002046923384 2.464083214862143 
14.83840956091662 45.31229672056623 12.34569700051802 1.673076700969361 
14.3717770958547 45.61213919954233 11.80795972489582 2.246303522395181 
15.00039015047888 46.01147034940124 11.89277430844206 1.643088877479705 
15.09393939342037 45.46924363175988 12.47447543306976 1.433423986822625 
16.11915555018759 43.83519927423787 11.33722752202672 2.879883618811007 
15.60122492100652 44.06899557023616 11.27562714118322 2.757465141522601 
16.65302176524829 43.83994172507094 11.34395502498521 3.161362784337797 
15.60587146668921 44.36117049236364 10.79807578925667 2.469648669027379 
15.3408167948167 44.5234745036227 11.00730921544358 1.954547055858896 
15.275973586358 44.28100893050419 11.38528691958195 2.072103290774095 
15.1969479968091 44.68659727923875 11.65295306039507 1.58200431959758 
16.24024384607914 44.09569276344032 10.9089815948114 3.023553148258586 
17.0558632615975 44.0994619625427 10.90186702059369 3.415735717003486 
16.69683545544681 43.54149016880167 11.72273350280929 3.077087399810736 
17.34063067198347 43.82623002320616 11.94362411662515 2.954552130354074 
17.22299317749744 44.0544107626164 11.45548516581339 3.070826929795103 
17.48266352429432 43.64697279698445 12.18144800470888 2.690293662688902 
17.88280078467058 43.91079589378369 12.47633743661369 3.08610334540306 
15.25387679634678 45.13529228026302 10.84560479253085 1.422975595531561 
15.23761669319378 44.87060122981426 10.77465822641704 1.673900802900462 
15.37754027738362 45.39045072150529 11.08111134853178 1.137025134047413 
15.72983171723337 45.56081742272811 11.05390719228553 0.964998056350062 
16.08305391839134 45.6834612118812 10.47962372508921 0.8848756578972257 
16.32053038400762 45.89083561753723 10.3825394533923 1.267887070405145 
16.46294020510058 45.90683588936858 11.09301098192131 1.287150914066359 
16.52531138861345 46.07233136938557 11.44905139881846 2.304526057459398 
16.21018791214913 45.65678611650277 11.18333045019341 0.9497406963063995 
16.32252898835577 45.77149959245414 11.73021815826967 0.906521651993792 
16.4608279662562 45.89183226437333 11.70919236971073 1.597939176666401 
15.21743364667191 45.15851146309748 12.74830364210929 2.714100824144566 
15.34775310455726 45.14053125377708 12.23839263630204 0.8505522837334922 
15.569874478923 45.46913891243519 12.14065128064067 1.012390986388056 
15.43424121444242 45.1982583318242 12.76551087424635 2.252111986229806 
15.52296662803207 45.41761361733735 12.66443273908451 2.637358124672971 
15.83301693450722 46.0697771512631 11.99485219592217 1.239374721307797 
15.32792971517609 45.77744477794469 12.15055689432627 1.467369528077121 
15.53077964695955 45.59972897745011 12.24288069349119 2.452381868994081 
15.78626944427852 45.59887185947273 11.67925473500639 0.8438695690499038 
15.80105431284144 45.69567123158276 12.07260871194358 1.653156157484879 
16.27352057343949 45.92385310948911 12.02944973204394 1.889678431725258 
16.2969558615387 46.06886738637551 12.00490038261396 1.78974797908684 
15.6543607642646 43.96827160283877 14.18862398461701 3.289066209689082 
15.83051814085095 44.25434375762112 14.10620556731378 2.84929677443732 
16.00257086800916 44.12295225134278 13.96282941593225 2.939379393407762 
15.33670477578922 43.74543240063903 14.98722095439878 2.241191098903656 
15.61758440932023 43.7147853365875 14.60113152659883 1.556326536913673 
15.20422775463746 44.01272674229863 15.02570445195498 3.815205912149054 
16.56355525045044 43.5903763684785 13.86012723507332 1.919764708963768 
16.39560590316303 43.60679911624987 14.12346055415158 2.597784635198295 
16.12432102186872 43.59187901587647 14.67916667290174 3.127486908587173 
16.33200946684383 44.1226792670772 14.0495829383888 2.962571654342483 
16.29312231796568 43.89576492799747 14.16451898645383 2.457355576173484 
16.09366267241165 43.59168063583915 15.02605623101174 2.525401766877863 
16.53524912301198 44.48125501146227 14.16680174586303 2.397977413339149 
16.21579438348311 44.39253563480643 14.21706651355009 2.324448957277099 
16.28932532668492 44.58357678355536 14.68392875922178 2.293773186936704 
16.48167884465985 44.7774367645413 14.99377068425736 2.24556404356143 
16.86175965135104 43.61293845573196 13.29268310455029 2.114183508996931 
17.2678834981777 43.93962955858946 13.16602437620612 3.305686554826153 
16.81976029964806 44.09125507292391 13.67907197931772 2.68843338883697 
16.93328446472015 44.28036021156396 13.74677973731422 2.486513253225084 
17.01290741263412 44.45281587223625 14.10708270848205 2.248881760734079 
16.94303771052946 44.6485131921369 14.93888814340048 2.142629163619247 
17.26589181921014 44.35642056995937 13.41477290775403 2.601513378843791 
17.69781945055977 44.5976694990028 14.42688585014706 2.44470452556881 
17.80347437741894 44.79118163847742 14.90099250987685 2.758189457864333 
15.79316632101795 41.68941933618752 15.2497360573752 2.009566821831854 
15.95128683963642 41.55591597299558 14.82746434927297 2.00575427468317 
16.28166725664572 41.86319217239348 15.65479536038618 3.228733834350237 
16.5144755153168 42.00651755447123 15.95726855815761 1.919472728543127 
16.33655017284367 42.01987046314341 15.98926607447862 2.81871935539651 
16.62982576460806 42.11714066011827 15.00016063955331 1.188080215705142 
16.05725713936613 42.23336872942951 15.44568996861615 1.231699221969393 
16.28239395303262 42.5640708922088 15.86907587730643 1.40462580426086 
16.05709451371106 42.91251626730701 14.96079473577654 2.006005275395651 
16.51148419358668 43.45311299587181 15.57995836918025 2.734417334059145 
16.62082098729601 43.19737631915018 16.16148873383835 2.387887594494487 
16.1316195659252 43.3979596496941 17.17519577895281 1.182420508211138 
16.84621315390744 42.34355422138653 15.55925117812166 1.19733753177853 
17.06571402677007 42.50571562283293 16.28171371954734 1.687440293578049 
17.43350117663034 43.10414166297287 14.99712129558715 1.87915463777118 
17.41993721858404 43.09205530455406 15.9472965082457 1.826639141763891 
16.73615160688688 42.40612388978939 16.37119139836312 3.255757697997936 
17.25527345617554 42.94609458805671 16.89377229477807 2.546087094165884 
16.70421417055291 43.22714964363653 16.56421996299002 2.836933606282471 
16.50162608412143 43.60116236923675 16.34929859039027 2.089283008927552 
16.8632511286547 42.84745150836902 16.68963933724919 3.211198822127031 
16.93449866843578 43.15671676112052 17.1493541629842 2.465058941713437 
17.27032068277334 42.80601294866081 16.56745109712651 1.803726977134446 
17.43137944740161 42.92955796365329 16.82435197795651 2.280608250791701 
17.5243681446877 43.05080129039892 16.20248822139473 2.076308833324035 
16.50577869761542 43.2664184037278 17.16107364041871 1.822114162388843 
16.80513307479688 43.34124922383679 17.52146233154394 2.701987222412413 
17.52874032900937 43.18746577794793 17.32166296036424 2.973899470170664 
15.26366682340662 43.77498861257711 15.33923208692769 2.200742692659759 
15.13537675590958 44.01174663221389 15.40414529299482 3.800291347364151 
15.45741303727184 43.79189213664092 15.8491216528017 2.978716225067814 
15.37705542092913 44.03326045279507 15.81464871223893 3.617912795385536 
16.07740215242606 43.6322788300517 15.34192741766102 1.279222262580795 
15.77123647675081 43.61393319253366 15.93866544912149 1.176196100338686 
16.34663855214085 43.646584654139 15.65733658090013 1.880079549784355 
15.57628854053569 44.44707486755943 15.12629497638242 1.99449837824281 
15.95569754026747 44.6095994252242 15.39213015277392 2.131076778990348 
15.48285366415359 44.37942696214883 15.59966223332001 2.118214682888649 
16.26218216087014 44.74919551239341 16.03143079009543 2.894768063510412 
15.50650955690374 43.90433748209458 16.35987914111788 3.508964143270845 
15.61351382352328 43.49057136896565 17.22053763279763 2.669097523338664 
15.6877051451971 43.6888628828005 16.5459301474034 1.370821745448787 
15.7613666396953 44.18143271378931 16.65650310722344 1.976601310298008 
16.26631679816187 43.6672417054214 16.5282488667366 1.110823630693218 
15.86949753655496 44.40013933237894 16.16907091891018 2.122504848535939 
16.35046741241966 44.46930249787592 16.71162229940964 2.448843271194448 
16.38928992952498 44.36786847130212 17.15800168936558 2.273306076594636 
16.7119414152526 44.75345680922413 15.06775112436598 2.023807270417521 
16.87166740858353 44.75444888446696 15.40042740842115 2.076240602109948 
16.66475571082896 44.78821846889704 16.60066897539508 1.996189815697122 
17.03399998074364 44.67813770973697 16.08058307320852 2.042489304672131 
17.28675241631103 44.76022586752027 15.2248134723934 2.39662446827424 
17.20673357108405 44.76325275874498 15.62419700047482 2.171148376817712 
17.69290389868344 44.76506212622729 16.0612066541485 2.350288507358968 
16.84546734684896 44.66846771561715 16.44340161582292 1.784947206275874 
16.77973744771513 44.83224083201594 16.96229969105101 1.964593641111449 
16.83397784450933 44.60756547362401 17.08508299901949 1.976905994428179 
17.46365711542071 44.62625548865206 16.49303443008205 2.173704281215663 
17.14579895109224 44.4645261774716 16.92432024205634 1.788967520544929 
17.51064365368951 44.40282387780412 17.0420189395266 2.279229488510651 
16.35694972261082 44.87266490820679 15.53680979199507 2.560268122174719 
16.52772942377862 45.17402782123855 16.21713884195476 1.44729797436807 
16.73350014186889 44.92688926415128 15.92540506995679 0.5815132257636222 
16.60646789808761 45.09043718579808 15.50370214237771 2.124641940316494 
16.85092112766339 45.20203513036263 15.80625028730306 1.386739903286532 
17.90602289123071 44.90385690812425 15.8192207250855 2.512670396045195 
16.69983485419165 45.01230721298809 16.37965758079466 2.528735671035236 
17.03449739296192 45.26522026014347 16.13998093743925 1.315268526124854 
15.86500125224639 43.79317853192599 17.47018135337295 2.242078104686783 
16.35747685059311 43.49884232166811 17.56346141980771 2.867177860295939 
15.93286043336971 43.62841239187692 17.58091974265549 3.581595758419809 
16.46063422739334 43.97974637264478 17.784403634504 2.769135137913921 
16.59479248254806 43.75100340803861 17.72739092155834 3.863140696378196 
16.75873580793788 43.97060160099262 17.64726970491459 1.706802078741767 
17.05153942663466 43.86053368120648 17.48874771518815 3.05396541907551 
17.22885907992996 44.07927242128743 17.38115460885452 2.244867388522707 
17.23499297017906 43.43466304786303 17.51001277514604 3.264652343654106 
17.74044432271419 43.77418996581378 17.96621717807378 3.884193611648413 
17.54398617520182 44.05506169160577 17.33666831806062 1.992302275682505 
17.93529555054581 8.273614756611869 6.991458019627192 1.577124660848405 
17.89986032426204 8.396625487356589 7.756839487453587 2.618408492924075 
17.83946389743654 8.571606704032801 6.830176614267534 3.12449579968856 
18.72774545838401 8.847470266667001 8.027859969080703 2.243775074401697 
18.92814432490915 8.721534993941123 7.912609209854629 3.223932241945107 
18.23366910355255 9.582727637308512 8.050429334856293 2.977737014941326 
18.86794987997685 9.373714239379371 7.566094398784316 2.994260033271516 
19.11994714419641 9.554973699582712 7.518650973138109 3.463529940833638 
19.11731096018743 8.841666508797227 8.024744275202545 2.287544885991977 
19.53579029841733 9.768882275641525 7.53529304612693 3.680399064185281 
19.87143946020847 9.864280127121027 7.55603871333846 3.396241669831682 
18.92146108614151 8.598175711201851 8.400310018316548 3.45954753279463 
18.74473050460864 8.785020415933225 8.79178922888469 3.614231178404424 
18.3329418764407 9.325655325579135 8.87549997713494 3.224798757874154 
18.14448932044601 9.65266366002451 9.149262318309988 2.684833936170719 
18.3096259363849 9.518693320015542 9.169275988543522 2.744957724795029 
18.50795109030138 9.237123596339456 8.392285253195549 2.944432601220996 
19.09367160671241 8.982190201754195 9.360438389683239 2.764722033142149 
18.55939371398927 9.216049646533508 9.180865317498666 3.043393064167262 
18.80285038075588 9.379287275670539 9.404252931130321 2.287885632265329 
19.25278075542766 8.839015967575245 9.75318555233228 2.357859508441564 
19.26141861530058 8.91227743789873 8.588622417491385 2.32917166374402 
19.83426775936227 8.526290765003086 8.721078334510882 2.135708920302235 
19.15721276466553 8.860863944177973 9.022111448687257 3.962067760862311 
19.97441491051725 8.599153886784121 8.415707557816326 2.582272996065498 
20.07099597737703 8.42231798253183 8.956334091981299 3.173350168568817 
20.30603970231884 8.412204288087105 9.547626196958962 2.163159792508964 
19.41819387795864 9.366666896587088 8.076013924966201 3.134500790537331 
19.42099589890032 8.910888411639334 9.042743064568048 2.427479934634917 
19.56267737416997 9.007400115108059 8.850335157463673 2.221542763130628 
19.93699013231116 9.454603219815723 7.978656645393778 2.99443235294433 
20.1058727973862 9.100372313510183 8.076543075514849 2.711497383285149 
19.57777307349798 8.656042199240956 9.363902921600106 2.19243426172882 
19.83225856937429 8.44878814429288 9.367725213445457 2.180188500437851 
19.95455492025224 8.482928382237752 9.7627344480077 2.230472446437275 
19.99098333106767 8.714659678127337 10.20915345159224 2.301728372783302 
19.15514691842769 9.289964904188523 9.905252616414225 2.113309206923333 
19.64079141219154 8.752925888526308 10.15814651556795 2.571339405029818 
19.65265708258583 9.466060562973885 10.15427068081705 1.7653177211686 
19.92614658998874 9.315709027404861 10.23376093523486 2.461049282168503 
20.40553255096765 9.094306302772287 10.14171189340092 1.696969919812162 
20.64226229349052 8.280347963986214 9.98846698706252 2.148912172474368 
20.98281061393731 8.439088006164534 9.904395458136856 2.957754284749711 
20.52974236255334 8.97587395300034 8.560592271439846 2.676187012850377 
20.47545105366755 8.71233101573535 8.84710257455292 3.401134237188927 
20.26973271929421 9.762243821549802 8.130441310572992 2.578657151515984 
20.65637702057463 9.154823894678822 8.84462529442399 1.960146728080446 
20.7800158539754 8.46788492312913 9.404492636791877 2.995871765193456 
20.93629450648237 8.741734710957028 9.31140301857708 1.959432246868673 
21.08835296779957 8.753955417437842 9.98630765717332 1.514493016533962 
20.76483250768434 9.146643232164728 9.512860592596171 1.394937996353249 
20.58333087859258 9.181143161747061 10.0209944087584 1.33626222571678 
20.51986323582407 9.552660795345773 9.630022943306193 1.818729443393352 
18.31099157416024 13.61586887470837 5.803069386277218 1.466962702024361 
17.90374030923447 13.89279312372572 5.193535211651526 3.692441361225235 
18.15346479029568 10.23225034777482 6.801571745899176 3.253006935087683 
18.00461683437943 10.63554195925549 6.27320358485341 3.038702526771246 
18.33884346427558 10.50628776655667 6.83432726673044 2.728430813392563 
17.89660909378993 10.07364472684751 7.065347365714741 3.363224114068473 
18.52661015682521 9.638692329528743 7.446386656126126 3.28951329830511 
18.59716751461614 9.432758285268763 7.786716489598721 3.367457727718502 
18.45949686147184 10.00232311509161 6.923927260320665 3.255901126976497 
18.857190762579 10.3389734078965 6.899776056401188 2.896442904182919 
18.63551164092119 10.73480670490969 7.167411335004076 2.776264172844009 
19.14129393402964 10.85754122925626 6.912398289488474 3.165830597019962 
19.18973234835599 9.953018426114491 7.112127919524855 3.405718637140808 
20.01781159938675 9.951567181450169 7.694677986200314 2.992031146944683 
19.41833471514615 10.36603974775448 6.871245753800006 3.415213635521525 
19.33815318626319 10.89253215624387 6.960122087095547 3.053909276875331 
19.88210045913414 10.46208505643929 7.259750104095692 3.062000720251561 
20.11819202871591 10.36405943895822 7.913663032812981 3.025837971887057 
19.99342468464446 10.95302643262682 7.603866692070945 3.194998109201521 
18.20385056062667 11.01644359289259 6.218976856786583 3.153823747427566 
18.27392514439479 11.48300378246634 6.283446096424998 3.180100141198423 
18.52793039728079 11.20104597573576 6.595368971538527 2.886610642804044 
18.77036483934581 11.60069588469983 6.587043647031954 2.892113807812876 
19.19078603116424 11.57368889667942 7.06563390156105 3.123400412089438 
18.01689081418911 11.97401726694717 6.715805856575181 2.644545350788647 
18.5896273104823 11.93581590040356 6.471433560958616 3.211168906940074 
18.13572412950629 12.23315219672702 6.885196514543638 2.813219468764331 
18.8550036565129 12.29078948452127 6.407803264232432 3.303262195291396 
18.83760225695566 11.21608357491379 6.864654775567639 3.126034177932894 
19.20814694887778 11.89489682483118 7.131308570548612 3.147619624510654 
19.37754687363817 11.19871072756284 6.972011344934005 3.11567532730416 
19.70993015132483 10.95498150833882 7.240037921472225 3.363332710295097 
19.78014874933162 11.83117859201209 6.889196817761342 3.276900768626106 
20.01016365241985 12.39893992889167 7.438774973438851 3.785719372939468 
20.02807979823463 11.65139589400712 7.405501966010364 3.269118722046485 
17.84166322930854 10.292133342689 8.739040416243657 2.077643337520271 
18.27984557699024 10.63614333460756 9.245294353740118 2.548390153764487 
17.99234827055548 10.85198048224953 8.787242606525965 2.34209277062547 
18.49143667640667 11.19714248030379 9.03210181336668 2.268545873694748 
18.28338397813036 10.11431033806341 9.058297416616661 2.337912430596049 
18.78085653898718 9.970462900675749 9.419166569921607 2.203227907061134 
18.77449194604624 10.24173506998211 9.410711936363375 2.338421398571398 
18.56990321713666 10.82364299751375 9.369879389663888 2.39445766620527 
18.63354385369068 11.02744154050146 9.538343103936356 2.055035652122456 
18.9293205392519 10.41714662946232 9.758107851949207 2.004637987432886 
20.23436243785698 10.21852065441808 8.493708392331225 2.888429117353652 
20.43609279539018 10.84798315281172 8.691415446380189 3.402981192635707 
19.24542394480282 10.02629691909492 9.737081124831317 1.988870020225548 
19.45957911718348 10.00645285401909 10.18541441524131 1.66631535647074 
19.75916697616132 10.91467545290138 10.36039591982709 1.915738452637029 
20.28242190755114 10.88070363146095 10.01009892401701 2.793371766711104 
18.31170321972263 11.45597305311781 8.718334526886109 2.765324025055023 
18.45799139404161 11.54203305204903 9.292802738269579 2.026219950735452 
17.9975375176472 11.95202110391921 8.907720649768541 2.388197605986718 
18.31321933815533 11.67643262086564 9.454583905443396 1.932266388532199 
17.78607357050115 12.13536380039599 9.187734408978768 2.027404264301282 
18.91220539668789 12.3069250912942 9.75755179628616 1.790528437628751 
20.18450975590281 11.26179534335943 7.912028850207214 3.344902496347132 
20.34055806184817 10.95516545966611 8.296143331084297 3.290198479025548 
20.16688148415101 11.66304274094639 8.141594447944756 3.75089850511867 
20.48418525441977 11.0568932690613 9.17401418515478 3.270029905857427 
20.17153160929256 11.79020711091315 8.947349259064039 3.141987783218198 
20.13220439754376 12.29180787228438 7.99974328399457 3.668041223392493 
19.78253622472642 11.20472055506383 10.03347056717769 2.844413837311492 
19.42983009515315 11.75159625450314 9.699583227550022 2.819378104205185 
19.10885336559875 12.30461103538745 9.449632577713324 2.949908309825361 
19.34969345177559 11.63163812722495 10.05447820107569 1.781948311232711 
20.02583998185404 11.76719453106086 9.655352810078789 3.064024912936134 
20.2291456410809 11.45620869205165 9.905721153189907 3.026058237818418 
20.06628445263686 12.07529453517799 9.423234856757503 3.448630128743673 
20.46968617979784 9.781267853123094 9.274606348647129 2.253359818343284 
20.45022650653031 10.20261549145682 9.390150982494319 2.294440336585552 
20.57291364195467 10.03540310347747 10.12441406464448 2.071486955963366 
20.47028560352078 10.5576219034627 9.477799603824478 2.649414559712241 
20.4134455924198 11.24123187480149 9.674440293196987 3.098109990096916 
17.93236349127963 13.01364465926589 6.544191153310392 2.357890243222684 
18.22215432980845 12.66650776769309 6.688636270337658 2.990892525753452 
18.15871230241196 13.28869081210868 6.215718992764282 1.635693576895846 
18.32778653460741 13.26391609357762 6.336526734324441 2.166514596317498 
18.92495753188949 13.09935929233387 6.360481789558563 3.424266872648275 
18.72162447086294 13.46652856195896 6.556103681541981 2.780874799809112 
19.31227247206291 13.63144413145395 6.619083823047161 2.422904550218831 
19.24563101469491 12.66451885659471 6.572411606158956 2.981578452784262 
19.6870173309375 12.83685764054727 6.752404975862329 3.15898186329369 
19.55797121483193 13.08921338681232 6.650166449884048 3.23201671877095 
19.56788609716397 12.35886666485249 6.922678959370753 3.159629752479702 
19.77901084143441 12.37108408806509 6.99926510403011 3.357327543861302 
19.88095719867453 13.17353715993181 7.022058214262658 3.123637069904063 
20.09575903085646 13.02806228323201 7.64135310497697 2.767894887046452 
20.17382825928326 12.90136292997684 8.133329044495143 2.773594139958831 
20.01222331455281 13.24838087319664 7.266029197883709 2.686326622040454 
18.14564998383618 14.1984757122055 5.93536809596667 1.696631120074947 
18.5647050465637 13.92765613546101 5.826594996829245 2.457898352408066 
18.64364658639663 14.12375145766088 5.952081382518313 3.576916695342078 
19.14879529696325 13.96468908858232 6.239851565552288 2.94072434742958 
18.35560977113359 14.32225921309105 6.246922708769522 2.918160305420955 
19.16819139076918 14.24705274310366 6.445258399350036 4.113968064693864 
18.18697681147719 14.35709555160166 7.011493016987323 3.025551933524099 
18.25415840909981 14.25538659907856 7.846068607536198 3.138869022528667 
18.92330450049792 14.38093620655413 7.993468312119722 2.880391767192194 
18.90015362867415 14.41248952607934 7.132861288380349 3.014954990790955 
19.59526919241195 14.08212919697957 6.424909199369061 2.827289441764052 
19.33789896439668 14.41927896281412 6.76738167643197 2.462245479849699 
19.84949563373647 15.028645832163 6.898173509191833 2.199487689097353 
19.68968144828903 14.4032387632893 6.484608696696414 3.851597122386551 
19.92268917195612 14.40804453784341 6.550045759017602 2.869994190739249 
19.62524997890091 13.59907429231341 6.808139086209184 2.594181289459769 
20.22145458852839 14.43327731586362 6.77573065895701 2.183891631765746 
19.38105781135816 14.74365646904681 7.692805968070409 2.01243622099723 
19.2556875964042 14.55701769690863 7.306212894130272 2.145915121518073 
20.42810551040547 14.31745901787776 6.939896611348688 2.178986770496053 
17.70389683590711 13.70173188759168 8.227746566489246 2.843401228722854 
18.29891455927136 13.14397403809487 9.092356955906867 2.357317142004064 
18.43840876061052 13.27137578578312 8.920723657682418 3.134733555279681 
18.21801050376761 13.46401053504224 8.634273110578253 3.04852925588952 
18.71458254951781 14.04698507291099 8.627448955760736 2.682527598195463 
19.05110904505596 13.56963412217628 9.065275421497326 2.465304615063857 
18.44310308235212 12.61045104484901 10.14627406293185 1.566113413265761 
18.55068849458089 12.66297333464696 9.471551013803008 1.754739424202668 
18.6323714236064 12.80263603929297 9.211866729450071 2.777863610853501 
19.04288385300098 12.79915992723101 9.223258986311253 2.856736435555263 
18.117242613098 13.13335070582797 9.715004967240795 1.501584920709853 
20.23909708094612 12.64352184580938 9.027188407956123 2.217950072116224 
20.34686735222826 12.93762243616213 9.055924726977212 2.585821838792171 
19.56467802583837 12.25252907854265 9.413053129980984 2.477474973691812 
19.86000493914584 12.12171184353675 9.494823198361209 3.14416524001129 
20.11251297060886 12.40309033790553 9.534910685800041 3.564989141484972 
20.02482163721998 12.98775826917546 9.61401825408559 3.041460461130427 
20.30634606647235 13.10305560191677 9.549604250463998 3.67593760335788 
19.40591736773026 13.27672676446765 9.334545733547886 2.435390862396702 
19.71015078807374 13.54240921075081 9.371949958264642 2.357986135739779 
18.30334521614412 14.05223023637935 8.277409141570649 2.95972110584286 
18.63402714808871 14.24348112447033 8.280956830987785 2.951892957091559 
19.04049251417505 14.39928183617513 8.497828608428815 2.666653083746908 
19.45849756675261 14.70380217103591 8.78055687231687 2.120375952697017 
19.38384805195886 14.46402619624416 9.063937314727823 2.27695757349025 
20.42038690588279 13.59905077726612 9.467639967455483 3.108458186001528 
19.62415817328073 14.16050631678478 9.249254728161199 2.43249216273999 
19.69367589567056 14.76285904635787 9.281377977243814 2.217784923892339 
20.40121155515169 14.73495544424053 9.327903994455733 2.367016219331418 
19.91164993671688 14.74931595103332 9.364674421831445 2.841053296343816 
20.49206901936568 13.73057541522227 7.400305496004908 2.438447743726911 
20.81965979320536 14.62986294646314 7.343604930800889 2.278171597344496 
20.61220835210406 13.55110789612887 7.996726941408679 2.451433188750173 
20.70973979102403 13.48992035692996 8.745260414447932 2.817302891783953 
20.62181408197168 13.42452080665881 9.297415550722045 3.587140722730965 
20.78495292260613 13.87255885524199 8.03424393953807 2.973129461454334 
20.90143156055293 13.92492105239882 8.570492876976516 2.674640643562952 
20.95762497914363 13.98459942594666 9.141759980197584 4.110975316606925 
21.01783987248003 14.60682349178578 8.051834546672577 2.709581172131578 
21.05662417327891 14.50527997166183 9.076942386245333 3.792543723739385 
20.68542609119635 13.85827692546619 9.484892066445031 4.281720139235944 
20.89818491581496 14.06893314129529 9.485923296411688 4.025115861460932 
20.22925258096733 14.43030600219308 9.356925685393488 2.206297696999414 
20.64558776815475 14.21389334660883 9.584168429780402 2.612368493738344 
20.89558604840027 14.62202801054931 9.392196746977246 4.028969183419235 
18.10455076317357 17.93136696945287 5.587623065757819 6.504771365423949 
18.39144963892859 18.14609824791938 5.494556045280141 5.334920358198247 
18.50472134940674 18.77762928646726 5.561275934567528 4.302947628062924 
17.96740821191683 18.77934431720733 5.051027756094073 4.12568826122768 
18.03757432960492 19.36882038977106 5.18919514269057 3.410196489851472 
18.05448385824303 19.77475281713151 5.292891567414185 4.073609199112298 
18.46160820667185 19.43347742649471 5.605925563285072 4.326774869575587 
18.36318777455896 16.0227470196346 7.948610346118439 4.08113061474802 
20.20553095855882 14.93868309381067 6.730648332005592 3.266581258517206 
19.66360452163445 15.14276211516906 8.034057833421105 1.901666635550441 
20.06740909122734 15.24380992753536 6.899295593368276 2.423084860934736 
20.31510141273483 15.39146007106387 6.926993464478662 2.848800100374419 
19.60086404039371 16.25597382498694 7.793767765776581 3.803348433592902 
19.94355773281239 15.42206215789372 7.43889602749636 1.909831022807197 
20.15320027737009 15.69699123610905 8.226121202196779 2.575889791823926 
18.23042438489918 17.45132611105751 6.397628054102538 6.127836731389834 
18.69881850789646 17.39082496224323 6.497477356675101 6.053733125123756 
18.12458718626762 16.8316390222802 7.449573612543556 4.302026404223483 
18.15727318872857 16.05374431554214 8.055446335552357 3.310603300211213 
18.67377623632881 16.40530912007178 7.455252429463234 4.381977814844021 
19.11939493846828 16.2454104840171 7.737097753530291 4.396310057975967 
17.93325063085787 17.22389357555435 7.162963688426932 5.121160775101799 
18.51509255270077 17.02527518600427 6.933534100855368 5.194488635492405 
19.48556073923059 16.66626767754895 7.292615529271147 4.142224393064481 
20.28087447819172 16.98346779247549 7.317311631498883 4.180527716484733 
20.22013303295386 16.54630189080541 7.655634927283435 2.87755638118459 
20.43168377302873 16.28223810038696 7.540217513602588 1.831346480840253 
20.19410688019569 16.28731142042173 7.823574747920196 2.438491796913183 
19.21915279824716 17.19477112721861 6.821300736910024 5.220999638092479 
19.89889644668427 17.22029068216615 6.965063873146886 4.774483918384846 
20.37067755021024 16.88327422318327 7.445582782429763 3.380021286646254 
18.17679980223798 15.59225850352131 8.15857030856443 3.665781192487458 
18.6543198930874 15.51037799884755 8.337722929275943 3.502093485400707 
18.58822811677527 15.23795021306569 8.753014515302972 4.409624774954295 
18.39191940413651 15.84026125867008 8.051294695291219 3.369706079406711 
18.90041989356325 15.84252966180431 8.377166011878678 3.678875438635885 
19.2358846735839 15.77320639326472 8.607528685839252 3.336192874073305 
19.00341768253145 15.9804006474999 8.222055394762576 4.40804254842223 
18.27496206668939 15.1275600081019 9.626797312198356 4.479541484437647 
17.98956098374871 15.08065667356034 10.32779394510321 6.201047799612184 
18.39302415323393 14.90937572624344 10.25120915727785 6.107178860506281 
18.92850800067106 15.04768729773019 9.78776179875053 3.96022039561845 
18.68819237748746 15.05979527283424 10.29395662574189 6.449702014004117 
19.09203071113386 15.11767253502519 9.941262819116437 6.360380593112751 
19.60677442637402 14.95260185596061 8.882397458745233 1.963505424961255 
19.20093541794056 15.51151785650693 8.761422359723007 3.15430321001304 
19.50738228459003 15.35867927018314 8.789727933049983 2.133880405724128 
19.75663470906817 15.412987438628 8.269112386994443 1.948943695463612 
19.8950766519287 15.73383826711243 8.576935281237619 2.16183635283393 
19.98221949369961 15.95441764194487 8.220664709993297 2.98185158253915 
19.56322356578991 15.18736465868937 9.348457194275017 3.617950496717043 
19.22562815118985 15.25688330450263 9.26824615651412 4.20792470037523 
19.55786680960442 15.25031952370856 9.655781243034028 6.941765859737643 
19.75710176204368 15.05342731010361 9.500719967986152 4.633661249263156 
20.36603641498368 15.05553017227618 9.391807177968873 3.537118022371061 
19.92750866827197 15.34047379467539 9.964812174827861 6.156566375389701 
19.86826980907954 15.61265513901542 10.23455554095468 4.134356698894806 
20.21808535464698 15.81484170563133 10.06992349312891 3.618215225631758 
20.42043526376853 15.5285006857665 9.870691681482512 4.801544049074266 
19.79324651642523 16.03291825707938 10.23482305917433 2.643286863951047 
18.40506545898711 17.40318808163276 10.2331146368219 3.554568411496916 
19.04497072627554 17.19888197258739 10.03237790009851 3.4836731065827 
19.46224010075998 17.1249926566922 9.95537404525534 3.534206004309198 
19.18358951977788 16.62593263091006 10.05364611582019 3.019697367517793 
19.8105308357184 16.42703447386819 9.995287713036188 2.899464542964111 
20.4151353633786 16.22711072965668 9.885982381255959 3.476955712821081 
20.16335699294794 17.18818971680719 9.840013225307827 3.519994241519242 
19.84230436319694 17.48135994743334 9.77150807396197 3.477776946172611 
20.69248525751015 15.20770410956501 6.870788405668246 3.114268084125939 
21.11969933795679 15.25126178848269 7.391167251172823 3.152028016615986 
21.46870343930727 15.40562019828697 7.966154626234628 4.172923521838527 
20.6216529000879 15.70609602230427 7.349393719452829 1.501264254493499 
20.96105509834853 15.46813810324998 7.132694995754601 2.879109921920943 
20.84475877616484 16.04336456955759 6.923518654696158 1.798392648523233 
21.15845374809168 15.80882533947511 6.961739883433935 4.0011787943304 
21.40679753083724 15.97826633211619 7.081790214730117 3.38825472471126 
21.05931948890149 16.29952961785116 6.626303270434159 3.127208451470224 
21.00010528554575 16.7209874428462 6.686834734860497 1.673337639261071 
21.21111547603237 16.59525802214728 6.541730107296777 3.715000690567422 
21.37214730933367 16.60577433362624 6.64361232765926 3.610479486122358 
21.21387069857158 17.37078930748208 6.844934669700176 3.529313846749034 
20.69661615814648 16.51035682107794 7.033200718382889 1.486695251097657 
21.63250511017479 16.47984278316244 7.15177647783929 3.975060787131582 
20.51863899460822 16.86056281343514 7.332117776386091 1.904730688329579 
20.98899699657739 17.18464142848076 6.89154813852284 1.613237823766035 
20.47214971539435 17.5877068628071 7.026936368370468 3.757046280936862 
20.9849940423538 17.63472890904204 6.855799644698997 3.003101405307078 
21.59502354203015 17.02090412355789 7.185827375849105 3.62812329947073 
21.38213022106999 17.63255246063627 7.037662808374663 4.871109152661603 
21.76319871774477 16.66380700745488 7.868058058791765 4.453534532247943 
21.63563506320994 17.58408413431998 8.012874748878614 4.515938431834286 
21.20835186321842 15.11101963232393 7.794365664018704 3.550185631709184 
21.20756143701417 14.8697866259463 8.496474246855477 4.282131575505872 
21.65918776657973 15.47023215470403 8.690653006605892 4.747649176090306 
21.25940274027894 14.89999648564977 9.16504887924496 4.612417778349993 
21.67977578905413 15.58055986371502 9.217577855721331 4.780873064684101 
21.71764028320163 16.60665973278885 8.931177707435863 4.494871993260375 
20.77329899441323 15.3825396402556 9.704484200198699 3.935853861146398 
21.54693098643117 15.5834173644892 9.570080995945839 4.93468056413343 
20.95003505093558 15.7439598151072 9.679825486681013 3.532803268898874 
21.63945077344837 15.85814841442459 8.092799437801887 4.514493487324557 
21.80930461251226 16.13721899162116 8.750294258161246 5.182299221300156 
21.50245235176571 16.41314101544771 9.257311225516013 3.797680530157265 
21.6468296732258 17.44733864131166 8.49483744645798 4.634293156362986 
21.46675776113506 17.05229379099902 9.201763954545566 4.154761315181929 
20.91951813802406 16.58414357325147 9.457691003102832 3.473344171140923 
20.54054093822417 17.1450367858955 9.68940971823441 3.773414395970207 
21.29799007987177 17.34827611886368 9.233921553243654 3.83365169838612 
18.01780313360482 17.74896331657723 5.873327506340087 6.056843484973115 
17.91267129918424 17.48261443458138 6.571886636414489 5.866574290188254 
18.56888443363718 17.83620956215993 5.915619573935773 6.116028838280556 
19.34764828811199 17.655485711626 6.550324379162696 5.455477742040557 
18.84216240076888 18.07289415393971 5.983042208191468 5.085638334677299 
20.23910440693425 18.33048872995028 6.621248618436548 5.088230301218431 
19.39543410740447 18.16039486588135 6.4102329278411 4.956009272839566 
19.87328869048671 17.62124668068373 6.815898189200415 4.526665280242298 
18.81629686874709 19.31411071846531 5.826937427991587 4.764199650824963 
19.16080274181693 20.03253383594 5.812245004585427 5.360510136958879 
18.67868047682591 20.34968794258064 5.641465207403095 5.299504055217881 
19.32808802860641 18.91586555323754 6.18127408526583 4.989275370532766 
19.37639443532915 19.46626985487184 6.001675889112444 5.000031724330654 
20.00791333264603 19.41950500191137 6.127470041032256 4.733049745261155 
20.0136818879156 18.64888540653333 6.351693988084347 5.001534040431807 
18.92807432091796 19.15251705857157 5.946641133799096 4.789608299275528 
19.42113347147162 19.8842449230709 5.942403052772127 5.142937801815208 
19.35643725022203 20.38236482121912 5.746102712711242 5.494921940535988 
19.93360612883626 19.81323206869353 6.054098649824098 5.415388932735766 
18.31862347135821 18.52504840162736 9.994519450441812 3.619009412375902 
18.07614347497094 18.34691008589649 10.17345944202137 3.564251096941007 
18.63415096615786 18.8128574840372 9.865522705796396 3.859513992206018 
19.32873921702468 18.47174755990189 9.858972435739423 3.961091214416854 
20.05301234149799 17.68867634577223 9.705402158033504 3.595251016772949 
20.45668839368833 17.74880366228651 9.64229496672041 3.708743908725523 
20.44405382310684 18.69573996653107 9.381075538156265 4.131070945894521 
20.06135569856248 18.60488544547501 9.59776257566514 3.848579376677634 
18.20546725813442 19.20203822761907 9.911145366162613 3.858451388373425 
19.00941485502929 19.35445031213387 9.678498578878989 4.033539650270342 
18.14734475753196 19.83029551954282 9.788642475441353 4.039114529768455 
18.54322808478068 19.87552717176873 9.725268825005175 4.159414561043519 
19.09857105200842 20.17018061678867 9.554756906221073 4.383796904089252 
20.08055936035621 19.51991045596648 9.169224118435602 4.196728634308784 
19.67371679283176 18.70812219245033 9.670521145218242 3.866543241546736 
19.49167626310297 19.2110815585582 9.557635367828405 4.165455789620495 
20.15065943693308 19.999993783215 9.154743898653553 4.234945490544817 
20.74525523659902 18.03428365235671 6.827963667023636 3.705764683942277 
20.68702995116503 18.45029690314374 6.683575248427172 4.860213467855971 
20.87682562875147 19.03925808240329 6.601637333467057 5.625447638388266 
20.91458330775551 18.55012185233814 6.811971240672849 4.918589062130167 
20.36787636974536 18.07702825338906 6.831298673109322 4.433654046428188 
21.2379028546721 17.9674989220443 6.930281399608714 4.84496164007291 
21.1482705625028 18.54097575913592 7.199228865248338 5.235694141844561 
21.39215552501566 18.07502481383572 7.442134059870956 5.000164908382175 
20.66909749422578 19.28311859736036 6.283643462764802 5.39552852697301 
21.05004837473392 19.17368095573422 6.965952166431011 6.179149882759702 
20.30752236322061 19.9461291782386 6.243800732374394 5.381230296998837 
20.88318887040722 20.19342000470045 6.455118973502429 5.865159670662564 
21.18130270656091 19.12143246786585 7.85349879013797 5.974914803433848 
21.04735192507556 20.10131203302248 6.991763891662659 6.651785658651562 
21.09611791302859 19.94544908346642 7.840813268943461 6.551092368745742 
21.471943738426 17.83025311554874 8.801955258697712 4.415940157778863 
21.35347092818089 18.41680797575791 8.471798885859869 5.082173500352354 
21.25319987970706 18.17630326823449 9.06126528718041 4.167031869196336 
21.12685499553794 18.80226861626475 8.95052069084057 4.346834436720002 
20.90140879698487 17.22678118012982 9.44458332592537 3.700371344551314 
20.93660863775354 17.87630412210029 9.333589682022717 3.853700610806413 
21.02960881553761 18.22924711114713 9.243753611517043 4.109366863061638 
20.77040507055279 18.88446747728464 9.131528271124161 3.748756085976055 
20.24711611599543 19.15653434635298 9.181521181385254 3.760944680574141 
20.70156221997978 19.39720471419333 9.009919812707219 3.930240460722615 
20.98793277293392 19.33005253406554 8.885865895490529 4.631752824254136 
21.15734101945888 19.31522921859207 8.445834280642522 5.553373347270281 
20.6711705195545 19.99955690338095 9.119057911345786 4.360789256739793 
21.08292848269465 19.85913964056062 8.417855870679928 6.185426334861518 
20.90810799416895 19.79872659078208 8.928116971945679 5.254936983405344 
20.99527360698157 20.06698493072716 8.883824555915224 5.126969648733507 
18.01345305033674 21.08229658451107 5.019061665622544 4.067461423294105 
17.87780422188443 21.48561101597661 5.11851751541502 4.015407358800701 
18.23303991098308 21.60688436062473 5.379777480514585 5.109702848700209 
18.33791366521456 20.6861362436052 5.388852086128677 4.849571857240932 
19.09439685301239 21.10445374801121 5.625301144876337 5.554306045428007 
19.7520929480666 21.40190296906349 5.47497778962169 5.41595281352005 
18.20604004524847 21.97231018305903 5.333768078407541 5.968068323591524 
18.5771002779171 21.18577623839207 5.448362422318204 5.206090400669638 
19.21397256022917 21.3794225448322 5.578789707276312 5.124595694239787 
18.94007776686588 21.80331890292519 5.618291775714514 5.433322062823748 
18.11416504040339 22.77103158050712 4.846907957919309 6.184480113400099 
18.66175319816871 22.36574165242458 5.431906908833186 5.969670220383506 
18.67040535387691 22.71548641465695 5.387363802277578 5.647884028605972 
19.74672031184718 21.92552820323686 5.601150530471374 5.120167426975996 
19.1910238261747 22.81672331350929 5.457572816700841 5.718576074167714 
19.53349867578866 22.73819685096095 5.621666049530487 5.112759115334796 
17.76520371886962 23.27132503882654 4.622208216806822 5.909274736294094 
18.03391778893812 23.40871095479688 4.853150262770331 5.662805969738343 
18.62028816203879 23.32598074742332 5.460578566334928 5.557735227406852 
19.15447441959013 23.00826915661479 5.460691675219945 5.521907488156558 
18.2259214005488 23.71220041233799 5.365183412017204 5.486747718149275 
19.79696848571403 23.33232235279238 5.758982949635245 4.688581024748203 
19.59797469535019 23.93821522065873 5.160362961960008 3.740097893235969 
19.82855312276336 23.83142335411851 5.056828847176408 4.932041880724995 
20.14392632777868 23.71786832216853 5.129544775204244 6.024342478431265 
20.53349432391658 23.63499600688677 5.505676682679879 6.311993802702602 
20.13552647993536 23.32045619261669 5.718506736712633 5.236693636926589 
17.96727359455038 25.20858956142794 5.392749878607772 4.880061989503361 
18.15309793663663 25.144588606551 5.502364647732149 5.660986470696031 
18.67153715322441 24.73256047013665 5.628607146634824 5.421842417176833 
19.59211308753347 24.18081853643101 5.155507618709295 4.040884443363893 
19.17632761786883 24.45205415435935 5.684926667102427 4.528270455410933 
19.81979295143447 24.52747483980365 5.296177256914387 4.410427567437154 
19.98844686991507 24.11168167717196 4.881222058513879 5.346463112595728 
19.85472924516034 24.41875027236864 5.131672165985492 4.728081775240895 
20.09829667401317 24.36105457528898 5.109645703003997 5.872115566325675 
20.03807620899249 24.80142613626587 5.679823694452359 5.656279131619669 
20.38057482868901 24.09309766447493 5.172753682274696 6.625222611822124 
20.48204913213268 24.5288938371667 5.686642601973494 6.412180173618481 
19.80809446600693 20.96154205422269 5.643848650061085 5.526272646669781 
20.07505090105057 20.35836000724907 5.959309702391258 5.775722277197104 
19.9062221774141 20.59268333668671 5.746127552960751 5.637016210001889 
20.14910142595575 21.85999418245792 5.72437710506822 5.203830369764603 
19.42917125537529 22.4835360437526 5.537770923253336 5.397036170436223 
19.92197818994661 22.55813324160585 5.73761322966379 5.344273976585811 
20.11041147449893 22.82239514154999 5.956393440793302 5.31991276947582 
19.15397685092818 20.66038179739535 9.384047672728379 4.473513369367282 
18.70311388482557 20.99736133914505 9.493548634087777 4.830648247606717 
18.20964405221197 21.52935176864214 9.722833342735479 4.680258865615031 
18.62540117955366 21.33460567853969 9.58310578870131 4.964747785807646 
20.49931527211394 20.88217491337934 8.658117980649905 4.119556877292752 
19.75763530955158 19.853177951696 9.359002326803079 4.568915359355458 
19.88009791333823 20.62832315731474 9.062978339338526 4.260121374253032 
19.75449157295978 20.95480715397954 9.090420523252373 4.49785859439109 
19.22530227085761 21.24178224707178 9.312610582280563 4.804771610888963 
18.07772431816099 21.89089828471297 9.740405769666292 4.935562037655956 
18.94226300384062 21.83542777301632 9.458932233172099 5.072197809994918 
17.81163834500124 22.77378631122722 9.9095752375052 5.028297478034148 
19.05985866014125 22.20161535630808 9.508389953130228 5.209804801417278 
19.34861498343406 21.77149832144802 9.366900292849659 4.889663125328212 
20.01262431413776 22.1180294614815 9.160554671637376 4.860431479903383 
19.52983074215935 22.2630297472993 9.278969810895214 5.074436121654628 
19.56801265835709 22.69637351160031 9.501872233174931 5.176843182955707 
20.02002256843144 22.60029731639181 9.363627274220786 5.013332508208208 
20.71311648815454 20.12107472188433 6.300425074679495 5.485886324683747 
20.7284784849958 20.51215793135425 6.048739626233028 5.909525532108034 
20.55886333460614 20.80620720961862 5.781608192995745 5.927020589115784 
20.95775296902659 20.94158306310869 6.051137685097326 6.064613237640287 
21.48088288100314 21.64388955370911 5.996774347374217 6.138403758936022 
21.04841880081963 21.11193130953183 6.098955480259466 5.936874569739985 
21.09213613798138 20.73567636255203 6.555734889157799 7.189022666081314 
21.18230946590123 20.72862204271038 6.979677619135748 7.093290789442449 
21.28693703131681 21.03166498160693 6.64570472701884 7.613722428352787 
21.2957024578943 20.60531751297312 8.181661275338056 8.027357669421008 
21.59580752702878 20.9156157492719 8.258077947430527 8.223031677915117 
21.94222160094844 21.60874762182616 7.821567052192253 8.166422309062625 
20.63360159326982 21.35806162458531 5.836353223221773 5.336345632448058 
20.6897800734785 21.76469694621836 5.824736254770876 4.849603001819133 
20.36437207086945 22.11785828772989 5.938169688894137 4.975614375020484 
21.30530261155969 21.81202856409785 5.887880676101253 4.967511867123051 
20.90751508232533 22.05460126515881 5.964695498988785 4.170495883927117 
21.68160235137282 22.21833337537475 6.036706799007653 6.047502160497999 
21.9484270762205 22.81892004901785 6.272674800276117 6.792017810178663 
21.91977980040728 22.17835791006756 6.433065423083583 7.077763578020551 
21.74278621650472 21.49890452259017 6.663696623261862 7.427688486406282 
22.00762251319899 22.07934424917491 6.958757015980208 7.984619931780742 
22.1455889941936 22.45682502487377 6.932547799923295 8.262697576631695 
22.15886431096174 22.72511314524129 7.741002959640875 7.060412769585525 
20.37536320244052 20.3526914769893 9.039504323511409 4.104572237206895 
20.97710916299483 20.46943972562153 8.713919847474969 3.972304901757809 
21.16587466006456 20.71865258147071 8.589615573502392 5.260886827233122 
21.00213069978044 21.38575852931141 8.749269795327306 4.536178309694606 
21.45743732000538 20.97363915831303 8.714797371585625 5.427646373243562 
20.18529754840228 21.38095687258111 8.974394001951895 4.516538784558833 
20.71173061004651 21.66507435383262 8.940574014962484 4.557162379055114 
20.2918165190882 21.79503032388917 8.997354984507147 4.338354505710413 
21.64032319673274 21.47647103915162 8.562816225615313 5.363738928164821 
21.63231796285691 22.08091078195186 8.709919447597077 4.422264146342144 
20.9079358610112 22.09769268440995 8.885921055625039 4.707273918625475 
21.6317874238552 22.53019777144022 8.616008746638473 4.887709212843134 
20.97486289800698 22.54861118771945 8.985468658268772 4.874584641710669 
21.8775352037687 21.53666972871848 8.309567053410889 6.440389375324713 
22.07862701077388 22.02667648657562 8.231681328344321 7.111991469464272 
21.88987537177094 22.0421296411399 8.586425838516785 5.54793452040326 
19.26604484028208 23.45163607052771 5.770138546983682 5.110413027042625 
19.14964322443329 23.97208083451994 5.695474512122807 4.330457715947944 
19.69482828287121 23.15528025775361 5.825456524551165 5.21282664509701 
20.30929576067421 23.11300870139312 5.991636647160259 5.303695869565587 
19.50213296658043 23.55786364918626 5.666092681773052 4.574338204136296 
17.8877303786735 24.05097978875786 5.584188543593111 5.264386904107084 
18.59765526560588 24.00064333227142 5.710783654803837 5.443724351943132 
18.08782325529223 24.54798605752962 5.693973173440911 5.819307475202123 
19.3885090172431 24.723597572809 5.697562753350783 5.046100702447262 
19.20419954103055 25.07204709481701 5.723839637248876 5.513163238029335 
20.61967960503245 24.94277783034999 5.906912622027949 4.880064038488769 
18.57521405403034 22.71988411185876 9.88187867202311 5.350299632873686 
17.94477944790611 23.39388086498634 10.09735670960249 5.445572536781157 
18.75958686618134 23.37782455712147 9.640911200205622 5.199561103768474 
18.34726159456281 23.15271090668145 9.912977763402644 5.294104568870694 
18.35475643893948 23.9025223139751 9.752118079342809 5.214427312497747 
18.85285656495919 24.20446423095329 9.616682124332657 5.150733371698522 
20.45962074084596 22.59648512988865 9.122327453486148 4.690213656321305 
20.37233064012294 23.71391206380852 8.997763631481634 5.302037830573425 
19.4159531727975 23.10202666955251 9.631129999672032 5.319532067987012 
19.69588765047571 23.147902090253 9.40216309785758 5.155234992639919 
19.08668581503779 22.9617808309531 9.736115972013836 5.12046780823681 
20.21393174354645 23.19479900455148 9.164801431210458 4.988651659374568 
19.14118846354647 23.78482355239073 9.43038020084119 4.886960923372129 
19.83318732572276 23.68454545993181 9.361409860721974 5.104618906105856 
18.07016889280607 24.30928908950377 10.03286537589198 5.421451060963904 
18.72598632170706 24.52927436277436 9.640522631115648 5.15396380209279 
18.26599130865408 24.73884738216447 9.969268265060204 5.344562473731258 
18.8226751945778 25.07983923196303 9.699351559485837 5.225547975901179 
20.30806079477028 24.67568603180442 9.012125513674414 5.071684744048753 
20.57837037425956 25.31063487691394 8.966820833987642 4.742259115075996 
19.39704814594344 24.24221166436034 9.506430077317846 4.976656488998998 
19.97989320085329 24.2135131259967 9.303127122354191 5.092323354469471 
19.25561349204578 25.07678790290915 9.518725538044446 5.096632370782515 
19.8460400641758 24.80047488594101 9.258663786515385 5.130625858295559 
20.80273665814671 22.96075111626299 6.17860432718612 3.805168752229378 
21.31709503477619 23.77996847605352 5.779659951221209 5.225634852882479 
21.49073975393491 22.43436937937573 5.996714825931708 4.216359963502924 
21.70649012990015 23.06170146377372 6.020923765924234 5.98614816103472 
21.44120428334885 23.05925635351913 5.93502159088857 4.045181575561571 
21.56297512510285 23.86911740152872 5.947336294424511 6.402340945689218 
20.87241498018221 23.59561814284733 5.86008925571596 5.639160678129912 
21.70770061692045 23.89003784415935 6.21984125739873 7.321244514054342 
21.84708871069624 23.22009051205684 6.250129781209932 6.78580077865368 
21.79403368097448 24.17842768865246 6.639332755641156 6.978469745148402 
22.12841920355643 22.97052371383683 6.965015516230827 7.298915490672016 
21.8458994112431 23.59236280640918 6.703249657504626 6.622704818552762 
20.79018846833344 24.11459336113976 5.768948335817252 5.769664246939783 
21.31938361619927 24.25790122563364 5.770905054186556 5.895299836217305 
21.52013121269113 24.44237275873796 6.001226715823446 6.774809201330953 
21.04605663084912 25.09554085980391 5.966504268679682 5.502780209372787 
21.27411714796303 24.85134355593613 6.008728675040392 6.357269823466311 
21.5444227786669 24.83842430774228 6.694145541789021 7.187088423856153 
21.69716520722812 24.39711718664494 7.31503436565759 6.567262551788673 
21.52294697720776 24.8335705895428 7.989849306953496 6.357084185388345 
21.56036063879344 24.96144652230946 7.311965524507289 7.2218859332433 
20.69882721180253 23.32959704344934 9.003336248948123 4.986245740708483 
21.69896078814297 23.57989869547221 8.289949924068022 5.58399666358423 
21.39290876359441 22.99206385259748 8.56774884744889 4.522636155335988 
21.35708921329224 23.47396891967911 8.533368132182467 4.675670367692334 
21.07324620095281 23.7210749620509 8.589742217555305 4.94805183310902 
22.02847162463452 22.79952924010349 8.104771350189685 6.043548438254703 
21.85687269213775 23.68039915946311 7.842934070296027 6.543692253046174 
20.54768888516422 24.15572678963026 8.833533608740456 5.157417571896531 
20.80811524733857 24.70436698985093 8.676436550134863 4.742839387743544 
21.58573415596164 24.21739502052113 8.030969836791506 5.793358714198007 
21.18441663102141 24.23639922395952 8.430955087519461 4.805374012598918 
21.4023317650684 24.72903268163899 8.350803051699215 5.372192222364106 
18.68015949105007 25.84861526289841 5.444823830737679 5.848981291678001 
19.03037971996645 25.5083993407688 5.684401448178803 5.679378983312489 
18.03394612989503 26.15912584342124 5.383879379221704 5.942533047842744 
18.42639641922771 26.35235186961223 5.52737592841637 5.959557657800815 
18.90246477614323 26.63040781783906 5.643740519423177 5.807355743317203 
19.44492617581506 25.55492636025875 5.970254928545358 5.465791105193233 
19.66215478942107 25.23686193968388 5.963470690488328 5.032211449960528 
19.85072452432985 25.54732206570423 6.053301825822442 4.701374479838734 
19.31722601380052 26.43616778921409 5.857616920638001 5.638286580954855 
19.85609672092862 26.53111009250909 6.190466449782767 4.785172245867187 
20.17308213058686 25.95658430002163 6.075188942878749 4.309899015958138 
19.73371262056847 26.03125066073908 6.043690466845693 5.08072199908932 
20.29295406575921 26.39317595815331 6.165285713695537 4.490342506117429 
18.09500004847505 27.29553814865839 5.938554064303126 5.292098202359171 
18.40612571147476 27.0960040370121 5.788385734836206 5.640871990742681 
19.18852474286399 27.00485161476658 5.995522964997567 5.162059753236917 
19.01215009400206 27.51790143312265 6.245752061239817 4.769753220874833 
18.32308703600968 27.85940796168702 6.177149125308246 4.968650283415741 
18.50053251629586 27.65255160970172 6.122391149115948 5.148664306233513 
18.86940149136672 28.0249559053216 6.123780718561616 5.041663419647676 
19.45023773289362 26.73939689227995 6.008328633111124 5.207318152726117 
19.97682611907178 27.25605727480534 6.070479806078829 5.303923306945876 
20.17713397245681 26.96068744256453 6.181349573117105 5.170182750988431 
19.59613167304965 27.41132999523412 5.989466034706413 5.036362694397155 
19.37806482066525 27.86512460690036 6.283642556233938 4.882384309564799 
20.20576517912377 27.58403362123333 6.390759766895147 6.051786998783228 
20.39729088197582 27.80532540006524 6.995878663139616 6.281203289179359 
18.04532652932857 25.35941037816863 9.87422055639728 5.139875388224397 
18.5145518674661 25.39100874464032 9.88003388408092 5.122267227222125 
19.2263468332417 25.46237491755329 9.603220299079922 5.300665420147141 
18.65846312376947 26.02713320632078 9.850464075314294 5.1148884209708 
18.14359742459369 25.89391103542529 9.960444430275306 4.921851046899718 
18.17713185965735 26.47472286682076 9.956338087529039 5.17307837716703 
19.27153105589494 26.34139349696936 9.643742649818783 5.068859602968189 
20.4650760155672 26.12955839258323 8.969811216776566 5.429367111189208 
20.02145370633585 26.35352183985463 9.141748898017047 4.569155090648195 
19.73207031960431 25.65937236451433 9.380411899947283 4.906939350694387 
20.17816789933022 25.54548127298457 9.120894780917897 4.802350119933777 
18.95048861257402 26.22647842663063 9.789898417236193 5.141968221920138 
19.4335262881579 26.14818685251765 9.508458733500776 4.967655296101611 
18.12625427439789 26.89673681314445 9.841342930235195 4.699763567510956 
18.36171676978469 27.38096706147452 10.31506269265432 5.045190952926106 
18.55923127183259 27.14508200713937 9.95790132446478 5.033594924908016 
18.98370374727752 27.58869751274045 9.973550299165677 5.069488231691366 
18.69440027757677 26.83284283790768 9.758683814681037 4.831734209872963 
19.5528972068966 26.76140539902559 9.573937894417076 4.896415761638849 
19.7610937265541 27.65025340129261 9.422322174886578 5.26958640947845 
19.5170091361816 27.13353589089288 9.624120014263326 4.974404244238514 
20.04966405721438 27.32308243811588 9.263987916848096 4.684097025081314 
20.58632194682765 27.76636438522319 8.947135245320585 4.710880952537735 
20.87356845282249 25.29910068244788 5.98904008481286 3.96565389512341 
21.18205998487779 25.52684236595396 6.160065274458813 6.883394363434263 
21.36805159174087 25.48150839607356 6.543873283583032 7.255693372881296 
20.9201302810572 26.05939861375954 6.013053487792414 5.40230247273189 
20.84265099949621 26.60206182059775 6.363298403989076 6.303401177495573 
21.19580096375961 26.04320745980286 6.276271891556531 6.647977004575154 
21.32450804021931 26.12214856005513 6.715376389004972 7.888184023755684 
21.28561492564509 26.13125390796867 6.486882048918604 7.20160261689233 
21.14578558441336 26.52739131557025 7.007922284958842 7.734499463430836 
21.47993480178434 25.69051820871431 7.54620560004938 7.15256301973119 
21.43129621222094 25.87314150656957 7.024999314697169 7.263877020600887 
21.27524615482326 26.30511156359666 7.431023625668037 7.059855445554547 
20.41049711327414 27.0968819032618 6.44644875743636 6.238309828648084 
20.57342552589544 27.18238041588381 7.00886992890175 7.318077602207723 
21.1192952895135 26.5673882280445 7.527941597446397 7.184278035470527 
20.6192644274718 27.2201711220374 7.639805410499863 7.196703082984698 
20.73887908048863 26.97808404013007 8.074697074894717 6.817425229237983 
20.5959525867409 27.68814100362296 7.934731162775686 6.286571221151263 
21.16965483129978 25.36717536485638 8.6034341402649 5.079067238473812 
21.34263877752048 25.63004411170593 8.337471124196922 5.91451030380864 
21.47819301819439 25.61426092830399 8.018895973677747 6.513011974937882 
21.10346566700456 26.32549379402846 8.1194176849452 6.007579319011256 
20.77176678079055 26.55298966781649 8.460866885956749 5.69699452066223 
20.4537314667299 26.7945254803794 8.901611780793997 5.295567954249094 
20.67807837476443 27.00250019987394 8.381722508667981 6.490649348194864 
20.59046786239761 27.31923684664806 9.008068326165329 5.712247987633617 
20.65646469512335 27.69177563183805 8.54408895703267 5.519615083282076 
17.63064030655207 28.30541523899304 6.231233632072769 5.296201090740169 
17.62330860478713 28.51682278478763 6.183128032577376 5.101540920225943 
18.31470353824735 28.52307758889772 6.422788827458774 4.568647761861172 
18.32624802387624 29.00050820097574 5.986412324366422 4.804297885462631 
18.87212816323789 28.97636508209133 6.017916219321327 5.128649406970993 
19.00260296160585 28.72507554476853 6.261670640295207 5.024409323323908 
18.95251113136266 28.50686584763752 6.297415343897298 4.738772151708645 
19.45336765641843 28.04746336585048 6.346723181336105 5.055568654220593 
19.89483808949346 27.59854439775933 6.151033256177362 5.462737297341135 
19.50051313225946 28.54942375375772 6.615737251842771 5.25605654903228 
19.37972124963095 28.98075164729992 6.520114535800963 5.048836917561118 
19.12206278838909 29.28854778525475 6.056454342650364 5.18569234113582 
19.96779449358675 28.31653792004186 6.683497081169066 5.645039627062573 
20.46804027630894 28.03028860819188 7.35278172356811 4.802298485501495 
19.5996692025604 28.8858062157651 6.827974309876213 5.537433060390129 
19.75604735957566 28.99365833739069 7.227194300587516 6.280348862264219 
20.09926033976103 28.6264037495641 7.169404787744083 5.049507345586619 
20.14866308332806 28.88738552111752 7.356033990448315 2.038886163832146 
20.32696851935198 29.06933846494774 7.300020912558741 1.969731472022033 
18.05154889096083 29.22960576564437 5.835422782256032 5.19076276042648 
18.43727034719407 29.37230683825947 5.894570189054335 5.316733153919671 
17.63350989255753 29.80536353421057 5.804576398521585 4.507031902062749 
17.96615766615449 29.8330957672273 5.825935057621023 5.380856562060416 
18.34482029703126 29.88918734624564 6.007233205709403 6.148662209279763 
18.80414749676167 29.27461400006958 5.901791495872273 5.176618614154989 
18.82672166343974 30.00215681487472 6.096308387490527 5.680238327792608 
18.28856706550287 30.23766770243524 6.371065876728837 6.336346813870961 
18.000277942723 30.23606896132549 6.06452359442993 4.749700210483724 
18.68505838392892 30.54737414180391 6.884586309786632 6.072990309582394 
18.94276974800821 30.59383555981251 7.45035921670212 5.176535015550343 
18.97758468319518 30.12894938245438 6.509448096539354 5.910407415427642 
19.52609075765074 29.25786738962209 6.944284551399122 5.112831239621158 
19.6179800243154 29.32279464828154 7.794782378938028 6.912639941959867 
19.30699321823923 29.40311502257757 6.456151778687857 5.120235043494461 
19.39201967156463 29.63314872798173 7.362885037380429 5.64040851024339 
19.98052051789285 29.03765910297496 7.764857184541501 5.567569947568217 
19.17511852372148 30.1505081969861 7.239182690407394 5.287651904023789 
17.88746367595654 28.15762664339247 10.49592617564524 5.340975110078915 
18.19212387691508 28.76662595813648 10.01965403398877 5.960910397967183 
18.67880269073926 28.39864985865954 10.21974508363618 5.95187437231786 
19.08300845845193 28.17157199218791 10.0420315554863 5.428653244673058 
18.00047758427313 28.96041450164825 9.97545196924135 5.155318181447484 
18.48729944183301 29.08312581825152 9.879205641544607 4.952686638101937 
18.88711268531112 28.57601215085188 9.985364014815255 5.787444112919246 
18.74000487731742 28.9352493118134 9.844797976133661 5.042517436765735 
19.9807283899549 29.10412122714156 8.270349968272336 5.872979418573692 
20.1935574486375 28.99790290029751 8.83256558181971 5.569061199148166 
19.82828205053669 29.17083719833157 9.068913224443092 6.606376863633415 
19.35448050805255 28.18975188404363 9.887780705686595 5.585132621094431 
20.32074676385924 27.98488801793014 9.13102303044001 4.352069594437467 
20.05630290603502 28.67679289906132 9.215088747971215 5.841498806765031 
19.10978925164476 28.5938853428962 9.94791534727185 5.274662565928253 
19.57595705646161 29.01949127335883 9.728214215648347 5.88398902696801 
18.40023082541258 29.62402284612649 9.893248083146135 4.625078459186085 
17.99665704451781 29.66651518279839 9.991637363791705 4.28256350162988 
18.85331295070532 29.50020591534089 9.699100659430627 4.226889289717604 
18.39226577640672 30.06694701598805 10.118755725107 4.486704327626967 
18.82493413409836 30.04956001949753 10.04851870729706 4.839624033085045 
18.58994081480592 30.52577304351949 10.06360687601171 4.832689446870177 
19.05693976627742 30.20739550021423 9.934987287344626 5.154969034333959 
19.59715688232515 29.46892128598537 9.044094741534273 6.181476300791957 
19.35401367159416 29.95702729330146 8.240450574180834 5.318985808477237 
19.51561876207041 29.44433167441891 9.558853261712038 6.192959634612606 
19.18958213963193 29.45745252558131 9.753824069829674 4.956413742559107 
19.2497187811115 29.71882759902428 9.682562722176444 5.174177043142805 
19.46325035293551 29.81452930908697 9.177346384785883 5.485639217043541 
19.23190282619622 30.31836754065327 9.608373028173528 5.248012232320434 
20.97012306428779 28.69297551380309 6.985405978808116 2.192717021715126 
20.46088095767015 28.55008671848029 7.17950077183431 2.387938409332605 
20.75309067154937 27.93155372916296 7.93795885660538 3.814318701467386 
21.0309416402536 28.41038695926085 7.348641881735484 2.787763488750841 
21.05577009278672 28.0376295209832 8.534526292416482 3.268055298619728 
20.8145237519755 28.9882705522506 6.881691805829385 2.583421042589606 
21.27695133205154 28.92467855413751 7.220774783253409 2.073995323899851 
20.70386658417517 29.47122048806464 7.47141670123629 1.354691210273501 
21.35478625183434 29.74523754920766 6.892255773504216 2.986354227973251 
21.33544991013277 29.44976781613264 6.98444663878006 1.476085809553524 
20.9403455194146 29.38566561679023 7.034989680298493 1.153606855809542 
21.49905707514238 29.41978666655942 7.439286913228749 1.206961923587762 
21.21295006018466 30.03709563457645 7.237591032442214 1.075059922236925 
21.63125262595059 30.16999778370134 7.124838314028666 3.482115877672612 
21.11800528023954 30.27795126546024 8.136985793159214 1.015204858048875 
21.50405147081382 30.40917544486162 7.373666139124227 1.074564887362349 
21.84285660602229 30.09888214703266 7.267734301718114 1.639693298861552 
21.9072403639787 30.50131299184628 7.490937976029852 2.461493297306419 
21.97534858032312 29.97509334466386 7.650462466851726 1.313309388726985 
21.96765408931696 29.84776649856625 8.444371511418472 1.451801336947064 
22.07765365709827 30.34221090856638 8.011369739045186 1.918269359413003 
21.05924724272195 28.05376925420426 8.927288638286102 3.410440524013566 
21.17694477888303 28.29613607665267 9.128534069710183 4.186056288912624 
21.13548895326677 28.45348599243692 9.136534102855766 3.628690458631667 
21.28338732654938 28.28667136130348 8.802282675979242 3.458783671034524 
20.63580902083645 28.70282680778718 8.902128851090316 3.505031320678711 
20.85097895761745 28.28024161497978 9.110754734377313 2.52068643675841 
21.30444428172887 28.61894258124507 8.141413536200394 2.563172968787654 
21.38781900045054 28.6274861753247 8.845592487311229 4.382174107646108 
20.93343220510575 29.16811005744111 8.644786501840928 1.399508360755085 
21.22849350992063 28.89268673931795 8.876786729548913 1.729652056664079 
21.41033670916481 28.99181611405099 8.896770542189698 2.319044553364932 
20.72960368093844 29.35848012774487 8.556963380289501 2.087692381555314 
20.66700749973781 29.50802555157714 8.159001428988535 1.503278816946654 
21.64059737146016 29.38247052643848 9.119789054095509 2.068616122508203 
21.02986870645181 29.9302691827345 8.67862347485411 1.164145607357099 
21.41407788128273 29.6626947592896 8.800931828349544 0.9605725552165723 
21.55210902716503 29.91950646911845 8.935217099030545 1.332703650309419 
21.52014597343022 29.16164837791684 8.421696413591665 1.480071393519914 
21.84357525357761 29.41109978419192 8.89287186283171 1.427533051325327 
21.79804885797311 29.61748720850542 9.121298409671603 2.721570400449465 
21.99248123383298 30.06903914242605 8.556459533125771 1.994516204415859 
21.90147295250262 29.92545148352388 8.800569785675966 2.259392031384465 
21.84938804447148 30.58019794990836 8.740365518001157 2.00321926993638 
18.61224134966072 30.71952131807015 7.013807423430153 4.91026567360575 
17.90835759888485 31.0633133557685 6.322945566227133 3.96601205777273 
18.18222401956222 31.20550080131064 6.680428776776309 4.021965341497577 
18.2273967158676 30.64720673528209 6.749407889923632 4.46683859450215 
18.77588581543957 30.98635731551432 7.327102241173344 4.370717000838681 
18.934798447026 30.94374931871797 7.874177968689215 4.467624995101744 
19.15817187278192 30.47367149440189 8.32898911444857 5.307711471168204 
18.57867914684467 31.50503056920279 6.921682232511638 4.318792842020144 
18.81731087429969 31.67298633175961 7.602155015361994 4.527536918634866 
17.77654394373683 31.92312457405838 6.47527175654863 3.845843161563778 
18.08277763552361 31.96561123117966 6.87834563164623 4.053055826484552 
17.98591123609638 32.9249715179466 6.372693422144714 4.011755657006546 
18.21174363163264 32.70899983328909 6.924291707326355 4.2775135721933 
18.41886162438157 32.13101827078376 7.106246904354567 4.257476134091291 
18.63047980768884 32.24138243928127 7.411363102408472 4.188306074890619 
18.37405379192616 32.71974295367992 7.124956033308306 4.189955917941148 
18.62152233332699 32.61302491130721 7.384665172562743 4.104453396053231 
18.71896415156726 33.094339688214 7.269733251063598 4.018084972931888 
19.00697819899294 31.8834229238523 8.671295425206363 4.348601071938788 
19.16841140371428 30.79835476782241 8.924818753508328 5.2105727611482 
18.14207556212663 30.65900996253091 10.29666976920524 4.458390217867844 
18.39294757067497 31.368024313955 10.36279109081047 4.92090769401787 
19.17215116043984 30.98657510363827 9.829162137862999 5.138010401706026 
18.71215708195757 31.05519935359034 10.11514286169607 4.937820839169746 
18.19233743029572 31.88625184219671 10.39695496184294 4.568218294519653 
18.92473236031643 31.24619670394333 9.998186223952439 4.736016676131953 
19.08343592498839 31.477159238493 9.718573514217747 4.846397978843925 
19.1655611966456 31.31868935910181 9.37544547639 5.070303727883754 
18.83105526071075 32.34541656588718 8.120278209853401 4.063272067728889 
19.10093145865822 32.13792767458781 9.269908195621843 3.916781495171563 
19.12677909939906 33.1604287718109 8.578395035933665 3.946997063389318 
17.95955798754164 32.41591957720433 10.27339247182396 4.854536139087458 
18.87232896127011 31.77043007883978 10.10291799809053 4.699178377278429 
18.27832706093872 32.80774862628132 10.28035387496535 3.272694406482003 
19.14458368467169 32.09595671962434 9.872010935761889 4.309285959524061 
19.18938125943735 32.59791816155202 10.16175839788774 4.220490718085472 
19.32603235238815 32.7681260014519 9.589532043003461 3.281761166912446 
19.37064104396923 32.84052986119769 10.01052487425798 3.738793918922312 
19.40876808838435 33.25722253919337 10.44694557638135 4.386839647420146 
21.67585765653951 30.74659111871088 7.532461552122661 3.294920365898307 
21.30616605439568 30.74029450934913 7.964986357793178 1.133977063354457 
21.22664413831505 30.6873033507983 8.455280775905523 1.196595594162289 
21.6930432240958 30.77669134630272 8.554142926155858 2.904829811254984 
21.41120021332124 30.8100609553147 8.470242434464302 1.919256560582582 
21.61112321601928 30.88363104167161 8.130413566160305 2.682117186418239 
21.45927941231075 30.58260918281523 8.824456750840433 2.213306251587511 
21.90677285833767 30.69773930986547 8.174445135410718 2.224145384395882 
18.01209218621343 33.59925921680164 6.377950031152431 3.83997035958734 
17.91782585559329 34.25718058081932 6.448776350641355 4.86500973289904 
18.43676062633843 33.71756041309396 7.160681689518615 3.839262640027414 
18.8219147205521 33.47959828405887 7.400157277637539 3.883032246719154 
19.01254917522197 33.21124166811063 7.914396345667776 4.12500021192767 
18.93465344690467 33.88159551305743 7.535053484739077 3.986485929766644 
19.36690565523822 34.07031427614423 8.21640078858993 3.781410356626424 
18.17361171977154 34.21919291855012 6.704407304264302 4.100877916516254 
18.58434721337924 34.11682623671668 7.407196117231369 4.224437063981298 
18.78900730844488 34.34923706857152 7.721388483436145 4.139863961874454 
19.1454626912847 34.14915410601819 7.787516229987052 3.857443287552684 
18.59741736166016 34.38866924814486 7.502007741341861 3.740780615173918 
18.21452783073704 34.98158802389759 7.123646838805509 3.886417170613186 
18.83622160993361 34.6378476487964 7.847595812670657 4.085194162609184 
18.56447665130893 35.01170191417354 7.776557443256211 3.527112416826668 
17.94706646551848 35.21828117767872 7.01717568048957 3.588291842733184 
17.88755419027096 35.79175709577547 7.503218666552693 2.988184791536767 
19.33725834561086 34.90240258184769 7.837622789531287 4.025202738442232 
19.50038353757178 35.13910647717483 7.928428727187285 3.813976111107166 
17.93360169483363 33.30212589714792 10.30126678322241 3.240640488556181 
19.45698816315312 33.95324115970168 8.706001199499223 3.792796568538733 
19.46359406736188 33.50320611443148 9.485617087873734 3.265469274136279 
19.55206520748118 33.39909726535699 10.02999220202612 3.149292211299212 
20.00665964092411 34.37580618636605 10.24781298521689 3.024539734732542 
19.79200870829385 34.13038930530235 9.714070304594241 3.056005798744806 
18.52199050996603 35.3897338702835 8.01935224665864 3.375370909364236 
18.81766830008302 35.29466783866645 8.275899757446226 3.423881253594487 
19.45795246077034 34.70736872788638 7.914553646183479 3.850760726543001 
19.82565792304138 34.77044603504221 8.63434578045983 3.510827490600889 
19.78363818313554 35.42991424783238 8.178323161443938 3.723432675318463 
20.01331347392347 34.93610317049021 9.415449882304976 3.935201464192488 
19.99400771743183 35.58746205790759 8.758618031232752 3.423446868687989 
20.16090406572483 34.958538646581 10.44987561208064 3.314936904349153 
20.2504117869119 36.02555205448957 10.69640567005322 2.918262959589896 
17.65851426463211 36.43474246906721 7.340783043604333 3.227567346957457 
18.12948550377442 35.96486935463688 7.993493717900436 3.129481800780411 
18.36380444002653 36.10004622703158 8.251956097364868 3.261321103177764 
19.10168064469045 36.18713200953808 8.533414834765082 2.94681536635197 
18.03031061545087 36.57439727981325 8.252963249973778 2.96448704590189 
18.11584542831345 36.69317290212659 8.598820953784486 2.804442025073499 
18.28082763338814 36.71834566164085 8.848059366715709 3.444964493848744 
18.66541527133095 36.4981715275999 8.604110061023055 3.311575133990232 
19.37282772401182 37.22014272466448 8.623965019008345 2.85870305174987 
19.13455489143107 35.76021065579804 8.301608357807815 2.149745904636887 
19.3398869566792 35.64165668330399 8.02384475731972 3.102994156613988 
19.60537505010414 35.86181877860944 8.123416605190688 3.973621169983915 
19.76066347578993 36.10079632799187 8.339103785531616 3.947825263291236 
20.09569333444303 35.67000834472521 9.503310475468943 3.624874428207789 
19.52007933524056 36.57065164729383 8.464148406098698 3.001046477841385 
19.68620449458551 37.20615773940863 8.48139088086465 3.749882208356297 
19.88559237347197 36.09629666305313 8.531537049571501 3.355647990522357 
20.00610344183654 36.09858756131278 8.845421687243711 3.11961982911312 
19.92550204427375 37.23055452917777 8.637722425113525 3.723048285655921 
20.19681698482855 37.41499347461815 9.19218040378896 3.243142299739361 
20.26808429120748 36.83536497150795 9.754299530623324 2.702808455763943 
18.17747331670174 37.32012138119561 8.634547028674502 3.340581800817262 
18.26309616809737 37.35070980546693 9.234205536667698 3.081351543343345 
18.02029330621114 37.60558690001119 8.245145970230764 3.293617620975894 
18.47422083473559 37.00953728564388 9.137104639220631 2.928362203767435 
18.20231113072725 37.49357144142035 9.604370508564239 3.478882578698773 
18.43254435548202 37.501102176587 9.959873621743402 3.847136481153314 
17.88941987856569 37.6552993017411 9.977728530573703 2.926916029866462 
18.27425410564863 37.5201737153706 10.15443839775855 4.908903098309423 
18.63419422918651 37.59251963451276 9.871163640196606 2.796119661041786 
17.9441272168479 37.89615614947061 9.33117047042964 3.212031734695387 
17.8309114942331 38.19692806455647 9.205314627078335 2.819847116965079 
18.74857137901601 37.41641839097351 9.34758367743642 2.618919100087751 
19.0889618848363 38.36863845671321 9.878394913996766 2.708741702809917 
19.28565985595372 37.74623355955801 8.979061303712072 2.877258253807724 
20.04922508834731 37.62742958072992 9.136145374397394 3.339054896891213 
19.35573998696352 38.21581397586322 9.273038323840639 2.857614425802595 
19.60701277836127 37.77101083175879 8.922849105232704 4.014278777637969 
20.39198269565399 37.56587133771924 9.506967099829312 2.53306763598485 
20.25361595557312 37.81314401942216 9.425961969165545 3.096226767608414 
20.1586426348606 38.24583966226778 9.77976198856379 2.616206653204628 
19.94050082349915 38.26678246397485 9.727862109475954 3.334274409035785 
20.70365686991095 37.48555952868115 9.942697374325951 2.609840455541942 
20.64541666581318 37.94247392481558 9.415251501511552 3.571010290004949 
20.87414053907709 37.81247223073061 9.561265850488722 2.872391913463701 
21.10399377060149 37.65918975300076 10.06397424828756 2.764567744540926 
21.24711330869481 37.84831246755402 10.42270411483251 2.749611790250782 
17.84882079561246 38.58722968326207 9.610692291698429 3.596573022158196 
17.91588157096123 38.14180250950045 9.738154903153761 2.113134223569489 
18.08827643678684 38.51414616369937 9.939962542337412 2.112090675301189 
17.97438567542988 38.16323770572416 10.4281861758583 2.011750220682629 
18.60971520182884 39.14569870306951 9.893577718131194 2.303951112153911 
18.20644326522336 39.77709265152292 9.552357314733355 2.112806590802748 
18.16881708002244 39.28857571212237 9.521465702538524 2.592070629590978 
18.36172516271582 39.23836186159092 9.450124138752939 4.400167477905086 
18.72536369758269 39.61746238799398 9.631427250012733 2.109951534535227 
18.86646652126704 39.45575790653821 10.43369963606301 2.01736567009182 
19.62368335202345 38.21518655126654 9.300652884935168 4.496820578383392 
19.3586467488094 38.56998347405359 9.926910511614873 2.871662884455532 
19.586691602084 38.4621601822675 9.661610441296061 4.464480212297531 
20.00420427223121 38.57425454297416 10.1676260054142 2.940670254214808 
20.19646254755111 38.66210880943483 10.0899295820938 1.827115325972713 
18.54272839517878 39.75782688034193 9.341350583383919 4.06278891696968 
17.8750591317715 39.68255399336704 10.22796534202737 1.653645557649583 
18.93655996759634 39.9892435431591 10.21503533334031 2.321959030209285 
18.8285804062359 40.44176959710313 9.967053528487565 2.340331257870204 
18.40863625413954 40.47633289514428 9.6308801098223 2.778649396757473 
18.61308869166709 40.49987674602943 9.673916633657846 3.367421050879699 
20.24147187299175 39.67223518467409 10.41015488660929 2.021568344062189 
20.4402266427113 38.21328907693514 9.507242940466256 1.663612949616116 
20.74023121889852 38.52625788944918 9.215576628367785 1.64854911624424 
20.88568249259371 38.58242518699235 9.125569075771908 3.844235937409735 
21.04360169228034 38.57925914961343 9.318260785535815 2.029499351880972 
21.19007563193205 38.72627952110247 9.707024819170091 1.748009736528601 
21.06828893411206 38.95916232683157 9.451123917567049 2.171642182301042 
20.49562331650506 39.22844735952455 9.890557202632507 1.491744668287886 
20.87868704147884 39.57223162117441 9.624142479264361 3.63225733242993 
20.69281833539603 39.71172075772938 9.843552567685656 1.586955692836035 
21.03842969587271 39.74855967627945 9.948075469027778 2.30306328677662 
20.83879234278246 39.92632595091803 9.899744696280649 3.368059514732835 
21.19286026506696 40.09846624864344 10.53510764707848 2.394295386560955 
21.00960871911844 40.33690062198427 10.249722361213 3.543908360013205 
17.97315003337242 41.88311891426405 8.901983418465401 3.818685499168936 
18.17707661238765 42.11578859969197 9.26537815590925 2.782880346726472 
17.89056386107847 42.36016897528204 9.248972429493923 3.290442718086183 
17.96272659616887 40.92247869120676 9.768784100788132 2.36510308165596 
18.39701692102526 40.77688425359994 9.526945954507687 2.602453248450445 
18.25315886598082 41.17623700266436 9.265243094498395 2.461323641314635 
18.29182176006425 41.61425665074763 8.990079979163148 3.74250012372832 
18.56466504688495 41.20202152202516 9.301217888313859 3.868630747880417 
18.84669308718303 41.32334721971965 9.878420891959349 2.794528623872466 
18.61325049081026 41.58495797654022 9.426635341444962 2.704555010925731 
18.16233385365816 42.39616236554252 9.631636222893366 3.108464947653374 
18.71771439190742 41.66170141516128 10.16698994177562 2.395423353028065 
18.40624376576386 42.12180513191407 10.21014575846389 3.149969400976559 
18.04211827925991 42.76557362846238 9.443630291613355 3.483977995611411 
18.35182362566525 42.61036755785627 10.30473946350453 2.994450179117379 
17.73447674817178 42.84211509517233 9.357404204185695 3.546565484290312 
18.00711967861158 43.19867040164451 9.448103795143007 4.083697173870092 
18.59507049957711 43.10886266062695 10.29580318355492 2.32054564007484 
18.23184281237339 42.65255070365313 9.755464449225475 3.240640693454722 
18.48301232164358 43.37183295707947 9.738354468739583 2.904900706150102 
18.51787136830581 43.82626372935584 9.65695858037393 3.83771647563853 
18.19404109770519 43.93925952291588 9.688187377239078 3.775424860452546 
17.98572870026368 44.28174582581265 10.36358353851513 3.0975022610249 
20.43336962105386 8.441638573809323 10.38228322965807 1.806774638030319 
19.66950837508988 9.635384298870559 11.23714296704914 1.554069989283832 
19.83317196832005 9.486626995423068 10.66349359143067 1.784835536571137 
20.44457487293183 9.44404905460916 10.13912303503428 2.79967403602906 
20.38408921712984 9.648910424257219 10.83498268600843 2.566137031078881 
20.23246394093076 9.362833759821948 10.2979447387072 4.649784715438784 
19.90952312149796 9.567170319556372 11.34056690311473 3.440479264790611 
20.66734239237098 8.447190202859032 10.56048125524512 3.270617964669526 
20.67948424058991 8.782103606649194 10.54122288744481 1.249230648468135 
20.95349613834329 8.627105119952507 10.51461236230475 3.145154080369196 
18.88945596353723 10.55262568288358 10.57429715649456 1.640712361754225 
18.54935207462734 11.01797622301346 10.45885499308976 1.423967406918308 
18.85617976556054 10.72732817408551 11.07015970852844 2.413585149887581 
18.87503766439876 11.11969393573266 11.33939261515248 2.724972535820925 
19.61819684795448 9.671224587655979 10.37589687328858 1.379434143365003 
19.46405811076059 10.14322391381401 10.90875317200069 1.347055871049093 
20.48805960145787 10.04306848035201 10.84557052779405 1.95978979482237 
20.18311748264659 9.753584286679983 11.30708025317964 3.330854242592736 
20.10397427200114 9.985527484628403 11.4098266828091 2.330140014247846 
19.11125018981779 10.52660755130949 10.99588422306689 2.89041622340234 
19.63832394109216 10.24525551023667 11.17129148174493 2.585005932802702 
19.41563536612043 10.8207845990715 10.91766369438323 2.009302707612761 
20.11638451090172 10.41633370824277 10.92347469276468 1.735971537459463 
20.37433821666536 10.63548755738244 10.11459586810135 2.077982239706756 
19.73394487751098 9.851792174269447 11.46982247392243 3.194054551421132 
18.52070883779149 11.00774995095566 11.15135445126297 1.267455656527488 
18.01560373020523 11.67063332192664 10.3401271630068 1.2640435835768 
18.26011495350515 11.38076291886678 10.73310595342321 1.133755977828933 
18.12745581641476 11.41643879848571 11.35278534952604 1.438032257454509 
18.40638523427128 11.27363767558775 11.55180561486925 3.11501268542321 
17.69033602558549 11.80424797815134 11.12397069719299 1.004803695871466 
17.88759986264171 11.92535714956311 11.58107080011036 1.679758032587799 
18.38342657238821 12.29790176459629 11.10547991600213 1.567247424239824 
18.6693325311268 12.252152841478 10.80081594101324 1.444401426146037 
19.03509232700133 11.61706531034503 11.26414803473056 2.048094714052823 
18.87082336330496 11.64441365560406 11.3923390136368 2.035081812625094 
17.9001614583674 11.59446404982901 11.69002895630516 3.990012233653829 
18.65447868811339 11.06036313953342 11.43952741067799 3.328317393759079 
18.37248610333217 11.62388282379742 11.55337452011132 2.48529718038543 
19.0754063499411 11.83315121245245 10.74233860426953 1.491246047688847 
19.27126047960113 11.29180604549256 10.98730563658711 1.729031418983993 
20.54006279412525 9.795304303772648 10.68291748361151 2.339782949375021 
18.1761829998036 12.64124221493388 10.83721665996188 1.445886325871221 
17.9650844653656 12.54157739618062 11.13628101404622 1.710495887186056 
18.38384949612507 15.06723913562304 10.50537492869947 4.744087629654103 
18.94524219336447 15.78585408887199 10.39002071991877 2.8105461575025 
19.3140679767542 15.46612448806528 10.21253795717039 5.759826658198847 
17.83919924769297 15.66176837631327 10.53597527844371 4.904121995758373 
18.17322087583782 15.5926221482199 10.39272352288092 3.116902259766476 
17.80423276495609 16.10909759491261 10.77510956301034 3.907383618699185 
18.29097830704988 16.11356093752572 10.49082052494468 2.819000066397408 
18.68539863642232 16.0687756322039 10.41560916983753 2.671470658238221 
18.0286237921843 16.31823996547709 10.58921653665296 2.398999652159205 
18.00067802375007 17.08315279397413 10.32643982594351 3.103854730485352 
18.40521115969713 16.46607554299731 10.28452713212691 2.389912606773223 
17.49267657405776 17.42644218837063 10.46654280413596 3.157522985683187 
17.98924787655663 27.53176412460528 10.42650093122816 5.121046441716032 
18.56557849370821 28.00199857054269 10.46917762070609 5.448594380460889 
18.13835405547809 31.18387255065328 10.50323440953183 4.871421008240702 
18.49656419220444 32.23978364563332 10.4835274211517 4.0685395994158 
18.03598601003861 32.04990148535921 10.40198659255487 4.604380837985616 
18.86639490472342 32.65284631356965 10.42816889661299 4.430433451163879 
19.25659838888979 32.9431542155663 10.46844035586904 4.898858562042278 
18.52051424141683 33.21183638758458 10.65099215130603 3.211137352564791 
19.22274720219532 33.26837358416012 10.71978159527728 4.640298732593862 
18.85518182196795 33.28693555366444 10.74884654294799 3.721316483189071 
18.29873992075444 33.8487719925385 10.67020340975552 2.875587716004574 
17.96608964086543 34.62052658614584 10.79844018400141 3.303552126726629 
18.74856881731836 33.6285801708115 10.89134806997424 2.841046124894888 
18.60694699018284 34.14070274353537 10.90638387803883 2.935212986479115 
19.18306066401227 34.01030375409244 11.26531394755909 3.427055951585658 
19.15880371693826 33.57892182527365 11.00739787806472 4.340901394572569 
19.67287704733454 33.6331829608061 10.89109765667044 4.672340766404318 
19.68869421447576 33.94998387557681 11.20195668499248 4.916541306113402 
18.92803799648626 34.50426815250331 11.24535283655401 3.216069670238952 
19.66007343139216 34.2404535630868 11.30154306381213 4.887916979963506 
19.94661185177474 34.18284269934011 10.68931439787912 3.405899357653794 
18.38961813131401 34.65077724711579 11.10671757714457 3.328887626398128 
18.68504068524406 34.85812156672804 11.27377395872621 3.393862387975901 
17.80372172153611 35.07961310252894 10.78375727357828 3.302453870547936 
18.43803027210632 35.24386572740933 11.27647391001913 3.26625485514171 
19.05861456609724 35.14516820614028 11.46287626807908 3.332078921171103 
19.09123799021161 35.48276246148193 11.76037115227127 3.080019293031057 
19.35615552742476 34.64009575783896 11.20020973274542 3.535007567400811 
19.35526004666071 34.97396107083176 11.34532182304995 3.275962128410697 
20.08128484243148 34.54494370503861 10.92431013653844 3.816944271369209 
19.9277238077455 34.43919913047809 11.21681699008637 4.013219452182028 
20.19842654185151 35.46531853713286 11.11313211243469 3.342861092185132 
19.87728598747861 34.59564413796669 11.34869353798763 4.625641520376206 
19.59306295025958 35.35387102997981 11.54539943477916 3.92438364083236 
20.01371200594767 35.31787601201322 11.53026255490929 4.851246288116357 
18.3173405438854 35.84387424917474 11.09491617225384 2.971543956545617 
18.24837539240207 36.80540346297673 11.05416086447473 2.902882660421753 
18.76788804754891 35.68962284913244 11.47115540718332 2.839882915878761 
20.32742295194183 36.27449550622788 11.06500715134994 2.531910164127865 
19.41196177049293 35.96826254480495 11.85431829669327 3.408094025924314 
20.00769532521947 36.13326021822044 11.87813708551134 3.881739746723781 
20.23626609905338 35.98784128210303 11.60484071398662 3.499978112865477 
20.30624650704117 36.42531398510503 12.09265835637889 3.630836156150934 
19.20853463045035 36.47826006645491 11.68673826605253 2.81960451709277 
19.60917041519075 36.4653071861796 11.88092547924578 2.434665521562266 
19.95934927067975 36.71180982533202 12.18123362496995 1.996174243408021 
20.26078201509553 36.5869445772426 12.30556963858734 3.261491373865169 
18.47118482818095 37.07139994790978 11.20475441348268 3.315028698895432 
17.92856272815535 37.34134265181637 10.41873691672034 3.764003405991218 
18.66171455561763 37.4569725616705 11.06268174676679 3.132553229907018 
18.59333190179774 37.57348842259458 10.60508557016698 3.039705710027008 
19.00831971738829 38.24252512601761 10.90198887896745 2.544446881346772 
18.99340635732139 37.39685339590526 11.4387558932138 3.09743587389768 
18.9311363200074 37.81375132388826 11.26310649937174 2.771638998082508 
17.6657115660181 37.07862921607776 12.82059129514461 2.729118862692573 
18.13041545026367 37.82366513037505 12.53600665117537 2.802968599666599 
18.44761511300427 38.09317294927414 12.95155509331232 2.691139688763869 
19.40300783043249 37.20606431064486 11.67865729028522 2.507259025582641 
19.82760819291021 37.76178690905118 11.92347541138322 2.042610604608285 
20.28259580139641 37.02387971352881 12.577609647644 1.565325475927111 
20.09344821162125 37.48797933343846 12.25056393955558 1.648616835211975 
19.34482185886266 37.97587493630958 11.57394531871016 2.34976458179014 
20.18277906109213 38.25873424050622 12.26376490730462 2.039309484217441 
20.57843946702313 37.07962953503366 12.81192408994663 4.065028458020635 
18.05052956309592 37.71955810385555 13.64087948045558 3.392948130686847 
17.99372904105593 37.83103401339516 13.78986764057798 4.189454736110349 
18.30856059136071 37.9565336605384 13.51000326499491 3.021585917368355 
18.5324836892811 38.12675424698395 13.52791749249086 3.044403828669033 
18.43017084816071 38.13236598875491 13.76711142778938 4.056937014644404 
18.63889190835877 38.29076763020147 13.23514881516634 2.809898473215029 
20.35520573575754 37.11624674922861 10.17964350795915 2.404700134462828 
20.45700533673056 36.74173925099887 11.68973159350659 2.018070930869257 
20.71329462083567 36.87086483431686 12.5309741901941 2.774310670156012 
20.7741098100017 37.12260522434787 11.80757815518458 1.9742048169648 
20.5743763593567 37.29300250880009 10.38490512510969 2.508180864117705 
20.81865477446973 37.37480084500916 10.45840431127646 2.720999143317712 
20.58423450918277 37.12591486876388 11.25771434911682 2.018116418345315 
21.17896996395527 37.5126645096504 10.87302809777141 3.146712743569068 
21.25597017087952 37.42650614807751 11.82617637102962 2.916265198817086 
21.03547354004256 37.25446756386322 12.26098082060616 2.357815250356751 
20.96444119488256 37.47329647275672 12.5906722973813 4.346018530730532 
21.09109286030294 37.35949323528173 11.4595005500783 2.592701307299563 
21.30075109559874 37.61086162433341 12.40174480151692 3.152500717549614 
20.5178548739234 37.63201912638004 12.54701455196611 2.093636898021032 
21.36979656905672 37.67164730881263 11.6128795186176 2.682568373005083 
21.40353700395486 37.96785023789896 12.25131202532932 2.494679484568707 
21.42302843743349 38.71922362997177 12.64010072466926 2.943429008168152 
20.66433848921293 38.12127457805627 12.57661375291478 1.755709618793361 
20.91641282160624 38.27358546575866 12.71457121614827 2.612810869687934 
21.25001599639295 38.25657314792769 12.70783834584529 3.8983111211096 
17.82160689005706 37.88560363214233 11.19786066101069 2.550873728977535 
18.63871978142114 38.94945082893578 10.55285605086204 2.409691667815281 
18.96051761128538 38.27803416207018 10.49170437422566 2.664191842474807 
18.5589463347725 38.70027021266172 11.23916114299741 2.726805763065471 
18.67884302475898 38.45655536580639 12.21279285667985 2.711306008048041 
18.86481918779628 39.13808135718261 11.54051722835292 3.01137233980505 
19.10192235671787 39.18023606061487 12.4744936148515 2.627147415689237 
19.30172504438373 38.53643141926704 10.95540331662089 2.64247669512072 
19.80652878991482 38.7382601267649 10.65227040356629 2.857659708380112 
19.60031122645121 38.71877757578766 11.00183405158899 2.433292496440359 
19.30463775700994 38.22285428614138 11.40103900017465 2.41507127900401 
19.63170980927093 38.58879541555267 11.69908048420353 2.088528982297404 
19.68269727569266 38.95492459314367 11.2907929123796 2.078600623502894 
19.93855278774443 39.05706788804314 10.69384124780885 2.01944293149846 
19.69753168760743 39.20817204274397 11.29954645126339 2.312631638834944 
19.83253532315109 38.45899860074603 12.08255600819865 2.266795630359226 
19.9200943122984 38.91561199402602 12.39780309319878 2.326186496903091 
19.69550868812668 38.92735559923229 11.92033090670624 2.181951652381443 
19.6729581112281 39.36988869333863 12.25233368062808 2.44066023817048 
19.42987223781666 39.71284061066586 11.82274572278381 2.927634813947591 
19.47968243115095 39.56410892104769 12.37439861291504 3.274426618745935 
19.52113955533044 39.52228613063073 12.85760363994721 3.025726302182321 
19.81686927903754 39.4626142002559 12.56454148475596 2.803883266752734 
19.01634008858482 39.79372837859727 10.92170985348251 2.65274252181193 
17.9923374085907 40.3794670834452 10.16781620766657 2.306064640602273 
18.96063776893293 41.04773736523213 10.51534648980038 2.728874828530479 
19.07837247863465 40.47081486454087 10.58785271452236 2.947309581632382 
19.08230095592702 41.12995351825118 11.11857608643992 2.728202761316652 
17.7943673655998 40.18506414532445 12.66175593997069 2.993661524633836 
18.15295526533127 40.92431769159673 12.43104850386209 2.929489965336003 
19.13992416897841 40.22033767895152 10.72307537186557 3.190574349705628 
19.088513152207 39.60063602769264 11.73495744115055 2.946627474390056 
19.6834325069914 39.68892835536708 11.13228697324702 2.442904082090791 
19.57178343851798 39.56469299689293 11.58972393729347 2.519618505563756 
19.26055393907543 39.9778362021076 11.1899575573465 3.243727080174807 
19.48613170556365 39.94561905798668 11.24597161791276 3.11646070341105 
19.45988031987168 40.15491286752744 11.01204324125186 3.468889267066828 
19.83594930590889 39.88569728580394 10.93883194438632 2.499773057394478 
20.40726552485769 40.63436191788584 10.54727879691508 3.106010468033119 
19.72362481923377 40.33380575892324 10.90289143940575 3.115055919015319 
19.56513146532234 40.68614460311462 10.78781955521493 3.612547731993203 
20.14827347038289 40.0040162518187 10.63437047454341 2.301882456485984 
19.90726670224631 40.59951557128994 10.86655127381277 3.052725987802205 
20.21782020330049 41.00268264934046 10.66647374180489 3.310678293077146 
19.28448965546604 39.57363787523442 12.20352252434681 2.704555010925731 
18.1386468955765 38.27615997559341 13.7589007514604 4.151094860692837 
18.66179834257014 38.52721381174344 13.54342127167921 4.222940075242207 
18.32924197383301 38.93256145956731 13.75560013466926 2.855698624446106 
18.79129967059702 38.99133587696795 13.44635378382287 4.135474215536334 
17.88276867486186 39.53768136441818 12.6138425648741 2.116401535701101 
18.0911017639563 39.27833242995392 13.20173736455157 1.976390674598065 
18.34630235159863 39.04040636634191 13.47578195992406 2.166729534886798 
18.93157777569325 38.84244174076483 13.24207269608858 2.860927225410265 
18.57585138496393 39.2928303722771 13.41154232468798 2.23238968208355 
19.08791552826213 39.24225299915506 13.50474857527086 3.690860773881496 
20.27487528304128 38.91644244378097 12.61802861342624 2.142466269279311 
19.12406827507413 39.08471589674583 12.88803080318364 2.260785341461911 
19.47697317177809 39.53491526546946 13.19444072917207 2.904805018531547 
18.96455957781272 39.49642406485432 13.74897213114718 3.911842210947015 
20.03060915688869 39.45258604300272 12.7156122598862 2.45829851925825 
17.98650384577077 39.75727205405106 12.6343859823918 2.595759622919559 
18.27369524204591 40.12891800262936 13.07493100929457 2.869703234811311 
18.31202923860583 39.56781334308461 13.16759825832019 2.159243771597176 
18.81488700159133 39.98920968281116 13.4962422803302 2.574449355082095 
18.0246990708415 40.4201995151663 12.87289136996326 2.819594681962812 
18.55049087587406 40.62106980975489 12.82772896589109 2.611774492868562 
19.2922926135005 39.77880020499715 13.61791643085808 4.051237966630566 
19.70235251945391 39.91487122320779 13.66444510587222 3.461717818138794 
19.85191067259619 39.62446451173331 12.92789094757776 3.739469264512792 
20.19492849759664 39.86460121265801 13.18847771297386 3.31367493423636 
20.38469588136716 39.77256363738916 13.18086757716081 2.394960692122936 
19.98042350428425 40.07547983786129 13.64848024861324 3.410228249125296 
20.13949011618557 40.1811111653175 13.68933933846283 3.334376858306186 
20.38439515102254 40.22903582626636 13.63809881235699 3.174481413412579 
19.34178636596331 40.35880040079505 13.62106984123938 3.279088470346238 
20.01323144860606 40.65740549377775 13.81325833533188 3.763887433417125 
20.24821136441263 40.65136655044481 13.43158395835406 3.780354719344217 
21.32607223416822 38.76233811441445 11.1342577836417 2.685909243712842 
21.14941717324282 39.52135889072515 10.31605776916293 2.175810023519475 
21.22295682914826 39.44610285131811 11.07039254545892 2.289620918007373 
21.36754085203703 38.79531083660699 11.88054004457013 2.506164867374764 
21.41948764666475 38.31659998961428 12.16429840862393 2.335246290783147 
21.32429551923494 39.19196078339307 12.80944628436306 2.633783464730158 
21.36198514091534 40.0456902685607 11.61341739053765 3.183641197780545 
20.55580883924542 40.29844221099331 10.34081242015655 2.349738764573999 
20.80269219875771 40.71717122373045 10.70675905688788 2.551051990708032 
21.34252974895854 40.36708518585934 11.01690402162927 2.478448651557699 
21.25884658892602 40.69564203426815 10.53080559634061 3.542086811985484 
21.3477127913126 39.2092585569706 12.21769612303734 2.646203184882268 
21.53707695786751 40.22812543620542 12.28657714400712 2.988161638001657 
20.48918477749486 38.45379850953628 12.58540513908124 1.986912829363817 
20.52642567344296 38.68142404280803 12.99079744791691 2.238943976606691 
20.95173921499748 38.85875308848856 13.11571636185483 3.587148508875515 
21.26620364400053 38.85711404392003 12.97140558125128 3.774095068922747 
20.47456884313784 39.12843788264036 13.09729342622564 2.149622965512407 
21.19865154456368 39.21487622277134 13.16548385125274 3.511652821923235 
21.39898208593382 39.66420910303237 13.48102775560491 3.792510120378694 
21.55180171100067 39.92530354130246 12.78898591865799 2.732403591200153 
20.94971508253963 39.1528986007571 13.32203320549975 3.711701004466363 
20.91525849073542 39.57266855392994 13.63236414189776 3.112747122257574 
20.83815390907066 40.30763588236168 13.77951411744308 2.476056256195307 
20.7471463950675 39.97013360810527 13.71107422238549 2.173037541363897 
21.5938085485519 40.07017760999246 13.18427162784019 2.903778476842135 
21.41980668562926 40.1709316393205 13.78483430435988 3.769450428799871 
20.58610645747464 40.5839900411211 13.46624002642862 2.459616836469763 
20.61609317270785 41.04911736535944 13.47215278828669 2.524899355655819 
20.68970929049893 40.67331876112335 13.75626465872477 1.884079783996413 
20.87351676456426 40.73694621885259 14.09119081913175 2.489105014867675 
21.20511334543686 40.725220824096 14.09726989384065 2.954342314248294 
21.64996462080764 40.57912284600567 14.15618270967929 3.839389267325629 
21.66180432907698 40.27659986976754 13.58423640218428 2.939839595530401 
21.89948955431604 40.75397820047376 13.32185915235967 2.664197374735409 
21.90255577464637 40.91237936289778 13.75466661842093 2.527776540965746 
18.89219280736818 41.42510726054782 11.14503409876434 2.610713323325754 
19.03043411898931 41.425298914524 11.40319079122284 2.827359312166465 
18.46776903308466 41.89463706264345 11.42554619721561 2.033976794794555 
18.03510097851894 41.34934217959611 12.02938953310881 2.390139224559348 
18.39356266558319 40.95072194244243 12.57299951181292 2.714255932339952 
18.14905486284808 41.58209481338585 12.10108335615655 2.11191179887507 
17.98532190169339 42.09011042222389 12.00776169763883 1.624493617757125 
18.06586863168934 41.90725280427567 12.35642068581915 2.504013432696354 
19.06016685187673 41.76302852977871 11.84767344810784 2.903719056265302 
18.32529979738994 42.05260591349184 11.74723031962085 1.713541294197981 
18.87851976020655 42.05827940668342 12.03135157662296 2.687633260035142 
19.23529577517657 40.61976125199313 10.72792352410591 3.197651545304893 
19.35335792749997 41.4448340738407 11.36417107648143 2.985572130243014 
19.72912133921404 41.1335048886062 10.96998287996008 3.19635638162849 
19.32720755045343 42.18892316192296 11.83623099817039 2.707579723185034 
20.08649655749115 41.48156249553578 10.92128457394079 3.492675938668413 
19.78634158252978 42.21087419015902 12.16351354896621 3.006251515473352 
19.60826618391449 41.91828109906661 11.39215053083356 3.299611722888486 
20.00895377133113 41.87569950425882 11.417580460191 3.495910876830578 
20.23409698768895 41.84540494590463 12.25731199361339 3.037094073225958 
20.48356147439871 41.79074596735745 12.18092649299988 2.467594356257308 
18.32039825006104 42.32345646962951 10.50754873644159 2.97685041895528 
18.34822556061534 42.50332035064512 11.01565302643154 2.48937486624591 
18.4101369177853 42.57614276538742 11.72693009128762 1.981089203037172 
18.60870094889603 42.87012953394541 11.12756938217773 2.101101761659493 
18.85532712425285 43.11613040947318 10.88373271639572 2.046458599204527 
18.95799906598236 43.42176938295682 10.5560241788199 2.797476089381888 
17.87398592597435 42.58330619352478 12.32344042336565 2.043187598899181 
17.90783608034331 42.44458305433097 12.64703630636268 2.851730149507873 
18.36306746183682 42.27082844611925 11.87300139404404 1.250217747188444 
18.64190341874422 42.4394287077959 11.95188789682848 2.944840759114271 
18.74830184708466 42.78679505023459 11.52705194792387 2.208320045597119 
19.14784719821415 42.90254939189271 11.35279762729209 2.749557901934551 
19.21979349965383 43.34702501536714 11.11569341213668 2.952037820359905 
19.46506283743228 42.670963476246 11.85341698066073 2.930019628063974 
19.56520663000616 42.3420267354573 11.99152856514118 2.507497527484134 
19.50516145096426 43.29419067714645 11.84375552678551 2.901994425247381 
19.67754197027083 42.67475663042075 12.46508376341852 2.63342837555895 
20.43547654717463 42.96806305396204 12.61756465181668 1.483074591432434 
20.23779058748942 43.79637584474877 12.76222010076741 1.265224516316707 
18.25705652501465 41.35965596029502 12.67481613636466 2.61944056687409 
18.71270054243114 41.25240178619702 13.40923499577904 2.524119511809531 
18.25108992871083 41.51492397199237 13.28803935793252 2.732094809099166 
19.11200504079702 40.75804781908395 13.42743190269131 2.890979489491002 
18.99554138805916 41.07171404283028 13.66591572387365 2.512472464054781 
18.57321212137217 41.49595507820867 13.84939179738402 2.453077909337182 
17.98480843611721 41.79901136786402 13.32123090529505 2.929095535644962 
17.831284054591 42.21757296973551 13.51408615552578 2.922395148462229 
19.13818351765092 41.05428904256834 14.07652570312782 2.853084528862567 
18.75231933971466 41.19077816231895 14.08715465157473 2.797387573212262 
18.62247846308185 41.50740268347271 14.62389975551444 2.874060607179985 
19.03188754898442 41.17859740874602 14.58669518007384 3.505918121563298 
18.25297832485552 42.11955550989396 14.25923442254233 2.394580810228291 
18.28360753738298 41.98567866370473 14.71982028433272 2.479646488427221 
19.42778379105529 40.85579158821616 13.92015204350866 3.198765373772687 
19.88188644791228 41.10198046851379 14.00924390092185 3.202984849423402 
20.26850011192612 41.48446607026933 13.51858331826658 4.013284609918003 
20.16144721537852 41.84037003229543 12.78251814862626 3.257550560229944 
19.94160001170721 41.78696493464599 13.62836481428112 2.706694356590233 
19.83883318641961 42.16018254275378 12.86556849045396 3.022877802668106 
19.34324322599927 41.3954640061599 14.60115176301762 2.77593961355538 
19.45700325383116 41.49014443496326 14.47694824753021 2.314509738859925 
19.78563381165341 41.63301265416405 14.07566362521501 2.535787459215442 
19.88801070541927 42.03624277677486 13.97462962852022 2.263402510523562 
19.8561877579589 42.22118038078598 14.36426846570738 2.317199237106479 
19.71223669485748 42.30755017186726 15.01987425334226 1.996640592486884 
17.83399365369368 42.50829658009969 13.67306735174279 2.852805661948537 
17.95811310254103 43.09078562842766 12.92162173557045 2.578792179654371 
17.99104804352671 43.01370786287708 13.35392443226982 2.722741190711602 
18.1371250411774 43.32355275566494 13.19490451173354 2.441638833601345 
18.28069596482435 43.30090034541488 13.49806701014885 2.771137201556087 
18.21953002563728 42.48736410578916 14.44982211202583 2.62744759205151 
18.03873393689056 43.13214015606981 14.11927345714028 3.067560847054736 
18.90212527408083 42.46046559274547 15.89108127434997 3.232426720751093 
18.51154879048412 42.71804678401902 14.75368347408847 2.505534394564719 
18.22400147953032 43.0930186810705 14.31646664885688 2.954612370525069 
18.19891956907819 43.28048307812895 13.89751861757204 3.003637419889813 
18.06692142920431 43.22372242268625 14.46187560046672 2.142334519517576 
18.55173960178795 43.32869968821693 14.3220896175319 2.537716169180001 
18.62842592481804 43.11601967936274 14.30889831374476 2.984301554391507 
18.79860978321552 43.23504635872831 14.48474644823066 2.12028702673031 
18.49148922567498 43.38212872799586 15.25910985968155 2.640182855956454 
19.73944257862657 42.60247534329207 13.29281738489444 2.328240604774621 
19.72376262553657 42.36277128437407 12.47022178049817 2.69950508148915 
19.73658926657289 43.07676579315786 13.26053206602108 2.608324821035637 
20.50241067006103 42.65175131467965 13.46503637514186 1.52222076500027 
19.83567262786293 43.10569404199574 13.69773052077331 2.559486434241563 
19.85917791848254 42.80364783663643 14.78498835398852 2.254933234238095 
19.85261730434894 43.48233699948205 14.21686459801181 2.62479722942625 
19.89827851154064 42.82735384587335 14.21918314356886 2.554378928315018 
20.67047253950492 40.94923850381075 10.98544241247915 3.35835285615947 
20.72637149066549 41.47483602492647 11.58614139268226 2.254544336807655 
20.4603565320724 41.58118100976888 11.74691060641955 3.378484752488788 
21.04960422985541 41.73563395381027 11.42595670454966 2.2005691435957 
21.33282840486829 41.10533215872342 10.71432568745593 3.952069121868306 
21.12357686421887 41.36578340390057 11.1632351834247 1.967972827846339 
21.71754926053303 41.52613740736829 11.01012994407953 3.555322028329982 
21.50002484980302 42.03331882498944 11.46899724692189 3.298911584574569 
20.96686155905363 42.23241849134297 11.68430451232108 1.785966166719277 
21.66799280256075 42.10008255990376 11.76483925651724 3.810102299294783 
21.57174063295041 40.88624771167608 11.04280351270438 3.033954822682347 
21.76090046355252 41.03120187145101 11.43123180626638 2.57410020796857 
21.86087859964047 41.70958060878264 11.23005085739945 3.661034512891263 
21.83827171260621 40.81264027418926 12.68725328166976 3.100328426598168 
22.06800743639339 41.33913782046471 12.06971026691201 2.81475170005244 
22.1766316119641 41.75063125267884 11.88609081905574 2.963890586249619 
22.09266609049807 41.93903018722471 11.83604249290358 3.342775034797995 
22.51074620205194 41.95823857065252 12.32175578783498 1.568878211726059 
22.40945730404513 42.19265574426681 12.04134649384078 2.672993054396372 
20.94436841617202 42.48365995025233 11.77406960537889 1.658228728210219 
20.49278007441048 42.17963026335129 12.53531926769 1.822661241492781 
20.6446699063373 42.36632277458147 12.24037172373387 1.718947132399933 
21.22763900689346 42.72960584299133 11.64896974406762 2.881566655425146 
21.3866886272993 42.70046062016448 11.73762375116026 2.219899067036323 
21.54353494252012 42.79101037801887 12.32078270869374 2.465558279457369 
20.94040593684384 43.17483868106449 11.82170535352555 2.695560169883109 
20.66764742714029 43.06825276670165 12.1238595838174 1.409324640047778 
21.21203100109783 43.09394244706436 11.8823038539057 2.099785493433387 
21.11877724361417 43.55854268492694 12.23679304885623 1.348385047883269 
21.984766931578 42.21893276741397 12.32517581861057 2.375382021853781 
22.42749799090065 42.35420427173422 12.14916983918379 1.934817785162252 
22.6956407420303 42.34791415783163 12.25410184117219 3.164471914795911 
22.59248296968843 42.49587297829569 12.55176480180124 2.271219184956578 
20.9522098443561 41.25809093384176 13.77887886581201 1.753022989126379 
20.39277105895135 41.77082991125975 13.22759034039682 3.100759123330931 
20.40346753437258 41.86613458303441 12.92567203380169 2.329226371654414 
20.66205035451017 41.6799869466707 13.43022824764571 2.307119253391775 
20.58487776701309 42.05347136118972 13.31102672495506 1.837209857483813 
20.88314738254933 41.88023512190674 13.75807366440468 1.583485940946112 
21.0608835910691 41.45683767919228 14.22374166453534 1.586262418623235 
21.17519161710048 41.06317932880554 14.0997636723529 2.248898357515884 
21.57363944464144 41.19789876953456 14.36700303790853 2.991613973515612 
21.5008462753254 41.52663826810983 14.47246917592411 2.934286435277613 
20.89588897598638 41.85537434276286 14.69872273651081 1.866303401292143 
20.90068832717627 42.29159764630185 14.10976219867143 1.279746085700353 
20.86472653563555 41.65770337678611 14.69680578072247 1.754897810774708 
21.71013949085715 41.82327593899992 14.3506478799008 1.92273512310976 
21.50846928025647 42.00671383177377 14.76468913052727 2.382773531814635 
22.25802982714643 41.44193386827181 12.93888602504929 2.336663573989867 
22.31943528451565 41.64568315145511 14.06690404753038 3.707554677594715 
22.24091914374981 41.27370125527866 13.50731264578968 2.759222966104133 
22.70834778969524 42.17492465897162 12.6225902559871 1.552864058921948 
22.55761799567347 42.01903358108228 13.37626560432099 2.643648919672643 
22.46517887128422 41.79750387533418 13.31317336563955 2.19186628297372 
22.47263775279332 41.83121499252113 13.86349391611588 3.106213317588512 
22.3280812997844 42.28555719766948 13.56117516503993 4.89476345980583 
21.77299334393355 40.97469304299054 14.02437401931176 3.123755501260646 
22.1724600646062 41.26749807329405 14.13359232691254 2.941133939612641 
21.94570849568811 41.51422874608789 14.26881959618599 3.848893281242141 
21.85343298029223 41.80450326586595 13.99446277281134 4.09712663403127 
20.43060053714973 42.56741056118894 13.05614108343291 1.599348776177841 
21.57327416905374 42.87120364917465 12.78628457965378 2.450820132316096 
20.72111668143272 42.83054783907362 14.19685426316018 1.240640584492866 
21.22983038444728 43.52918332747911 12.85618862041571 1.44181857758997 
21.4708880227824 43.02812716362788 13.84815320050471 1.398501386876319 
21.22714129104473 43.54994288242992 13.62586281734105 1.272080011694825 
21.05512850084312 42.42317315178737 14.61752355385802 1.457995932081829 
21.03595008655365 42.65918506277653 14.67144469004352 1.751602427543006 
21.3655761916098 42.33096371398813 14.76331019362397 3.690744391510322 
21.5859825800399 42.57467951143175 14.50805090107151 1.670825685600121 
20.75609161143165 43.27526056075106 14.51027693858739 0.995938453155901 
20.95903868611304 43.90290469945847 14.95232815755249 2.63531139314891 
20.95090663910516 43.26109612048022 14.79722210162749 1.551532628203823 
21.4073137143787 43.12539349919057 14.37017744751106 1.051103287295746 
21.02035495504022 42.92366839426978 14.60256191238409 1.64276513778524 
21.34380471072148 42.99794818551428 14.6156649389223 2.279953395055301 
21.14207199659092 43.5967194761544 14.7994161992385 2.301230059532074 
21.78727310250902 42.32366420189937 12.4856098249368 3.668690751766832 
21.78475193555084 42.52037500970491 13.38068733298253 3.251590881272207 
22.06467340671193 42.3657082915654 13.15502146085671 2.494440777768673 
21.82273711690327 42.35337835369012 13.87484646045338 2.33655702674865 
22.04552660078618 42.32362225356176 13.60185768077842 3.548994351592967 
22.74941212307601 42.35239155074473 13.110679866028 3.156859729106614 
22.53020617183338 42.45885683644727 13.27011472967921 3.34652652218152 
18.74632443366204 43.81623862583902 9.956585527850407 3.501341507755967 
18.55597383434229 44.16844792031577 10.28340393674113 3.547901832573416 
19.09134916612524 43.73766776655153 11.0192323146704 3.182880614397092 
17.92465362274744 44.41855652515814 11.18905694064797 2.940004333957205 
18.39136663502014 44.40147857736141 11.03974272612698 3.140202502232199 
19.05304947967264 43.96684669715052 11.8979476810639 3.18028864785596 
18.08654652237736 44.40890613058274 11.72509102583252 3.01468534431126 
18.21220481805848 44.1433685012149 12.61000299255896 3.038498038027527 
18.67628243401308 44.22301579575534 12.48965675308512 2.973614661198951 
18.74252516818862 44.20657821789565 11.31543330877201 3.307997605467847 
18.79302770359984 44.17090966981165 12.12319491307011 3.123997281538792 
18.44827459394151 44.38057006689648 11.74333409457493 3.094530822386204 
18.94559081431018 44.36418309752222 12.203234348753 1.944752086014446 
18.87608942489967 44.70786819897435 12.83319005675508 2.449803425756642 
19.28545137488268 43.71179908383151 11.80147580943788 3.050482963476057 
19.23517743554957 44.21938074576584 11.80880226567987 2.275392968232694 
19.64429608880062 43.74002836102528 12.88944731101854 2.593694040729744 
19.3740686930957 43.99016846520504 11.97229581223215 2.363694404187953 
19.49412515156624 43.85710044373635 12.31406628103606 2.272873125977924 
20.3157812017905 44.24174951915806 12.51605236650415 1.20289909287149 
19.39383942773964 44.42920568187572 11.45735786406737 2.757519849432995 
19.61144572607462 44.46819743108034 11.36918025596533 3.745775631801564 
19.77682992659107 44.46712324262768 11.86653320389049 1.48307356693973 
19.38428111777527 44.62718093966653 11.56626235706793 1.497200296835253 
19.58462158551652 44.69436241640128 11.51421143630957 4.013485000690906 
19.18027997492809 44.88458275642254 12.49684764412682 2.15440488765762 
20.24802936858902 44.80225851744617 12.55644074245824 2.542797243194784 
19.76429565479319 44.78230127599539 12.319050114301 2.544206740256953 
19.51354224586387 44.95947553834865 12.36985922529578 2.645495465322341 
19.74652993413658 44.97704739970038 12.48346805376631 4.033685947828474 
20.00151648982778 44.82827295144819 12.69494426977817 2.903453507756424 
20.05705324303146 45.23904962295713 12.3741490161365 3.431652850348527 
19.79895859997922 45.5168242264085 12.57068414340349 2.108699809349474 
20.00430694910616 45.38884812807716 12.34950490444917 4.244770785373305 
17.97573396541576 43.52935550265603 13.15332070468991 3.061531912390208 
18.00845029516095 43.87330396379985 13.01420200158414 3.169040127763068 
17.81610941484923 44.02684230321243 13.20581736555995 2.185102787040421 
18.49248927255471 44.25499766703225 12.93495745082651 2.599376696860318 
17.94788439286977 44.29041937533017 13.50448568625577 2.40284334388609 
19.7262571758696 43.75190090095264 13.87616659228329 2.566739022991754 
19.71159030092534 44.09408707654575 12.55582415215656 1.737932211596387 
20.31601718940547 43.15054698173058 12.9641030859246 1.415371605783896 
20.06554501303934 44.07179918528637 13.20739108441368 1.173824399728915 
20.21753719661761 43.64676138852009 13.44883119319439 1.214180908977262 
20.12188949741906 43.99619885853489 13.67212682924872 1.377707258463133 
19.9201652400497 44.40282204312809 12.85810741408078 2.336322827716515 
20.094854793045 44.40127398183893 12.8451547323469 1.38851473444695 
19.89444659481234 43.99333689423666 13.92774000161231 2.512613229352311 
19.90992120844225 43.74386153111319 14.6902925369694 2.622098100948278 
20.1070942775513 44.1777900893213 14.30154448324413 2.662208629498394 
20.09554840270782 44.08744971884848 15.1393047687452 2.725692344394758 
20.45894131089393 44.02162715074589 14.75794511896241 1.044457812921948 
18.84593637674902 44.98490557817426 13.58949232140926 2.592520381888036 
18.34599482678483 44.48237404983891 13.61683164037689 2.839819602229653 
18.04389489381879 44.76906409174246 14.53463965314426 2.693361608540314 
18.32882893642677 45.14736778043402 15.08468394812822 2.764262035918051 
18.76847457396099 45.30565506611744 14.43806270439873 2.728650669526843 
18.85090272789877 45.6118898473169 15.15458794392052 2.596075986266555 
19.36062118046527 45.09428447497537 12.85959616916834 2.19207097661598 
20.2499726705646 45.04492897602183 12.67843536583578 3.317798107572898 
20.32517566683699 45.31363827858858 13.29158170245977 2.765577074752912 
20.40523558593105 45.27059733079064 13.84516356882773 2.823204379556103 
19.33303060292707 45.40252388263968 13.29745826049792 2.133100971674921 
19.80997215365079 46.177228244064 13.29397078709635 1.221191615000038 
20.25028071250407 45.76414437602124 12.71255566730321 2.055624735427259 
20.16806036813238 46.12757197466666 12.77213744634012 4.296297031225606 
20.31295792501239 45.51574790696174 13.60353794586091 1.764672495663618 
19.21263408441579 45.73340487309784 14.48889406007512 2.198633057283672 
19.19600646367228 45.87531926701684 15.13594551989342 2.274549196041676 
20.63627200632637 44.00914201137654 12.11868221780384 2.766896006660048 
20.88716067426366 43.67613544932947 12.0471159907735 2.567041658136517 
20.79622153288312 44.23860216691723 12.28852105208302 2.150603200131599 
20.55368729232616 44.4369537863443 12.32820931953531 3.33450082192337 
20.74322304698991 44.56654475484981 12.59336067855241 1.708810699137238 
20.56180244987739 44.84656206344827 12.50430405905892 3.142879911464846 
21.06280020949465 43.89400175231338 12.55947474855122 1.191525892016521 
21.13323985811292 43.83556764251359 13.43628991541306 1.318409518306062 
20.84671026580812 44.51437567826505 13.41406947921726 2.172506444346141 
20.9763857306088 44.26754045354256 14.00123871970212 1.757099445595614 
20.5520423125406 44.0710811065884 14.97058938519555 1.271291049863471 
21.16313956117133 43.86049201781143 14.62448791766778 1.371199988155105 
20.82667457158965 44.91459570259314 14.00423564123329 2.827239241621555 
20.96355352391358 44.16868894280977 14.64646156591708 1.677877166432516 
20.78832078093369 44.61257199578373 14.98218755287064 2.789445091075194 
20.5785469884259 45.09506156258333 14.60643460232212 3.274006371838752 
20.74005655796238 44.88736602212163 13.33498433735775 2.241545573379241 
20.47037949349122 45.14025737378479 13.20552867279988 2.961810046466326 
20.38076758798023 45.77625349806365 14.21171598452864 1.778142115938792 
20.42945129874391 45.46779098175067 14.60606371867394 2.409707035205841 
20.51818217006402 45.94824768572023 14.84460990189447 1.92340268255569 
19.05309053539629 41.58709852889086 15.15554987076617 3.843683530943736 
19.00102180673314 41.90044551837666 15.51374372070771 3.625587884926858 
18.57857149247596 42.00847978765652 15.25092088386371 2.56779445537542 
18.95934462593807 42.1174395493526 15.88051180201953 3.509010860138147 
19.53241797470512 41.88259361914621 15.04256130871873 2.46480384303014 
18.95275973311539 42.66051853202451 15.74465411026581 2.204089505425202 
18.28051196266357 43.21920335461238 16.09728345117538 2.167339927639844 
18.92689695321364 42.83953127355298 15.47436376414494 1.3033314444856 
18.78657723024131 43.30330744901484 14.93392689513695 2.621467423239693 
18.70144912034221 43.06417965259811 15.83373135624539 2.738249961264827 
17.84807670562729 43.01020454469123 17.00872492418537 2.229343455477462 
18.51946824506494 43.2442156614827 17.04850384779685 2.40482327848585 
18.75423479523169 43.01110505154477 16.24435741324162 3.065452236171353 
18.41853483923884 43.17881613545024 16.21481569909397 2.680426978355172 
18.38095554164399 43.17466939335078 16.66131291905453 2.410289561757338 
19.04102144022139 42.81037224594701 15.75370255193495 2.585433146260272 
18.80519114485336 43.08470104417357 16.51520566190958 2.898332273627645 
18.89964579750648 43.30089360863212 16.85248404552081 2.4833299494952 
18.96718583058648 43.25364682277696 17.31451992029021 2.540183967205408 
19.39965603501543 42.62610818433699 15.75776943231007 3.866898535616485 
19.49929746506383 42.30058162550684 15.70216945421965 2.915701318032802 
19.77558717230105 42.60657628678173 15.55894845665489 2.585942524032703 
19.84515358963653 42.67434164561739 15.22298880095904 2.129402348114922 
19.25212874075484 42.90683435794384 15.83821103585415 3.38979986460744 
19.74362722691746 43.31721784766209 15.89490902801167 3.05107471046189 
19.53920141098983 43.31803970873152 16.17030726691111 3.012173288201041 
19.92337781000963 43.14506125772262 15.04524099594699 2.466753452645861 
19.92144177579719 43.16837811954643 15.56354185180958 2.635140917562964 
19.61316882618051 43.5373284669514 16.75652009895503 2.836468281696312 
18.04929050312509 43.09792800800948 17.37795389640756 2.972995457808651 
18.88818669236467 43.52130609492128 17.60524969481165 2.120407916869382 
18.17718599573015 44.71431124275203 16.25815841879335 2.186120927889661 
18.32717169738268 44.73193834349291 16.87392473611304 2.11838884664833 
18.19221525107882 44.2580094015275 17.27449887860267 2.180164937105658 
20.0338702154304 43.68005683609705 15.71691239840581 2.804328101484813 
19.95644922704064 43.83807745230911 16.2132364268741 2.702374685553067 
20.19385401279877 44.30335896624445 15.44157793281539 2.766311226224602 
19.29811941993002 43.55070159489584 17.04118726802724 2.499994142920002 
19.88819156231444 44.21824458522049 16.63018303043927 2.412820673431852 
19.62525702821377 44.03575095022097 17.33386044321764 2.004719127255044 
20.01792938158905 44.51759914143184 16.25671264771267 2.354251859833681 
20.00494704782099 44.4412382260867 17.04204544566918 1.942973976477376 
20.30276148886967 44.86128891244812 16.60536290596411 2.041853504500025 
17.84018573895297 44.91132462582134 15.22950213366949 2.821007662300175 
17.72560063728217 44.90122583523085 15.54615540404123 2.730431032947862 
18.33874759081964 45.02263667976829 15.87515498965655 3.035600772660601 
18.26581094546264 45.124191198306 15.51117412462445 2.746839512993745 
18.61891967696839 45.42576591101204 15.59159922563967 2.877620924224942 
19.26051108819969 45.87925700312603 15.4198110639307 2.247546846740761 
19.17648301589357 45.52215316585986 15.92929050379654 2.381362805361221 
18.97481482085959 45.31282103555512 16.17414929673381 2.367700375559153 
18.58680624770759 44.67275158142398 17.27304252675247 2.395014580439167 
18.89703053887711 45.05905068381197 16.8777258331549 2.150501570455361 
20.23773167906186 44.75613240627664 15.582361033638 2.498211320716493 
19.46119514207072 45.79350139765773 16.09449936146497 1.59978070230185 
19.57170339696217 46.4186085968073 16.54637923367947 1.640043982714133 
19.58946346695011 46.05462462748979 17.18335148245871 1.428338507489215 
17.76914344698384 43.50635297894488 17.35079902594624 3.093944197863891 
18.47223747677322 43.51802197633712 17.35459799885777 2.707711268048229 
18.35544347286169 43.78924954294413 17.91580779831739 3.701345432214282 
18.22626900758461 43.98936238511586 17.66713905410591 1.727552871113573 
18.67312184944524 44.25005229874032 17.58946994858628 1.877517293531639 
19.21727572606973 43.69128613055342 17.51715971134195 1.987931175111598 
18.63800021420461 43.58250693017796 18.08089538019293 4.328584943285023 
18.81371217422728 43.93433337414211 18.05338408935495 2.216183641795979 
18.97347910411867 44.64398774203589 17.54592064983015 2.043197024232057 
19.32806034805542 43.79976007682663 17.90359135466857 1.970418087032257 
19.62192536166043 44.15618350523978 17.87976248261029 2.056194558269226 
19.09838988868828 43.9001692230406 18.16545757796248 5.065196426855749 
19.4139835909703 44.93214781401269 17.55504696002556 1.758539472540363 
19.0856990412065 44.43636076230537 17.94131341835516 1.941031333412042 
19.57500710834019 44.29570076848829 18.01074800857709 4.118182008083977 
19.78845423701742 44.58866234840355 18.04987344225995 4.190607905097977 
19.52533121716241 44.6185084236403 18.06698250245313 2.458942515371987 
20.08683120479733 44.56903558009059 17.73820641143564 2.390369325620668 
19.3230061770957 45.07993946818356 17.40527894785707 1.711692699562875 
19.55195014548324 44.97623799997233 17.76410439518954 1.473741155551139 
19.36415205413202 45.47161430315159 16.97574576414734 1.605640800568757 
19.8316549139059 45.0030094852336 17.91301761571344 4.357565792895912 
20.07698273946269 45.02698698839213 17.80010111211529 2.236584569909368 
19.85598594682377 45.22864405392278 18.16018858417779 3.10800351613949 
20.14815390550167 45.28048795944518 18.24896206426733 3.315411654268189 
19.55051050885816 45.80452053010802 17.53154265661359 1.41964466240303 
19.72353297672064 45.56011942128698 18.08569379221473 1.633704524311021 
19.7445047530231 45.81118669103635 18.37668232887195 2.7926290095007 
20.37419924612302 45.52763949715735 17.84506568732279 2.261522566411713 
20.0058207186277 45.60698400138956 18.37492292094957 4.260725005354232 
20.32933910834374 45.92681615678831 18.31493372113667 2.443109595327215 
20.44032799684477 44.45855235144622 15.16309104904105 3.0100191898416 
20.68307775989435 44.28301092309037 15.07033410553456 2.968407779480117 
20.47184864163874 44.951025878339 15.01400917170558 3.075107465210976 
20.44725271043078 45.1642368163694 15.42135270826716 2.282492702671448 
20.52916363610722 45.24341756532662 15.96228791718643 2.18800599446503 
20.63235990597703 45.48191858898363 15.93146777918784 2.335433568049439 
20.30589502818382 44.9401127880872 17.27774657159278 1.988372936365565 
20.46194341158303 45.15341017131983 16.70984118371877 2.052505974737727 
20.71484107235131 45.68790226980285 16.99468014230903 2.027949089521272 
20.53181425166452 45.2577187915405 17.53149789649997 2.067636707483175 
20.73438139800393 45.60510597829412 17.56823970224588 2.218811670480292 
15.45227909546915 46.25086229250691 10.25184450338273 1.316005443726844 
16.31583598457139 46.0729252577218 10.25705342532886 2.348525765212457 
15.21175488937476 46.31821626083685 11.11977683435244 1.631555241067289 
14.86151678542588 46.12210758378355 11.46019393834925 1.799263057524556 
15.40530261060431 46.3328324125894 10.67166352083471 1.482738865173332 
15.30476818836961 46.18227346119286 11.69581984355194 1.566805253188775 
15.96255838362197 46.31129928974203 10.33097705070013 1.130177732161656 
16.22299735603502 46.29527116266921 10.79676576357923 1.137012942584235 
15.93022760910982 46.36617914255855 11.18573943799094 1.220732334920832 
16.01668639310139 46.28711486051969 11.63675438955007 0.9619922972057822 
16.29485757862386 46.25376969993137 11.61873019946181 1.03123786151874 
17.70451153197813 49.22473736790378 19.22079276681398 1.46474703165341 
17.63766194673453 49.3330701279164 19.55483840814814 1.371376405798735 
17.59425953459442 49.72082363561967 19.30859040046272 1.29381513665664 
17.77568781794904 50.51317102130471 18.80616351827836 0.8821232557986463 
17.49628531786538 50.43049712357721 19.28574784192801 1.138330952447937 
17.74966634713521 49.86039321991795 19.02152639064298 0.9672936371519256 
17.65904872752345 50.84081160792615 19.35925607607829 1.167098707576393 
20.13155962340627 46.79165309703572 13.05234878673854 1.272516445586731 
20.31280372763 47.30567315024339 13.1367279002534 1.828880322003172 
20.05830729606098 47.29289788254232 13.48899949969195 1.258173650179934 
19.6373106509769 46.26345143279597 14.11025979766973 1.591487843660012 
19.55684707066455 46.57080458830399 14.71317883870649 1.646489271213568 
19.6821206387382 47.49644716835788 14.92387312980648 1.514672200307892 
20.06098878733357 47.65928793099633 13.89024698245398 1.251510656980898 
20.22293195813048 47.73884405507118 13.72258027776425 1.912417661986268 
20.03948451891522 48.0517841317025 14.69277175229845 1.325974269983163 
19.97210109662143 48.31149396483561 15.2939167288182 1.321388128393686 
20.2217031896646 48.38853041371106 14.87147162656337 2.226868076206046 
20.42165115682592 48.46528533604975 15.05818222973279 2.971280866819228 
20.43143834848917 46.15875290663531 13.00686217268701 1.41868778621749 
20.60951207622778 46.43225682784679 14.23483025886582 1.388091311612385 
20.69582647825772 46.70230111774796 13.25873593939426 1.0219928393578 
20.52957921580368 46.82751956186468 12.7326805733257 4.855819623547035 
20.75205444366292 47.02134955143135 13.34116648817955 1.178756000258183 
20.67715499284158 47.1053630934309 14.56220864472071 1.345696881477231 
20.576243640516 47.37334456074933 13.11292427450353 4.781355395849147 
20.777490243939 47.54544846214191 13.71473835949809 1.379973948570743 
20.5434788092739 47.7157618057779 13.45884459894724 5.101216360937315 
20.55650530734819 48.0193732140694 14.06430281076696 3.317053506275627 
20.70305764650744 47.82169577881358 14.18718314258563 1.851704994955696 
20.62121709392972 48.13682728691919 14.50063367073798 2.172602541761776 
20.37797834150495 48.30993397823526 14.60621436953098 3.98919141009938 
19.36906939691941 46.47333678528986 15.40030189298558 1.829189104104159 
19.56718517210633 47.36661750090657 15.53255320914131 1.601715354324092 
19.39627212803557 46.77752427931654 16.04530347854277 1.752358503158561 
19.48301987670974 46.47055203606618 16.28487039175657 1.739133736639644 
19.67548853123307 46.87243109241399 17.23820911679434 1.530801813439744 
19.45988342066411 47.2318100629181 16.48775693164042 1.679206240817422 
19.51406684266611 47.7233021398488 16.19526516638318 1.658969333985944 
19.65491529505622 47.87582741106363 15.9236420966272 1.549142794073191 
20.09881190391917 48.5492813471024 15.45443140228337 3.483410016856311 
20.23370661026211 48.71640668145842 16.18310923461013 2.165140956499968 
19.44777246395892 47.6209633735218 16.91100654949366 1.629134672155537 
19.38236128102056 47.94032450662537 16.82896115605291 1.674439686062769 
19.59476147295496 48.44871721399481 16.37839125958521 1.219770028923961 
19.381560951573 48.57169927682139 16.79651271650164 1.344546990866256 
19.52812291051622 46.28072806496542 18.13383463150397 1.620687422463206 
19.67233380902256 46.63688937805934 18.3881267659625 1.365065530742065 
19.83567133865807 46.2318905643274 18.41879323521756 2.744905270768584 
19.802405518903 47.11299791268044 17.86375901580248 1.290562987017047 
19.7449688098349 47.40771502898597 17.38881038830203 1.409249134935493 
20.28181346376771 46.31000950898223 18.40645654142385 2.630636018244914 
20.18133585084945 46.70252895538602 19.03700820184193 2.592847809756236 
19.77722163822451 46.57483847813698 18.91948440253201 2.713788353869845 
19.58810971305159 47.15009661270134 18.70010765834124 1.31864443448309 
19.68655840842216 47.20525564207278 19.06888968234548 1.85494956334928 
20.34528312302654 47.26573953980022 19.11207806411524 1.994424000072499 
18.80981576332417 48.60817097788655 17.92292271940827 1.278158019559875 
18.82576939835362 48.77960323235703 17.60654895470716 1.118859956361973 
19.05954917105189 48.33879581659593 18.05555453053925 1.507354044024645 
18.7953610828483 48.52356788727528 18.27316639414983 1.242886579847855 
18.29388143224721 48.5782871181914 20.05344500849614 1.412823180182684 
18.21948552285145 48.65286694658578 18.48614128013608 1.394352703671451 
18.93659069428061 48.5068750832468 18.98870852804762 1.265057319107413 
19.35274323772467 47.93707645878131 17.60690977627412 1.653762349817839 
19.6377674440845 47.67838245792488 17.93788582941668 1.543183524912536 
19.6568426960811 47.80126651551249 18.53545988144153 1.423051510440928 
19.37310932057049 48.25293992557761 18.69039634848295 1.568740827254452 
19.26030531201938 48.05501038839382 17.44043138697911 1.639861827911361 
19.6441952640301 47.51401307290535 19.21039245168732 1.138861742117882 
19.55243940003857 47.95683982593751 19.47547978563542 1.334185271657951 
19.95003978129182 47.21499334441494 19.20955816353673 2.850545835942043 
20.25077891345054 47.86467894465373 19.51199816516998 1.89232654046657 
19.14172645235002 48.34099809980602 19.55177696465968 1.381902556086033 
20.54703813641467 48.14776750815248 19.38245383056676 2.467255863867905 
20.70824912089444 46.66995124746929 15.13004557824982 1.70885464987424 
20.82645235159005 46.6265402997237 15.73731404090056 1.974653954566236 
20.74993410633424 46.26630017643197 15.88223523783302 1.969503829743203 
20.61534404341116 47.74597172077193 14.98083924993367 1.25455022438441 
20.69078000720951 47.48142532443144 15.86674112372509 1.959463801243956 
20.75346572916628 47.17600915284284 15.5621419124569 2.038699706160017 
20.90513723394341 46.17616132300405 17.0436697492921 2.136174859584017 
20.88635523615341 46.80555197214964 16.3254974119892 2.070156959535026 
20.89926992625755 47.12784891459142 16.53068798174268 1.888067109600399 
21.03598405787604 46.75983855890224 17.17732989275122 2.092541715320451 
20.98226241255612 47.27479886774162 17.28997352043771 2.407421596881747 
20.52447066784334 47.86004736985438 15.86641138229288 1.570881812107281 
20.52413086781948 48.15284759489693 16.68808292925494 1.627618832750692 
20.51440997923102 48.27390097837418 15.13040169422752 1.27216043437209 
20.78183823542985 47.45445565185738 16.27315496351126 2.241950452895864 
20.37316994713123 48.47017232896017 16.023270285439 1.454248850016931 
20.40275267303928 48.64011595622998 17.12415571693116 1.769231078399358 
20.91523340400858 46.28200568747576 17.55939814158006 2.146315493266798 
20.66612426913619 45.92949905696914 17.91900190732179 2.519492083164081 
20.9200673434685 46.82788480911115 18.15622737964731 2.39455499301215 
21.03421164783743 46.80526606189666 17.6578019748568 2.059808353833333 
20.64012505515287 46.77173065885917 18.43730277370121 2.209045591330096 
20.42324516119302 46.84681081618877 18.97143441242182 2.005133432104543 
20.61716204454948 47.18946054460978 18.40666734612115 1.824679697018212 
20.96843378654178 47.28147035343765 17.76329597105153 2.005670471179982 
20.71775821712437 48.04718997313296 17.27973964290323 1.935217542215355 
20.80491983208956 48.13057604000562 18.27142629046418 1.907546813874347 
20.80044328385871 47.76775558883114 18.39084039255791 1.898488249385537 
20.52294196779156 48.7985562059276 17.76266617222575 1.680655385747237 
20.64267448908944 48.87003714039002 18.34363476036246 1.819961703217729 
20.75902885787869 47.50075243745201 18.30983603326475 1.98762731057559 
20.47726826372679 47.63053122878944 19.15902480264742 1.918973595697736 
18.56714067109712 49.15059200711179 16.66676422836668 3.82839973898831 
18.43136939726545 49.33858108649781 16.92367510731574 1.316437369850853 
18.36181033894196 49.08511186182703 16.95368212170036 0.6520582566223396 
18.62136892180957 48.96884715370078 16.99476713615934 0.493495420613467 
18.91975417514695 48.9723719251154 17.31651186450419 1.587195219230232 
18.69762289721163 49.21161386862873 16.75208485289365 0.7139140013874048 
18.64759240504606 49.38577390829609 17.2130428823225 0.5415712774879502 
19.86080699663378 48.81743716424196 16.17545716138494 2.581267763824329 
19.8906919252277 48.65294385399945 15.73726740484146 2.439532886398993 
19.45227222810281 48.84646972099137 16.19980395462793 2.086338821794783 
19.36958876386314 49.00564581329159 16.38603023603462 2.473398927019659 
19.67773104165771 49.16444145668938 16.83634316538861 1.393760444439266 
19.20723463393118 48.77331162012419 16.92939882602952 1.155253010686337 
19.62036843492253 49.08294372544115 17.28793956896286 1.39497641482965 
19.21286696641817 49.17957880101508 17.00866784951003 2.417816714552202 
19.46632863985581 49.22043906172511 16.77937977723582 2.010724908384461 
19.87978153642858 48.78705484973413 17.00225493768189 1.529616987627563 
20.2907195258405 48.69130812176862 16.67528793449495 1.986920820406908 
20.16578027523231 48.81580401196727 16.94371202961248 2.382850983463058 
20.39295999573636 49.18669937551005 16.96591419135159 2.754453337871368 
20.51923245059553 49.72171685061879 17.09011332822116 0.8931254878454951 
18.20719505743203 48.79152029845516 17.97868086564876 1.443749643887749 
18.12552725686785 48.99627569757121 17.9130226837875 1.615517729829527 
17.87365938563965 48.93161109177369 18.70898758219898 1.548291850433245 
17.89004329136463 49.20826867019885 18.45266248753155 1.793456642675338 
18.32282021789896 49.11633509345049 17.49958192418353 1.108759790141001 
18.66420078650696 49.26040273459388 17.78173579202578 0.665639751500791 
18.95056856968224 49.16467693245272 17.56827510087017 1.110359535498304 
19.32526171049947 49.21142980907351 17.73827862667456 1.523041691003989 
18.1678425829234 49.64474046717825 17.96227663983892 2.243268565208837 
18.32950861853607 49.7312589801036 18.03491860567898 1.049432237246243 
18.51024062284908 49.48841779829008 18.40567811799557 0.8376749226905034 
17.9972940069267 49.8221067529551 18.31619029822075 0.8778045068049138 
18.40416432714537 49.55177054473313 17.54478869898453 1.440983923384017 
18.84698426905865 49.32136737717067 18.43612477895149 1.191233092001717 
18.61862754196747 49.40656672417477 19.10853871312667 0.9871685907110788 
18.93514714888702 49.31174646005777 19.15699762128819 1.278456864081633 
17.94311237044204 49.60988276782994 18.56692827164053 1.160342178193481 
19.67031831169071 49.09435331245933 17.80124050644683 2.025349336835589 
20.1650508584641 49.00681541170217 17.19730069934845 0.9422188708735959 
19.88474346687734 49.09013549411258 17.92228301959255 2.004870547276695 
20.19169840594332 49.6898199383389 17.73265954506617 1.005399643277386 
19.8718390182522 49.32623662087404 18.49191883152382 1.985726466812579 
20.1056385419076 49.6050942616563 18.4450989213273 1.091381525301507 
20.27933046481952 50.06862276383431 18.40834245253849 1.210379323900511 
19.4332174110363 49.25798932325091 19.56120904526002 1.650702599908058 
20.16786029277111 48.63234628089784 19.17419381837177 2.08885272199187 
19.57057345412303 49.34065731038709 19.01540909219512 1.885532924447773 
20.29316877085989 50.08739469385398 18.86641093537788 1.114080902796331 
20.22583899786513 49.4984256635798 19.34587402119586 1.25149836306845 
17.89421271943447 50.33658057920284 18.37261839421058 0.2617403926603163 
17.94442089191268 50.27135068666457 18.27107694851723 2.005850372098806 
18.02749169137175 50.59051531387205 18.59046624275114 0.9979580356233058 
17.79209025000681 50.05416860921435 18.76863541753575 0.6828450307472131 
18.08594500164075 49.99670511546365 18.40951364979091 0.4036747900397568 
17.99361110588176 50.30456938309575 18.50378708531248 0.1694671393593774 
17.97485031336376 50.15969733863891 19.13178424194858 0.4982005570305148 
17.94839070241819 50.41302522684476 18.70466160398206 0.4127148368229427 
17.95313633472808 50.30567325921033 18.92364708337343 0.5567991833663726 
18.03921243537 50.41134135341061 19.49300436174086 0.7979103141018946 
17.94116937630743 50.73555597616284 18.75185980545949 1.386954432058751 
18.13348512851104 50.75995790436117 18.98379627500734 0.90552092752052 
17.970157085399 50.92863708396464 19.18325844947482 1.519939834444074 
18.07865001365573 50.84012211980644 19.62428472621398 0.9492713761986948 
20.53564155133986 49.07814822561249 17.21526959618002 0.8625978591500996 
20.62099822788762 49.69986661520134 17.02353134466754 2.197807930859867 
20.70341356792126 49.5506222317517 17.63817514899306 0.6580597348824 
20.58050893027482 49.25225525237659 18.09621146730526 1.234626300074005 
20.74571468285277 50.07460725509677 17.65678803630282 2.264583135915657 
20.71798259925143 49.8172625501531 17.1946211917198 1.952423077584953 
20.85739780171297 49.80200224467136 18.29998051389554 0.9698124549139919 
20.67584330693561 48.65169501408857 19.07163540344731 1.936174828197977 
20.70197276268577 48.72763788330092 18.73786588640723 1.756308742126663 
20.85059681306411 49.36262215609492 18.78912641691533 1.276722193035212 
20.69898165488378 49.07858824962173 19.4374145691244 1.20137177914836 
20.86653560447556 49.93646302265049 18.51858469061687 1.43163962788006 
20.99538851038026 49.82401463100162 18.88426496909387 1.197429531223349 
21.05282826702289 49.71729059535685 19.46509792346708 1.090714170754119 
20.47055395892798 50.07062135538122 17.78907767871828 1.147705880283745 
20.70235434431739 50.25929434325788 18.06454268976565 3.137010592763602 
20.55587609788751 50.25088642177636 18.67972729073598 2.079364895060081 
20.70737068881723 50.18094833048109 18.65579986958836 1.754442526217048 
20.96393765659951 50.11519169292277 19.39873929923789 1.42775126827128 
20.74830267870023 50.27879623253542 19.47817618866677 2.823361126939815 
20.54594948428536 50.09128361295354 19.56962024502623 1.363605833537399 
17.78817361516253 49.42452604891536 20.31400520141967 1.113402791075551 
17.53992548093789 49.65619094512877 19.93547972919628 1.216769392243201 
17.44032695741196 49.88867202680285 19.69782733442636 1.204664806046843 
17.80887463035586 49.71307044331464 21.44223747356854 1.235048595966596 
17.52564466241219 50.0079669974673 21.78494750330675 1.374993889536576 
17.15609982247303 50.49216970009892 20.35731777820902 1.251236092936225 
17.32395230612308 50.71194244968004 19.839371249214 1.366166450601789 
17.37834216332502 50.06188441293943 20.54073491902021 1.189191482941176 
16.93676153930338 50.9404485833223 20.36875704746263 1.844185218508301 
17.3133281067822 51.00304326053934 20.0254314866987 1.866849455903377 
17.57430476196671 51.0790591991265 20.08466747679059 1.717721941575213 
17.17736183811584 50.41309129698865 20.59515282778187 1.241909418706776 
17.2507739592259 50.36387174036117 21.61305929100823 1.387740627759804 
16.69722652295206 50.98066204789934 20.74143807550199 1.723306348855473 
16.61951674461339 50.99773321734622 21.26835565708335 1.308211410582587 
16.77813543138411 50.9955607142057 22.10096791439291 1.197017275359258 
17.7971936593957 49.85533146075409 22.32950999327521 1.701298606385123 
17.79480205154236 50.0347205321612 22.78991782828739 1.803869791417384 
17.27946512289929 50.27133985742995 22.78055603564918 1.299682406372476 
17.57441177012542 50.10052088004475 22.7326503190615 1.531745166321592 
17.37275074329055 50.38945396664683 22.54061637138271 1.319720766517918 
17.31485686944275 50.61771240606926 22.90893099869092 1.186982881569882 
17.15217863500088 50.64221370853173 22.42137232167789 1.320676105964402 
16.91579421566762 50.88509538806094 22.96479094366859 1.170426977023894 
16.65787369792401 51.18228360251589 22.75109531973905 1.083810319320371 
17.50497034537844 50.28946129407072 23.06479549692594 1.699482078371652 
17.30026687277223 50.48427915504244 23.09353408450044 1.326230085811353 
17.30419329752086 50.60958420011318 23.6408409786766 1.532392440811982 
17.75190252472337 50.49568493709594 23.23096045301039 1.590191757940175 
17.00890357089719 50.73392512788602 23.49875474965384 1.179739410804757 
16.85177614110457 51.22716850122143 23.37026626645597 1.289331136989752 
17.18606556961272 51.21847683621179 23.67571551496794 1.817173238975968 
17.74283116081501 51.22221499237574 23.44288032777917 1.698451233812882 
17.05198610496623 50.80376697100498 23.79572402855609 1.944723195320194 
17.80516644282358 50.62620431575272 23.68455492672106 1.729309056506779 
16.42921197191157 51.40113953479436 21.78998305526102 1.210777441765288 
17.74782447215649 51.48239473529735 21.18415080142097 1.620690598390588 
16.57215568914831 51.36503951924966 21.20496813043398 2.271703770005573 
17.00547914574467 51.33844239292674 20.43782015150864 1.89476442330502 
16.92375970233487 51.50124607261788 20.96254011043771 1.551823174334679 
16.50836811933082 51.62178295802633 21.53150842113513 2.401088182985589 
17.39886647064509 51.33408723953749 21.04636273832357 1.49020055288441 
16.64765488379675 51.75909799799403 21.82805822071341 1.049043237366533 
16.8411137349937 51.69705780645795 21.59765976932118 1.25473453062186 
17.38108639653979 51.56870397111805 21.5442035733123 1.515861841235782 
16.37667291706024 51.62631894212308 22.07365468978681 1.303956794832125 
16.40921289354532 51.8068670179686 22.04031831591042 2.730678960182232 
16.42405852590358 51.7778173526976 22.47444866581871 2.80687253156448 
16.46796011203134 51.5155585594344 23.1319472268925 0.6740582129481396 
16.46242021652009 51.97953944554011 23.28403168498165 1.930917541438106 
16.3374294988236 51.74938023617883 23.45853050406148 2.528603306577878 
16.79081553232437 51.68803992669295 22.25864185304005 0.8730310879491441 
17.32031834828469 51.59797828185499 22.98821182680044 1.229420442847875 
16.99208466120688 51.6783778703519 22.97387789201867 0.9101877991350733 
17.33070700519363 51.55410674465158 22.2734098059588 1.38135947250364 
16.73878149219699 51.39429500697716 23.40252599952346 1.67349612828238 
16.8008974795037 51.66993816583171 23.45030498593068 1.023773612575901 
17.37102856224909 51.02359033974903 23.96618537088752 2.68462698864451 
17.38825509292749 51.44432712329327 23.49042782276715 1.513358493313547 
18.31254016734332 48.56449390895243 20.43414259989813 1.422757685933419 
18.7441045914665 48.51566702011274 20.02287097218937 1.262877915778184 
19.1930938427517 48.20525826728718 20.468355965312 1.12714748764175 
18.88704938034875 48.3601902917111 20.44057043124374 1.12039136805592 
18.58368542757818 48.55847165481001 20.72701028807609 1.733784245536413 
19.17721016613177 48.23391351737651 20.78697725231645 1.758550741960107 
19.5547887758355 47.87403156222008 19.89918840808784 1.835522927797399 
20.104874823499 47.48683587532977 19.52227574520803 1.793641256260599 
19.74214272574817 47.64154159379871 19.91311939776694 2.314228413163406 
19.96035673243473 47.78625061093344 19.96261086302764 2.634649980659205 
19.56559765745919 48.18563504098815 19.88222263837831 1.886979917942909 
19.32940521585404 48.34599863834648 20.06291624257196 1.344892654704587 
19.53903078490994 48.35603491796071 20.68422105441641 1.157998446234529 
19.89883703392519 48.18774111237796 19.93355126363952 2.385935935893357 
19.92383032585633 48.37650309317436 20.19190613823162 1.285188498291838 
20.15534280545504 48.25426241065163 19.77050156169994 1.957938946303315 
20.08856951951225 48.46898926430048 19.93915069030634 1.479916387773798 
20.09217012184293 48.45268876046391 20.73283589949353 0.9650979443887024 
20.34992097651676 48.95208064872955 20.59732414513345 1.840677560388329 
19.71016631226359 48.63226779818412 21.09213281396222 1.851145212142228 
19.799950003228 48.28957323627154 20.8955741194139 1.432687376568445 
20.0719918239896 48.57831993046526 21.09185863262596 2.341174005568519 
18.21892644733812 48.91347828840369 20.59625688354984 1.163500176953576 
18.10859537391822 49.05337301106855 20.78661115917944 1.132292387551992 
18.85594364261868 49.253077957699 19.79462181011281 0.9755036143340092 
18.88253025762867 48.4997382265483 20.77807326076582 2.204195847767878 
19.09426080220957 48.95111410440482 20.59790382094681 1.098374200252692 
18.89731046097394 49.20026551237324 20.64028471416786 0.9571354846439064 
18.0528512181317 49.91681548568083 18.9686218268395 0.5371669833534334 
18.36279839884428 49.73522147312848 20.05625322447132 0.9346569877760658 
18.28815446750279 49.94164634782222 20.52342826320413 0.9450448315483229 
17.71088266260108 49.53782219967866 20.95459382724577 1.173552704263813 
18.20610341593317 49.1973290525894 21.49591921907314 2.04929623909608 
18.38225306893661 48.99667686193137 21.01454266418175 1.312570729487398 
17.94041816782625 49.15426733371019 21.35471890063747 1.473542711314373 
18.92002324307005 48.95655859517812 20.87282447604495 1.570362906552702 
18.62937605952299 49.21698818058026 21.16204986697684 1.56270062317018 
18.29234830292297 49.82922158783388 21.1796693293437 0.8790107445146091 
18.2414704927571 50.11525357379458 21.05998808057246 1.173439702718561 
18.22773631993204 49.73349831211244 21.67254500615592 1.787844881439881 
18.32549543973696 49.59749601125798 21.50881528894358 1.227480361014301 
18.07995047480945 49.71320509061592 22.03084963027048 2.030188015876604 
18.48531899371233 49.62035006222047 21.00948300917129 0.8793107159783418 
19.20378553501727 49.0247871145697 20.21498694992018 1.04824956286874 
19.38926527609944 48.91972924368278 20.3925763283245 1.227182643434517 
19.42422069813484 48.53457762029342 20.88257605184981 2.59534818664963 
20.40117835973071 48.92203917604225 19.97502124885327 0.9771737423400779 
19.80840221217431 49.10421386561052 20.34532126801034 1.277520785097984 
20.04427905794802 49.38386617937446 19.70051575278195 1.49416574944599 
20.21572052796139 49.10441585938444 20.41541404812109 1.089528422898503 
20.16814928344183 48.99420448134378 20.78965760543135 1.224600819371155 
20.34335361279273 49.32457466783996 19.94770146064646 0.8296066328493836 
18.05135529940822 50.24009346113341 19.99016186772909 0.9766577053650707 
18.21903749905906 50.85813848807925 20.55697028251128 1.479317161991226 
18.21443452344611 50.31943788132745 20.65601362165202 1.248033836091317 
17.96937898025309 51.13196639508717 20.1326098055829 1.594715098126898 
18.14299141383052 51.15401965127074 20.62986054718602 1.537330188297474 
18.42239870030864 50.46761539630192 21.42689916661801 1.548882163129292 
18.59626278752592 50.572632552168 21.93355541989413 1.713097791306417 
18.31280985193937 50.91319192768277 21.10617108147391 1.574060403170726 
18.59230438803171 50.80330504923098 21.89444717682759 1.673779400515038 
18.014427003331 50.12471839015802 22.84660058428047 1.883770592098344 
18.29106377348664 49.96209042727741 22.10917500636559 1.781924952799059 
18.45393717420486 50.22258552803515 22.62458195611253 1.81711217921081 
18.69555639067661 50.80901256416075 22.44964001421515 1.802640195274037 
18.57975443299794 50.84036148377417 23.03472847617202 1.963635535534664 
18.56715442128233 51.18193563142332 22.83640267120115 1.789444934144996 
18.50593983912605 51.22049877638381 23.10469714676903 1.988677415597195 
18.12056801092052 50.49136053986686 23.0900817399836 1.769632269742246 
18.08363929778636 50.63561616507322 23.22553714850203 1.816410811505648 
18.01232901169807 51.36046413134097 23.3409619259709 2.128212502288491 
18.46792621269461 50.76718716711378 23.18979205222489 2.108635471207663 
20.66108493166001 49.52323796329334 19.93021047787535 0.8864327843580426 
20.43268388714316 49.17395429575848 20.10672531039448 2.458368799457745 
20.83869187723462 49.28598984094254 19.88652265525571 1.270117288572493 
20.43400439271711 49.64152994159858 19.54015423620806 0.8743423361609999 
20.78343692568365 49.76348481299825 20.01072318695234 2.489755772633259 
21.05215957667059 49.81429551835269 19.87743360887022 1.773025594476451 
20.82997732450654 50.04844625804081 19.88221919522836 2.705132824810789 
17.94148518466836 51.3940472131261 21.11102598032937 1.60753713656387 
18.11506847745877 51.30553653373131 21.4588807482749 1.625601401717965 
18.24001722893198 51.38801230507992 22.40157156680912 1.51210830486685 
18.46810033664756 51.13062618997716 22.02188424053386 1.656235782553118 
17.94507589684049 51.53209409042616 22.57671323874929 1.524046103650996 
17.8431767510401 51.58053340042357 23.01297335662578 1.513858343303831 
3 614 9 0 
3 8 2 1 
3 0 1 631 
3 631 1 632 
3 9 8 1 
3 0 9 1 
3 3 1 2 
3 1 3 632 
3 4 632 3 
3 3 20 4 
3 637 4 20 
3 7 5 10 
3 7 10 9 
3 10 8 9 
3 614 7 9 
3 656 10 5 
3 10 6 8 
3 656 12 11 
3 11 12 15 
3 654 12 656 
3 10 11 6 
3 6 11 13 
3 11 15 13 
3 14 13 15 
3 11 10 656 
3 15 665 3269 
3 14 15 25 
3 3269 25 15 
3 8 16 17 
3 8 17 2 
3 8 6 16 
3 16 23 17 
3 3 2 19 
3 19 2 17 
3 19 17 18 
3 17 23 18 
3 19 20 3 
3 20 19 18 
3 20 18 686 
3 21 20 686 
3 686 18 22 
3 6 13 16 
3 13 24 16 
3 16 24 23 
3 14 24 13 
3 24 27 23 
3 27 24 14 
3 25 26 14 
3 26 27 14 
3 26 25 682 
3 18 27 22 
3 18 23 27 
3 22 27 28 
3 688 686 22 
3 22 28 688 
3 27 26 28 
3 28 26 3270 
3 28 3270 688 
3 29 31 32 
3 32 31 89 
3 89 30 32 
3 32 34 29 
3 140 29 34 
3 29 140 35 
3 32 33 34 
3 33 142 34 
3 34 142 143 
3 35 146 38 
3 38 146 36 
3 31 38 37 
3 38 31 29 
3 39 37 38 
3 89 31 37 
3 116 37 41 
3 38 29 35 
3 38 36 39 
3 37 39 41 
3 39 40 41 
3 40 42 41 
3 43 49 44 
3 49 68 44 
3 45 47 49 
3 46 48 45 
3 46 51 48 
3 47 48 52 
3 47 45 48 
3 47 50 49 
3 50 47 75 
3 52 75 47 
3 51 52 48 
3 51 53 52 
3 51 859 53 
3 80 75 52 
3 859 862 53 
3 53 892 80 
3 53 80 52 
3 53 862 892 
3 43 44 54 
3 54 44 72 
3 54 72 83 
3 49 43 55 
3 49 55 45 
3 61 56 43 
3 43 56 55 
3 56 61 59 
3 57 55 56 
3 885 57 886 
3 56 58 57 
3 886 57 58 
3 58 890 889 
3 57 45 55 
3 46 45 57 
3 885 46 57 
3 56 59 58 
3 58 59 890 
3 60 890 59 
3 61 43 54 
3 83 61 54 
3 59 61 62 
3 62 61 63 
3 61 83 63 
3 63 83 65 
3 62 63 64 
3 63 65 64 
3 922 64 65 
3 60 59 62 
3 62 64 66 
3 67 70 69 
3 70 73 69 
3 50 68 49 
3 68 67 69 
3 67 68 50 
3 69 71 68 
3 68 71 44 
3 44 71 72 
3 72 71 74 
3 69 73 71 
3 71 73 74 
3 74 77 84 
3 73 78 74 
3 78 77 74 
3 82 73 70 
3 78 73 82 
3 75 70 67 
3 75 67 50 
3 75 76 70 
3 80 76 75 
3 76 78 82 
3 76 79 78 
3 79 77 78 
3 81 76 80 
3 81 79 76 
3 86 81 80 
3 892 86 80 
3 70 76 82 
3 72 84 83 
3 72 74 84 
3 65 83 84 
3 85 84 77 
3 85 77 79 
3 85 65 84 
3 81 86 85 
3 86 65 85 
3 86 922 65 
3 81 85 79 
3 90 88 87 
3 33 30 91 
3 33 91 106 
3 88 90 30 
3 30 33 32 
3 88 30 89 
3 89 105 88 
3 90 91 30 
3 88 105 97 
3 88 97 87 
3 92 93 91 
3 92 94 95 
3 92 95 93 
3 96 87 98 
3 96 91 90 
3 87 96 90 
3 92 91 96 
3 87 97 98 
3 97 99 98 
3 115 99 97 
3 92 96 94 
3 98 121 94 
3 98 94 96 
3 100 95 102 
3 98 99 121 
3 121 99 104 
3 91 93 106 
3 95 100 93 
3 121 103 102 
3 101 104 99 
3 121 104 103 
3 111 100 102 
3 103 112 102 
3 112 111 102 
3 104 110 103 
3 110 112 103 
3 104 101 110 
3 89 115 105 
3 97 105 115 
3 115 117 99 
3 99 117 101 
3 108 109 33 
3 33 106 108 
3 107 108 106 
3 33 109 142 
3 109 271 142 
3 107 111 108 
3 111 272 109 
3 111 109 108 
3 93 107 106 
3 93 100 107 
3 111 107 100 
3 110 113 112 
3 113 114 112 
3 272 111 114 
3 114 111 112 
3 89 37 115 
3 115 37 116 
3 115 116 117 
3 117 116 119 
3 41 118 116 
3 116 118 119 
3 119 278 120 
3 42 118 41 
3 118 278 119 
3 117 119 101 
3 101 119 110 
3 110 119 113 
3 119 120 113 
3 113 120 114 
3 121 95 94 
3 121 102 95 
3 123 136 125 
3 124 123 125 
3 1046 124 125 
3 126 122 123 
3 126 123 124 
3 133 3288 127 
3 3288 128 127 
3 129 130 291 
3 130 290 291 
3 298 129 291 
3 122 136 123 
3 131 136 122 
3 133 131 132 
3 132 131 122 
3 131 133 127 
3 125 136 134 
3 135 125 134 
3 135 134 137 
3 136 131 130 
3 290 131 127 
3 131 290 130 
3 134 136 129 
3 136 130 129 
3 127 128 290 
3 134 129 137 
3 137 129 298 
3 140 141 147 
3 141 138 147 
3 143 140 34 
3 143 156 141 
3 140 143 141 
3 143 142 156 
3 142 144 156 
3 142 271 144 
3 156 138 141 
3 156 144 157 
3 150 145 148 
3 145 35 140 
3 35 145 146 
3 36 146 150 
3 145 140 147 
3 150 146 145 
3 36 1137 151 
3 145 147 149 
3 148 145 149 
3 149 147 163 
3 148 149 164 
3 147 138 163 
3 150 1137 36 
3 150 148 1155 
3 36 151 39 
3 40 39 152 
3 39 151 152 
3 42 40 152 
3 152 1329 42 
3 157 139 138 
3 153 139 157 
3 155 168 154 
3 156 157 138 
3 158 153 157 
3 144 159 157 
3 284 157 159 
3 157 284 158 
3 155 160 182 
3 242 182 160 
3 242 160 162 
3 244 242 162 
3 154 153 158 
3 161 154 158 
3 155 161 160 
3 161 155 154 
3 158 284 161 
3 162 160 161 
3 162 161 284 
3 162 285 251 
3 164 149 163 
3 164 163 165 
3 138 139 163 
3 165 139 153 
3 139 165 163 
3 148 166 1156 
3 164 166 148 
3 1155 148 1156 
3 166 164 165 
3 165 167 169 
3 167 168 248 
3 169 167 248 
3 165 153 167 
3 154 167 153 
3 167 154 168 
3 166 165 169 
3 170 252 287 
3 288 1163 170 
3 1163 171 170 
3 171 252 170 
3 1220 171 1163 
3 173 183 172 
3 172 183 209 
3 209 183 186 
3 218 173 215 
3 185 173 218 
3 172 209 174 
3 216 173 172 
3 215 173 216 
3 172 174 216 
3 186 175 198 
3 175 176 177 
3 188 178 180 
3 176 179 308 
3 187 180 176 
3 176 175 187 
3 176 180 179 
3 185 181 184 
3 187 181 188 
3 181 187 184 
3 181 182 188 
3 184 175 183 
3 184 183 173 
3 185 184 173 
3 183 175 186 
3 175 184 187 
3 188 180 187 
3 178 188 189 
3 189 188 192 
3 188 182 191 
3 190 188 191 
3 190 243 245 
3 190 192 188 
3 192 245 196 
3 245 192 190 
3 178 189 193 
3 192 195 193 
3 192 193 189 
3 195 194 193 
3 246 195 196 
3 259 213 195 
3 246 259 195 
3 196 195 192 
3 198 209 186 
3 199 175 177 
3 175 199 198 
3 199 177 197 
3 198 199 203 
3 200 197 205 
3 197 201 199 
3 202 199 201 
3 202 203 199 
3 203 202 207 
3 207 202 208 
3 379 208 201 
3 208 202 201 
3 201 197 200 
3 379 201 200 
3 176 308 177 
3 177 308 204 
3 214 207 318 
3 205 197 177 
3 177 204 205 
3 205 206 200 
3 378 205 204 
3 204 314 378 
3 207 208 318 
3 208 379 319 
3 208 319 318 
3 198 210 209 
3 209 212 174 
3 212 209 210 
3 210 198 203 
3 203 211 210 
3 174 212 227 
3 227 212 258 
3 213 212 211 
3 211 212 210 
3 258 212 259 
3 212 213 259 
3 195 211 214 
3 203 207 211 
3 214 211 207 
3 195 214 194 
3 213 211 195 
3 217 185 218 
3 215 216 220 
3 220 216 174 
3 219 218 215 
3 221 215 220 
3 219 215 221 
3 219 221 223 
3 219 217 218 
3 224 217 219 
3 219 223 222 
3 223 225 222 
3 224 219 222 
3 222 225 226 
3 226 225 1194 
3 250 224 222 
3 222 249 250 
3 222 226 249 
3 220 174 227 
3 230 221 220 
3 230 220 228 
3 220 227 228 
3 229 230 231 
3 229 221 230 
3 229 223 221 
3 225 223 229 
3 231 232 229 
3 229 232 225 
3 230 228 235 
3 231 230 235 
3 1194 225 232 
3 232 233 1194 
3 231 235 239 
3 236 239 235 
3 235 234 236 
3 234 266 236 
3 231 239 232 
3 233 232 237 
3 237 1199 233 
3 238 232 239 
3 237 232 238 
3 217 240 185 
3 240 181 185 
3 182 240 241 
3 182 241 155 
3 182 181 240 
3 241 240 217 
3 241 217 168 
3 168 155 241 
3 191 182 242 
3 242 243 191 
3 242 244 243 
3 243 244 245 
3 247 196 245 
3 251 244 162 
3 247 245 244 
3 251 247 244 
3 251 254 247 
3 247 246 196 
3 254 269 247 
3 255 269 254 
3 269 246 247 
3 217 224 248 
3 248 168 217 
3 169 248 1216 
3 248 224 250 
3 250 1216 248 
3 1214 169 1216 
3 250 249 1215 
3 1220 1221 171 
3 252 253 251 
3 253 252 171 
3 253 171 1221 
3 256 255 254 
3 251 256 254 
3 256 251 253 
3 257 255 256 
3 1226 257 256 
3 258 259 261 
3 227 258 260 
3 228 227 260 
3 228 260 235 
3 235 260 262 
3 260 258 261 
3 260 261 262 
3 259 246 261 
3 269 261 246 
3 262 234 235 
3 265 262 263 
3 262 261 263 
3 270 265 263 
3 267 265 270 
3 264 267 270 
3 266 234 262 
3 262 265 266 
3 266 265 267 
3 266 267 390 
3 268 267 264 
3 391 390 267 
3 391 267 268 
3 263 261 269 
3 270 269 255 
3 270 263 269 
3 270 257 264 
3 255 257 270 
3 1255 264 257 
3 109 272 271 
3 114 273 272 
3 120 273 114 
3 272 274 271 
3 274 272 275 
3 273 275 272 
3 277 275 273 
3 271 159 144 
3 274 159 271 
3 274 283 159 
3 283 274 275 
3 277 283 275 
3 120 277 273 
3 276 277 120 
3 278 118 42 
3 1329 278 42 
3 120 278 276 
3 278 1330 276 
3 286 283 279 
3 280 286 279 
3 276 280 277 
3 280 279 277 
3 279 283 277 
3 1330 281 280 
3 281 286 280 
3 281 282 286 
3 1330 280 276 
3 284 159 283 
3 162 284 285 
3 286 287 283 
3 285 284 283 
3 286 170 287 
3 282 288 286 
3 288 170 286 
3 283 287 285 
3 252 285 287 
3 252 251 285 
3 296 128 289 
3 296 293 290 
3 290 293 291 
3 298 291 292 
3 292 291 293 
3 298 292 1350 
3 292 293 294 
3 1350 292 295 
3 295 292 294 
3 293 297 294 
3 296 290 128 
3 297 293 296 
3 297 296 289 
3 1345 298 1350 
3 3306 297 289 
3 299 297 3306 
3 297 300 294 
3 294 300 302 
3 297 299 300 
3 300 301 303 
3 300 299 301 
3 302 300 303 
3 180 307 179 
3 178 307 180 
3 306 179 307 
3 306 307 311 
3 309 179 306 
3 194 311 307 
3 309 306 305 
3 190 191 243 
3 178 193 307 
3 193 194 307 
3 308 309 313 
3 308 179 309 
3 308 314 204 
3 308 313 314 
3 313 309 310 
3 305 310 309 
3 310 316 313 
3 194 214 311 
3 214 318 311 
3 312 305 306 
3 306 311 312 
3 314 423 378 
3 313 315 314 
3 313 316 315 
3 315 316 317 
3 314 315 423 
3 319 322 318 
3 311 318 322 
3 312 311 322 
3 305 312 310 
3 316 310 320 
3 310 312 320 
3 316 321 317 
3 320 321 316 
3 320 312 322 
3 317 321 425 
3 320 425 321 
3 327 331 324 
3 344 325 328 
3 326 327 323 
3 326 348 327 
3 326 323 325 
3 331 348 349 
3 3316 330 3317 
3 3312 3317 349 
3 3317 330 349 
3 330 332 331 
3 324 331 332 
3 332 330 333 
3 330 3316 3320 
3 330 3320 333 
3 332 333 369 
3 333 372 369 
3 333 334 372 
3 348 331 327 
3 330 331 349 
3 328 374 329 
3 339 342 337 
3 342 350 338 
3 338 326 337 
3 342 338 337 
3 348 326 338 
3 341 342 339 
3 341 339 340 
3 1443 341 340 
3 350 342 351 
3 1443 1444 351 
3 341 351 342 
3 1443 351 341 
3 337 325 344 
3 343 337 344 
3 339 337 343 
3 329 343 344 
3 337 326 325 
3 329 345 343 
3 329 344 328 
3 345 329 353 
3 329 354 353 
3 1446 339 343 
3 340 339 1446 
3 345 1446 343 
3 346 1446 345 
3 348 338 350 
3 349 350 3312 
3 350 349 348 
3 350 304 3312 
3 351 304 350 
3 1444 352 351 
3 351 352 304 
3 1444 1450 352 
3 304 352 3315 
3 352 1450 3315 
3 374 354 329 
3 354 335 355 
3 354 355 353 
3 336 354 374 
3 336 335 354 
3 346 345 353 
3 347 346 353 
3 357 347 353 
3 347 357 1473 
3 353 355 357 
3 355 3325 357 
3 357 1451 1473 
3 1451 357 3326 
3 357 3325 3326 
3 360 327 358 
3 323 327 360 
3 363 323 360 
3 359 360 358 
3 358 324 361 
3 327 324 358 
3 359 358 361 
3 362 359 361 
3 363 325 323 
3 325 363 364 
3 325 364 328 
3 328 364 374 
3 374 364 371 
3 363 367 364 
3 364 367 371 
3 365 360 359 
3 365 363 360 
3 363 365 367 
3 365 435 367 
3 359 366 365 
3 435 365 366 
3 433 359 362 
3 433 366 359 
3 367 435 368 
3 367 368 376 
3 369 361 332 
3 361 324 332 
3 369 370 361 
3 361 370 362 
3 334 373 372 
3 369 372 370 
3 372 377 370 
3 373 375 372 
3 373 371 375 
3 375 377 372 
3 371 336 374 
3 371 367 376 
3 336 371 373 
3 335 336 373 
3 335 373 334 
3 375 371 376 
3 370 433 362 
3 370 440 433 
3 370 377 440 
3 440 377 375 
3 200 206 380 
3 205 382 206 
3 205 378 382 
3 378 423 382 
3 380 379 200 
3 379 380 381 
3 379 384 319 
3 379 381 384 
3 381 380 206 
3 385 381 206 
3 382 428 383 
3 385 206 382 
3 385 384 381 
3 384 429 427 
3 385 429 384 
3 385 382 429 
3 382 383 429 
3 236 266 388 
3 236 238 239 
3 236 386 238 
3 386 236 387 
3 388 387 236 
3 389 387 388 
3 266 390 388 
3 390 1561 388 
3 1561 390 391 
3 389 388 1561 
3 397 392 398 
3 393 392 397 
3 398 392 401 
3 401 392 411 
3 392 394 411 
3 394 392 393 
3 1901 404 405 
3 395 417 405 
3 405 396 1901 
3 405 417 396 
3 417 1903 396 
3 417 420 1903 
3 400 397 398 
3 397 400 406 
3 397 406 393 
3 398 399 400 
3 407 406 400 
3 401 411 402 
3 402 405 401 
3 393 403 394 
3 394 403 412 
3 398 401 399 
3 401 404 399 
3 401 405 404 
3 393 406 403 
3 408 400 399 
3 407 400 408 
3 406 407 403 
3 403 407 413 
3 404 1901 1908 
3 404 1908 399 
3 408 399 1908 
3 407 408 416 
3 413 407 416 
3 408 1907 416 
3 411 414 402 
3 412 411 394 
3 414 411 412 
3 402 395 405 
3 414 395 402 
3 412 403 413 
3 395 414 417 
3 417 414 418 
3 412 415 414 
3 412 413 415 
3 415 418 414 
3 420 417 418 
3 415 413 419 
3 413 416 419 
3 416 1910 419 
3 1910 1911 419 
3 409 1656 421 
3 409 421 410 
3 421 1658 410 
3 1660 1658 421 
3 415 419 418 
3 418 422 420 
3 418 419 422 
3 419 1911 422 
3 382 423 428 
3 424 428 423 
3 427 426 322 
3 315 424 423 
3 315 317 424 
3 424 317 425 
3 425 428 424 
3 320 426 425 
3 322 426 320 
3 428 425 383 
3 426 383 425 
3 319 427 322 
3 319 384 427 
3 429 426 427 
3 426 429 383 
3 453 430 1752 
3 1752 430 431 
3 479 431 430 
3 479 480 431 
3 435 366 432 
3 434 366 433 
3 434 432 366 
3 432 434 436 
3 435 432 368 
3 448 432 436 
3 436 434 441 
3 439 436 441 
3 452 437 475 
3 448 436 437 
3 452 449 437 
3 449 448 437 
3 437 439 475 
3 436 439 437 
3 438 439 462 
3 438 475 439 
3 433 440 434 
3 440 442 434 
3 434 442 441 
3 375 444 440 
3 376 444 375 
3 440 444 442 
3 444 445 442 
3 443 442 445 
3 444 376 368 
3 444 368 432 
3 444 432 445 
3 448 445 432 
3 445 450 443 
3 443 450 455 
3 439 441 462 
3 462 441 447 
3 447 441 442 
3 443 446 442 
3 446 447 442 
3 447 446 3337 
3 448 450 445 
3 450 448 449 
3 452 475 476 
3 451 452 430 
3 452 476 430 
3 449 452 451 
3 451 456 449 
3 453 451 430 
3 454 456 451 
3 453 454 451 
3 456 454 1764 
3 450 456 455 
3 456 457 455 
3 1764 457 456 
3 456 450 449 
3 462 463 459 
3 463 460 459 
3 462 459 438 
3 459 460 461 
3 438 459 461 
3 447 463 462 
3 3337 464 447 
3 447 464 463 
3 3337 470 464 
3 460 464 465 
3 460 463 464 
3 467 468 469 
3 468 467 466 
3 464 469 465 
3 464 470 469 
3 469 470 3342 
3 3342 498 471 
3 471 467 469 
3 471 469 3342 
3 460 472 461 
3 465 472 460 
3 461 472 478 
3 473 472 474 
3 473 478 472 
3 472 465 474 
3 469 468 465 
3 465 468 500 
3 473 474 490 
3 474 465 500 
3 476 477 430 
3 475 477 476 
3 478 475 438 
3 477 475 478 
3 478 438 461 
3 477 478 481 
3 430 477 479 
3 479 477 480 
3 477 481 480 
3 478 473 481 
3 481 473 503 
3 480 481 482 
3 482 481 503 
3 503 506 482 
3 486 483 510 
3 510 483 1849 
3 531 485 530 
3 486 530 485 
3 486 485 484 
3 487 484 485 
3 487 485 533 
3 534 487 533 
3 534 488 487 
3 488 534 1973 
3 468 489 491 
3 489 466 492 
3 500 468 491 
3 491 489 495 
3 491 495 509 
3 490 491 504 
3 509 504 491 
3 494 492 493 
3 493 492 466 
3 494 493 518 
3 495 489 492 
3 495 494 496 
3 492 494 495 
3 496 494 512 
3 512 529 496 
3 512 494 518 
3 466 467 497 
3 468 466 489 
3 497 493 466 
3 501 493 497 
3 467 471 497 
3 471 498 497 
3 498 501 497 
3 498 499 501 
3 499 498 3354 
3 474 500 490 
3 490 500 491 
3 493 501 518 
3 519 518 501 
3 499 502 501 
3 499 3352 502 
3 501 502 519 
3 3356 502 3352 
3 503 473 490 
3 503 490 504 
3 507 503 504 
3 507 504 511 
3 505 482 506 
3 1849 1847 506 
3 503 507 506 
3 506 507 1849 
3 508 509 495 
3 508 495 496 
3 508 496 529 
3 510 508 530 
3 504 509 511 
3 511 509 508 
3 1849 511 510 
3 486 510 530 
3 511 508 510 
3 507 511 1849 
3 529 512 513 
3 512 518 520 
3 520 513 512 
3 514 513 520 
3 516 515 524 
3 516 517 1964 
3 516 524 517 
3 518 519 520 
3 521 514 520 
3 514 521 515 
3 521 526 515 
3 520 519 522 
3 522 3356 523 
3 519 3356 522 
3 519 502 3356 
3 520 522 521 
3 521 522 526 
3 523 526 522 
3 526 524 515 
3 526 525 524 
3 530 508 529 
3 530 529 531 
3 513 531 529 
3 513 514 531 
3 515 531 514 
3 1969 531 515 
3 485 531 533 
3 531 1969 533 
3 533 1969 532 
3 516 1964 1969 
3 533 532 534 
3 516 1969 515 
3 544 565 564 
3 565 544 535 
3 535 537 565 
3 535 536 537 
3 537 536 538 
3 540 546 539 
3 539 544 540 
3 564 540 544 
3 540 564 584 
3 541 542 539 
3 542 541 543 
3 539 546 541 
3 544 539 542 
3 544 542 535 
3 540 545 547 
3 540 547 546 
3 547 549 546 
3 548 547 545 
3 547 548 549 
3 584 545 540 
3 548 545 3375 
3 3375 3374 548 
3 546 549 541 
3 549 550 541 
3 541 550 543 
3 543 550 561 
3 551 549 3374 
3 550 549 551 
3 550 551 561 
3 655 653 553 
3 554 655 553 
3 554 553 555 
3 554 555 663 
3 555 664 663 
3 542 543 556 
3 556 543 561 
3 536 535 542 
3 556 536 542 
3 536 556 557 
3 538 536 557 
3 561 563 556 
3 563 557 556 
3 622 558 670 
3 572 558 622 
3 558 596 560 
3 670 558 560 
3 596 559 560 
3 561 562 563 
3 561 551 562 
3 562 551 598 
3 598 551 552 
3 565 566 567 
3 566 565 537 
3 566 537 568 
3 537 538 568 
3 569 573 703 
3 574 575 569 
3 566 569 567 
3 567 569 575 
3 569 566 573 
3 575 582 567 
3 573 566 568 
3 570 571 711 
3 538 572 568 
3 568 572 570 
3 571 570 572 
3 573 568 570 
3 703 573 570 
3 703 576 569 
3 703 570 711 
3 569 576 574 
3 604 582 575 
3 575 574 606 
3 576 577 574 
3 606 574 578 
3 574 577 578 
3 578 577 721 
3 564 580 585 
3 564 585 584 
3 580 583 585 
3 585 583 579 
3 580 564 565 
3 567 580 565 
3 580 581 583 
3 581 580 567 
3 567 582 581 
3 583 581 592 
3 581 582 592 
3 592 588 583 
3 585 579 584 
3 586 545 584 
3 579 586 584 
3 586 3375 545 
3 583 588 579 
3 588 586 579 
3 552 587 598 
3 587 590 598 
3 591 589 588 
3 589 586 588 
3 587 586 589 
3 589 590 587 
3 589 591 590 
3 582 604 592 
3 592 604 593 
3 594 588 592 
3 592 593 594 
3 591 588 594 
3 538 557 595 
3 563 595 557 
3 572 595 558 
3 538 595 572 
3 558 595 596 
3 595 563 596 
3 596 563 562 
3 601 596 562 
3 597 601 562 
3 597 562 598 
3 597 591 599 
3 599 601 597 
3 598 590 597 
3 591 597 590 
3 601 559 596 
3 601 600 559 
3 602 601 599 
3 602 752 601 
3 599 603 602 
3 593 604 605 
3 575 606 604 
3 604 606 605 
3 605 606 578 
3 578 721 607 
3 605 578 607 
3 593 609 594 
3 594 609 591 
3 591 609 608 
3 591 608 599 
3 593 605 609 
3 608 609 610 
3 610 609 605 
3 608 603 599 
3 608 610 603 
3 607 612 605 
3 605 612 610 
3 610 612 611 
3 610 611 603 
3 617 614 615 
3 616 614 0 
3 614 616 615 
3 615 624 613 
3 613 617 615 
3 613 619 620 
3 621 624 623 
3 622 620 619 
3 571 619 621 
3 572 622 571 
3 622 619 571 
3 621 619 624 
3 624 615 623 
3 619 613 624 
3 621 623 618 
3 710 621 618 
3 618 623 625 
3 618 625 706 
3 625 623 626 
3 706 625 627 
3 625 626 627 
3 616 629 615 
3 631 629 616 
3 629 631 630 
3 630 631 633 
3 638 643 633 
3 633 643 630 
3 630 643 642 
3 631 616 0 
3 633 631 632 
3 634 633 632 
3 634 638 633 
3 634 632 4 
3 638 634 635 
3 635 21 636 
3 635 634 637 
3 637 634 4 
3 21 635 637 
3 638 635 651 
3 651 635 636 
3 640 629 630 
3 615 629 640 
3 639 615 640 
3 639 640 641 
3 626 639 641 
3 640 630 642 
3 644 640 642 
3 642 645 644 
3 872 642 643 
3 645 642 872 
3 645 728 644 
3 726 644 728 
3 726 641 640 
3 726 640 644 
3 645 872 646 
3 645 646 728 
3 623 615 639 
3 626 623 639 
3 647 627 626 
3 627 647 628 
3 626 641 648 
3 626 648 647 
3 628 647 649 
3 628 649 690 
3 643 638 650 
3 872 643 650 
3 638 651 650 
3 651 636 695 
3 651 652 650 
3 651 695 652 
3 875 872 650 
3 650 652 875 
3 652 698 875 
3 5 617 657 
3 655 654 653 
3 654 656 5 
3 657 654 5 
3 617 613 658 
3 657 617 658 
3 657 653 654 
3 658 653 657 
3 653 658 553 
3 553 658 671 
3 658 669 671 
3 614 5 7 
3 617 5 614 
3 659 654 655 
3 655 554 659 
3 654 659 12 
3 659 660 12 
3 660 15 12 
3 554 663 659 
3 663 661 659 
3 661 660 659 
3 661 662 660 
3 553 671 555 
3 555 671 673 
3 668 673 674 
3 673 664 555 
3 664 661 663 
3 668 661 664 
3 664 673 668 
3 660 665 15 
3 662 665 660 
3 666 662 668 
3 668 662 661 
3 668 674 667 
3 667 666 668 
3 613 669 658 
3 669 613 620 
3 669 620 670 
3 670 672 669 
3 672 671 669 
3 670 620 622 
3 672 670 560 
3 559 750 560 
3 750 672 560 
3 751 672 750 
3 671 674 673 
3 672 675 671 
3 675 674 671 
3 559 600 750 
3 675 672 751 
3 675 676 674 
3 674 699 667 
3 676 699 674 
3 700 699 676 
3 677 700 676 
3 677 676 675 
3 751 677 675 
3 677 751 754 
3 701 700 677 
3 754 757 677 
3 757 701 677 
3 680 684 678 
3 21 637 20 
3 21 679 680 
3 686 679 21 
3 636 21 680 
3 678 695 636 
3 679 684 680 
3 678 636 680 
3 662 666 3378 
3 3378 681 682 
3 666 681 3378 
3 681 687 682 
3 683 667 699 
3 684 683 699 
3 689 684 699 
3 667 683 666 
3 683 681 666 
3 683 687 681 
3 679 686 685 
3 685 686 688 
3 687 688 3270 
3 687 685 688 
3 684 679 685 
3 683 684 685 
3 683 685 687 
3 684 689 678 
3 694 678 689 
3 690 649 693 
3 694 692 693 
3 697 693 691 
3 693 697 694 
3 698 652 695 
3 694 695 678 
3 697 696 695 
3 696 698 695 
3 772 696 697 
3 696 920 698 
3 920 875 698 
3 697 695 694 
3 700 689 699 
3 694 689 700 
3 701 694 700 
3 692 694 701 
3 710 618 702 
3 711 710 704 
3 704 710 702 
3 703 711 704 
3 576 703 705 
3 705 703 704 
3 577 576 705 
3 708 704 702 
3 705 704 708 
3 707 702 706 
3 706 702 618 
3 702 707 708 
3 709 708 707 
3 621 710 711 
3 571 621 711 
3 707 706 712 
3 707 712 715 
3 627 712 706 
3 627 628 712 
3 715 712 714 
3 712 713 714 
3 712 628 713 
3 628 690 713 
3 742 709 707 
3 742 707 715 
3 742 715 744 
3 715 714 744 
3 577 705 716 
3 716 705 708 
3 717 708 709 
3 717 709 743 
3 716 708 717 
3 720 716 717 
3 716 720 718 
3 720 719 718 
3 716 722 577 
3 721 577 722 
3 716 718 722 
3 759 721 722 
3 718 759 722 
3 743 709 742 
3 759 718 719 
3 759 719 760 
3 725 727 728 
3 727 726 728 
3 641 726 729 
3 731 729 726 
3 731 726 727 
3 731 727 932 
3 724 729 731 
3 730 724 731 
3 730 731 932 
3 729 648 641 
3 648 732 647 
3 724 733 729 
3 729 733 648 
3 732 648 735 
3 649 647 732 
3 770 649 732 
3 732 736 770 
3 735 648 733 
3 733 724 734 
3 734 735 733 
3 734 737 735 
3 735 736 732 
3 735 737 736 
3 737 738 736 
3 717 739 720 
3 739 743 740 
3 739 717 743 
3 720 739 4423 
3 4423 739 740 
3 730 734 724 
3 734 730 741 
3 730 943 741 
3 743 742 745 
3 742 744 745 
3 743 745 740 
3 4423 740 746 
3 740 745 746 
3 765 746 745 
3 734 741 737 
3 737 741 951 
3 951 747 737 
3 737 747 738 
3 758 714 713 
3 690 756 713 
3 756 690 692 
3 713 756 758 
3 714 758 749 
3 714 749 748 
3 744 714 748 
3 600 753 750 
3 753 751 750 
3 752 600 601 
3 602 768 752 
3 752 753 600 
3 768 753 752 
3 749 753 768 
3 753 754 751 
3 755 754 753 
3 757 756 701 
3 755 758 757 
3 757 758 756 
3 755 757 754 
3 749 758 753 
3 753 758 755 
3 607 721 759 
3 761 607 759 
3 607 761 612 
3 761 759 760 
3 760 762 761 
3 765 744 748 
3 767 765 748 
3 769 762 763 
3 763 748 749 
3 767 748 763 
3 764 760 723 
3 723 760 719 
3 766 764 723 
3 766 4422 765 
3 766 765 767 
3 764 762 760 
3 763 762 767 
3 762 764 767 
3 764 766 767 
3 611 768 602 
3 761 769 612 
3 612 769 611 
3 769 768 611 
3 763 749 768 
3 769 763 768 
3 611 602 603 
3 762 769 761 
3 693 649 770 
3 693 770 691 
3 770 772 691 
3 736 771 770 
3 772 770 771 
3 692 690 693 
3 771 736 738 
3 691 772 697 
3 773 772 771 
3 772 980 696 
3 773 980 772 
3 701 756 692 
3 744 765 745 
3 738 774 771 
3 771 774 981 
3 747 774 738 
3 887 775 777 
3 776 887 777 
3 778 776 777 
3 776 778 787 
3 777 997 778 
3 780 887 776 
3 779 887 780 
3 780 782 781 
3 780 781 779 
3 779 781 783 
3 780 789 782 
3 782 790 821 
3 782 821 781 
3 821 783 781 
3 778 997 1000 
3 784 799 785 
3 799 802 785 
3 787 786 776 
3 786 787 791 
3 780 776 786 
3 789 780 786 
3 791 787 788 
3 787 778 788 
3 778 1000 795 
3 788 778 795 
3 789 786 792 
3 792 786 791 
3 793 789 792 
3 782 789 790 
3 793 790 789 
3 794 792 791 
3 794 791 788 
3 793 792 794 
3 788 795 796 
3 794 788 796 
3 797 826 817 
3 805 807 814 
3 799 784 800 
3 784 1012 800 
3 800 1012 1013 
3 802 799 801 
3 801 799 800 
3 813 802 801 
3 800 803 801 
3 804 803 800 
3 805 801 803 
3 814 801 805 
3 785 802 813 
3 813 1021 785 
3 1013 804 800 
3 805 803 804 
3 805 804 798 
3 798 804 818 
3 806 818 804 
3 804 1013 1018 
3 806 804 1018 
3 1020 806 1018 
3 814 807 810 
3 816 810 808 
3 836 808 812 
3 807 798 809 
3 807 805 798 
3 807 812 810 
3 812 807 809 
3 811 798 818 
3 809 798 811 
3 837 836 812 
3 1146 812 809 
3 1146 837 812 
3 810 812 808 
3 809 811 1146 
3 1146 1151 837 
3 801 810 813 
3 801 814 810 
3 816 815 810 
3 810 815 813 
3 816 835 797 
3 835 816 808 
3 815 816 817 
3 797 817 816 
3 806 1149 818 
3 819 790 793 
3 823 793 794 
3 819 793 823 
3 819 821 790 
3 819 820 827 
3 819 827 821 
3 822 821 827 
3 820 819 824 
3 824 819 823 
3 824 826 797 
3 824 797 828 
3 825 794 796 
3 823 794 825 
3 825 796 1003 
3 823 825 824 
3 826 825 1003 
3 825 826 824 
3 824 828 820 
3 828 830 820 
3 830 828 829 
3 827 820 830 
3 847 830 829 
3 833 830 847 
3 831 827 830 
3 833 831 830 
3 831 833 832 
3 834 832 833 
3 840 835 842 
3 835 808 836 
3 842 835 836 
3 837 842 836 
3 838 842 837 
3 837 1151 838 
3 828 797 835 
3 840 828 835 
3 843 841 842 
3 829 828 840 
3 845 829 840 
3 841 840 842 
3 845 840 841 
3 1090 1091 841 
3 1090 841 839 
3 846 845 841 
3 846 841 1091 
3 842 838 843 
3 838 1151 843 
3 1151 844 843 
3 843 844 839 
3 839 841 843 
3 847 829 845 
3 849 845 846 
3 845 848 847 
3 848 4475 833 
3 848 833 847 
3 845 849 848 
3 4565 848 849 
3 850 4475 848 
3 850 848 4565 
3 851 51 46 
3 853 851 852 
3 852 879 853 
3 855 856 854 
3 856 857 854 
3 855 854 858 
3 859 851 858 
3 851 859 51 
3 858 860 859 
3 854 860 858 
3 854 857 860 
3 857 861 860 
3 862 859 860 
3 892 862 861 
3 862 860 861 
3 858 878 855 
3 863 856 855 
3 863 855 878 
3 856 864 857 
3 858 853 878 
3 858 851 853 
3 864 865 857 
3 857 865 861 
3 728 646 929 
3 929 646 873 
3 646 872 873 
3 879 878 853 
3 866 867 871 
3 868 867 880 
3 869 933 934 
3 870 869 868 
3 933 869 870 
3 867 869 871 
3 871 869 937 
3 867 868 869 
3 934 937 869 
3 874 873 872 
3 875 874 872 
3 921 874 875 
3 866 863 878 
3 863 866 876 
3 863 864 856 
3 863 876 864 
3 866 877 876 
3 877 881 876 
3 876 881 864 
3 878 867 866 
3 879 867 878 
3 867 879 880 
3 865 864 911 
3 911 928 865 
3 864 881 911 
3 881 877 882 
3 881 882 911 
3 911 882 910 
3 871 877 866 
3 871 937 938 
3 938 877 871 
3 882 877 883 
3 883 884 882 
3 884 909 882 
3 909 910 882 
3 886 58 889 
3 885 886 775 
3 775 886 889 
3 851 46 885 
3 885 887 852 
3 887 779 888 
3 852 887 888 
3 887 885 775 
3 852 851 885 
3 879 852 888 
3 889 890 891 
3 775 889 777 
3 891 890 60 
3 891 60 998 
3 777 889 891 
3 891 997 777 
3 892 894 922 
3 892 861 894 
3 894 893 922 
3 893 64 922 
3 894 900 893 
3 895 861 865 
3 895 894 861 
3 895 897 894 
3 897 900 894 
3 896 897 895 
3 62 66 60 
3 998 60 66 
3 998 66 898 
3 64 893 66 
3 66 893 898 
3 898 893 900 
3 900 899 898 
3 901 899 900 
3 779 902 888 
3 779 783 902 
3 888 903 879 
3 888 902 903 
3 870 868 904 
3 868 880 905 
3 904 868 955 
3 955 868 960 
3 868 905 960 
3 783 821 1064 
3 783 1064 906 
3 906 902 783 
3 903 902 906 
3 916 903 906 
3 906 917 916 
3 1064 907 906 
3 906 907 917 
3 879 903 908 
3 908 903 915 
3 879 908 880 
3 880 908 909 
3 909 908 910 
3 915 903 916 
3 910 908 912 
3 911 910 912 
3 897 914 913 
3 896 914 897 
3 914 912 915 
3 915 912 908 
3 913 914 915 
3 909 905 880 
3 884 905 909 
3 960 905 884 
3 915 916 913 
3 916 917 913 
3 899 901 1007 
3 917 918 913 
3 913 1007 901 
3 918 1007 913 
3 900 897 901 
3 897 913 901 
3 917 907 919 
3 917 919 918 
3 875 920 921 
3 892 922 86 
3 865 928 895 
3 895 928 896 
3 3388 3409 925 
3 3411 923 3409 
3 3411 1027 923 
3 925 3409 923 
3 924 925 923 
3 924 926 3423 
3 924 3423 925 
3 928 911 927 
3 911 912 927 
3 928 914 896 
3 927 914 928 
3 912 914 927 
3 3423 926 3425 
3 929 725 728 
3 929 930 725 
3 873 931 929 
3 929 931 930 
3 932 727 725 
3 932 725 930 
3 730 932 940 
3 940 932 941 
3 941 932 930 
3 934 933 935 
3 937 934 931 
3 931 934 935 
3 873 937 931 
3 935 933 936 
3 956 935 936 
3 947 935 956 
3 930 931 935 
3 930 935 947 
3 938 937 873 
3 883 877 938 
3 874 938 873 
3 874 921 938 
3 883 921 939 
3 938 921 883 
3 943 730 940 
3 942 940 941 
3 944 943 940 
3 944 940 950 
3 950 940 942 
3 943 945 741 
3 944 945 943 
3 944 946 945 
3 941 930 947 
3 941 947 942 
3 947 948 942 
3 948 949 942 
3 948 947 968 
3 949 948 968 
3 944 950 4477 
3 950 942 949 
3 951 741 945 
3 951 945 946 
3 747 951 952 
3 946 953 951 
3 951 953 952 
3 946 4479 953 
3 952 953 987 
3 870 954 933 
3 870 904 954 
3 936 933 954 
3 955 960 959 
3 954 957 936 
3 936 957 956 
3 957 954 904 
3 958 957 904 
3 958 972 957 
3 958 904 955 
3 958 955 972 
3 972 955 963 
3 962 884 883 
3 962 960 884 
3 960 962 959 
3 962 883 939 
3 961 962 939 
3 976 961 939 
3 962 961 964 
3 964 959 962 
3 976 964 961 
3 955 959 963 
3 963 959 964 
3 1065 963 1071 
3 964 965 963 
3 963 965 1071 
3 976 977 964 
3 977 965 964 
3 966 947 956 
3 966 968 947 
3 957 967 956 
3 967 957 973 
3 973 957 972 
3 966 956 967 
3 971 968 966 
3 967 971 966 
3 971 949 968 
3 969 950 949 
3 971 969 949 
3 971 970 969 
3 1079 1077 973 
3 973 1077 967 
3 1079 973 972 
3 1079 972 963 
3 963 1065 1079 
3 974 970 967 
3 974 967 1077 
3 971 967 970 
3 970 974 975 
3 4498 970 975 
3 977 978 965 
3 993 978 977 
3 979 978 993 
3 980 920 696 
3 983 921 920 
3 980 983 920 
3 771 981 773 
3 981 980 773 
3 981 982 980 
3 982 983 980 
3 939 921 983 
3 984 939 983 
3 982 984 983 
3 982 990 984 
3 774 986 981 
3 986 774 747 
3 981 985 982 
3 986 985 981 
3 747 952 986 
3 986 952 989 
3 989 988 986 
3 952 987 989 
3 985 986 988 
3 991 985 988 
3 989 4509 988 
3 4509 991 988 
3 985 990 982 
3 991 990 985 
3 992 990 991 
3 993 984 990 
3 984 976 939 
3 993 976 984 
3 994 993 990 
3 992 994 990 
3 992 995 994 
3 976 993 977 
3 979 993 994 
3 995 979 994 
3 1085 979 995 
3 1085 995 996 
3 996 4527 4529 
3 5377 1114 4529 
3 997 891 998 
3 999 1000 997 
3 998 999 997 
3 898 999 998 
3 1015 784 785 
3 785 1016 1015 
3 898 899 999 
3 795 1000 1002 
3 1000 999 1001 
3 1002 1000 1001 
3 1002 1001 1008 
3 795 1002 1004 
3 1004 796 795 
3 796 1004 1003 
3 1003 1004 1006 
3 817 826 1067 
3 1003 1006 1067 
3 1005 817 1067 
3 1002 1008 1004 
3 999 899 1007 
3 1007 1001 999 
3 918 1009 1007 
3 1009 918 919 
3 1007 1008 1001 
3 1009 1008 1007 
3 1011 1008 1009 
3 1004 1008 1011 
3 1011 1006 1004 
3 1010 1069 1009 
3 1069 1011 1009 
3 1012 784 1015 
3 1013 1012 1014 
3 1014 1012 1015 
3 1013 1014 1018 
3 1017 1014 1015 
3 1016 1017 1015 
3 1021 1016 785 
3 1021 1017 1016 
3 1019 1014 1017 
3 1023 1019 1017 
3 1014 1019 1018 
3 1018 1019 1025 
3 815 817 1022 
3 815 1022 813 
3 813 1022 1021 
3 1017 1021 1023 
3 1021 1022 1023 
3 1023 1022 1024 
3 1005 1022 817 
3 1022 1005 1024 
3 1026 1023 1024 
3 1019 1023 1025 
3 1025 1023 1026 
3 1018 1025 1020 
3 1020 1025 1150 
3 1026 1150 1025 
3 1026 844 1150 
3 839 844 1026 
3 3275 126 1027 
3 124 1027 126 
3 1030 1027 124 
3 923 1027 1028 
3 1028 1027 1030 
3 923 1028 924 
3 926 924 1028 
3 926 1028 1042 
3 1042 1028 1030 
3 1042 1030 1029 
3 1033 124 1046 
3 1031 1034 1033 
3 1029 1030 124 
3 1029 124 1034 
3 1033 1034 124 
3 1033 1046 1032 
3 1029 1034 1035 
3 1035 1034 1036 
3 1036 1034 1031 
3 1042 1029 1035 
3 926 1038 3425 
3 926 1042 1043 
3 1038 926 1037 
3 1037 926 1043 
3 1038 1040 3425 
3 1039 1038 1037 
3 1038 1039 1040 
3 1039 1041 1040 
3 1043 1042 1035 
3 1043 1035 1053 
3 1053 1035 1036 
3 1037 1043 1044 
3 1039 1037 1044 
3 1044 1043 1053 
3 1045 1044 1053 
3 1104 1045 1105 
3 1104 1044 1045 
3 125 135 1046 
3 1047 1046 135 
3 1047 135 1050 
3 1048 1033 1032 
3 1046 1047 1032 
3 1048 1032 1047 
3 1031 1033 1048 
3 1031 1048 1036 
3 1036 1048 1049 
3 1054 1048 1047 
3 1054 1047 1051 
3 1049 1048 1054 
3 1050 135 137 
3 137 1345 1050 
3 1345 137 298 
3 1052 1050 1345 
3 1051 1047 1050 
3 1050 1052 1051 
3 1348 1051 1052 
3 1359 1051 1348 
3 1054 1051 1058 
3 1359 1058 1051 
3 1036 1049 1055 
3 1053 1036 1055 
3 1049 1054 1055 
3 1053 1056 1057 
3 1055 1056 1053 
3 1057 1045 1053 
3 1045 1057 1105 
3 1057 1056 1060 
3 1054 1058 1055 
3 1056 1055 1058 
3 1058 1359 1059 
3 1060 1056 1062 
3 1063 1060 1062 
3 1061 1060 1063 
3 1062 1058 1059 
3 1063 1062 1352 
3 1056 1058 1062 
3 1064 1066 907 
3 1064 821 822 
3 1064 1065 1066 
3 1064 822 1065 
3 1065 1071 1066 
3 1003 1067 826 
3 1067 1068 1005 
3 1067 1006 1068 
3 1069 1068 1006 
3 1069 1088 1068 
3 919 907 1070 
3 1071 907 1066 
3 907 1071 1070 
3 1070 1071 1072 
3 1010 1009 919 
3 1070 1010 919 
3 1070 1073 1010 
3 1071 965 1072 
3 1072 1073 1070 
3 1073 1069 1010 
3 1006 1011 1069 
3 1073 1088 1069 
3 1072 1074 1073 
3 1074 1075 1073 
3 1088 1073 1075 
3 1074 1086 1075 
3 822 827 1076 
3 1077 822 1076 
3 1078 1077 1076 
3 1076 827 831 
3 831 1078 1076 
3 822 1079 1065 
3 1077 1079 822 
3 1080 974 1077 
3 1078 1080 1077 
3 1080 975 974 
3 1081 1078 831 
3 975 1080 1082 
3 1078 1081 1080 
3 1080 1081 1082 
3 831 832 1081 
3 978 1072 965 
3 1084 1072 978 
3 1084 1074 1072 
3 979 1084 978 
3 1085 1084 979 
3 1085 1083 1084 
3 1086 1074 1084 
3 1086 1084 1083 
3 1083 1122 1086 
3 1090 839 1089 
3 1068 1024 1005 
3 1087 1024 1068 
3 1087 1068 1088 
3 1089 1026 1024 
3 1087 1089 1024 
3 1089 1091 1090 
3 1091 1087 1092 
3 1088 1092 1087 
3 1091 1089 1087 
3 1026 1089 839 
3 1075 1092 1088 
3 1091 1092 1099 
3 1092 1075 1093 
3 1092 1093 1099 
3 1086 1122 1075 
3 1075 1122 1093 
3 1093 1122 1094 
3 1100 1094 1123 
3 846 1091 1095 
3 1095 1091 1099 
3 1096 846 1095 
3 849 846 1096 
3 849 1096 1097 
3 1097 1096 1098 
3 1095 1099 1102 
3 1094 1099 1093 
3 1099 1094 1100 
3 1102 1099 1100 
3 1095 1102 1096 
3 1096 1102 1098 
3 1102 1100 1131 
3 1102 1131 1101 
3 1098 1102 4572 
3 1101 4572 1102 
3 1105 1117 1106 
3 1106 1117 1107 
3 1104 1039 1044 
3 1106 1104 1105 
3 1041 1039 1104 
3 1106 1041 1104 
3 1041 1106 1107 
3 1103 1041 1107 
3 1085 996 1083 
3 996 1109 1083 
3 1109 996 4529 
3 1108 1109 1110 
3 4529 1110 1109 
3 1083 1111 1122 
3 1122 1111 1121 
3 1111 1113 1121 
3 1112 1108 1110 
3 1112 1107 1108 
3 1107 1117 1113 
3 1117 1121 1113 
3 1108 1107 1113 
3 1108 1113 1111 
3 1083 1109 1111 
3 1109 1108 1111 
3 3478 1103 1112 
3 3478 1112 3429 
3 1110 4529 1114 
3 1114 3429 1112 
3 1114 1112 1110 
3 1112 1103 1107 
3 4595 1115 1135 
3 4595 3484 1116 
3 1135 3484 4595 
3 1119 1120 1117 
3 1105 1119 1117 
3 1118 1120 1119 
3 1122 1121 1120 
3 1122 1120 1094 
3 1120 1118 1123 
3 1094 1120 1123 
3 1100 1123 1132 
3 1123 1125 1132 
3 1121 1117 1120 
3 1118 1119 1124 
3 1118 1125 1123 
3 1124 1125 1118 
3 1057 1126 1105 
3 1057 1060 1126 
3 1126 1119 1105 
3 1126 1060 1061 
3 1124 1119 1126 
3 1126 1061 1124 
3 1063 1381 1061 
3 1128 1124 1061 
3 1130 1124 1128 
3 1128 1129 3490 
3 3490 1130 1128 
3 1125 1124 1130 
3 1125 1130 1133 
3 1130 3490 1127 
3 3493 1127 3490 
3 1133 1130 1127 
3 1131 1100 1132 
3 1132 1125 1133 
3 4585 1101 1131 
3 1115 4585 1131 
3 4588 4585 1115 
3 1131 1132 1115 
3 1115 1132 1135 
3 1132 1133 1135 
3 1134 1133 1127 
3 1134 1135 1133 
3 1135 1134 3484 
3 1137 1136 151 
3 1136 1137 1143 
3 1137 1138 1143 
3 1148 1143 1138 
3 1139 150 1155 
3 1155 1141 1139 
3 1139 1137 150 
3 1138 1137 1139 
3 1142 1138 1139 
3 1142 1139 1140 
3 1140 1139 1141 
3 1147 1142 1140 
3 1164 1147 1140 
3 1148 1138 1142 
3 151 1136 152 
3 1136 1144 152 
3 1143 1144 1136 
3 152 1144 1329 
3 1144 1332 1329 
3 1143 1153 1144 
3 1332 1144 1145 
3 1153 1145 1144 
3 811 818 1149 
3 1146 811 1149 
3 1146 1149 1151 
3 1148 1142 1147 
3 1148 1147 1170 
3 1148 1171 1153 
3 1170 1171 1148 
3 1149 806 1152 
3 806 1020 1152 
3 1152 1020 1150 
3 1151 1149 1152 
3 1151 1152 844 
3 1150 844 1152 
3 1148 1153 1143 
3 1153 1175 1145 
3 1171 1175 1153 
3 1175 1154 1145 
3 1141 1155 1157 
3 1157 1155 1161 
3 1161 1166 1159 
3 1157 1158 1141 
3 1140 1158 1159 
3 1140 1141 1158 
3 1140 1159 1164 
3 1158 1157 1159 
3 1164 1159 1160 
3 1161 1159 1157 
3 1156 166 1214 
3 1155 1156 1161 
3 1214 166 169 
3 1218 1156 1214 
3 1218 1161 1156 
3 1166 1161 1162 
3 1218 1162 1161 
3 1338 1163 288 
3 1222 1220 1163 
3 1222 1163 1338 
3 1178 1338 1339 
3 1165 1167 1168 
3 1165 1147 1164 
3 1165 1160 1167 
3 1165 1164 1160 
3 1159 1166 1160 
3 1160 1166 1167 
3 1167 1169 1168 
3 1165 1170 1147 
3 1165 1168 1170 
3 1170 1186 1171 
3 1167 1166 1172 
3 1166 1162 1172 
3 1197 1172 1162 
3 1172 1197 1231 
3 1172 1173 1167 
3 1173 1169 1167 
3 1172 1174 1173 
3 1180 1174 1231 
3 1231 1174 1172 
3 1174 1180 1179 
3 1187 1175 1171 
3 1171 1186 1187 
3 1176 1154 1175 
3 1187 1176 1175 
3 1176 1187 1182 
3 1177 1178 1342 
3 1177 1240 1178 
3 1179 1180 1181 
3 1180 1240 1177 
3 1177 1181 1180 
3 1182 1181 1177 
3 1170 1168 1183 
3 1186 1170 1183 
3 1168 1169 1183 
3 1173 1184 1169 
3 1183 1169 1184 
3 1185 1183 1184 
3 1186 1183 1190 
3 1190 1183 1185 
3 1190 1185 1191 
3 1186 1188 1187 
3 1186 1190 1188 
3 1191 1188 1190 
3 1193 1188 1191 
3 1187 1192 1182 
3 1192 1181 1182 
3 1187 1188 1192 
3 1189 1181 1192 
3 1189 1192 1193 
3 1188 1193 1192 
3 1195 249 226 
3 1195 226 1196 
3 1196 226 1194 
3 1203 1196 1194 
3 1196 1219 1195 
3 1196 1209 1219 
3 1198 1219 1238 
3 1238 1211 1239 
3 1239 1211 1280 
3 1194 233 1200 
3 1194 1200 1203 
3 1200 1202 1201 
3 1200 1201 1203 
3 1200 233 1249 
3 1202 1200 1249 
3 233 1199 1249 
3 1201 1204 1203 
3 1206 1203 1204 
3 1209 1196 1203 
3 1209 1203 1206 
3 1204 1201 1202 
3 1204 1202 1205 
3 1206 1204 1212 
3 237 1207 1199 
3 237 1538 1540 
3 237 1540 1207 
3 1199 1560 1249 
3 1199 1208 1560 
3 1207 1208 1199 
3 1238 1219 1210 
3 1210 1219 1209 
3 1211 1238 1210 
3 1204 1261 1212 
3 1209 1206 1212 
3 1209 1212 1210 
3 1212 1260 1210 
3 1213 1212 1261 
3 1217 1214 1216 
3 1216 250 1215 
3 1217 1216 1215 
3 1215 1195 1217 
3 1218 1214 1217 
3 1198 1162 1218 
3 1219 1217 1195 
3 1218 1217 1198 
3 1198 1217 1219 
3 1195 1215 249 
3 1222 1221 1220 
3 1228 1221 1222 
3 1228 253 1221 
3 1224 1222 1338 
3 1178 1224 1338 
3 1224 1228 1222 
3 1223 1224 1178 
3 1223 1225 1224 
3 1229 1227 1226 
3 1226 256 253 
3 1228 1226 253 
3 1226 1228 1229 
3 1225 1230 1224 
3 1230 1228 1224 
3 1244 1230 1225 
3 1230 1229 1228 
3 1198 1197 1162 
3 1231 1197 1232 
3 1232 1197 1233 
3 1232 1233 1234 
3 1180 1231 1232 
3 1173 1174 1276 
3 1276 1174 1179 
3 1232 1234 1235 
3 1234 1236 1235 
3 1234 1237 1236 
3 1197 1198 1233 
3 1233 1239 1234 
3 1234 1239 1237 
3 1239 1278 1237 
3 1233 1198 1238 
3 1239 1233 1238 
3 1278 1239 1280 
3 1240 1223 1178 
3 1240 1439 1223 
3 1245 1225 1223 
3 1245 1244 1225 
3 1439 1245 1223 
3 1180 1232 1241 
3 1232 1235 1241 
3 1241 1235 1242 
3 1235 1236 1242 
3 1237 1290 1236 
3 1241 1240 1180 
3 1439 1240 1241 
3 1439 1241 1242 
3 1236 1243 1242 
3 1242 1243 1439 
3 1236 1290 1243 
3 1245 1246 1244 
3 1244 1270 1230 
3 1246 1270 1244 
3 1247 1270 1246 
3 1248 1202 1249 
3 1202 1248 1250 
3 1249 268 1251 
3 1251 1248 1249 
3 268 264 1251 
3 1250 1248 1251 
3 1205 1202 1250 
3 1205 1250 1253 
3 1560 1559 391 
3 1562 1560 1208 
3 1560 268 1249 
3 268 1560 391 
3 1204 1205 1252 
3 1252 1205 1253 
3 1226 1255 257 
3 1227 1255 1226 
3 1256 1255 1227 
3 1257 264 1255 
3 1257 1251 264 
3 1251 1257 1250 
3 1256 1257 1255 
3 1268 1258 1229 
3 1258 1259 1256 
3 1268 1229 1230 
3 1229 1258 1227 
3 1258 1256 1227 
3 1253 1250 1257 
3 1253 1257 1259 
3 1259 1257 1256 
3 1253 1259 1254 
3 1259 1269 1254 
3 1259 1258 1269 
3 1261 1204 1252 
3 1212 1213 1266 
3 1213 1261 1252 
3 1266 1213 1262 
3 1252 1263 1213 
3 1252 1253 1263 
3 1263 1253 1254 
3 1213 1265 1262 
3 1213 1263 1265 
3 1265 1264 1262 
3 1266 1260 1212 
3 1267 1260 1266 
3 1315 1262 1273 
3 1266 1315 1267 
3 1262 1315 1266 
3 1268 1269 1258 
3 1271 1269 1268 
3 1270 1268 1230 
3 1270 1271 1268 
3 1247 1271 1270 
3 1273 1271 1247 
3 1271 1264 1269 
3 1271 1262 1264 
3 1269 1576 1254 
3 1264 1576 1269 
3 1264 1265 1576 
3 1576 1265 1272 
3 1262 1271 1273 
3 1315 1273 1316 
3 1280 1211 1274 
3 1281 1280 1274 
3 1274 1211 1210 
3 1274 1210 1260 
3 1303 1274 1260 
3 1281 1274 1275 
3 1275 1274 1303 
3 1184 1173 1276 
3 1185 1184 1276 
3 1185 1276 1191 
3 1277 1278 1279 
3 1281 1279 1280 
3 1279 1278 1280 
3 1281 1283 1279 
3 1277 1237 1278 
3 1282 1277 1279 
3 1287 1277 1282 
3 1279 1283 1282 
3 1282 1283 1288 
3 1288 1283 1293 
3 1285 1276 1179 
3 1181 1285 1179 
3 1181 1189 1285 
3 1189 1284 1285 
3 1276 1285 1191 
3 1286 1193 1285 
3 1193 1191 1285 
3 1285 1284 1286 
3 1284 1287 1286 
3 1237 1277 1290 
3 1277 1287 1290 
3 1284 1290 1287 
3 1288 1286 1287 
3 1193 1289 1189 
3 1189 1289 1284 
3 1290 1289 1243 
3 1290 1284 1289 
3 1289 1291 1243 
3 1286 1289 1193 
3 1289 1286 1291 
3 1292 1286 1288 
3 1292 1291 1286 
3 1287 1282 1288 
3 1292 1313 1246 
3 1313 1247 1246 
3 1288 1293 1292 
3 1292 1293 1313 
3 1293 1294 1313 
3 1295 1294 1293 
3 1314 1297 1295 
3 1314 1296 1297 
3 1296 1301 1297 
3 1491 1297 1301 
3 1298 1296 1299 
3 1299 1325 4633 
3 1300 1298 1299 
3 4633 1300 1299 
3 1302 1301 1298 
3 1301 1296 1298 
3 1302 1491 1301 
3 1304 1283 1281 
3 1304 1281 1275 
3 1305 1304 1275 
3 1305 1275 1320 
3 1306 1283 1304 
3 1305 1306 1304 
3 1283 1306 1293 
3 1303 1260 1267 
3 1307 1303 1267 
3 1308 1307 1267 
3 1267 1315 1309 
3 1308 1267 1309 
3 1275 1303 1307 
3 1308 1312 1307 
3 1275 1307 1311 
3 1308 1309 1310 
3 1312 1308 1310 
3 1313 1318 1247 
3 1318 1273 1247 
3 1273 1318 1316 
3 1306 1295 1293 
3 1305 1314 1306 
3 1306 1314 1295 
3 1305 1324 1314 
3 1294 1318 1313 
3 1315 1316 1309 
3 1317 1309 1316 
3 1310 1309 1317 
3 1317 1316 1318 
3 1589 1310 1317 
3 1318 1319 1317 
3 1319 1589 1317 
3 1305 1320 1324 
3 1296 1324 1325 
3 1325 1324 1321 
3 1320 1322 1321 
3 1324 1320 1321 
3 1311 1320 1275 
3 1322 1320 1311 
3 1311 1307 1323 
3 1307 1312 1323 
3 1323 1322 1311 
3 1597 1322 1323 
3 1322 1597 1321 
3 1327 1321 1597 
3 1296 1314 1324 
3 1299 1296 1325 
3 1326 1325 1321 
3 1325 1326 4633 
3 1327 1326 1321 
3 1327 1328 1326 
3 1326 1328 4634 
3 1597 1601 1327 
3 1328 1327 1602 
3 1602 1327 1601 
3 1329 1332 1330 
3 278 1329 1330 
3 1330 1332 1331 
3 1330 1331 281 
3 1336 1331 1332 
3 1331 282 281 
3 1336 282 1331 
3 1336 1332 1333 
3 1332 1145 1333 
3 1333 1145 1154 
3 1336 1333 1340 
3 1334 1340 1333 
3 1154 1334 1333 
3 1335 288 282 
3 282 1336 1335 
3 1335 1338 288 
3 1336 1337 1335 
3 1340 1337 1336 
3 1339 1335 1337 
3 1339 1338 1335 
3 1178 1339 1337 
3 1154 1176 1334 
3 1334 1341 1340 
3 1341 1337 1340 
3 1341 1342 1337 
3 1176 1341 1334 
3 1176 1182 1341 
3 1342 1178 1337 
3 1341 1177 1342 
3 1182 1177 1341 
3 1344 1349 1351 
3 1360 1349 1344 
3 1344 1351 1362 
3 1355 1344 1362 
3 1347 1345 1346 
3 1346 1345 1350 
3 1347 1052 1345 
3 1348 1052 1347 
3 1348 1347 1349 
3 1349 1347 1346 
3 1349 1346 1351 
3 1346 1350 295 
3 1346 295 1343 
3 1351 1346 1343 
3 1352 1361 1356 
3 1063 1352 1353 
3 1353 1352 1356 
3 1360 1344 1354 
3 1361 1360 1354 
3 1361 1354 1357 
3 1354 1344 1355 
3 1356 1361 1357 
3 1353 1356 1358 
3 1358 1356 1357 
3 1359 1348 1360 
3 1360 1348 1349 
3 1359 1360 1361 
3 1059 1359 1361 
3 1059 1361 1062 
3 1062 1361 1352 
3 295 302 1343 
3 295 294 302 
3 1363 302 303 
3 1343 302 1363 
3 1343 1363 1364 
3 3509 1363 303 
3 303 301 3509 
3 1366 1363 3509 
3 1351 1343 1364 
3 1363 1365 1364 
3 1364 1362 1351 
3 1362 1364 1365 
3 1365 1363 1366 
3 1367 1365 1366 
3 3509 1368 1366 
3 1367 1366 1368 
3 1369 1355 1362 
3 1357 1354 1355 
3 1370 1355 1369 
3 1370 1357 1355 
3 1371 1357 1370 
3 1357 1371 1358 
3 1372 1371 1370 
3 1370 1375 1372 
3 1365 1369 1362 
3 1369 1365 1367 
3 1369 1367 1374 
3 1375 1370 1369 
3 1369 1374 1375 
3 1367 1368 1374 
3 1377 1374 1376 
3 1377 1375 1374 
3 1377 1378 1375 
3 1373 1378 1379 
3 1377 1380 1379 
3 1377 1379 1378 
3 4739 4651 1490 
3 4651 1496 1490 
3 1434 1496 4651 
3 1381 1063 1353 
3 1381 1353 1386 
3 1386 1353 1358 
3 1386 1418 1382 
3 1382 1418 1388 
3 1061 1381 1128 
3 1381 1383 1128 
3 1128 1383 1129 
3 1129 1383 3514 
3 1383 1385 3515 
3 1383 3515 3514 
3 1394 1404 1384 
3 1385 1383 1381 
3 1381 1386 1385 
3 1382 1385 1386 
3 1382 1390 1385 
3 1385 1390 3515 
3 1390 3516 3515 
3 1389 1387 1384 
3 1384 1404 1390 
3 1384 1390 1389 
3 1390 1382 1388 
3 1389 1390 1388 
3 1428 1389 1388 
3 3516 1390 1404 
3 3516 1404 1391 
3 1389 1428 1392 
3 1394 1395 1396 
3 1395 1394 1393 
3 1396 1395 1397 
3 1397 1408 1396 
3 1399 1395 1393 
3 1393 1387 1399 
3 1399 1387 1398 
3 1399 1398 1402 
3 1402 1400 1399 
3 1397 1395 1400 
3 1400 1395 1399 
3 1402 1398 1403 
3 1403 1400 1402 
3 1400 1403 1401 
3 1401 1403 1430 
3 1403 1431 1430 
3 1393 1394 1384 
3 1394 1405 1404 
3 1396 1405 1394 
3 1405 1406 1404 
3 1406 1391 1404 
3 1396 1408 1405 
3 1405 1408 1407 
3 1407 1409 1405 
3 1405 1409 1406 
3 1407 1410 1409 
3 1393 1384 1387 
3 1398 1387 1389 
3 1398 1389 1411 
3 1406 1412 1391 
3 1412 1392 1391 
3 1412 1411 1392 
3 1411 1412 1413 
3 1411 1413 1416 
3 1411 1389 1392 
3 1428 1414 1392 
3 3525 1416 1413 
3 3526 1416 3525 
3 1403 1398 1415 
3 1398 1411 1415 
3 1403 1415 1431 
3 1412 1406 1409 
3 1416 1415 1411 
3 1415 1416 1431 
3 1417 1372 1422 
3 1371 1417 1418 
3 1386 1358 1418 
3 1418 1358 1371 
3 1388 1418 1419 
3 1417 1371 1372 
3 1419 1418 1417 
3 1424 1419 1417 
3 1421 1388 1419 
3 1420 1388 1421 
3 1423 1508 1422 
3 1422 1372 1423 
3 1372 1375 1423 
3 1375 1378 1423 
3 1378 1373 1423 
3 1422 1508 1424 
3 1424 1417 1422 
3 1425 1419 1424 
3 1421 1419 1425 
3 1425 1426 1421 
3 1425 1424 1427 
3 1427 1424 1508 
3 1420 1421 1436 
3 1428 1388 1420 
3 1436 1428 1420 
3 1421 1426 1436 
3 1426 1437 1436 
3 1437 1426 1429 
3 1431 1432 1438 
3 1431 1438 1435 
3 1435 1438 1434 
3 1426 1433 1429 
3 1426 1425 1433 
3 1434 1433 1496 
3 1438 1429 1433 
3 1434 1438 1433 
3 1438 1432 1437 
3 1436 1437 3526 
3 1437 1429 1438 
3 1428 1436 1414 
3 1436 3526 1414 
3 1432 3526 1437 
3 1416 3526 1432 
3 1431 1416 1432 
3 1439 1243 1440 
3 1439 1440 1245 
3 1246 1245 1440 
3 1441 1246 1440 
3 1443 1445 1448 
3 1443 1448 1444 
3 1446 1467 340 
3 340 1447 1445 
3 340 1445 1443 
3 346 1470 1467 
3 346 1467 1446 
3 1447 340 1467 
3 1470 346 347 
3 1445 1447 1479 
3 1444 1448 1449 
3 1450 1454 3324 
3 1449 1450 1444 
3 1453 1450 1449 
3 1450 1453 1454 
3 1454 1452 3326 
3 1473 1451 1474 
3 3326 1452 1451 
3 1474 1451 1452 
3 1448 1455 1449 
3 1448 1464 1455 
3 1455 1453 1449 
3 1453 1456 1454 
3 1456 1476 1454 
3 1476 1452 1454 
3 1466 1456 1455 
3 1455 1456 1453 
3 1509 1373 1457 
3 1373 1379 1457 
3 1458 1509 1457 
3 1479 1463 1445 
3 1445 1463 1448 
3 1457 1379 1459 
3 1457 1460 1458 
3 1459 1460 1457 
3 1519 1458 1460 
3 1380 1459 1379 
3 1461 1459 1380 
3 1461 1380 1462 
3 1459 1461 1460 
3 1461 1518 1460 
3 1463 1464 1448 
3 1464 1463 1465 
3 1464 1466 1455 
3 1464 1465 1466 
3 1470 347 1468 
3 1467 1469 1447 
3 1469 1481 1447 
3 1469 1467 1470 
3 1471 1469 1470 
3 1471 1470 1475 
3 1481 1469 1471 
3 1481 1471 1760 
3 347 1473 1468 
3 1468 1473 1474 
3 1477 1468 1474 
3 1477 1474 1452 
3 1475 1470 1468 
3 1476 1477 1452 
3 1456 1486 1476 
3 1475 1468 1477 
3 1477 1476 1486 
3 1472 1471 1475 
3 1475 1478 1472 
3 1475 1477 1478 
3 1478 1477 1486 
3 1766 1478 1486 
3 1484 1479 1481 
3 1479 1447 1481 
3 1479 1482 1480 
3 1480 1482 1483 
3 1479 1480 1463 
3 1463 1480 1485 
3 1485 1480 1483 
3 1484 1481 1442 
3 1482 1479 1484 
3 1442 1482 1484 
3 1481 1760 1442 
3 1463 1485 1465 
3 1485 1483 1487 
3 1465 1485 1487 
3 1466 1486 1456 
3 1466 1488 1486 
3 1488 1466 1465 
3 1488 1766 1486 
3 1782 1766 1488 
3 1465 1782 1488 
3 1243 1291 1440 
3 1440 1291 1441 
3 1291 1292 1441 
3 1292 1246 1441 
3 1492 1295 1297 
3 1492 1499 1295 
3 1493 1499 1492 
3 1517 1489 1498 
3 1302 4739 1491 
3 4739 1302 4738 
3 4739 1490 1491 
3 1490 1494 1491 
3 1491 1492 1297 
3 1493 1491 1494 
3 1493 1492 1491 
3 1497 1493 1494 
3 1494 1496 1495 
3 1490 1496 1494 
3 1495 1497 1494 
3 1493 1497 1498 
3 1497 1495 1517 
3 1498 1497 1517 
3 1295 1499 1294 
3 1294 1499 1500 
3 1499 1506 1500 
3 1294 1319 1318 
3 1500 1319 1294 
3 1501 1319 1500 
3 1501 1500 1507 
3 1524 1502 1498 
3 1503 1507 1502 
3 1503 1502 1504 
3 1503 1504 1505 
3 1493 1506 1499 
3 1500 1506 1507 
3 1493 1498 1506 
3 1498 1502 1506 
3 1502 1507 1506 
3 1512 1508 1509 
3 1512 1509 1510 
3 1510 1509 1458 
3 1423 1373 1509 
3 1423 1509 1508 
3 1511 1458 1519 
3 1510 1458 1511 
3 1512 1514 1427 
3 1427 1508 1512 
3 1514 1512 1513 
3 1512 1510 1513 
3 1515 1514 1513 
3 1510 1511 1516 
3 1511 1519 1521 
3 1516 1511 1525 
3 1525 1511 1521 
3 1515 1513 1489 
3 1515 1489 1517 
3 1524 1489 1513 
3 1516 1513 1510 
3 1524 1513 1516 
3 1519 1460 1518 
3 3537 3547 1462 
3 1518 1461 1462 
3 1522 1462 3547 
3 1522 1518 1462 
3 1518 1521 1519 
3 1521 1520 1525 
3 1518 1522 1521 
3 1522 1520 1521 
3 1522 3550 1520 
3 1433 1425 1495 
3 1425 1427 1495 
3 1495 1427 1514 
3 1496 1433 1495 
3 1495 1514 1517 
3 1517 1514 1515 
3 1535 1534 1523 
3 1489 1524 1498 
3 1524 1504 1502 
3 1526 1524 1516 
3 1516 1525 1526 
3 1525 1528 1526 
3 1504 1524 1526 
3 1505 1528 1527 
3 1527 1812 1505 
3 1505 1504 1526 
3 1526 1528 1505 
3 1525 1520 1528 
3 1520 1529 1528 
3 3550 3557 1520 
3 1520 3557 1529 
3 1527 1528 1529 
3 1529 1827 1527 
3 1529 1531 1827 
3 1529 1530 1531 
3 1531 1530 1831 
3 1532 1534 1533 
3 1534 1532 1523 
3 1535 1537 1534 
3 4765 1537 1535 
3 1536 1533 1534 
3 1533 1832 1532 
3 1536 1836 1533 
3 1537 1536 1534 
3 1537 1837 1836 
3 1836 1536 1537 
3 238 1538 237 
3 1538 238 386 
3 386 1542 1538 
3 386 387 1542 
3 1539 387 389 
3 1538 1541 1540 
3 1541 1538 1543 
3 1543 1538 1542 
3 1540 1541 1546 
3 1540 1544 1207 
3 1540 1546 1544 
3 1207 1544 1208 
3 387 1539 1542 
3 1539 389 1566 
3 1546 1541 1549 
3 1549 1541 1543 
3 1543 1542 1539 
3 1539 1566 1556 
3 1539 1556 1550 
3 1546 1547 1544 
3 1546 1548 1547 
3 1547 1545 1544 
3 1547 1548 1552 
3 1552 1573 1547 
3 1548 1546 1549 
3 1549 1551 1548 
3 1543 1539 1550 
3 1549 1543 1550 
3 1549 1550 1551 
3 1550 1554 1551 
3 1548 1551 1552 
3 1552 1551 1583 
3 1553 1583 1551 
3 1554 1553 1551 
3 1554 1555 1553 
3 1556 1578 1557 
3 1550 1558 1554 
3 1558 1550 1556 
3 1558 1556 1557 
3 1558 1581 1555 
3 1558 1555 1554 
3 1558 1557 1581 
3 1559 1561 391 
3 1562 1559 1560 
3 1566 389 1561 
3 1563 1561 1559 
3 1544 1562 1208 
3 1545 1562 1544 
3 1562 1565 1559 
3 1565 1563 1559 
3 1545 1565 1562 
3 1565 1545 1564 
3 1564 1563 1565 
3 1561 1563 1566 
3 1566 1578 1556 
3 1566 1563 1567 
3 1566 1567 1578 
3 1567 1563 1564 
3 1545 1547 1564 
3 1547 1571 1564 
3 1573 1571 1547 
3 1568 1263 1254 
3 1569 1263 1568 
3 1569 1265 1263 
3 1569 1568 1564 
3 1569 1564 1571 
3 1570 1564 1568 
3 1564 1570 1574 
3 1570 1272 1569 
3 1570 1569 1571 
3 1571 1572 1570 
3 1570 1572 1574 
3 1572 1571 1573 
3 1567 1579 1578 
3 1574 1567 1564 
3 1579 1567 1574 
3 1552 1584 1573 
3 1573 1584 1572 
3 1572 1575 1574 
3 1572 1584 1575 
3 1575 1584 1592 
3 1580 1579 1574 
3 1575 1580 1574 
3 1576 1568 1254 
3 1272 1265 1569 
3 1568 1576 1570 
3 1272 1570 1576 
3 1557 1578 1577 
3 1579 1577 1578 
3 1579 1580 1577 
3 1581 1557 1577 
3 1553 1585 1583 
3 1616 1610 1582 
3 1610 1616 1613 
3 1582 1618 1616 
3 1706 1696 1582 
3 1696 1618 1582 
3 1312 1310 1590 
3 1583 1584 1552 
3 1585 1587 1583 
3 1587 1584 1583 
3 1587 1592 1584 
3 1612 1580 1575 
3 1585 1586 1587 
3 1585 1553 1555 
3 1614 1588 1586 
3 1589 1590 1310 
3 1319 1806 1589 
3 1589 1806 1591 
3 1590 1589 1591 
3 1593 1575 1592 
3 1587 1593 1592 
3 1587 1595 1593 
3 1593 1594 1575 
3 1612 1575 1594 
3 1586 1588 1595 
3 1586 1595 1587 
3 1595 1624 1593 
3 1588 1625 1595 
3 1312 1596 1323 
3 1603 1323 1596 
3 1603 1597 1323 
3 1596 1312 1590 
3 1596 1590 1598 
3 1599 1596 1598 
3 1596 1599 1603 
3 1603 1601 1597 
3 1599 1607 1603 
3 1599 1598 1604 
3 1591 1598 1590 
3 1598 1591 1600 
3 1604 1598 1600 
3 1600 1591 1805 
3 1601 1603 1607 
3 1602 1601 1607 
3 1604 1605 1599 
3 1604 1606 1605 
3 1606 1625 1640 
3 1641 1605 1640 
3 1605 1606 1640 
3 1606 1604 1600 
3 1626 1606 1600 
3 1625 1606 1626 
3 1599 1605 1607 
3 1605 1641 1607 
3 1641 1608 1607 
3 1608 4805 1607 
3 1609 1581 1577 
3 1577 1580 1611 
3 1609 1577 1611 
3 1581 1610 1555 
3 1581 1609 1610 
3 1609 1611 1706 
3 1610 1609 1582 
3 1580 1612 1611 
3 1555 1610 1585 
3 1585 1610 1613 
3 1585 1613 1586 
3 1613 1614 1586 
3 1616 1619 1613 
3 1614 1613 1619 
3 1611 1615 1706 
3 1582 1609 1706 
3 1706 1615 1676 
3 1611 1612 1615 
3 1617 1616 1618 
3 1616 1617 1619 
3 1617 1620 1619 
3 1618 1621 1617 
3 1617 1622 1620 
3 1594 1623 1612 
3 1593 1623 1594 
3 1593 1624 1623 
3 1623 1624 1627 
3 1595 1628 1624 
3 1625 1628 1595 
3 1625 1815 1628 
3 1625 1626 1815 
3 1628 1627 1624 
3 1629 1612 1623 
3 1615 1612 1629 
3 1629 1623 1627 
3 1631 1629 1627 
3 1615 1630 1672 
3 1615 1629 1630 
3 1630 1629 1631 
3 1631 1632 1630 
3 1630 1632 1713 
3 1631 1634 1632 
3 1633 1631 1627 
3 1627 1628 1633 
3 1633 1628 1815 
3 1633 1634 1631 
3 1635 1614 1619 
3 1635 1619 1637 
3 1638 1635 1637 
3 1588 1614 1640 
3 1640 1614 1635 
3 1640 1635 1636 
3 1638 1636 1635 
3 1636 1638 1639 
3 1637 1619 1620 
3 1637 1620 1622 
3 1721 1638 1637 
3 1722 1639 1638 
3 1721 1722 1638 
3 1639 1722 1643 
3 1625 1588 1640 
3 1642 1641 1636 
3 1636 1641 1640 
3 1642 1608 1641 
3 1642 1645 1608 
3 1645 4806 1608 
3 1636 1639 1642 
3 1642 1643 1645 
3 1642 1639 1643 
3 1723 1724 1644 
3 1723 1644 1643 
3 1645 1643 1644 
3 1644 1646 1645 
3 1725 1646 1644 
3 1646 1725 1647 
3 1649 1648 1666 
3 1649 1666 1650 
3 1649 1650 1651 
3 1675 1649 1698 
3 1698 1649 1651 
3 1653 409 410 
3 409 1653 1652 
3 410 1654 1653 
3 1663 1653 1654 
3 1655 1682 1656 
3 1656 1682 1657 
3 1652 1664 1666 
3 1682 1655 1648 
3 1655 1652 1648 
3 1648 1652 1666 
3 1656 409 1655 
3 1652 1655 409 
3 410 1658 1654 
3 1654 1658 1661 
3 1654 1661 1659 
3 421 1656 1657 
3 421 1657 1660 
3 1658 1660 1661 
3 1662 1659 1661 
3 1661 1660 1662 
3 1663 1652 1653 
3 1663 1664 1652 
3 1665 1664 1663 
3 1665 1663 1654 
3 1665 1654 1659 
3 1667 1666 1664 
3 1667 1650 1666 
3 1651 1650 1668 
3 1668 1650 1667 
3 1668 1669 1651 
3 1667 1664 2258 
3 2258 1668 1667 
3 2258 1664 1665 
3 2258 1665 2257 
3 1668 2258 2259 
3 2259 1669 1668 
3 1670 1669 2263 
3 1672 1677 1707 
3 1677 1672 1678 
3 1671 1648 1673 
3 1673 1648 1649 
3 1673 1674 1671 
3 1673 1678 1674 
3 1674 1684 1671 
3 1675 1673 1649 
3 1675 1677 1673 
3 1677 1676 1707 
3 1677 1675 1676 
3 1677 1678 1673 
3 1672 1713 1678 
3 1713 1680 1678 
3 1678 1679 1674 
3 1688 1674 1679 
3 1678 1680 1679 
3 1681 1679 1680 
3 1690 1688 1679 
3 1690 1679 1681 
3 1683 1657 1671 
3 1671 1657 1682 
3 1682 1648 1671 
3 1671 1684 1683 
3 1684 1674 1688 
3 1683 1684 1685 
3 1687 1685 1684 
3 1688 1689 1684 
3 1657 1683 1660 
3 1660 1683 1685 
3 1660 1685 1662 
3 1686 1685 1687 
3 1686 1662 1685 
3 1659 1662 1686 
3 2268 1659 1686 
3 1687 1684 1689 
3 1690 1693 1689 
3 1690 1689 1688 
3 1681 1691 1690 
3 1692 1687 1689 
3 1689 1693 1692 
3 1693 1695 1692 
3 1690 1691 1693 
3 1694 1693 1691 
3 1694 1740 1693 
3 1739 1695 1693 
3 1739 1693 1740 
3 1697 1618 1696 
3 1697 1696 1700 
3 1700 1696 1699 
3 1676 1675 1698 
3 1699 1696 1698 
3 1698 1651 1699 
3 1700 1699 1702 
3 1699 1651 1701 
3 1699 1701 1702 
3 1701 1651 1669 
3 1701 1703 1735 
3 1701 1669 1670 
3 1703 1701 1670 
3 1703 1670 1704 
3 1704 1670 2263 
3 1735 1703 1736 
3 1705 1736 1703 
3 1704 1705 1703 
3 1615 1707 1676 
3 1696 1706 1676 
3 1615 1672 1707 
3 1618 1697 1621 
3 1621 1697 1710 
3 1710 1617 1621 
3 1709 1697 1700 
3 1709 1710 1697 
3 1708 1710 1709 
3 1708 1622 1710 
3 1622 1617 1710 
3 1696 1676 1698 
3 1700 1702 1711 
3 1711 1709 1700 
3 1712 1718 1714 
3 1709 1711 1712 
3 1738 1712 1711 
3 1738 1718 1712 
3 1713 1672 1630 
3 1632 1634 1715 
3 1680 1713 1632 
3 1714 1716 1724 
3 1632 1717 1680 
3 1717 1632 1715 
3 1681 1680 1717 
3 1717 1691 1681 
3 1714 1718 1716 
3 1718 1719 1716 
3 1719 1718 1738 
3 1719 1738 1742 
3 1885 1716 1719 
3 1885 1719 1720 
3 1708 1637 1622 
3 1708 1721 1637 
3 1721 1708 1709 
3 1712 1714 1722 
3 1722 1721 1712 
3 1712 1721 1709 
3 1722 1723 1643 
3 1723 1722 1714 
3 1724 1723 1714 
3 1883 1724 1716 
3 1726 1724 1883 
3 1724 1726 1644 
3 1730 1725 1726 
3 1725 1644 1726 
3 1726 1720 1730 
3 4821 1647 1728 
3 1728 1727 4821 
3 1725 1730 1728 
3 1647 1725 1728 
3 1728 1730 1727 
3 1729 1720 1719 
3 1727 1730 1731 
3 1731 1730 1729 
3 1730 1720 1729 
3 1729 1719 1742 
3 1732 1729 1742 
3 1732 1731 1729 
3 4821 1727 1733 
3 1733 1727 1731 
3 1749 1731 1732 
3 4914 1733 1749 
3 1749 1733 1731 
3 1702 1701 1734 
3 1702 1734 1711 
3 1701 1735 1734 
3 1737 1734 1735 
3 1737 1735 1736 
3 1734 1738 1711 
3 1738 1734 1737 
3 2288 1705 1704 
3 1741 1742 1737 
3 1741 1737 1736 
3 1742 1738 1737 
3 1742 1741 1732 
3 1741 1747 1732 
3 1741 1743 1747 
3 1745 1736 1705 
3 1745 1741 1736 
3 1705 2297 1745 
3 1741 1745 1743 
3 1745 1744 1743 
3 1746 1743 1744 
3 1743 1746 1748 
3 1732 1747 1749 
3 1747 1743 1748 
3 1747 1748 1749 
3 1750 4914 1749 
3 1749 1748 1750 
3 4916 4914 1750 
3 1750 1748 2303 
3 1751 453 1752 
3 1771 1442 1760 
3 1771 1760 1776 
3 1753 1751 1752 
3 1752 431 1794 
3 431 480 1794 
3 1754 1752 1794 
3 1753 1752 1754 
3 1755 1753 1754 
3 1755 1754 1858 
3 1754 1796 1858 
3 1856 1755 1858 
3 1757 1758 1799 
3 1757 1756 1856 
3 1816 1757 1759 
3 1471 1761 1760 
3 1471 1472 1761 
3 1472 1762 1761 
3 1751 1763 453 
3 453 1763 454 
3 454 1763 1768 
3 1762 1778 1761 
3 1751 1790 1763 
3 1792 1763 1790 
3 1764 458 457 
3 1765 458 1764 
3 1764 1768 1765 
3 1478 1762 1472 
3 1762 1478 1766 
3 1762 1766 1767 
3 454 1768 1764 
3 1763 1769 1768 
3 1768 1769 1765 
3 1762 1767 1778 
3 1792 1769 1763 
3 1765 1769 1770 
3 1769 1792 1770 
3 1770 1792 1801 
3 1771 1482 1442 
3 1771 1772 1482 
3 1776 1760 1761 
3 1773 1771 1776 
3 1771 1773 1772 
3 1772 1773 1780 
3 1482 1772 1483 
3 1483 1772 1774 
3 1774 1772 1780 
3 1761 1775 1776 
3 1775 1777 1776 
3 1773 1776 1777 
3 1775 1761 1778 
3 1775 1778 1779 
3 1786 1774 1780 
3 1781 1786 1780 
3 1777 1775 1779 
3 1777 1779 1781 
3 1781 1779 1786 
3 1773 1777 1780 
3 1780 1777 1781 
3 1828 1830 1788 
3 1828 1788 1841 
3 1483 1774 1487 
3 1487 1774 1783 
3 1783 1782 1465 
3 1465 1487 1783 
3 1784 1767 1766 
3 1782 1784 1766 
3 1785 1767 1784 
3 1783 1784 1782 
3 1784 1783 1785 
3 1778 1767 1785 
3 1778 1785 1779 
3 1783 1774 1786 
3 1786 1779 1785 
3 1783 1786 1785 
3 1787 1770 1801 
3 1789 3566 1788 
3 1788 3566 1804 
3 1830 1789 1788 
3 1751 1753 1790 
3 1753 1791 1790 
3 1753 1755 1791 
3 1755 1797 1791 
3 1793 480 482 
3 1793 1794 480 
3 1754 1794 1795 
3 1793 482 1795 
3 1793 1795 1794 
3 1795 482 1877 
3 1795 1796 1754 
3 1795 1877 1796 
3 1791 1797 1803 
3 1791 1803 1790 
3 1790 1803 1792 
3 1800 1802 1803 
3 1803 1797 1800 
3 1842 1799 1823 
3 1842 1798 1799 
3 1800 1804 1802 
3 1804 1800 1798 
3 1841 1788 1798 
3 1788 1804 1798 
3 1797 1756 1800 
3 1755 1856 1797 
3 1756 1797 1856 
3 1799 1756 1757 
3 1800 1756 1798 
3 1799 1798 1756 
3 1792 1803 1801 
3 1802 1801 1803 
3 3566 1787 1802 
3 1802 1787 1801 
3 1804 3566 1802 
3 1591 1806 1805 
3 1319 1501 1806 
3 1501 1807 1806 
3 1805 1806 1807 
3 1805 1808 1626 
3 1808 1805 1807 
3 1807 1809 1808 
3 1810 1813 1812 
3 1507 1503 1501 
3 1501 1503 1811 
3 1811 1813 1807 
3 1811 1807 1501 
3 1812 1811 1505 
3 1505 1811 1503 
3 1813 1811 1812 
3 1814 1810 1829 
3 1814 1829 1822 
3 1809 1807 1813 
3 1813 1814 1809 
3 1809 1814 1824 
3 1814 1822 1824 
3 1810 1814 1813 
3 1600 1805 1626 
3 1626 1808 1815 
3 1815 1808 1817 
3 1808 1821 1817 
3 1824 1808 1809 
3 1821 1808 1824 
3 1816 1818 1826 
3 1815 1817 1633 
3 1817 1821 1819 
3 1633 1817 1634 
3 1818 1634 1817 
3 1818 1817 1819 
3 1820 1826 1819 
3 1820 1821 1824 
3 1820 1819 1821 
3 1818 1819 1826 
3 1823 1825 1822 
3 1825 1824 1822 
3 1758 1820 1825 
3 1820 1758 1826 
3 1816 1826 1758 
3 1758 1757 1816 
3 1823 1799 1758 
3 1825 1823 1758 
3 1824 1825 1820 
3 1841 1829 1810 
3 1827 1812 1527 
3 1828 1810 1827 
3 1810 1828 1841 
3 1827 1810 1812 
3 1829 1841 1822 
3 1827 1830 1828 
3 1827 1531 1830 
3 1531 1831 1830 
3 1789 1830 1831 
3 3591 1789 1831 
3 1832 1834 1833 
3 1835 3594 1833 
3 1834 1835 1833 
3 1533 1834 1832 
3 1836 1834 1533 
3 1838 1836 1837 
3 1836 1840 1834 
3 1839 1835 1834 
3 1840 1839 1834 
3 1838 1840 1836 
3 1842 1822 1841 
3 1798 1842 1841 
3 1822 1842 1823 
3 1840 1843 1839 
3 1843 3606 1839 
3 4853 1843 1840 
3 3606 1843 1844 
3 4860 1844 1843 
3 3608 3606 1844 
3 1845 1844 4860 
3 1844 1845 3608 
3 1846 1847 1851 
3 1848 1876 1846 
3 1796 1848 1858 
3 1853 1846 1851 
3 1848 1846 1853 
3 1849 1850 1847 
3 1851 1847 1850 
3 483 1850 1849 
3 1850 483 1865 
3 1850 1865 1851 
3 1854 1851 1865 
3 1853 1851 1852 
3 1848 1853 1852 
3 1851 1854 1852 
3 1854 1855 1852 
3 1861 1858 1848 
3 1859 1857 1856 
3 1863 1857 1859 
3 1888 1860 1890 
3 1759 1757 1857 
3 1757 1856 1857 
3 1816 1759 1888 
3 1863 1864 1857 
3 1759 1857 1860 
3 1860 1857 1864 
3 1888 1759 1860 
3 1852 1861 1848 
3 1861 1852 1855 
3 1855 1862 1859 
3 1861 1855 1859 
3 1863 1859 1862 
3 1893 1890 1860 
3 1893 1860 1864 
3 1863 1862 1864 
3 483 486 1865 
3 484 1865 486 
3 1867 1865 484 
3 1854 1865 1867 
3 1867 484 1870 
3 1866 1855 1854 
3 1867 1866 1854 
3 1867 1868 1866 
3 1868 1867 2416 
3 487 488 484 
3 1870 484 488 
3 2412 488 1973 
3 1871 1870 1869 
3 1871 1867 1870 
3 2416 1867 1871 
3 1691 1887 1694 
3 1862 1855 1866 
3 1862 1866 1872 
3 1878 1866 1868 
3 1872 1866 1878 
3 1893 1864 1874 
3 1893 1874 1873 
3 1864 1862 1872 
3 1864 1872 1874 
3 1872 1878 1874 
3 1878 1875 1874 
3 1874 1875 1873 
3 2413 2416 1871 
3 1873 1875 2489 
3 1876 505 1846 
3 1877 505 1876 
3 482 505 1877 
3 505 506 1847 
3 1846 505 1847 
3 1848 1796 1876 
3 1796 1877 1876 
3 1858 1861 1856 
3 1861 1859 1856 
3 1878 1868 1879 
3 1879 1868 2416 
3 1879 2416 2433 
3 2434 1879 2433 
3 1878 1879 1875 
3 1879 2435 1875 
3 2435 1879 2434 
3 1881 1880 3636 
3 1882 1881 3636 
3 1882 3652 3750 
3 1884 1818 1816 
3 1889 1884 1816 
3 1889 1890 1886 
3 1884 1889 1886 
3 1818 1884 1634 
3 1884 1715 1634 
3 1716 1885 1883 
3 1886 1717 1715 
3 1886 1887 1717 
3 1891 1886 1890 
3 1884 1886 1715 
3 1816 1888 1889 
3 1889 1888 1890 
3 1890 1893 1891 
3 1720 1883 1885 
3 1726 1883 1720 
3 1887 1691 1717 
3 1891 1892 1887 
3 1887 1892 1694 
3 1887 1886 1891 
3 1891 1893 1892 
3 2485 1740 1892 
3 1892 1740 1694 
3 2485 2483 1740 
3 1893 1873 1892 
3 1892 1873 2485 
3 1873 2489 2485 
3 3608 1845 3646 
3 1845 4862 3646 
3 4862 1894 3646 
3 3656 3639 3647 
3 4921 1895 1894 
3 4921 1897 1895 
3 1895 1896 3647 
3 1896 3656 3647 
3 1897 1896 1895 
3 4934 1896 1897 
3 1896 1898 3656 
3 1899 1898 1896 
3 4934 1899 1896 
3 1900 1898 1899 
3 5004 1900 1899 
3 1909 1902 1904 
3 1901 396 1902 
3 396 1903 1906 
3 396 1906 1902 
3 1906 1903 1932 
3 1902 1906 1904 
3 1906 1905 1904 
3 1906 1932 1916 
3 1906 1916 1905 
3 408 1908 1907 
3 1901 1902 1908 
3 1908 1902 1909 
3 1912 1907 1908 
3 1909 1912 1908 
3 1919 1912 1909 
3 1919 1909 1920 
3 416 1907 1910 
3 1910 1907 1913 
3 1910 1913 1911 
3 1907 1912 1913 
3 1912 1919 1914 
3 1913 1912 1914 
3 1913 1914 1937 
3 1937 1914 1925 
3 1909 1905 1920 
3 1904 1905 1909 
3 1905 1915 1920 
3 1905 1916 1915 
3 1918 1915 1916 
3 1917 1944 1916 
3 1944 1918 1916 
3 1922 1919 1920 
3 1922 1920 1921 
3 1919 1922 1927 
3 1924 1922 1921 
3 1923 1922 1924 
3 1923 1927 1922 
3 1919 1926 1914 
3 1914 2266 1925 
3 1914 1926 2266 
3 1915 1921 1920 
3 1919 1927 1926 
3 1926 1927 2265 
3 2266 1926 2265 
3 2266 2277 1925 
3 1921 1915 1928 
3 1921 1928 1924 
3 1928 1915 1918 
3 1930 1928 1918 
3 1918 1944 1929 
3 1918 1929 1930 
3 1929 1958 1930 
3 1928 1930 1924 
3 1924 1956 1923 
3 1923 1956 1954 
3 420 1931 1903 
3 1903 1931 1932 
3 1932 1917 1916 
3 1932 1935 1917 
3 1931 420 422 
3 1911 1913 1933 
3 1911 1933 422 
3 422 1934 1931 
3 1934 1932 1931 
3 422 1933 1934 
3 1938 1933 1913 
3 1938 1913 1937 
3 1940 1935 1934 
3 1935 1932 1934 
3 1933 1936 1934 
3 1936 1933 1938 
3 1936 1940 1934 
3 1938 1939 1936 
3 1925 2277 1937 
3 1937 1939 1938 
3 2277 1939 1937 
3 1939 2277 1942 
3 1936 1939 1940 
3 1939 1943 1940 
3 1941 1940 1943 
3 1946 1935 1941 
3 1940 1941 1935 
3 1939 1942 1943 
3 1944 1945 1947 
3 1917 1945 1944 
3 1917 1935 1945 
3 1935 1946 1945 
3 1947 1945 1946 
3 1947 1948 1944 
3 1944 1948 1929 
3 1949 1929 1948 
3 1949 1958 1929 
3 1949 1950 1960 
3 1949 1948 1953 
3 1950 1949 1951 
3 1952 1947 1946 
3 1952 1946 1941 
3 1943 1952 1941 
3 1942 2280 1943 
3 2280 1952 1943 
3 1948 1947 1952 
3 1952 1953 1948 
3 2282 1953 1952 
3 1951 1949 1953 
3 1924 1930 1955 
3 1924 1955 1956 
3 1955 1959 1957 
3 1955 1957 1956 
3 1955 1930 1958 
3 1959 1955 1958 
3 1958 1960 1959 
3 1963 1959 1960 
3 1963 1957 1959 
3 1949 1960 1958 
3 1950 1962 1960 
3 1962 1950 1961 
3 1950 1951 1961 
3 1962 1963 1960 
3 2338 1963 1962 
3 2338 1962 1961 
3 1964 1965 1970 
3 517 1965 1964 
3 1970 1965 1966 
3 524 1967 517 
3 517 1967 1965 
3 524 525 1967 
3 1966 1965 1968 
3 1965 1967 1968 
3 525 527 1967 
3 527 528 1967 
3 1968 1967 528 
3 1968 528 1979 
3 1969 1964 532 
3 532 1964 1970 
3 534 532 1972 
3 1972 532 1970 
3 1970 1966 1971 
3 1971 1972 1970 
3 1973 534 1972 
3 1972 1975 1973 
3 1973 1975 2426 
3 1976 2426 1975 
3 1972 1971 1974 
3 1975 1972 1974 
3 1984 1976 1975 
3 1971 1966 1978 
3 1966 1968 1978 
3 1968 1979 1978 
3 1978 1979 1980 
3 1971 1978 1974 
3 1981 1974 1978 
3 1981 1975 1974 
3 1982 1980 1983 
3 1980 1981 1978 
3 1980 1982 1981 
3 3718 1982 1983 
3 1984 1977 1976 
3 1975 1981 1984 
3 1984 2463 1977 
3 1981 1982 1984 
3 1982 2431 1984 
3 1982 3718 2431 
3 1984 2431 2463 
3 3661 2012 2470 
3 1985 1996 1986 
3 1986 1987 1985 
3 1988 1985 1987 
3 1987 1989 1988 
3 2003 2001 1988 
3 2003 1988 1989 
3 1989 2005 2003 
3 1996 1992 1997 
3 1996 2001 1990 
3 1992 1996 1990 
3 1992 1990 1991 
3 1991 3667 1992 
3 2002 1990 2001 
3 1991 1994 3667 
3 1993 1994 1991 
3 2010 1994 1993 
3 1993 1991 1990 
3 1990 2002 1993 
3 2010 1993 1995 
3 1995 1993 2002 
3 1986 1996 1997 
3 1988 2001 1985 
3 1985 2001 1996 
3 1986 1997 1987 
3 1997 1998 1987 
3 1989 1987 1999 
3 1998 1999 1987 
3 1998 2000 1999 
3 1998 1997 2000 
3 2003 2002 2001 
3 1995 2002 2003 
3 2004 2014 2011 
3 2011 2013 2007 
3 2011 2007 2004 
3 2005 2006 2009 
3 2013 2005 2009 
3 2007 2009 2530 
3 2013 2009 2007 
3 2009 2006 2530 
3 2014 2010 2011 
3 2014 2012 2010 
3 2010 1995 2013 
3 2010 2013 2011 
3 2012 1994 2010 
3 2470 2012 2014 
3 2013 1995 2005 
3 2005 1995 2003 
3 2017 2005 1989 
3 1989 1999 2015 
3 2015 2017 1989 
3 1999 2000 2015 
3 2015 3682 2016 
3 2015 2000 3682 
3 2006 2005 2017 
3 2006 2017 2019 
3 2019 2017 2018 
3 2549 2006 2019 
3 2549 2019 2018 
3 2549 2018 2020 
3 2549 2530 2006 
3 2023 2021 2022 
3 2023 2022 2024 
3 2551 2023 2024 
3 2017 2015 2016 
3 2018 2017 2016 
3 3683 2016 3682 
3 2018 2016 3683 
3 2018 3683 2020 
3 2020 3683 2025 
3 3683 3680 2025 
3 2021 2026 2022 
3 2026 2027 2022 
3 2021 2028 2026 
3 2028 3685 2026 
3 3685 3686 2026 
3 2021 2023 2553 
3 2021 2029 2028 
3 2553 2029 2021 
3 2553 2552 2029 
3 2073 2030 2076 
3 2030 2031 2076 
3 2031 2030 2033 
3 2032 2030 2079 
3 2036 2033 2032 
3 2107 2036 2032 
3 2032 2033 2030 
3 2105 2032 2079 
3 2032 2105 2107 
3 2034 2031 2033 
3 2039 2034 2033 
3 2655 2652 2039 
3 2652 2034 2039 
3 2076 2031 2081 
3 2034 2035 2031 
3 2035 2081 2031 
3 2037 2033 2036 
3 2037 2036 2038 
3 2038 2036 2107 
3 2039 2033 2037 
3 2039 2037 2040 
3 2040 2037 2038 
3 2027 2024 2022 
3 2024 2027 2041 
3 2551 2024 2695 
3 2041 2695 2024 
3 2027 2026 2042 
3 2041 2027 2042 
3 3686 2042 2026 
3 2042 3686 3695 
3 2041 2042 2043 
3 2043 2042 3695 
3 2041 2043 2701 
3 2701 2043 2702 
3 2702 2043 3695 
3 2045 2047 2044 
3 2044 2064 2045 
3 2047 2074 2044 
3 2047 2048 2078 
3 2049 2078 2051 
3 2049 2052 2113 
3 2048 2046 2050 
3 2046 2055 2056 
3 2050 2046 2056 
3 2048 2050 2051 
3 2045 2046 2047 
3 2047 2046 2048 
3 2078 2048 2051 
3 2051 2050 2053 
3 2051 2052 2049 
3 2052 2051 2053 
3 2052 2053 2116 
3 2054 2055 2046 
3 2054 2046 2045 
3 2055 2054 2057 
3 2054 2045 2064 
3 2064 2083 2054 
3 2083 2089 2054 
3 2089 2057 2054 
3 2059 2057 2089 
3 2089 2090 2059 
3 2056 2061 2050 
3 2055 2057 2056 
3 2057 2058 2056 
3 2056 2058 2061 
3 2059 2058 2057 
3 2060 2058 2059 
3 2050 2061 2053 
3 2053 2123 2116 
3 2061 2063 2053 
3 2053 2063 2123 
3 2063 2061 2058 
3 2058 2062 2063 
3 2100 2062 2060 
3 2062 2058 2060 
3 2063 2062 2126 
3 2100 2127 2062 
3 2127 2126 2062 
3 2060 2059 2090 
3 2044 2065 2064 
3 2065 2066 2064 
3 2064 2066 2083 
3 2065 2084 2066 
3 2065 2085 2084 
3 2077 2085 2065 
3 2077 2069 2085 
3 2085 2069 2070 
3 2077 2068 2069 
3 2070 2069 2072 
3 2067 2071 2069 
3 2071 2072 2069 
3 2030 2073 2074 
3 2078 2030 2074 
3 2074 2047 2078 
3 2044 2074 2075 
3 2075 2074 2073 
3 2075 2073 2077 
3 2077 2073 2068 
3 2049 2079 2078 
3 2078 2079 2030 
3 2049 2113 2079 
3 2044 2075 2065 
3 2077 2065 2075 
3 2076 2080 2073 
3 2068 2073 2080 
3 2081 2080 2076 
3 2081 2082 2080 
3 2035 2082 2081 
3 2080 2082 2067 
3 2067 2068 2080 
3 2067 2069 2068 
3 2083 2066 2084 
3 2083 2088 2089 
3 2084 2088 2083 
3 2087 2088 2084 
3 2084 2085 2086 
3 2084 2086 2087 
3 2085 2070 2086 
3 2098 2091 2087 
3 2088 2091 2089 
3 2091 2090 2089 
3 2087 2091 2088 
3 2072 2092 2070 
3 2092 2086 2070 
3 2086 2093 2087 
3 2092 2093 2086 
3 2072 2094 2092 
3 2072 2783 2094 
3 2092 2094 2093 
3 2099 2098 2095 
3 2162 2127 2100 
3 2104 2148 2096 
3 2096 2162 2099 
3 2095 2096 2099 
3 2091 2097 2090 
3 2097 2060 2090 
3 2099 2097 2091 
3 2098 2099 2091 
3 2097 2100 2060 
3 2162 2100 2097 
3 2099 2162 2097 
3 2101 2098 2093 
3 2093 2098 2087 
3 2093 2094 2101 
3 2101 2103 2098 
3 2103 2095 2098 
3 2807 2094 2805 
3 2807 2102 2094 
3 2094 2102 2101 
3 2102 2103 2101 
3 2102 2104 2103 
3 2104 2096 2103 
3 2103 2096 2095 
3 2102 2808 2104 
3 2808 2147 2104 
3 2107 2105 2110 
3 2110 2105 2106 
3 2107 2110 2108 
3 2109 2038 2107 
3 2040 2038 2109 
3 2109 2107 2108 
3 2110 2106 2144 
3 2109 2108 2111 
3 2110 2111 2108 
3 2111 2110 2144 
3 2111 2903 2109 
3 2918 2903 2111 
3 2918 2111 2144 
3 2114 2115 2118 
3 2116 2114 2052 
3 2117 2114 2116 
3 2117 2116 2124 
3 2114 2117 2115 
3 2124 2115 2117 
3 2120 2115 2124 
3 2118 2113 2052 
3 2118 2052 2114 
3 2118 2115 2119 
3 2118 2119 2113 
3 2129 2113 2119 
3 2119 2115 2121 
3 2115 2120 2121 
3 2121 2120 2122 
3 2121 2135 2119 
3 2135 2121 2122 
3 2116 2123 2124 
3 2123 2125 2124 
3 2125 2120 2124 
3 2126 2125 2123 
3 2126 2164 2125 
3 2126 2123 2063 
3 2164 2126 2127 
3 2122 2120 2125 
3 2125 2164 2122 
3 2105 2079 2112 
3 2105 2112 2128 
3 2113 2112 2079 
3 2129 2112 2113 
3 2105 2128 2106 
3 2128 2131 2106 
3 2106 2131 2130 
3 2130 2144 2106 
3 2112 2134 2128 
3 2131 2128 2134 
3 2134 2112 2129 
3 2134 2129 2133 
3 2138 2131 2134 
3 2144 2130 2132 
3 2137 2132 2130 
3 2132 2137 2142 
3 2130 2131 2138 
3 2130 2138 2137 
3 2129 2119 2133 
3 2153 2138 2134 
3 2135 2133 2119 
3 2135 2122 2166 
3 2166 2136 2135 
3 2142 2137 2152 
3 2152 2137 2140 
3 2137 2139 2140 
3 2138 2139 2137 
3 2139 2141 2140 
3 2136 2139 2153 
3 2136 2141 2139 
3 2144 2132 2143 
3 2143 2132 2142 
3 2143 2142 2145 
3 2146 2918 2143 
3 2918 2144 2143 
3 2918 2146 2938 
3 2145 2922 2143 
3 2143 2922 2146 
3 2146 2922 2938 
3 2147 2149 2148 
3 2148 2149 2140 
3 2147 2151 2919 
3 2808 2151 2147 
3 2150 2149 2147 
3 2919 2150 2147 
3 2149 2145 2152 
3 2152 2145 2142 
3 2149 2152 2140 
3 2922 2145 2149 
3 2150 2922 2149 
3 2134 2133 2153 
3 2153 2133 2135 
3 2136 2153 2135 
3 2153 2139 2138 
3 2155 2179 2156 
3 2156 2154 2155 
3 2941 2156 2179 
3 2161 2154 2156 
3 2154 2158 2157 
3 2154 2157 2159 
3 2160 2158 2154 
3 2160 2154 2161 
3 2127 2162 2165 
3 2096 2165 2162 
3 2165 2164 2127 
3 2148 2163 2096 
3 2096 2163 2165 
3 2163 2148 2140 
3 2122 2164 2166 
3 2165 2166 2164 
3 2163 2141 2165 
3 2141 2166 2165 
3 2141 2163 2140 
3 2141 2136 2166 
3 2147 2148 2104 
3 2171 2173 2168 
3 2158 2168 2157 
3 2157 2168 2167 
3 2157 2167 2159 
3 2168 2169 2167 
3 2169 2196 2167 
3 2167 2196 2170 
3 2158 2160 2171 
3 2949 2171 2160 
3 2171 2168 2158 
3 2169 2168 2174 
3 2168 2173 2174 
3 2174 2172 2169 
3 2172 2174 2967 
3 2155 2184 2176 
3 2159 2170 2175 
3 2184 2175 2199 
3 2184 2159 2175 
3 2185 2178 2186 
3 2176 2178 2185 
3 2186 2178 2194 
3 2184 2177 2176 
3 2176 2177 2178 
3 2185 2181 2179 
3 2182 2181 2185 
3 2179 2155 2185 
3 2941 2179 2180 
3 2181 2180 2179 
3 3036 2180 2181 
3 3036 2181 2183 
3 2181 2182 2183 
3 2183 2182 2187 
3 3041 2183 2187 
3 2159 2184 2155 
3 2154 2159 2155 
3 2185 2155 2176 
3 2182 2185 2186 
3 2182 2186 2187 
3 2186 2194 2195 
3 2191 2186 2195 
3 2191 2187 2186 
3 2188 2191 2195 
3 2187 2189 3041 
3 2187 2191 2189 
3 2189 2191 2190 
3 2193 2178 2177 
3 2192 2193 2177 
3 2178 2193 2194 
3 2194 2220 2195 
3 2219 2220 2194 
3 2219 2194 2193 
3 2188 2195 2220 
3 2175 2170 2199 
3 2199 2170 2197 
3 2170 2196 2197 
3 2198 2177 2199 
3 2200 2198 2199 
3 2201 2200 2199 
3 2199 2177 2184 
3 2199 2197 2201 
3 2196 2202 2197 
3 2197 2202 2203 
3 2216 2205 2202 
3 2201 2203 2204 
3 2197 2203 2201 
3 2204 2203 2205 
3 2202 2205 2203 
3 2201 2204 2206 
3 2200 2201 2206 
3 2206 2225 2200 
3 2206 2204 3699 
3 2206 3698 2225 
3 2216 2215 2207 
3 2216 2207 2205 
3 2170 2159 2167 
3 2210 2209 2208 
3 2208 2214 2172 
3 2172 3073 2208 
3 3073 2172 2967 
3 2209 2214 2208 
3 2214 2209 2212 
3 2191 2188 2211 
3 2188 2231 2211 
3 2211 2231 2212 
3 2190 2211 2210 
3 2210 3043 2190 
3 2210 2211 2209 
3 2191 2211 2190 
3 2212 2209 2211 
3 2169 2214 2196 
3 2214 2213 2196 
3 2202 2196 2213 
3 2172 2214 2169 
3 2214 2202 2213 
3 2216 2202 2214 
3 2214 2212 2216 
3 2215 2216 2217 
3 2217 2216 2212 
3 2192 2177 2198 
3 2224 2198 2200 
3 2226 2192 2198 
3 2198 2224 2226 
3 2192 2221 2193 
3 2221 2218 2193 
3 2193 2218 2219 
3 2232 2220 2222 
3 2192 2226 2221 
3 2226 2228 2221 
3 2218 2222 2219 
3 2220 2219 2222 
3 2228 2237 2221 
3 2221 2237 2218 
3 2222 2218 2237 
3 2222 2223 2235 
3 2200 2225 2224 
3 2225 2227 2224 
3 2224 2227 2226 
3 3698 3700 2225 
3 2225 3700 2227 
3 2229 2226 2227 
3 2229 2228 2226 
3 2229 2227 3704 
3 2235 2223 2230 
3 2236 2230 2223 
3 2220 2232 2188 
3 2232 2231 2188 
3 2231 2234 2212 
3 2234 2231 2232 
3 2232 2222 2234 
3 2234 2222 2235 
3 2234 2235 2233 
3 2212 2234 2217 
3 2217 2234 2233 
3 2235 2230 2233 
3 2233 2230 3711 
3 2222 2237 2238 
3 2237 2228 2239 
3 2238 2223 2222 
3 2237 2241 2238 
3 2240 2238 2241 
3 2241 2237 2239 
3 2249 2241 2239 
3 2247 2241 2249 
3 2229 2239 2228 
3 2239 2229 2243 
3 2243 2229 2242 
3 2245 2243 2242 
3 2244 2249 2239 
3 2244 2239 2243 
3 2243 2245 2253 
3 2244 2243 2253 
3 2253 2245 2246 
3 2240 2223 2238 
3 2223 2240 2250 
3 2240 2241 2247 
3 2250 2240 2247 
3 2249 2248 2247 
3 2250 2236 2223 
3 2247 2248 2250 
3 2250 2248 2252 
3 2236 2250 2252 
3 2249 2244 2255 
3 2248 2249 2255 
3 2255 2252 2248 
3 2254 2251 3712 
3 2236 2252 3712 
3 3712 2252 2254 
3 2255 2244 2253 
3 2253 2246 2255 
3 2254 2252 2255 
3 2246 2254 2255 
3 2256 1665 1659 
3 2260 1665 2256 
3 1659 2268 2256 
3 2260 2256 2268 
3 2257 1665 2260 
3 2258 2257 2259 
3 2260 2268 2270 
3 2261 2260 2270 
3 2260 2261 2257 
3 2259 2257 2262 
3 1669 2259 2262 
3 2263 1669 2262 
3 2263 2262 2272 
3 2261 2262 2257 
3 2262 2261 2272 
3 2264 1927 1923 
3 2264 1923 1954 
3 2265 1927 2264 
3 2267 2265 2264 
3 2265 2267 2266 
3 2278 2266 2267 
3 2268 1686 2269 
3 1686 1687 2269 
3 2270 2268 2271 
3 2268 2269 2271 
3 2261 2270 2273 
3 2273 2270 2271 
3 1687 1692 2269 
3 2275 2269 1692 
3 2275 2271 2269 
3 2273 2271 2275 
3 2272 2286 2263 
3 2274 2272 2273 
3 2273 2272 2261 
3 2286 2272 2274 
3 2276 2273 2275 
3 2274 2273 2276 
3 1695 2275 1692 
3 1695 2292 2275 
3 2292 2276 2275 
3 1739 2292 1695 
3 2277 2266 2278 
3 2279 2277 2278 
3 1942 2277 2279 
3 2267 2337 2278 
3 2279 2278 2337 
3 1942 2283 2280 
3 2280 2282 1952 
3 2281 2282 2280 
3 2283 1942 2279 
3 2280 2283 2281 
3 2284 1951 1953 
3 2282 2284 1953 
3 2281 2284 2282 
3 2284 2281 2285 
3 2279 2337 2283 
3 2283 2337 2341 
3 2285 2281 2283 
3 2285 2283 2341 
3 1704 2263 2286 
3 2288 1704 2286 
3 2287 2288 2286 
3 2287 2286 2274 
3 2292 2274 2276 
3 2287 2274 2292 
3 2288 2297 1705 
3 2288 2287 2293 
3 2288 2293 2289 
3 2297 2288 2289 
3 2290 2289 2293 
3 2297 2289 2301 
3 2289 2291 2301 
3 2289 2290 2291 
3 2296 2291 2290 
3 2287 2292 2293 
3 2292 1739 2293 
3 2293 1739 2294 
3 1740 2483 1739 
3 2483 2294 1739 
3 2293 2294 2290 
3 2483 2484 2294 
3 2290 2295 2296 
3 1745 2297 2298 
3 2297 2301 2298 
3 2298 1744 1745 
3 2299 2298 2301 
3 2299 1744 2298 
3 1744 2299 1746 
3 1746 2303 1748 
3 2299 2303 1746 
3 2302 2301 2300 
3 2301 2291 2300 
3 2301 2302 2299 
3 2291 2315 2300 
3 2291 2296 2315 
3 2303 2299 2304 
3 2316 2300 2315 
3 2302 2300 2316 
3 2306 2302 2316 
3 2304 2299 2302 
3 2302 2305 2304 
3 2305 2302 2306 
3 2307 2305 2306 
3 4979 2305 2307 
3 2310 2296 2295 
3 2311 2310 2295 
3 2311 2313 2310 
3 2310 2313 2319 
3 2308 2309 2312 
3 2312 2313 2314 
3 2312 2309 2313 
3 2319 2313 2309 
3 2312 2314 2380 
3 2310 2315 2296 
3 2315 2317 2316 
3 2316 2317 2498 
3 2310 2319 2315 
3 2319 2317 2315 
3 2309 2318 2320 
3 2309 2320 2319 
3 2319 2503 2317 
3 2320 2318 2504 
3 1954 1956 2324 
3 1956 1957 2324 
3 1954 2323 2264 
3 1954 2321 2323 
3 2321 1954 2324 
3 2264 2323 2267 
3 2267 2323 2327 
3 2322 2323 2321 
3 2324 1957 2325 
3 2325 1957 2329 
3 2329 1957 1963 
3 2321 2324 2326 
3 2326 2324 2325 
3 2325 2331 2326 
3 2322 2327 2323 
3 2322 2321 2326 
3 2327 2322 2328 
3 2328 2344 2327 
3 2322 2326 2328 
3 2333 2328 2326 
3 2329 1963 2330 
3 2353 2329 2330 
3 2331 2325 2329 
3 2329 2332 2331 
3 2353 2332 2329 
3 2332 2334 2331 
3 2335 2334 2332 
3 2334 2326 2331 
3 2334 2333 2326 
3 2336 2333 2334 
3 2356 2333 2336 
3 2336 2334 2335 
3 2267 2327 2337 
3 2340 1951 2284 
3 2340 1961 1951 
3 2341 2347 2285 
3 2348 2340 2284 
3 2348 2284 2285 
3 2347 2348 2285 
3 1961 2340 2338 
3 2338 2340 2342 
3 2338 2342 2339 
3 2348 2352 2340 
3 2352 2342 2340 
3 2343 2337 2327 
3 2343 2327 2344 
3 2344 2328 2345 
3 2375 2344 2345 
3 2333 2345 2328 
3 2333 2393 2345 
3 2337 2343 2341 
3 2341 2343 2347 
3 2343 2344 2346 
3 2343 2346 2347 
3 2515 2347 2346 
3 2347 2515 2348 
3 2344 2349 2346 
3 2375 2349 2344 
3 2349 2350 2346 
3 2346 2350 2515 
3 2350 2517 2515 
3 2352 2348 2351 
3 2351 2348 2515 
3 2363 2362 2352 
3 2363 2351 2519 
3 2352 2351 2363 
3 2338 2339 1963 
3 1963 2339 2330 
3 2339 2353 2330 
3 2332 2353 2354 
3 2335 2332 2354 
3 2339 2355 2353 
3 2339 2342 2355 
3 2354 2353 2355 
3 2355 2342 2362 
3 2362 2342 2352 
3 2335 2354 2357 
3 2357 2354 2361 
3 2354 2355 2361 
3 2358 2336 2335 
3 2357 2358 2335 
3 2397 2336 2358 
3 2358 2359 2397 
3 2360 2357 2361 
3 2357 2360 2358 
3 2359 2358 2360 
3 2355 2362 2361 
3 2364 2361 2362 
3 2362 2363 2364 
3 2365 2364 2363 
3 2361 2364 2366 
3 2361 2366 2360 
3 2360 2366 2599 
3 2366 2367 2599 
3 2366 2364 2368 
3 2364 2365 2368 
3 2369 2368 2365 
3 2366 2368 2367 
3 2370 2368 2369 
3 2312 2371 2308 
3 2308 2371 2373 
3 2318 2309 2308 
3 2318 2308 2373 
3 2385 2318 2373 
3 2371 2372 2373 
3 2385 2373 2388 
3 2393 2374 2345 
3 2375 2345 2374 
3 2393 2376 2374 
3 2376 2384 2374 
3 2384 2376 2377 
3 2373 2372 2378 
3 2373 2378 2388 
3 2379 2388 2378 
3 2378 2377 2379 
3 2381 2371 2380 
3 2372 2371 2381 
3 2314 2382 2380 
3 2350 2382 2517 
3 2380 2382 2381 
3 2312 2380 2371 
3 2383 2349 2375 
3 2374 2383 2375 
3 2384 2372 2381 
3 2374 2384 2383 
3 2372 2384 2377 
3 2381 2383 2384 
3 2383 2350 2349 
3 2382 2350 2383 
3 2381 2382 2383 
3 2372 2377 2378 
3 2386 2388 2379 
3 2318 2385 2387 
3 2385 2389 2387 
3 2388 2389 2385 
3 2387 2389 2390 
3 2318 2387 2504 
3 2387 2390 2504 
3 2390 2389 2391 
3 2388 2386 2389 
3 2389 2386 2391 
3 2390 2392 2504 
3 2390 2391 2392 
3 2391 2565 2392 
3 2356 2393 2333 
3 2394 2393 2356 
3 2393 2400 2376 
3 2394 2400 2393 
3 2395 2400 2394 
3 2400 2377 2376 
3 2377 2396 2379 
3 2377 2400 2396 
3 2336 2397 2356 
3 2399 2394 2356 
3 2397 2399 2356 
3 2398 2397 2359 
3 2399 2395 2394 
3 2398 2399 2397 
3 2619 2395 2399 
3 2400 2395 2401 
3 2396 2400 2401 
3 2402 2396 2401 
3 2402 2401 2573 
3 2401 2403 2573 
3 2402 2573 2404 
3 2619 2405 2406 
3 2406 2395 2619 
3 2406 2407 2403 
3 2405 2407 2406 
3 2405 2727 2407 
3 2406 2401 2395 
3 2403 2401 2406 
3 2408 2379 2396 
3 2386 2379 2408 
3 2386 2408 2391 
3 2408 2396 2409 
3 2409 2396 2402 
3 2409 2402 2404 
3 2408 2409 2391 
3 2391 2409 2565 
3 2411 2409 2404 
3 2410 2409 2411 
3 2410 2565 2409 
3 2411 2581 2410 
3 2412 1869 1870 
3 1870 488 2412 
3 1973 2426 2412 
3 1871 1869 2413 
3 2429 2415 2426 
3 2415 2412 2426 
3 2412 2415 2414 
3 1869 2412 2414 
3 2414 2413 1869 
3 2420 2413 2414 
3 2427 2413 2428 
3 2420 2421 2413 
3 2413 2421 2428 
3 2427 2416 2413 
3 2490 2489 2417 
3 2417 2489 1875 
3 2417 2418 2490 
3 2417 2437 2418 
3 2418 2488 2490 
3 2441 2488 2418 
3 2419 2414 2415 
3 2457 2415 2429 
3 2415 2457 2419 
3 2419 2420 2414 
3 2420 2419 2423 
3 2457 2460 2423 
3 2457 2423 2419 
3 2473 2421 2420 
3 2473 2423 2481 
3 2420 2423 2473 
3 2481 2475 2473 
3 2460 2481 2423 
3 2460 2424 2481 
3 2424 2460 2461 
3 2424 2520 2425 
3 2521 2425 2520 
3 2427 2428 2430 
3 1976 2429 2426 
3 1976 1977 2429 
3 2428 2421 2430 
3 2430 2421 2450 
3 2436 2430 2450 
3 3719 2431 3718 
3 2464 2431 3719 
3 2465 2464 3719 
3 3724 2465 3719 
3 2416 2432 2433 
3 2432 2416 2427 
3 2427 2430 2432 
3 2433 2443 2434 
3 2435 2434 2438 
3 2432 2430 2436 
3 2417 1875 2435 
3 2417 2435 2437 
3 2435 2439 2437 
3 2438 2439 2435 
3 2441 2418 2437 
3 2437 2440 2441 
3 2439 2440 2437 
3 2439 2454 2440 
3 2480 2440 2454 
3 2443 2433 2432 
3 2432 2436 2444 
3 2444 2443 2432 
3 2434 2443 2442 
3 2442 2438 2434 
3 2442 2446 2438 
3 1880 2444 2452 
3 1881 2444 1880 
3 1881 2443 2444 
3 2444 2436 2452 
3 2442 2443 1881 
3 2445 2442 1881 
3 2445 2446 2442 
3 2445 1881 1882 
3 2452 2436 2450 
3 3750 2448 1882 
3 2449 2448 3750 
3 2445 2447 2446 
3 1882 2448 2447 
3 2445 1882 2447 
3 3732 2447 2448 
3 2449 3732 2448 
3 2474 2451 2450 
3 2451 2474 2482 
3 2450 2451 2452 
3 2451 3727 2452 
3 2451 2482 3727 
3 2482 2478 2453 
3 2453 2455 2456 
3 2453 3727 2482 
3 2453 2456 3728 
3 2438 2454 2439 
3 2438 2446 2454 
3 2480 2454 2455 
3 2446 2447 2454 
3 2447 2455 2454 
3 2447 2456 2455 
3 3732 2456 2447 
3 2449 2505 3732 
3 2429 1977 2457 
3 2458 2457 1977 
3 2457 2458 2459 
3 2459 2458 2462 
3 2460 2457 2459 
3 2460 2459 2526 
3 2461 2460 2526 
3 2526 2459 2471 
3 2459 2462 2471 
3 1977 2463 2458 
3 2463 2467 2458 
3 2463 2431 2464 
3 2463 2464 2467 
3 2466 2464 2465 
3 2466 2467 2464 
3 2472 2465 3724 
3 2472 2466 2465 
3 2458 2467 2462 
3 2468 2462 2467 
3 2466 2468 2467 
3 2469 2468 2466 
3 2469 2466 3739 
3 2470 2524 2468 
3 2470 2468 2469 
3 2471 2462 2524 
3 2468 2524 2462 
3 3739 2466 2472 
3 2450 2421 2473 
3 2450 2473 2474 
3 2474 2473 2475 
3 2474 2475 2477 
3 2475 2478 2477 
3 2480 2478 2476 
3 2441 2479 2422 
3 2440 2479 2441 
3 2480 2479 2440 
3 2479 2480 2476 
3 2481 2476 2475 
3 2476 2481 2424 
3 2475 2476 2478 
3 2479 2476 2424 
3 2425 2479 2424 
3 2422 2479 2425 
3 2482 2474 2477 
3 2482 2477 2478 
3 2455 2478 2480 
3 2455 2453 2478 
3 2486 2485 2489 
3 2483 2485 2484 
3 2485 2486 2484 
3 2487 2294 2484 
3 2295 2290 2294 
3 2295 2294 2487 
3 2486 2487 2484 
3 2311 2295 2487 
3 2487 2486 2491 
3 2487 2491 2311 
3 2488 2486 2490 
3 2491 2486 2488 
3 2489 2490 2486 
3 2488 2494 2491 
3 2488 2441 2494 
3 2495 2311 2491 
3 2313 2311 2492 
3 2495 2492 2311 
3 2313 2492 2314 
3 2497 2492 2495 
3 2492 2493 2314 
3 2493 2492 2497 
3 2494 2495 2491 
3 2441 2422 2494 
3 2495 2494 2496 
3 2422 2496 2494 
3 2497 2495 2496 
3 2496 2422 2425 
3 2496 2425 2521 
3 2496 2521 2497 
3 2306 2316 2498 
3 2306 2498 2307 
3 2498 2499 2307 
3 2501 2499 2498 
3 2500 2307 2499 
3 2319 2320 2503 
3 2317 2503 2498 
3 2564 2498 2503 
3 2320 2504 2503 
3 2504 2563 2503 
3 2563 2564 2503 
3 2501 2498 2564 
3 2499 2501 2502 
3 3759 2506 2509 
3 5004 2506 1900 
3 1900 2506 3759 
3 2512 3757 2508 
3 2507 2509 2506 
3 2507 2510 2509 
3 2509 2512 2508 
3 2510 2512 2509 
3 2512 2511 3757 
3 2513 2514 2511 
3 2510 2511 2512 
3 2510 2513 2511 
3 2510 5017 2513 
3 2514 3763 2511 
3 2513 3767 2514 
3 2516 2556 2517 
3 2518 2351 2515 
3 2518 2519 2351 
3 2518 2517 2557 
3 2518 2515 2517 
3 2517 2556 2557 
3 2518 2557 2519 
3 2556 2558 2557 
3 2520 2424 2536 
3 2520 2536 2538 
3 2538 2522 2520 
3 2561 2520 2522 
3 2521 2520 2561 
3 2523 2561 2522 
3 2365 2363 2519 
3 2569 2365 2519 
3 2569 2369 2365 
3 2008 2004 2007 
3 2528 2014 2004 
3 2528 2524 2014 
3 2004 2525 2528 
3 2526 2525 2461 
3 2527 2004 2008 
3 2525 2004 2527 
3 2537 2525 2527 
3 2471 2524 2528 
3 2526 2471 2528 
3 2526 2528 2525 
3 2529 2008 2007 
3 2529 2007 2530 
3 2531 2529 2530 
3 2530 2549 2531 
3 2549 2550 2531 
3 2550 2532 2531 
3 2527 2008 2529 
3 2537 2527 2539 
3 2539 2527 2529 
3 2539 2529 2531 
3 2531 2533 2539 
3 2531 2532 2533 
3 2524 2470 2014 
3 2550 2025 2534 
3 2534 2532 2550 
3 2025 3771 2534 
3 2533 2532 2544 
3 2544 2532 2534 
3 2534 2535 2544 
3 2534 3770 2535 
3 2424 2461 2536 
3 2461 2525 2536 
3 2536 2525 2537 
3 2537 2538 2536 
3 2538 2537 2539 
3 2538 2539 2522 
3 2522 2539 2542 
3 2539 2533 2540 
3 2544 2540 2533 
3 2542 2539 2540 
3 2523 2522 2541 
3 2541 2522 2542 
3 2540 2544 2545 
3 2544 2535 2545 
3 2540 2545 2546 
3 2545 2535 3770 
3 2543 2545 3770 
3 2542 2540 2546 
3 2546 2545 2547 
3 2554 2542 2546 
3 2554 2546 2547 
3 2548 2545 2543 
3 3785 2548 2543 
3 2547 2545 2548 
3 2549 2020 2550 
3 2023 2551 2553 
3 2551 2698 2553 
3 2550 2020 2025 
3 2700 2553 2698 
3 2552 2553 2700 
3 2554 2547 2590 
3 2547 2591 2590 
3 2382 2314 2555 
3 2382 2555 2516 
3 2382 2516 2517 
3 2314 2493 2555 
3 2556 2516 2555 
3 2493 2559 2555 
3 2559 2556 2555 
3 2559 2558 2556 
3 2557 2558 2568 
3 2558 2559 2560 
3 2568 2558 2560 
3 2497 2562 2493 
3 2562 2497 2521 
3 2493 2562 2559 
3 2561 2562 2521 
3 2562 2576 2559 
3 2562 2561 2523 
3 2523 2541 2576 
3 2523 2576 2562 
3 2563 2504 2392 
3 2566 2563 2392 
3 2566 2564 2563 
3 2564 2567 5054 
3 2567 2564 2566 
3 5054 2567 5055 
3 2501 2564 5054 
3 2502 2501 5054 
3 2392 2565 2566 
3 5073 5055 2567 
3 2557 2568 2519 
3 2568 2569 2519 
3 2570 2569 2568 
3 2569 2727 2369 
3 2569 2407 2727 
3 2570 2407 2569 
3 2570 2571 2403 
3 2403 2407 2570 
3 2571 2570 2568 
3 2573 2403 2572 
3 2403 2574 2572 
3 2571 2574 2403 
3 2560 2571 2568 
3 2573 2572 2579 
3 2574 2579 2572 
3 2727 2370 2369 
3 2574 2575 2579 
3 2541 2585 2576 
3 2571 2560 2574 
3 2576 2560 2559 
3 2577 2560 2576 
3 2577 2574 2560 
3 2576 2585 2577 
3 2575 2574 2577 
3 2737 2575 2577 
3 2741 2575 2737 
3 2737 2577 2734 
3 2734 2577 2585 
3 2578 2566 2565 
3 2578 2567 2566 
3 5073 2578 5076 
3 2567 2578 5073 
3 2578 2565 5075 
3 2410 5075 2565 
3 5076 2578 5075 
3 2404 2573 2579 
3 2579 2411 2404 
3 2579 2580 2581 
3 2579 2581 2411 
3 2580 2579 2575 
3 2575 2741 2580 
3 2582 5075 2410 
3 2581 2582 2410 
3 3788 2548 3785 
3 3788 2547 2548 
3 2587 2541 2542 
3 2585 2541 2587 
3 2586 2585 2587 
3 2542 2554 2587 
3 2592 2586 2587 
3 2734 2585 2586 
3 2588 2734 2586 
3 2735 2734 2588 
3 2586 2592 2588 
3 2592 2589 2588 
3 2587 2554 2592 
3 2554 2590 2592 
3 2591 2547 3788 
3 2591 2593 2590 
3 2590 2593 2592 
3 2592 2593 2589 
3 2591 2594 2593 
3 3801 2591 3797 
3 2594 2591 3801 
3 3801 3800 2594 
3 3801 3804 3800 
3 2596 2595 2584 
3 2596 2597 2595 
3 2596 2598 2597 
3 2359 2360 2599 
3 2359 2599 2605 
3 2609 2606 2600 
3 2601 2606 2609 
3 2605 2606 2601 
3 2620 2605 2601 
3 2620 2601 2628 
3 2599 2367 2602 
3 2605 2599 2602 
3 2368 2603 2367 
3 2602 2367 2603 
3 2603 2368 2370 
3 2602 2603 2604 
3 2600 2606 2607 
3 2607 2682 2612 
3 2602 2606 2605 
3 2602 2607 2606 
3 2602 2604 2682 
3 2607 2602 2682 
3 2608 2609 2600 
3 2628 2601 2610 
3 2610 2609 2608 
3 2601 2609 2610 
3 2611 2610 2608 
3 2607 2612 2600 
3 2608 2600 2613 
3 2600 2612 2613 
3 2613 2615 2608 
3 2617 2613 2612 
3 2614 2617 2612 
3 2615 2613 2618 
3 2613 2617 2618 
3 2611 2608 2615 
3 2611 2615 2616 
3 2615 2618 2616 
3 2618 2692 2616 
3 2359 2623 2398 
3 2605 2623 2359 
3 2398 2623 2619 
3 2398 2619 2399 
3 2621 2620 2628 
3 2405 2619 2622 
3 2623 2625 2624 
3 2619 2623 2622 
3 2624 2622 2623 
3 2405 2622 2727 
3 2727 2622 2728 
3 2622 2624 2627 
3 2623 2605 2620 
3 2625 2623 2620 
3 2625 2620 2621 
3 2625 2626 2624 
3 2621 2626 2625 
3 2626 2621 2629 
3 2624 2636 2627 
3 2624 2626 2636 
3 2627 2636 2744 
3 2628 2629 2621 
3 2628 2610 2611 
3 2632 2628 2611 
3 2632 2629 2628 
3 2626 2629 2630 
3 2630 2631 2626 
3 2633 2611 2616 
3 2611 2633 2632 
3 2634 2632 2633 
3 2629 2632 2630 
3 2630 2632 2635 
3 2635 2632 2634 
3 2635 2631 2630 
3 2631 2637 2626 
3 2637 2636 2626 
3 2631 2757 2637 
3 2678 2631 2635 
3 2641 2775 2639 
3 2645 2641 2642 
3 2638 2775 2641 
3 2641 2639 2650 
3 2642 2641 2650 
3 2639 2775 2640 
3 2779 2640 2775 
3 2642 2649 2645 
3 2649 2642 2643 
3 2644 2649 2643 
3 2673 2649 2644 
3 2641 2645 2638 
3 2638 2645 2646 
3 2646 2645 2648 
3 2777 2638 2646 
3 2648 2647 2646 
3 2645 2667 2648 
3 2648 2667 2668 
3 2648 2792 2647 
3 2668 2792 2648 
3 2645 2649 2667 
3 2649 2673 2667 
3 2653 2654 2650 
3 2651 2650 2654 
3 2639 2034 2652 
3 2650 2639 2653 
3 2653 2639 2652 
3 2653 2652 2655 
3 2034 2639 2640 
3 2035 2034 2640 
3 2779 2082 2640 
3 2082 2035 2640 
3 2655 2039 2040 
3 2656 2655 2040 
3 2654 2653 2656 
3 2656 2653 2655 
3 2657 2660 2654 
3 2656 2657 2654 
3 2657 2656 2658 
3 2902 2657 2658 
3 2642 2650 2651 
3 2643 2642 2659 
3 2659 2642 2651 
3 2660 2659 2651 
3 2674 2644 2659 
3 2659 2644 2643 
3 2674 2659 2663 
3 2654 2660 2651 
3 2660 2663 2659 
3 2674 2661 2679 
3 2674 2663 2661 
3 2657 2662 2660 
3 2663 2660 2662 
3 2664 2662 2665 
3 2657 2906 2662 
3 2662 2906 2665 
3 2663 2662 2664 
3 2664 2661 2663 
3 2633 2616 2666 
3 2671 2634 2633 
3 2616 2692 2666 
3 2669 2666 2789 
3 2633 2666 2669 
3 2669 2671 2633 
3 2669 2668 2667 
3 2789 2668 2669 
3 2667 2671 2669 
3 2634 2670 2635 
3 2670 2634 2671 
3 2672 2670 2671 
3 2635 2670 2840 
3 2670 2830 2840 
3 2672 2830 2670 
3 2644 2674 2673 
3 2673 2674 2679 
3 2679 2675 2673 
3 2673 2676 2667 
3 2676 2671 2667 
3 2675 2676 2673 
3 2675 2677 2676 
3 2828 2675 2679 
3 2671 2676 2672 
3 2676 2830 2672 
3 2830 2676 2677 
3 2840 2678 2635 
3 2840 2845 2678 
3 2604 2603 2370 
3 2682 2604 2370 
3 2683 2682 2370 
3 2683 2370 2681 
3 2681 2680 2683 
3 2612 2682 2614 
3 2682 2683 2614 
3 2684 2614 2683 
3 2683 2685 2684 
3 2683 2680 2685 
3 2729 2685 2680 
3 2686 2685 2729 
3 2688 2685 2686 
3 2687 2614 2684 
3 2617 2614 2687 
3 2690 2687 2684 
3 2685 2688 2684 
3 2688 2748 2684 
3 2690 2684 2748 
3 2688 2689 2748 
3 2617 2687 2690 
3 2617 2690 2618 
3 2690 2692 2618 
3 2691 2692 2690 
3 2691 2690 2748 
3 2695 2693 2551 
3 2551 2693 2698 
3 2695 2694 2693 
3 2693 2694 2707 
3 2696 2695 2041 
3 2695 2696 2694 
3 2707 2694 2697 
3 2694 2696 2697 
3 2697 2696 2716 
3 2698 2693 2699 
3 2698 2699 3809 
3 2698 3809 2700 
3 2699 3816 3809 
3 2701 2696 2041 
3 2696 2701 2713 
3 2701 2702 2703 
3 2713 2701 2703 
3 2707 2706 2699 
3 2707 2699 2693 
3 2697 2704 2707 
3 2707 2704 2705 
3 2706 2707 2708 
3 2708 2707 2705 
3 2704 2697 2716 
3 2708 2705 2709 
3 2708 2709 2710 
3 2709 2768 2710 
3 2699 2706 3816 
3 2710 2711 2708 
3 2708 2711 2706 
3 2711 2712 2706 
3 2706 2712 3816 
3 2716 2696 2713 
3 2703 2714 2713 
3 2716 2713 2715 
3 2713 2714 2715 
3 2717 2705 2704 
3 2704 2716 2719 
3 2718 2704 2719 
3 2704 2718 2717 
3 2719 2720 2718 
3 2717 2709 2705 
3 2768 2709 2717 
3 2721 2768 2717 
3 2718 2720 2722 
3 2717 2718 2721 
3 2722 2771 2721 
3 2721 2718 2722 
3 2720 2723 2722 
3 2719 2716 2725 
3 2720 2719 2725 
3 2715 2725 2716 
3 2725 2715 2724 
3 2726 2720 2725 
3 2724 2726 2725 
3 2825 2826 2726 
3 2824 2726 2724 
3 2825 2726 2824 
3 2720 2726 2723 
3 2723 2726 2826 
3 2727 2681 2370 
3 2731 2681 2727 
3 2727 2728 2731 
3 2680 2681 2729 
3 2730 2729 2681 
3 2681 2731 2730 
3 2622 2732 2728 
3 2728 2732 2731 
3 2627 2732 2622 
3 2732 2733 2731 
3 2731 2733 2730 
3 2735 2736 2734 
3 2736 2735 2739 
3 2734 2736 2737 
3 2737 2736 2733 
3 2741 2737 2733 
3 2733 2736 2730 
3 2729 2730 2738 
3 2730 2736 2738 
3 2736 2739 2738 
3 2738 2686 2729 
3 2735 2762 2739 
3 2740 2581 2580 
3 2741 2740 2580 
3 2741 2733 2740 
3 2740 2733 2732 
3 2742 2581 2740 
3 2582 2581 2742 
3 5081 2582 5166 
3 5166 2582 2742 
3 2742 2743 5166 
3 2740 2732 2627 
3 2627 2744 2740 
3 2745 2740 2744 
3 2740 2745 2746 
3 2740 2746 2742 
3 2743 2742 2746 
3 2747 5174 2743 
3 2748 2689 2750 
3 2691 2748 2749 
3 2748 2750 2749 
3 2689 2688 2686 
3 2689 2686 2738 
3 2738 2751 2689 
3 2751 2738 2739 
3 2689 2751 2750 
3 2751 2739 2770 
3 2770 2739 2762 
3 2750 2751 2753 
3 2751 2752 2753 
3 2750 2753 2749 
3 2751 2770 2752 
3 2770 2754 2752 
3 2744 2636 2637 
3 2637 2757 2745 
3 2744 2637 2745 
3 2746 2745 2755 
3 2747 2746 2755 
3 2743 2746 2747 
3 2747 2755 2756 
3 5174 2747 2756 
3 2758 2631 2678 
3 2758 2757 2631 
3 2755 2745 2757 
3 2757 2758 2755 
3 2756 2755 2758 
3 2756 2758 2844 
3 2844 5174 2756 
3 2588 2759 2735 
3 2759 2588 2589 
3 2759 2589 2760 
3 2759 2760 2761 
3 2735 2759 2762 
3 2762 2759 2761 
3 2761 2769 2762 
3 2760 2589 2764 
3 2589 2593 2764 
3 2760 2764 2761 
3 2764 2765 2761 
3 2594 2764 2593 
3 2594 2766 2764 
3 2594 3800 2766 
3 2764 2766 2765 
3 2761 2765 2769 
3 2763 2769 2765 
3 2710 2763 2711 
3 2763 2765 2767 
3 2763 2767 2711 
3 2711 2767 2712 
3 2766 2767 2765 
3 2768 2721 2771 
3 2769 2768 2771 
3 2770 2762 2769 
3 2771 2770 2769 
3 2770 2771 2754 
3 2710 2768 2763 
3 2763 2768 2769 
3 2771 2772 2754 
3 2771 2722 2772 
3 2722 2723 2772 
3 2773 3871 2880 
3 2773 2880 2874 
3 2774 2883 3871 
3 3871 3870 2774 
3 2776 2638 2777 
3 2775 2638 2776 
3 2776 2778 2780 
3 2777 2796 2776 
3 2776 2796 2778 
3 2082 2779 2802 
3 2779 2780 2802 
3 2776 2779 2775 
3 2780 2779 2776 
3 2780 2778 2781 
3 2796 2797 2778 
3 2778 2797 2781 
3 2781 2797 2785 
3 2802 2782 2067 
3 2780 2782 2802 
3 2782 2071 2067 
3 2782 2803 2071 
3 2784 2803 2782 
3 2071 2783 2072 
3 2803 2783 2071 
3 2780 2781 2782 
3 2785 2786 2781 
3 2782 2781 2784 
3 2781 2786 2784 
3 2646 2788 2777 
3 2647 2788 2646 
3 2796 2788 2787 
3 2788 2793 2787 
3 2788 2796 2777 
3 2790 2789 2791 
3 2647 2790 2788 
3 2792 2790 2647 
3 2789 2792 2668 
3 2789 2790 2792 
3 2788 2790 2793 
3 2793 2790 2791 
3 2787 2798 2796 
3 2796 2798 2797 
3 2798 2800 2797 
3 2800 2785 2797 
3 2787 2793 2798 
3 2798 2793 2799 
3 2800 2835 2785 
3 2799 2800 2798 
3 2799 2835 2800 
3 2786 2785 2801 
3 2801 2817 2786 
3 2794 2817 2801 
3 2835 2801 2785 
3 2795 2801 2835 
3 2795 2794 2801 
3 2802 2067 2082 
3 2803 2804 2811 
3 2803 2784 2804 
3 2803 2805 2783 
3 2803 2811 2805 
3 2805 2809 2807 
3 2805 2811 2809 
3 2786 2804 2784 
3 2806 2804 2786 
3 2804 2812 2811 
3 2812 2804 2818 
3 2809 2808 2807 
3 2810 2808 2809 
3 2812 2818 2820 
3 2811 2810 2809 
3 2812 2921 2811 
3 2812 2820 2921 
3 2921 2810 2811 
3 2794 2819 2817 
3 2664 2813 2661 
3 2794 2814 2819 
3 2795 2814 2794 
3 2813 2821 2819 
3 2813 2819 2814 
3 2815 2813 2664 
3 2664 2665 2815 
3 2815 2665 2816 
3 2813 2815 2821 
3 2821 2815 2822 
3 2815 2816 2822 
3 2817 2806 2786 
3 2817 2819 2806 
3 2806 2818 2804 
3 2819 2821 2806 
3 2820 2818 2806 
3 2820 2821 2822 
3 2820 2806 2821 
3 2820 2823 2921 
3 2820 2822 2823 
3 2823 2822 2930 
3 2822 2932 2930 
3 2723 2826 2866 
3 2866 2826 2827 
3 2825 2824 3872 
3 2826 2825 2827 
3 2827 2825 2871 
3 2870 2827 2871 
3 2825 3872 2871 
3 2094 2783 2805 
3 2807 2808 2102 
3 2666 2692 2691 
3 2691 2791 2789 
3 2666 2691 2789 
3 2749 2791 2691 
3 2753 2791 2749 
3 2753 2793 2791 
3 2679 2854 2828 
3 2828 2854 2829 
3 2830 2677 2831 
3 2831 2847 2841 
3 2831 2832 2847 
3 2677 2675 2828 
3 2832 2677 2828 
3 2832 2831 2677 
3 2832 2837 2847 
3 2833 2832 2828 
3 2833 2828 2829 
3 2832 2833 2837 
3 2753 2799 2793 
3 2753 2752 2799 
3 2834 2835 2799 
3 2752 2834 2799 
3 2834 2752 2754 
3 2839 2834 2754 
3 2838 2834 2839 
3 2835 2836 2795 
3 2834 2836 2835 
3 2838 2836 2834 
3 2829 2795 2836 
3 2838 2833 2836 
3 2833 2838 2837 
3 2836 2833 2829 
3 2839 2837 2838 
3 2837 2839 2853 
3 2853 2839 2875 
3 2840 2843 2845 
3 2678 2845 2758 
3 2840 2830 2841 
3 2843 2840 2841 
3 2841 2830 2831 
3 2843 2841 2849 
3 2849 2841 2842 
3 2844 2758 2845 
3 2846 2844 2845 
3 2846 2845 2843 
3 2843 2849 2846 
3 2841 2847 2842 
3 2849 2851 2850 
3 2850 2851 2848 
3 2846 2849 2850 
3 2850 2848 2856 
3 5213 2846 2850 
3 2842 2851 2849 
3 2842 2847 2852 
3 2852 2847 2837 
3 2852 2851 2842 
3 2848 2851 2852 
3 2860 2848 2852 
3 2852 2853 2860 
3 2837 2853 2852 
3 2854 2679 2661 
3 2813 2854 2661 
3 2814 2854 2813 
3 2829 2854 2814 
3 2829 2814 2795 
3 2850 2856 2855 
3 2850 2855 5213 
3 2855 2856 2857 
3 2848 2860 2859 
3 2853 2858 2860 
3 2853 2875 2858 
3 2860 2858 2862 
3 2859 2860 2864 
3 2861 2859 2864 
3 2862 2864 2860 
3 2862 2863 2864 
3 2865 2863 2989 
3 2864 2865 2861 
3 2865 2864 2863 
3 2848 2859 2856 
3 2856 2859 2857 
3 2857 5227 2855 
3 2990 2857 2859 
3 5227 2857 2990 
3 2867 2754 2772 
3 2723 2866 2867 
3 2723 2867 2772 
3 2867 2839 2754 
3 2839 2867 2868 
3 2867 2869 2868 
3 2867 2866 2827 
3 2869 2867 2827 
3 2869 2873 2868 
3 2839 2868 2877 
3 2876 2868 2873 
3 2877 2875 2839 
3 2877 2868 2876 
3 2873 2869 2870 
3 2869 2827 2870 
3 2873 2870 2872 
3 2870 2871 2872 
3 2876 2873 2881 
3 2872 2881 2873 
3 2872 3875 2874 
3 2881 2872 2874 
3 2877 2878 2875 
3 2876 2878 2877 
3 2878 2876 2882 
3 2875 2878 2879 
3 2878 2893 2879 
3 2882 2876 2881 
3 2874 2880 2881 
3 3871 2883 2880 
3 2883 2881 2880 
3 2883 2882 2881 
3 2882 2883 2885 
3 2882 2885 2884 
3 2883 2774 2885 
3 2774 2886 2885 
3 2878 2882 2893 
3 2893 2882 2884 
3 2884 2887 2893 
3 2887 2884 2885 
3 2885 2886 2887 
3 2887 2886 3876 
3 2875 2888 2858 
3 2879 2888 2875 
3 2858 2888 2862 
3 2862 2888 2889 
3 2879 2893 2888 
3 2893 2890 2888 
3 2890 2889 2888 
3 2863 2889 2891 
3 2889 2863 2862 
3 2863 2891 2989 
3 2889 2895 2892 
3 2891 2889 2892 
3 2890 2895 2889 
3 2890 2894 2897 
3 2894 2896 2897 
3 2893 2894 2890 
3 2893 2887 2894 
3 2887 3877 2894 
3 3877 3880 2894 
3 2894 3880 2896 
3 2890 2897 2895 
3 2895 3018 2892 
3 2897 2898 2895 
3 2895 2898 3018 
3 2897 2896 2899 
3 2898 2900 3915 
3 2898 2897 2899 
3 2899 2900 2898 
3 2899 3917 2900 
3 3880 2899 2896 
3 3880 3917 2899 
3 2901 2040 2109 
3 2656 2040 2901 
3 2901 2658 2656 
3 2658 2901 2904 
3 2901 2109 2903 
3 2918 2905 2903 
3 2904 2901 2903 
3 2904 2903 2905 
3 2910 2904 2905 
3 2905 2917 2910 
3 2657 2902 2906 
3 2906 2908 2665 
3 2658 2907 2902 
3 2907 2906 2902 
3 2912 2906 2907 
3 2912 2908 2906 
3 2909 2908 2912 
3 2904 2907 2658 
3 2907 2904 2910 
3 2911 2907 2910 
3 2917 2911 2910 
3 2912 2907 2914 
3 2914 2907 2911 
3 2912 2914 2913 
3 2909 2912 2913 
3 2914 2911 2952 
3 2905 2918 2915 
3 2915 2916 2905 
3 2917 2905 2916 
3 2952 2911 2917 
3 2914 2976 2913 
3 2976 2914 2952 
3 2938 2922 2923 
3 2810 2151 2808 
3 2920 2151 2810 
3 2920 2919 2151 
3 2920 2810 2931 
3 2810 2921 2931 
3 2931 2926 2920 
3 2924 2150 2919 
3 2924 2922 2150 
3 2922 2924 2923 
3 2920 2925 2919 
3 2925 2924 2919 
3 2926 2925 2920 
3 2926 2927 2925 
3 2665 2908 2816 
3 2816 2908 2928 
3 2908 2909 2928 
3 2909 2929 2928 
3 2932 2822 2816 
3 2816 2928 2932 
3 2930 2921 2823 
3 2931 2921 2930 
3 2932 2933 2930 
3 2928 2933 2932 
3 2934 2933 2928 
3 2928 2929 2934 
3 2931 2930 3009 
3 2930 2933 3009 
3 2933 2934 3009 
3 3009 2936 2931 
3 2931 2936 2926 
3 2926 2936 2927 
3 2936 2935 2927 
3 2960 2936 3009 
3 2960 2935 2936 
3 2918 2938 2915 
3 2938 2939 2915 
3 2915 2939 2937 
3 2915 2937 2942 
3 2938 2923 2939 
3 2923 2940 2939 
3 2917 2916 2950 
3 2916 2915 2945 
3 2945 2915 2942 
3 2950 2916 2945 
3 2939 2941 2937 
3 2942 2937 2944 
3 2937 2941 2943 
3 2937 2943 2944 
3 2939 2156 2941 
3 2939 2940 2156 
3 2156 2940 2161 
3 2945 2942 2944 
3 2945 2955 2950 
3 2944 2954 2945 
3 2945 2954 2955 
3 2944 2946 2954 
3 2947 2923 2924 
3 2940 2923 2947 
3 2925 2947 2924 
3 2947 2948 2940 
3 2948 2947 2962 
3 2948 2161 2940 
3 2948 2949 2161 
3 2947 2925 2962 
3 2927 2962 2925 
3 2949 2160 2161 
3 2950 2951 2917 
3 2952 2917 2951 
3 2951 2953 2952 
3 2954 2958 2955 
3 2955 2951 2950 
3 2955 2956 2951 
3 2956 2955 2958 
3 2958 2954 2957 
3 2953 2951 2956 
3 2991 2953 2956 
3 2956 2958 2959 
3 2959 2958 2957 
3 2991 2956 2959 
3 2963 2927 2935 
3 2960 3009 3010 
3 2964 2949 2948 
3 2962 2964 2948 
3 2964 2962 2961 
3 2962 2927 2963 
3 2962 2963 2961 
3 2949 2965 2171 
3 2964 2965 2949 
3 2171 2965 2173 
3 2967 2965 2966 
3 2174 2173 2965 
3 2965 2967 2174 
3 2965 2964 2961 
3 2961 2968 2965 
3 2968 2966 2965 
3 2966 3073 2967 
3 2968 3074 2966 
3 3074 3073 2966 
3 2971 2968 2961 
3 2969 2961 2963 
3 2970 2963 2935 
3 2970 2972 2963 
3 2972 2969 2963 
3 3024 2972 2970 
3 2971 2961 2969 
3 2971 3082 3074 
3 2972 3082 2971 
3 2971 3074 2968 
3 2971 2969 2972 
3 3024 3084 2972 
3 2973 2929 2909 
3 2974 2929 2973 
3 2980 2929 2974 
3 2973 2979 2974 
3 2974 2983 2980 
3 2983 2974 2984 
3 2979 2984 2974 
3 2973 2909 2913 
3 2975 2973 2913 
3 2977 2975 2976 
3 2976 2975 2913 
3 2992 2977 2976 
3 2979 2973 2975 
3 2978 2979 2975 
3 2977 2978 2975 
3 2985 2979 2978 
3 2977 2994 2978 
3 2981 2929 2980 
3 2981 2934 2929 
3 2981 2982 2934 
3 2982 2981 2980 
3 2983 2989 2980 
3 2980 3011 2982 
3 2989 3011 2980 
3 2984 2979 2985 
3 2988 2984 2985 
3 3000 2985 2978 
3 2994 3000 2978 
3 2986 2985 3000 
3 2983 2988 2987 
3 2987 2989 2983 
3 2988 2865 2987 
3 2861 2865 2988 
3 2988 2983 2984 
3 2987 2865 2989 
3 2859 2861 2990 
3 2990 2861 2988 
3 5246 5228 2990 
3 2986 2988 2985 
3 2988 2986 2990 
3 5246 2990 2986 
3 5246 2986 3003 
3 2952 2992 2976 
3 2994 2977 2992 
3 2953 2992 2952 
3 2953 2991 2992 
3 2993 2992 2991 
3 2993 2994 2992 
3 2993 3001 2994 
3 3001 2993 2996 
3 2993 2991 2995 
3 2993 2995 2997 
3 2995 2991 2959 
3 2995 2959 3050 
3 2995 3050 2997 
3 3050 2998 2997 
3 2996 2993 2997 
3 2996 2997 2998 
3 2999 2996 2998 
3 3001 3000 2994 
3 3000 3001 3004 
3 3004 3001 2996 
3 3004 2996 2999 
3 3000 3003 2986 
3 3007 3003 3000 
3 3000 3004 3006 
3 3007 3000 3006 
3 5246 3003 3002 
3 3002 3003 3007 
3 3115 3005 3004 
3 3006 3004 3005 
3 3007 3006 3008 
3 3007 3008 5269 
3 3005 3118 3006 
3 3006 3118 3008 
3 2934 2982 3009 
3 3009 2982 3012 
3 3012 3010 3009 
3 2982 3011 3012 
3 2891 2892 3013 
3 2891 3013 3011 
3 3011 3013 3012 
3 3014 3012 3013 
3 3015 3012 3014 
3 2892 3016 3013 
3 3016 3017 3013 
3 3021 2960 3010 
3 3010 3022 3021 
3 3015 3022 3010 
3 3015 3010 3012 
3 3013 3017 3014 
3 3025 3015 3014 
3 3014 3017 3028 
3 3014 3028 3025 
3 3018 3899 3016 
3 3016 3899 3017 
3 3018 3019 3899 
3 3017 3907 3028 
3 3899 3907 3017 
3 3905 3907 3899 
3 2891 3011 2989 
3 3016 2892 3018 
3 2898 3915 3019 
3 2898 3019 3018 
3 3021 2935 2960 
3 3021 2970 2935 
3 2970 3021 3022 
3 3023 2970 3022 
3 3023 3024 2970 
3 3015 3025 3022 
3 3025 3023 3022 
3 3025 3027 3023 
3 3025 3028 3026 
3 3025 3026 3027 
3 3023 3122 3024 
3 3027 3122 3023 
3 3122 3084 3024 
3 3027 3026 3128 
3 3125 3122 3027 
3 3027 3128 3125 
3 3029 3026 3028 
3 3028 3907 3029 
3 3907 3030 3031 
3 3907 3031 3029 
3 3026 3029 3128 
3 3031 3935 3937 
3 3031 3937 3034 
3 3008 3118 3129 
3 3008 3129 3135 
3 3128 3029 3033 
3 3128 3033 3132 
3 3033 3029 3034 
3 3034 3029 3031 
3 3033 3034 3132 
3 3034 3131 3132 
3 3035 3032 5273 
3 5273 5296 3035 
3 2943 2941 2180 
3 3037 2943 2180 
3 2946 2944 2943 
3 2946 2943 3037 
3 3037 2180 3036 
3 2954 2946 2957 
3 2957 2946 3037 
3 3038 3037 3036 
3 3036 3039 3038 
3 2183 3039 3036 
3 3040 3038 3039 
3 3039 2183 3041 
3 3039 3041 3042 
3 3046 3039 3042 
3 3040 3039 3046 
3 3041 2189 3042 
3 2189 2190 3042 
3 3042 2190 3043 
3 3043 3044 3042 
3 3046 3042 3045 
3 3046 3045 3048 
3 3047 3046 3048 
3 3059 3048 3055 
3 3047 3048 3059 
3 3057 3045 3044 
3 3045 3042 3044 
3 3045 3057 3048 
3 3044 3077 3057 
3 3077 3086 3057 
3 3051 2957 3037 
3 3051 3037 3038 
3 3049 3051 3038 
3 3038 3040 3049 
3 2957 3051 2959 
3 3050 2959 3051 
3 3051 3052 3050 
3 3049 3052 3051 
3 3040 3053 3049 
3 3049 3053 3052 
3 3054 3053 3067 
3 3046 3047 3040 
3 3040 3047 3053 
3 3047 3059 3065 
3 3053 3047 3065 
3 3053 3065 3067 
3 3056 3055 3048 
3 3056 3057 3087 
3 3056 3048 3057 
3 3057 3086 3087 
3 3056 3087 3058 
3 3092 3058 3087 
3 3059 3055 3060 
3 3060 3055 3061 
3 3056 3061 3055 
3 3056 3058 3061 
3 3061 3068 3060 
3 3068 3061 3062 
3 3062 3061 3064 
3 3061 3058 3064 
3 3092 3063 3058 
3 3145 3064 3058 
3 3145 3058 3063 
3 3065 3059 3060 
3 3066 3065 3060 
3 3067 3065 3066 
3 3054 3067 3070 
3 3066 3060 3068 
3 3072 3067 3066 
3 3069 3072 3066 
3 3069 3066 3068 
3 3068 3062 3069 
3 3067 3072 3070 
3 3071 3070 3072 
3 3072 3149 3071 
3 3071 3149 3150 
3 3074 3075 3073 
3 3073 3075 2208 
3 3075 2210 2208 
3 3076 2210 3075 
3 3082 3075 3074 
3 3075 3079 3076 
3 3082 3079 3075 
3 3076 3043 2210 
3 3043 3076 3044 
3 3044 3076 3077 
3 3077 3076 3079 
3 3086 3077 3078 
3 3078 3077 3079 
3 3078 3079 3081 
3 3080 3081 3079 
3 2972 3083 3082 
3 3083 3079 3082 
3 3079 3083 3085 
3 3084 3083 2972 
3 3084 3085 3083 
3 3085 3080 3079 
3 3099 3081 3080 
3 3085 3139 3080 
3 3086 3089 3087 
3 3087 3089 3092 
3 3078 3088 3086 
3 3088 3078 3081 
3 3086 3088 3089 
3 3088 3094 3089 
3 3063 3093 3090 
3 3090 3093 3091 
3 3094 3091 3093 
3 3092 3093 3063 
3 3092 3089 3093 
3 3089 3094 3093 
3 3088 3081 3095 
3 3088 3095 3094 
3 3081 3100 3095 
3 3095 3100 3096 
3 3091 3094 3097 
3 3096 3094 3095 
3 3096 3097 3094 
3 3099 3080 3098 
3 3139 3098 3080 
3 3103 3098 3139 
3 3099 3100 3081 
3 3096 3100 3102 
3 3101 3100 3099 
3 3098 3101 3099 
3 3098 3103 3101 
3 3100 3101 3165 
3 3100 3165 3102 
3 3103 3166 3101 
3 3101 3166 3165 
3 3103 3190 3166 
3 3166 3190 3164 
3 3050 3104 2998 
3 3052 3104 3050 
3 3105 3052 3053 
3 3107 3104 3105 
3 3105 3104 3052 
3 3104 3107 2998 
3 2999 2998 3107 
3 3106 2999 3107 
3 3106 3107 3105 
3 3105 3053 3054 
3 3106 3105 3108 
3 3105 3054 3109 
3 3109 3108 3105 
3 2999 3106 3115 
3 3106 3111 3115 
3 3111 3116 3115 
3 3108 3109 3110 
3 3108 3110 3111 
3 3108 3111 3106 
3 3112 3116 3111 
3 3112 3111 3110 
3 3117 3116 3112 
3 3114 3117 3112 
3 3113 3114 3112 
3 3004 2999 3115 
3 3115 3116 3005 
3 3005 3116 3118 
3 3118 3116 3117 
3 3109 3120 3110 
3 3070 3120 3109 
3 3070 3109 3054 
3 3110 3119 3112 
3 3110 3120 3119 
3 3112 3119 3113 
3 3070 3071 3120 
3 3071 3121 3120 
3 3120 3121 3119 
3 3119 3121 3141 
3 3071 3141 3121 
3 3071 3150 3141 
3 3122 3123 3084 
3 3123 3085 3084 
3 3124 3125 3114 
3 3127 3114 3125 
3 3125 3123 3122 
3 3124 3123 3125 
3 3113 3137 3126 
3 3123 3126 3085 
3 3124 3126 3123 
3 3139 3085 3126 
3 3138 3139 3126 
3 3126 3137 3138 
3 3124 3113 3126 
3 3114 3113 3124 
3 3129 3118 3117 
3 3114 3127 3117 
3 3129 3117 3127 
3 3129 3127 3130 
3 3125 3128 3127 
3 3127 3128 3130 
3 3128 3132 3130 
3 3130 3132 3133 
3 3135 3129 3130 
3 3130 3133 3135 
3 3132 3134 3133 
3 3135 5293 5277 
3 5293 3135 3133 
3 3134 5293 3133 
3 3134 3132 3131 
3 3134 4028 4030 
3 3134 3131 4028 
3 4030 3136 3134 
3 3113 3119 3137 
3 3119 3141 3137 
3 3137 3141 3140 
3 3139 3138 3103 
3 3137 3140 3138 
3 3138 3190 3103 
3 3138 3140 3190 
3 3142 3144 3143 
3 3146 3064 3145 
3 3062 3064 3146 
3 3146 3147 3062 
3 3149 3072 3069 
3 3069 3062 3148 
3 3148 3149 3069 
3 3158 3062 3147 
3 3148 3062 3158 
3 3159 3148 3158 
3 3159 3149 3148 
3 3145 3151 3146 
3 3063 3090 3145 
3 3145 3090 3151 
3 3146 3151 3152 
3 3090 3091 3151 
3 3091 3153 3151 
3 3153 3091 3097 
3 3153 3152 3151 
3 3152 3147 3146 
3 3158 3147 3152 
3 3152 3153 3170 
3 3153 3154 3170 
3 3158 3152 3157 
3 3157 3152 3170 
3 3154 3153 3097 
3 3150 3159 3155 
3 3149 3159 3150 
3 3150 3155 3156 
3 3170 3160 3157 
3 3161 3159 3158 
3 3161 3158 3157 
3 3159 3161 3155 
3 3161 3157 3160 
3 3162 3161 3160 
3 3172 3162 3160 
3 3172 3182 3162 
3 3097 3096 3102 
3 3171 3154 3097 
3 3170 3154 3171 
3 3163 3097 3102 
3 3171 3097 3163 
3 3168 3171 3163 
3 3165 3163 3102 
3 3163 3166 3167 
3 3163 3165 3166 
3 3164 3167 3166 
3 3168 3163 3167 
3 3168 3167 3169 
3 3175 3168 3169 
3 3171 3160 3170 
3 3171 3173 3160 
3 3160 3173 3172 
3 3173 3171 3168 
3 3168 3174 3173 
3 3168 3175 3174 
3 3172 3173 3174 
3 3174 3175 4150 
3 3176 3224 3177 
3 3224 3179 3180 
3 3180 3177 3224 
3 3178 3176 3177 
3 3180 4118 3177 
3 3179 3188 3180 
3 3179 3187 3188 
3 3188 4118 3180 
3 3182 3184 3181 
3 3184 3186 3181 
3 3172 3183 3184 
3 3172 3184 3182 
3 3172 3174 3183 
3 3174 4150 3183 
3 4124 3183 4150 
3 3183 3185 3184 
3 3184 3187 3186 
3 3185 3188 3187 
3 3184 3185 3187 
3 3141 3150 3140 
3 3140 3150 3190 
3 3150 3156 3190 
3 3190 3156 3164 
3 3164 3156 3197 
3 3156 3155 3191 
3 3197 3156 3191 
3 3197 3191 3192 
3 3189 3204 3203 
3 3191 3189 3202 
3 3191 3202 3192 
3 3189 3203 3202 
3 3194 3155 3161 
3 3191 3194 3189 
3 3189 3194 3195 
3 3195 3194 3210 
3 3155 3194 3191 
3 3194 3162 3210 
3 3161 3162 3194 
3 3162 3182 3210 
3 3204 3189 3195 
3 3212 3204 3195 
3 3212 3196 3204 
3 3201 3199 3192 
3 3164 3197 3167 
3 3197 3199 3167 
3 3192 3199 3197 
3 3167 3199 3169 
3 3169 3199 3200 
3 3175 3169 3198 
3 3200 3198 3169 
3 3202 3193 3201 
3 3202 3201 3192 
3 3201 4143 4146 
3 3200 3199 3201 
3 3201 4146 3200 
3 3193 3202 3208 
3 3205 3203 3204 
3 3202 3203 3208 
3 3208 3203 3205 
3 3206 3208 3205 
3 3196 3205 3204 
3 3206 3196 3218 
3 3206 3205 3196 
3 3209 3206 5328 
3 5328 3206 3207 
3 3193 3208 3142 
3 3193 3143 4143 
3 3193 4143 3201 
3 3142 3143 3193 
3 3143 4048 4143 
3 3208 3209 3144 
3 3142 3208 3144 
3 3209 3208 3206 
3 3195 3210 3211 
3 3195 3211 3213 
3 3195 3213 3212 
3 3213 3216 3212 
3 3218 3212 3216 
3 3210 3182 3211 
3 3211 3182 3181 
3 3213 3211 3214 
3 3181 3214 3211 
3 3214 3215 3213 
3 3216 3213 3217 
3 3217 3213 3215 
3 3212 3218 3196 
3 3206 3218 3207 
3 3207 3218 3219 
3 3219 3218 3216 
3 5328 3207 5330 
3 3219 3216 3217 
3 3207 3219 5343 
3 5330 3207 5343 
3 3219 3217 3220 
3 3220 3217 3252 
3 3221 5343 3219 
3 3221 3219 3220 
3 3222 5343 3221 
3 3224 3227 3223 
3 3224 3176 3225 
3 3225 3227 3224 
3 3179 3224 3223 
3 3176 3178 3225 
3 3225 3178 3228 
3 3227 3225 3228 
3 3227 3228 3230 
3 3223 3229 3179 
3 3227 3226 3223 
3 3226 3229 3223 
3 3187 3179 3229 
3 3230 3226 3227 
3 3226 3230 3233 
3 3229 3226 3233 
3 3230 3228 4256 
3 3234 3232 3186 
3 3181 3186 3232 
3 3241 3238 3232 
3 3236 3235 3232 
3 3238 3236 3232 
3 3187 3229 3186 
3 3186 3229 3234 
3 3229 3233 3234 
3 3233 3240 3241 
3 3234 3233 3241 
3 3234 3241 3232 
3 3231 3233 3230 
3 3233 3231 3240 
3 3231 3242 3240 
3 3236 3244 3237 
3 3237 3244 4295 
3 3246 3241 3240 
3 3242 4270 3240 
3 3240 4270 3245 
3 3245 3246 3240 
3 3238 3241 3239 
3 3239 3236 3238 
3 3246 3247 3241 
3 3241 3247 3239 
3 3239 3243 3236 
3 3243 3244 3236 
3 4295 3244 4294 
3 4294 3244 3243 
3 3246 3245 3248 
3 3247 3243 3239 
3 3247 3249 3243 
3 3265 3243 3249 
3 3248 3249 3246 
3 3249 3247 3246 
3 3214 3181 3232 
3 3250 3214 3232 
3 3215 3214 3250 
3 3250 3232 3254 
3 3252 3215 3250 
3 3252 3217 3215 
3 3250 3254 3251 
3 3250 3253 3252 
3 3253 3250 3251 
3 3232 3235 3254 
3 3255 3254 3235 
3 3251 3254 3255 
3 3255 3235 3236 
3 3263 3255 3256 
3 3237 3255 3236 
3 3237 3256 3255 
3 3263 3251 3255 
3 3253 3251 3263 
3 3220 3252 3257 
3 3258 3220 3257 
3 3257 3252 3253 
3 3263 3259 3253 
3 3263 3260 3259 
3 3257 3253 3259 
3 3221 3220 3258 
3 3261 3258 3257 
3 3222 3221 3258 
3 3222 3258 3261 
3 3261 3257 3259 
3 3259 3262 3261 
3 5349 3261 3262 
3 3262 5350 5349 
3 4294 3243 3264 
3 3265 3264 3243 
3 3265 3249 3266 
3 3265 3268 3264 
3 3268 3265 3267 
3 3267 3265 3266 
3 3264 3268 4298 
3 3268 3267 5974 
3 4298 3268 4299 
3 5974 4299 3268 
3 25 3269 682 
3 682 3270 26 
3 3412 3271 3275 
3 3418 3282 3271 
3 3282 3418 3272 
3 3275 3276 126 
3 3271 3276 3275 
3 3271 3279 3274 
3 3276 132 122 
3 3274 132 3276 
3 3274 3276 3271 
3 132 3274 3277 
3 3277 3274 3273 
3 126 3276 122 
3 3280 3274 3279 
3 3280 3279 3281 
3 3279 3278 3281 
3 3278 3283 3281 
3 3278 3279 3282 
3 3282 3279 3271 
3 3272 3283 3282 
3 3282 3283 3278 
3 3284 3435 3283 
3 3284 3283 3272 
3 3435 3281 3283 
3 3281 3294 3280 
3 3274 3280 3273 
3 3280 3294 3273 
3 3281 3295 3294 
3 3295 3281 3435 
3 3438 3285 3435 
3 3285 3295 3435 
3 133 3277 3286 
3 3277 3273 3286 
3 3286 3290 3287 
3 3288 3289 128 
3 3287 3289 3288 
3 3288 3286 3287 
3 133 3286 3288 
3 3287 3303 3289 
3 3287 3290 3303 
3 3273 3291 3286 
3 3291 3292 3290 
3 3286 3291 3290 
3 3293 3290 3292 
3 133 132 3277 
3 3294 3291 3273 
3 3295 3291 3294 
3 3295 3299 3291 
3 3295 3296 3299 
3 3295 3285 3296 
3 3297 3296 3285 
3 3302 3296 3297 
3 3299 3292 3291 
3 3299 3298 3292 
3 3292 3298 3293 
3 3301 3298 3299 
3 3302 3300 3301 
3 3296 3301 3299 
3 3302 3301 3296 
3 3289 289 128 
3 3290 3293 3303 
3 3303 3293 3304 
3 3303 3306 3289 
3 3293 3305 3304 
3 3304 3306 3303 
3 3307 3304 3305 
3 3310 3307 3305 
3 3311 3309 3310 
3 289 3289 3306 
3 299 3306 3308 
3 3306 3304 3307 
3 3306 3307 3308 
3 301 299 3308 
3 301 3308 3497 
3 3307 3497 3308 
3 3309 3307 3310 
3 3309 3497 3307 
3 3298 3305 3293 
3 3310 3305 3298 
3 3298 3301 3310 
3 3311 3310 3301 
3 3300 3311 3301 
3 304 3313 3312 
3 3313 3318 3312 
3 3314 3318 3313 
3 304 3315 3313 
3 3313 3315 3314 
3 3317 3312 3318 
3 3316 3317 3319 
3 3317 3322 3319 
3 3317 3318 3322 
3 3320 3316 3319 
3 333 3320 334 
3 3319 334 3320 
3 335 3319 3321 
3 3321 355 335 
3 335 334 3319 
3 3322 3318 3314 
3 3314 3323 3322 
3 3319 3322 3321 
3 3323 356 3321 
3 3323 3321 3322 
3 3315 1450 3324 
3 3314 3324 3323 
3 3315 3324 3314 
3 3324 3325 3323 
3 356 355 3321 
3 3323 3325 356 
3 3325 355 356 
3 3324 3326 3325 
3 3328 443 3330 
3 3330 3327 3328 
3 446 3328 3337 
3 443 3328 446 
3 3338 3337 3328 
3 3327 3336 3328 
3 3336 3338 3328 
3 455 3329 443 
3 443 3329 3330 
3 3330 3329 3331 
3 3327 3330 3331 
3 3329 455 457 
3 3335 3331 3329 
3 3335 3332 3331 
3 3329 457 3333 
3 3335 3329 3333 
3 3334 3335 3333 
3 3334 3333 457 
3 457 458 3334 
3 3334 3559 3335 
3 3335 3559 3332 
3 3331 3336 3327 
3 3339 3338 3336 
3 3336 3331 3332 
3 3332 3561 3336 
3 3559 3561 3332 
3 3561 3346 3336 
3 3340 3337 3338 
3 3340 470 3337 
3 3338 3341 3340 
3 3339 3341 3338 
3 498 3342 3354 
3 3340 3342 470 
3 3341 3347 3340 
3 3340 3343 3342 
3 3343 3340 3347 
3 3343 3354 3342 
3 3343 3344 3354 
3 3343 3347 3344 
3 3345 3339 3346 
3 3341 3339 3345 
3 3346 3339 3336 
3 3345 3346 3350 
3 3575 3350 3346 
3 3345 3347 3341 
3 3349 3347 3345 
3 3344 3347 3348 
3 3347 3349 3348 
3 3357 3348 3349 
3 3350 3349 3345 
3 3351 3357 3349 
3 3350 3351 3349 
3 499 3354 3352 
3 3352 3355 3353 
3 3355 3352 3354 
3 3344 3355 3354 
3 3348 3355 3344 
3 3352 3353 3356 
3 3360 3359 3355 
3 3355 3357 3360 
3 3357 3351 3358 
3 3358 3351 3579 
3 3367 3353 3359 
3 3353 3355 3359 
3 3366 3359 3360 
3 3366 3367 3359 
3 3614 3360 3358 
3 3610 3614 3358 
3 3614 3366 3360 
3 3357 3355 3348 
3 3360 3357 3358 
3 3365 523 3356 
3 523 3361 526 
3 3365 3362 523 
3 523 3362 3361 
3 3365 3368 3362 
3 3368 3364 3362 
3 527 525 3361 
3 525 526 3361 
3 527 3361 3363 
3 3361 3362 3363 
3 527 3363 528 
3 3363 3364 528 
3 3362 3364 3363 
3 3353 3365 3356 
3 3365 3353 3367 
3 3367 3368 3365 
3 3366 3369 3367 
3 3369 3368 3367 
3 3626 3366 3614 
3 3626 3370 3366 
3 3366 3370 3369 
3 3371 3372 3364 
3 3369 3371 3368 
3 3369 3373 3371 
3 3373 3372 3371 
3 3372 528 3364 
3 3372 1979 528 
3 3371 3364 3368 
3 3370 3373 3369 
3 3372 3373 1983 
3 1980 1979 3372 
3 1983 1980 3372 
3 548 3374 549 
3 3377 3374 3375 
3 3377 3376 3374 
3 552 3374 3376 
3 552 551 3374 
3 3377 3375 586 
3 586 587 3377 
3 587 3376 3377 
3 587 552 3376 
3 662 3378 665 
3 665 3378 3269 
3 3378 682 3269 
3 682 687 3270 
3 3398 3379 3397 
3 3380 3379 3398 
3 3381 3379 3382 
3 3379 3381 3397 
3 3379 3380 3386 
3 3379 3386 3382 
3 3381 3382 3383 
3 3381 3383 3390 
3 3383 3382 3385 
3 3384 3382 3386 
3 3382 3384 3385 
3 3386 3380 3402 
3 3386 3402 3384 
3 3395 3387 3388 
3 3387 3409 3388 
3 3397 3389 3387 
3 3387 3389 3409 
3 3408 3409 3389 
3 3389 3390 3392 
3 3390 3389 3397 
3 3390 3391 3392 
3 3390 3383 3391 
3 3389 3392 3408 
3 3405 3394 3391 
3 3391 3393 3392 
3 3391 3394 3393 
3 3394 3415 3416 
3 3397 3395 3396 
3 3398 3397 3396 
3 3398 3396 3380 
3 3380 3396 3400 
3 3380 3400 3403 
3 3397 3387 3395 
3 3396 3395 3399 
3 3399 3395 3388 
3 3388 3410 3399 
3 3396 3399 3400 
3 3399 3401 3400 
3 3397 3381 3390 
3 3380 3403 3402 
3 3383 3385 3405 
3 3404 3405 3385 
3 3405 3391 3383 
3 3403 3404 3384 
3 3385 3384 3404 
3 3404 3407 3405 
3 3403 3407 3404 
3 3403 3406 3407 
3 3403 3384 3402 
3 3400 3406 3403 
3 3401 3406 3400 
3 3406 3401 3415 
3 3407 3406 3394 
3 3407 3394 3405 
3 3394 3406 3415 
3 3392 3414 3408 
3 3412 3408 3414 
3 3409 3408 3411 
3 3388 925 3410 
3 3411 3275 1027 
3 3411 3408 3412 
3 3411 3412 3275 
3 925 3423 3410 
3 3392 3393 3414 
3 3412 3414 3418 
3 3393 3419 3414 
3 3418 3414 3419 
3 3422 3413 3415 
3 3416 3417 3393 
3 3393 3394 3416 
3 3417 3419 3393 
3 3416 3421 3417 
3 3415 3421 3416 
3 3412 3418 3271 
3 3418 3419 3272 
3 3272 3419 3433 
3 3419 3434 3433 
3 3434 3419 3417 
3 3433 3284 3272 
3 3428 3413 3420 
3 3415 3413 3421 
3 3417 3421 3434 
3 3413 3428 3421 
3 3410 3422 3399 
3 3422 3410 3424 
3 3399 3422 3401 
3 3413 3422 3424 
3 3410 3423 3424 
3 3423 3426 3424 
3 3425 3426 3423 
3 3425 3427 3426 
3 3420 3413 3424 
3 3420 3424 3426 
3 3427 3443 3426 
3 3443 3420 3426 
3 3422 3415 3401 
3 3420 3443 3428 
3 1114 5377 5381 
3 3429 1114 3430 
3 5381 5387 3431 
3 3430 1114 5381 
3 3431 3432 3430 
3 3431 3430 5381 
3 5387 5382 3431 
3 3431 3481 3432 
3 3434 3436 3433 
3 3433 3436 3284 
3 3436 3435 3284 
3 3421 3447 3434 
3 3437 3436 3434 
3 3447 3451 3440 
3 3440 3437 3447 
3 3447 3437 3434 
3 3436 3438 3435 
3 3437 3439 3436 
3 3439 3438 3436 
3 3442 3439 3437 
3 3439 3285 3438 
3 3455 3439 3442 
3 3441 3442 3440 
3 3442 3441 3457 
3 3440 3442 3437 
3 3442 3457 3455 
3 3425 1040 3427 
3 1040 3444 3427 
3 3427 3444 3443 
3 3448 3443 3444 
3 3443 3447 3428 
3 3446 3445 3443 
3 3447 3443 3445 
3 3447 3445 3450 
3 3428 3447 3421 
3 3450 3451 3447 
3 3443 3448 3446 
3 3446 3449 3445 
3 3449 3450 3445 
3 3449 3452 3450 
3 3446 3473 3449 
3 3440 3451 3441 
3 3451 3452 3441 
3 3453 3464 3452 
3 3450 3452 3451 
3 3449 3453 3452 
3 3476 3453 3449 
3 3473 3476 3449 
3 3297 3455 3454 
3 3439 3297 3285 
3 3297 3439 3455 
3 3297 3454 3302 
3 3457 3454 3455 
3 3452 3456 3441 
3 3456 3457 3441 
3 3457 3461 3454 
3 3456 3461 3457 
3 3454 3458 3302 
3 3458 3460 3302 
3 3460 3300 3302 
3 3460 3459 3300 
3 3461 3458 3454 
3 3501 3460 3458 
3 3468 3458 3461 
3 3468 3501 3458 
3 3468 3467 3502 
3 3462 3502 3467 
3 3466 3492 3463 
3 3502 3463 3503 
3 3463 3462 3466 
3 3462 3463 3502 
3 3464 3456 3452 
3 3464 3467 3456 
3 3453 3465 3464 
3 3465 3467 3464 
3 3476 3465 3453 
3 3466 3462 3465 
3 3467 3461 3456 
3 3467 3468 3461 
3 3465 3462 3467 
3 1041 3469 1040 
3 1040 3469 3444 
3 3469 3470 3444 
3 3444 3470 3448 
3 1041 1103 3469 
3 3469 1103 3479 
3 3469 3479 3470 
3 3479 3487 3470 
3 3473 3446 3448 
3 3470 3473 3448 
3 3471 3473 3470 
3 3473 3471 3474 
3 3487 3472 3470 
3 3470 3472 3471 
3 3472 3474 3471 
3 3488 3474 3472 
3 3474 3475 3473 
3 3475 3476 3473 
3 3488 3477 3474 
3 3477 3475 3474 
3 3488 3482 3477 
3 3483 3477 3482 
3 3478 3429 3430 
3 3478 3479 1103 
3 3479 3480 3487 
3 3479 3478 3430 
3 3480 3479 3430 
3 3480 3430 3432 
3 3431 5394 3481 
3 5382 5394 3431 
3 3485 3481 5394 
3 3488 3481 3482 
3 3486 3482 3481 
3 3486 3483 3482 
3 1116 3486 3485 
3 3486 1116 3484 
3 3481 3485 3486 
3 3488 3472 3487 
3 3480 3488 3487 
3 3481 3488 3480 
3 3481 3480 3432 
3 3466 3494 3492 
3 1134 1127 3495 
3 1127 3493 3495 
3 3489 3494 3477 
3 3483 3489 3477 
3 3489 3492 3494 
3 3489 3495 3493 
3 3495 3489 3483 
3 3493 3490 3492 
3 1129 3491 3490 
3 3492 3490 3491 
3 3491 3463 3492 
3 3489 3493 3492 
3 3476 3494 3465 
3 3475 3494 3476 
3 3494 3466 3465 
3 3477 3494 3475 
3 3484 1134 3495 
3 3486 3495 3483 
3 3484 3495 3486 
3 3499 3309 3459 
3 3500 3499 3501 
3 301 3497 3508 
3 3496 3497 3309 
3 3499 3496 3309 
3 3496 3498 3497 
3 3508 3497 3498 
3 3498 3504 3510 
3 3496 3500 3504 
3 3500 3496 3499 
3 3504 3498 3496 
3 3459 3311 3300 
3 3499 3459 3460 
3 3309 3311 3459 
3 3501 3499 3460 
3 3501 3468 3502 
3 3502 3500 3501 
3 3502 3503 3500 
3 3463 3518 3503 
3 3504 3505 3511 
3 3503 3507 3500 
3 3507 3504 3500 
3 3507 3505 3504 
3 3506 3507 3503 
3 3518 3506 3503 
3 3506 3505 3507 
3 3509 301 3508 
3 3508 3510 3509 
3 3508 3498 3510 
3 3509 3510 1368 
3 3510 3511 1368 
3 3511 3510 3504 
3 1374 1368 3511 
3 1374 3511 1376 
3 1376 3511 3505 
3 3506 1376 3505 
3 3506 3512 1376 
3 3534 3512 3506 
3 1377 1376 3512 
3 1380 1377 3512 
3 3513 3512 3534 
3 1380 3512 3513 
3 1129 3514 3491 
3 3463 3491 3514 
3 3518 3463 3514 
3 3514 3517 3518 
3 3514 3515 3517 
3 3517 3515 3516 
3 3518 3519 3506 
3 3518 3517 3519 
3 3520 3517 3516 
3 3516 1391 3520 
3 1391 3521 3520 
3 1392 3521 1391 
3 3520 3521 3522 
3 1392 3523 3521 
3 3532 3522 3521 
3 3523 3524 3521 
3 3521 3524 3532 
3 3517 3520 3519 
3 3522 3519 3520 
3 3523 1392 1414 
3 3525 1413 3527 
3 3525 3523 3526 
3 3523 3525 3524 
3 3524 3525 3527 
3 3528 3524 3527 
3 3527 3530 3528 
3 1412 1409 3529 
3 1412 3529 1413 
3 3529 3527 1413 
3 1410 5398 1409 
3 5398 3529 1409 
3 5400 3529 5398 
3 3530 3527 3529 
3 5400 3530 3529 
3 3530 5400 3528 
3 3522 3506 3519 
3 3522 3531 3506 
3 3531 3534 3506 
3 3535 3534 3531 
3 3532 3531 3522 
3 3532 3533 3531 
3 3538 3533 3532 
3 3535 3513 3534 
3 1380 3513 3537 
3 3535 3537 3513 
3 3536 3537 3535 
3 3531 3536 3535 
3 3533 3536 3531 
3 3537 3536 3546 
3 3533 3552 3536 
3 3548 3536 3552 
3 3544 3552 3533 
3 3526 3523 1414 
3 3532 3524 3528 
3 3532 3528 3540 
3 3540 3538 3532 
3 3528 3543 3540 
3 3540 3539 3538 
3 3543 3539 3540 
3 3543 5400 3541 
3 3541 3542 3539 
3 5403 3542 3541 
3 5400 3543 3528 
3 3541 3539 3543 
3 3538 3544 3533 
3 3539 3544 3538 
3 3539 3545 3544 
3 5406 3544 3545 
3 3542 5406 3545 
3 3539 3542 3545 
3 5404 5406 3542 
3 1454 3326 3324 
3 1380 3537 1462 
3 3546 3547 3537 
3 3536 3548 3546 
3 3549 3547 3546 
3 3548 3549 3546 
3 1522 3547 3550 
3 3549 3550 3547 
3 3551 3550 3549 
3 3555 3552 3544 
3 3552 3554 3549 
3 3552 3549 3548 
3 3555 3554 3552 
3 5406 3555 3544 
3 5406 3553 3555 
3 3554 3551 3549 
3 3554 1523 3551 
3 3553 1523 3555 
3 3555 1523 3554 
3 3550 3556 3557 
3 3551 3556 3550 
3 1529 3557 1530 
3 1530 3558 1831 
3 3593 3558 1530 
3 3556 1530 3557 
3 1532 1530 3556 
3 1832 3593 1530 
3 1532 1832 1530 
3 1532 3556 3551 
3 1523 1532 3551 
3 1765 3560 458 
3 458 3560 3334 
3 1765 3562 3560 
3 3562 3563 3559 
3 3562 3559 3560 
3 3334 3560 3559 
3 3562 1765 1770 
3 3563 3561 3559 
3 3565 3561 3563 
3 3562 1770 3564 
3 3562 3564 3563 
3 3564 3565 3563 
3 1770 1787 3564 
3 3564 1787 3568 
3 3565 3564 3568 
3 3566 3567 1787 
3 1787 3567 3568 
3 3567 3572 3568 
3 3569 1789 3591 
3 3569 3591 3570 
3 1789 3569 3566 
3 3566 3569 3567 
3 3569 3571 3567 
3 3567 3571 3572 
3 3571 3573 3572 
3 3569 3570 3571 
3 3571 3570 3573 
3 3346 3561 3574 
3 3576 3574 3561 
3 3346 3574 3575 
3 3575 3574 3580 
3 3565 3576 3561 
3 3576 3577 3574 
3 3580 3574 3577 
3 3576 3565 3577 
3 3577 3565 3584 
3 3580 3578 3575 
3 3350 3575 3578 
3 3578 3351 3350 
3 3578 3579 3351 
3 3580 3583 3578 
3 3581 3580 3577 
3 3583 3581 3582 
3 3581 3577 3584 
3 3580 3581 3583 
3 3568 3584 3565 
3 3572 3584 3568 
3 3572 3585 3584 
3 3585 3588 3584 
3 3572 3573 3598 
3 3585 3572 3598 
3 3588 3585 3589 
3 3586 3585 3598 
3 3586 3589 3585 
3 3587 3582 3581 
3 3589 3622 3587 
3 3588 3581 3584 
3 3588 3587 3581 
3 3589 3587 3588 
3 3586 3590 3589 
3 3590 3622 3589 
3 3602 3637 3590 
3 3637 3622 3590 
3 3593 3592 3558 
3 1831 3558 3591 
3 3591 3558 3592 
3 3570 3591 3592 
3 3593 3594 3592 
3 3593 1832 1833 
3 1833 3594 3593 
3 3592 3594 3570 
3 3594 3595 3570 
3 3570 3595 3573 
3 3594 1835 3595 
3 3597 3595 1835 
3 3595 3597 3596 
3 3601 3586 3599 
3 3595 3599 3573 
3 3599 3598 3573 
3 3595 3596 3599 
3 3599 3586 3598 
3 1835 3600 3597 
3 3597 3600 3596 
3 3596 3601 3599 
3 3596 3604 3601 
3 3600 3604 3596 
3 3607 3604 3600 
3 3586 3602 3590 
3 3601 3602 3586 
3 3601 3605 3602 
3 3604 3603 3601 
3 3603 3605 3601 
3 1839 3600 1835 
3 3606 3600 1839 
3 3606 3607 3600 
3 3607 3603 3604 
3 3606 3608 3607 
3 3583 3611 3578 
3 3611 3579 3578 
3 3579 3610 3358 
3 3579 3609 3610 
3 3579 3611 3609 
3 3609 3611 3613 
3 3611 3583 3612 
3 3582 3612 3583 
3 3612 3613 3611 
3 3618 3613 3612 
3 3613 3616 3609 
3 3609 3616 3610 
3 3615 3614 3610 
3 3618 3617 3613 
3 3613 3617 3616 
3 3616 3615 3610 
3 3587 3621 3582 
3 3621 3612 3582 
3 3621 3619 3612 
3 3622 3621 3587 
3 3619 3618 3612 
3 3619 3620 3618 
3 3622 3640 3621 
3 3640 3619 3621 
3 3618 3624 3617 
3 3618 3620 3624 
3 3623 3624 3620 
3 3634 3617 3624 
3 3623 3634 3624 
3 3640 3620 3619 
3 3640 3623 3620 
3 3640 3633 3623 
3 3640 3642 3633 
3 3615 3625 3614 
3 3625 3626 3614 
3 3625 3629 3626 
3 3616 3627 3615 
3 3627 3625 3615 
3 3617 3627 3616 
3 3617 3628 3627 
3 3627 3629 3625 
3 3370 3629 3373 
3 3626 3629 3370 
3 3629 3717 3373 
3 3635 3717 3629 
3 3630 3635 3629 
3 3630 3629 3627 
3 3628 3630 3627 
3 3623 3631 3634 
3 3631 3632 3636 
3 3631 3636 3634 
3 3617 3634 3628 
3 3634 3630 3628 
3 3633 3631 3623 
3 3633 3632 3631 
3 3632 1882 3636 
3 3634 3636 3635 
3 3636 1880 3635 
3 3634 3635 3630 
3 3652 1882 3632 
3 3633 3652 3632 
3 3638 3637 3602 
3 3605 3638 3602 
3 3622 3637 3640 
3 3637 3638 3641 
3 3603 3639 3638 
3 3603 3638 3605 
3 3637 3641 3640 
3 3641 3642 3640 
3 3641 3638 3643 
3 3639 3643 3638 
3 3643 3658 3641 
3 3656 3649 3643 
3 3656 3643 3639 
3 3649 3658 3643 
3 3642 3641 3644 
3 3644 3641 3658 
3 3645 3603 3607 
3 3646 3645 3608 
3 3608 3645 3607 
3 3645 3639 3603 
3 3646 3647 3645 
3 1894 1895 3646 
3 3639 3645 3647 
3 3646 1895 3647 
3 3642 3648 3633 
3 3644 3648 3642 
3 3644 3650 3648 
3 3658 3650 3644 
3 3648 3651 3633 
3 3651 3652 3633 
3 3648 3650 3651 
3 3654 3651 3650 
3 3658 3655 3650 
3 3650 3655 3654 
3 3655 3653 3654 
3 3657 3649 3656 
3 3657 3658 3649 
3 3655 3658 3657 
3 3657 3659 3655 
3 3655 3659 3653 
3 1898 3657 3656 
3 3657 1898 3659 
3 3659 3759 3653 
3 1898 1900 3659 
3 1900 3759 3659 
3 3660 2012 3661 
3 3662 3661 3736 
3 3662 3736 3663 
3 3661 3662 3660 
3 3660 3662 3675 
3 3675 3662 3664 
3 3665 3664 3663 
3 3664 3662 3663 
3 3676 3664 3665 
3 3671 1992 3667 
3 3667 3666 3668 
3 3668 3672 3667 
3 3672 3671 3667 
3 1994 3666 3667 
3 3666 1994 3669 
3 3668 3666 3669 
3 3670 3672 3668 
3 3670 3668 3669 
3 1992 3671 1997 
3 1997 3671 2000 
3 3671 3672 2000 
3 3679 2000 3672 
3 2000 3679 3682 
3 3672 3670 3677 
3 3677 3679 3672 
3 2012 3669 1994 
3 3660 3669 2012 
3 3669 3660 3675 
3 3669 3675 3673 
3 3673 3670 3669 
3 3674 3673 3675 
3 3674 3678 3673 
3 3664 3676 3675 
3 3676 3674 3675 
3 3673 3677 3670 
3 3678 3677 3673 
3 3680 3679 3678 
3 3678 3679 3677 
3 3681 2025 3680 
3 3681 3678 3674 
3 3676 3681 3674 
3 3681 3680 3678 
3 3682 3680 3683 
3 3679 3680 3682 
3 3688 2028 3687 
3 3688 3685 2028 
3 3688 3686 3685 
3 3687 3689 3688 
3 3686 3688 3689 
3 3693 3686 3689 
3 2029 3687 2028 
3 2552 3684 2029 
3 3687 2029 3684 
3 3693 3778 3696 
3 3690 3687 3684 
3 3687 3691 3689 
3 3687 3690 3691 
3 3691 3690 3692 
3 3689 3691 3693 
3 3691 3692 3693 
3 3692 3778 3693 
3 3694 3695 3686 
3 3808 3695 3694 
3 3811 3695 3808 
3 3693 3694 3686 
3 3696 3694 3693 
3 3694 3696 3808 
3 3695 3811 2702 
3 3699 2204 3697 
3 3703 3699 3697 
3 3698 2206 3699 
3 3703 3697 3702 
3 3699 3703 3698 
3 2205 3697 2204 
3 3697 2205 2207 
3 3697 2207 3702 
3 3698 3701 3700 
3 3698 3703 3701 
3 3700 3701 3704 
3 3701 3708 3704 
3 3705 3703 3702 
3 3703 3705 3701 
3 3705 3708 3701 
3 2207 3706 3702 
3 2207 2215 3706 
3 2233 2215 2217 
3 3707 2215 2233 
3 3706 2215 3707 
3 3702 3706 3705 
3 3705 3706 3707 
3 3704 2227 3700 
3 2229 3704 2242 
3 3704 3708 3709 
3 3710 3708 3705 
3 3710 3709 3708 
3 2233 3711 3707 
3 3714 3707 3711 
3 3710 3705 3707 
3 3707 3714 3710 
3 2230 2236 3711 
3 3711 2236 3712 
3 3711 3712 3714 
3 3704 3709 2242 
3 3715 2242 3709 
3 3710 3713 3709 
3 3715 3709 3713 
3 2245 2242 3715 
3 3715 3716 2245 
3 3715 3713 3716 
3 2251 3716 3713 
3 3710 3714 3713 
3 3714 2251 3713 
3 2245 3716 2246 
3 2251 3714 3712 
3 2251 2254 2246 
3 2246 3716 2251 
3 3717 1983 3373 
3 3720 1983 3717 
3 3719 3718 1983 
3 3720 3719 1983 
3 3635 3720 3717 
3 3721 3720 3635 
3 3722 3720 3721 
3 3721 3726 3722 
3 3721 3723 3726 
3 3724 3719 3720 
3 3722 3724 3720 
3 3725 3722 3726 
3 3725 3724 3722 
3 3724 3725 3734 
3 3723 3729 3726 
3 3729 3725 3726 
3 3729 3734 3725 
3 2452 3721 1880 
3 1880 3721 3635 
3 3721 2452 3723 
3 2452 3730 3723 
3 2452 3727 3730 
3 2453 3728 3727 
3 3727 3728 3730 
3 3730 3731 3723 
3 3731 3729 3723 
3 3730 3728 3731 
3 3728 3742 3731 
3 3731 3742 3743 
3 3742 3728 2456 
3 2456 3732 3742 
3 2505 3733 3732 
3 3733 3742 3732 
3 2472 3724 3734 
3 3734 3735 2472 
3 3736 2470 2469 
3 3739 3737 2469 
3 2469 3737 3736 
3 3736 3661 2470 
3 3737 3663 3736 
3 3737 3738 3663 
3 3746 3665 3738 
3 3739 3740 3737 
3 2472 3740 3739 
3 3740 3738 3737 
3 3740 3746 3738 
3 3746 3768 3665 
3 3747 3746 3740 
3 3663 3738 3665 
3 3741 3735 3734 
3 3735 3743 3744 
3 3741 3743 3735 
3 3741 3734 3729 
3 3729 3731 3741 
3 3743 3741 3731 
3 3742 3744 3743 
3 3733 3744 3742 
3 3733 3745 3744 
3 2472 3735 3740 
3 3747 3740 3735 
3 3746 3747 3772 
3 3749 3735 3744 
3 3744 3745 3748 
3 3744 3748 3749 
3 3749 3747 3735 
3 3749 3772 3747 
3 3748 3783 3749 
3 3751 2449 3750 
3 3652 3751 3750 
3 3652 3651 3751 
3 2449 3751 2505 
3 2505 3751 3752 
3 3654 3751 3651 
3 3653 3758 3654 
3 3755 3752 3751 
3 3751 3753 3755 
3 3654 3753 3751 
3 3753 3654 3758 
3 2505 3754 3733 
3 3752 3754 2505 
3 3756 3754 3752 
3 3752 3755 3756 
3 3757 3756 3755 
3 3758 3759 2508 
3 3753 3758 2508 
3 3653 3759 3758 
3 2509 2508 3759 
3 2508 3757 3753 
3 3757 3755 3753 
3 3756 3762 3754 
3 3754 3760 3745 
3 3733 3754 3745 
3 3762 3760 3754 
3 3756 3761 3762 
3 3757 3761 3756 
3 3757 2511 3761 
3 3763 3762 3761 
3 2511 3763 3761 
3 3763 3766 3762 
3 3760 3748 3745 
3 3762 3764 3760 
3 3784 3748 3760 
3 3764 3784 3760 
3 3784 3764 3786 
3 3766 3764 3762 
3 3763 3765 3766 
3 3764 3766 3786 
3 3786 3766 3791 
3 3763 2514 3765 
3 3766 3765 3791 
3 3793 3765 2514 
3 3665 3768 3676 
3 3769 3771 3676 
3 3768 3769 3676 
3 3771 3769 3770 
3 3770 3769 3773 
3 3746 3773 3768 
3 3773 3769 3768 
3 3771 2025 3681 
3 3771 3681 3676 
3 3770 2534 3771 
3 3772 3773 3746 
3 3772 2543 3773 
3 2543 3770 3773 
3 3774 2543 3772 
3 3774 3772 3749 
3 3783 3774 3749 
3 3785 2543 3774 
3 2700 3776 2552 
3 2552 3775 3684 
3 3775 2552 3776 
3 3776 3780 3775 
3 3775 3777 3684 
3 3684 3777 3690 
3 3692 3690 3777 
3 3777 3779 3692 
3 3781 3777 3775 
3 3779 3778 3692 
3 3778 3779 3814 
3 3777 3781 3779 
3 3781 3782 3779 
3 3782 3813 3779 
3 3813 3814 3779 
3 3775 3780 3781 
3 3815 3781 3780 
3 3781 3815 3782 
3 3782 3815 3813 
3 3784 3783 3748 
3 3783 3785 3774 
3 3785 3784 3788 
3 3783 3784 3785 
3 3787 3788 3784 
3 3787 3784 3786 
3 3791 3787 3786 
3 3795 3787 3791 
3 3790 3788 3787 
3 3795 3789 3787 
3 3790 3787 3789 
3 3793 3791 3765 
3 3793 3792 3791 
3 3792 3795 3791 
3 3767 3793 2514 
3 3794 3792 3793 
3 5091 3794 3767 
3 3793 3767 3794 
3 3794 3796 3792 
3 3796 3795 3792 
3 3795 3798 3789 
3 2595 3795 3796 
3 3794 2583 3796 
3 5091 2583 3794 
3 2583 2584 3796 
3 2584 2595 3796 
3 2591 3788 3797 
3 3790 3802 3788 
3 3789 3798 3790 
3 3802 3790 3798 
3 3802 3797 3788 
3 3799 3802 3798 
3 3797 3802 3801 
3 3802 3804 3801 
3 3802 3799 3803 
3 3804 3802 3803 
3 3795 3799 3798 
3 3795 2595 3799 
3 3799 2595 3805 
3 3805 3803 3799 
3 3806 3803 3805 
3 2595 2597 3805 
3 3806 3805 3807 
3 3805 2597 3807 
3 2597 2598 3807 
3 3810 3778 3814 
3 3810 3696 3778 
3 3808 3696 3810 
3 2700 3809 3776 
3 3776 3809 3780 
3 2702 3811 2703 
3 3826 2703 3811 
3 3811 3808 3810 
3 3826 3811 3810 
3 3827 3810 3812 
3 3826 3810 3827 
3 3814 3813 3812 
3 3810 3814 3812 
3 3815 3812 3813 
3 3816 3822 3809 
3 3780 3809 3822 
3 3822 3819 3780 
3 3816 2712 3822 
3 2712 3818 3822 
3 3817 3827 3812 
3 3780 3820 3815 
3 3780 3819 3820 
3 3820 3821 3815 
3 3821 3812 3815 
3 3819 3821 3820 
3 3821 3824 3812 
3 3825 3824 3821 
3 3819 3823 3821 
3 3823 3825 3821 
3 3822 3818 3845 
3 3845 3844 3822 
3 3822 3844 3819 
3 3823 3819 3844 
3 3824 3817 3812 
3 3830 3817 3824 
3 3830 3824 3825 
3 2703 3826 2714 
3 3827 2714 3826 
3 2715 2714 3828 
3 2714 3827 3828 
3 2715 3828 2724 
3 3828 3827 3831 
3 3817 3831 3827 
3 3833 3831 3817 
3 3817 3830 3833 
3 3828 3831 3832 
3 3828 3832 3829 
3 3833 3832 3831 
3 3833 3834 3832 
3 3835 3834 3833 
3 3828 2824 2724 
3 3828 3829 2824 
3 2824 3829 3872 
3 3834 3829 3832 
3 3829 3834 3872 
3 3834 3837 3872 
3 3835 3837 3834 
3 3836 3837 3835 
3 3836 3874 3837 
3 3833 3830 3838 
3 3833 3838 3835 
3 3800 3839 2766 
3 3840 2766 3839 
3 3839 3800 3804 
3 3804 3803 3841 
3 3803 3842 3841 
3 3841 3839 3804 
3 3839 3843 3840 
3 3840 3843 3845 
3 3843 3839 3841 
3 3841 3857 3843 
3 2767 3818 2712 
3 2767 3840 3818 
3 3840 2767 2766 
3 3845 3818 3840 
3 3845 3846 3844 
3 3844 3847 3823 
3 3846 3847 3844 
3 3847 3825 3823 
3 3849 3847 3846 
3 3830 3825 3860 
3 3860 3825 3847 
3 3848 3846 3843 
3 3843 3846 3845 
3 3843 3857 3848 
3 3848 3849 3846 
3 3806 3842 3803 
3 3806 3850 3842 
3 3852 3841 3842 
3 3842 3850 3852 
3 3857 3841 3852 
3 3850 3854 3852 
3 3806 3807 3850 
3 3851 3850 3807 
3 3850 3851 3854 
3 3854 3866 3852 
3 3856 3866 3854 
3 3853 3866 3856 
3 3851 3855 3854 
3 3856 3854 3855 
3 3851 5411 3855 
3 5411 3868 3855 
3 3855 3868 3856 
3 3857 3852 3866 
3 3857 3866 3848 
3 3861 3864 3836 
3 3836 3875 3874 
3 3867 3864 3862 
3 3858 3864 3867 
3 3859 3875 3836 
3 3864 3859 3836 
3 3864 3858 3859 
3 3860 3838 3830 
3 3860 3861 3838 
3 3861 3835 3838 
3 3863 3862 3860 
3 3862 3861 3860 
3 3849 3860 3847 
3 3863 3860 3849 
3 3848 3863 3849 
3 3866 3863 3848 
3 3866 3862 3863 
3 3866 3867 3862 
3 3861 3836 3835 
3 3864 3861 3862 
3 3853 3869 3865 
3 3866 3853 3867 
3 3853 3865 3867 
3 3856 3868 3853 
3 3868 3869 3853 
3 3869 3871 2773 
3 3865 2773 3858 
3 3869 2773 3865 
3 2773 2874 3858 
3 3865 3858 3867 
3 3868 3870 3869 
3 3870 3871 3869 
3 5196 3870 3868 
3 3873 3872 3837 
3 3872 3873 2871 
3 3874 3873 3837 
3 3874 3875 2872 
3 2871 3873 3874 
3 3874 2872 2871 
3 3858 2874 3859 
3 2874 3875 3859 
3 2887 3876 3877 
3 3877 3876 5418 
3 3880 3877 5430 
3 5418 5430 3877 
3 2900 3878 3916 
3 3916 3878 3925 
3 3878 2900 3879 
3 3881 3878 3879 
3 3880 5430 3917 
3 3917 5430 3920 
3 3878 3881 3925 
3 3887 3883 3882 
3 3883 3884 3882 
3 3882 3885 3886 
3 3886 3885 3896 
3 3886 3888 3887 
3 3887 3882 3886 
3 3886 3900 3888 
3 3900 3902 3888 
3 3882 3934 3885 
3 3883 3891 3884 
3 3887 3890 3883 
3 3888 3890 3887 
3 3891 3883 3889 
3 3889 3883 3890 
3 3888 3892 3890 
3 3892 3888 3902 
3 3910 3892 3902 
3 3890 3892 3889 
3 3938 3884 3891 
3 3889 3894 3891 
3 3894 3889 3893 
3 3893 3889 3892 
3 3892 3912 3893 
3 3939 3938 3891 
3 3939 3891 3894 
3 3940 3939 3894 
3 3885 3934 3896 
3 3934 3882 3897 
3 3895 3934 3897 
3 3897 3882 3884 
3 3895 3897 3898 
3 3938 3897 3884 
3 3897 3938 3898 
3 3894 3893 3940 
3 3019 3904 3899 
3 3019 3916 3908 
3 3908 3914 3019 
3 3886 3896 3900 
3 3896 3933 3901 
3 3900 3896 3901 
3 3902 3900 3901 
3 3903 3902 3901 
3 3902 3903 3910 
3 3899 3904 3905 
3 3905 3906 3907 
3 3905 3904 3906 
3 3914 3904 3019 
3 3906 3903 3901 
3 3904 3903 3906 
3 3904 3914 3903 
3 3908 3909 3914 
3 3926 3909 3908 
3 3903 3911 3910 
3 3910 3912 3892 
3 3911 3912 3910 
3 3911 3913 3912 
3 3914 3909 3911 
3 3911 3903 3914 
3 3909 3913 3911 
3 3916 3019 3915 
3 2900 3916 3915 
3 2900 3917 3879 
3 3916 3925 3908 
3 3879 3928 3881 
3 3919 3918 3917 
3 3917 3918 3879 
3 3920 3919 3917 
3 3020 3922 3918 
3 3919 3020 3918 
3 3879 3918 3921 
3 3879 3921 3928 
3 3918 3922 3921 
3 3921 3922 3930 
3 3924 3923 3020 
3 3923 3922 3020 
3 3919 3924 3020 
3 5443 3924 3919 
3 3922 3923 3950 
3 3922 3950 3930 
3 3928 3927 3881 
3 3925 3926 3908 
3 3927 3926 3881 
3 3926 3925 3881 
3 3928 3955 3927 
3 3929 3955 3928 
3 3929 3928 3921 
3 3929 3956 3955 
3 3932 3930 3931 
3 3921 3930 3929 
3 3929 3930 3932 
3 3929 3932 3956 
3 3932 3931 5461 
3 3933 3896 3934 
3 3934 3895 3936 
3 3934 3935 3933 
3 3030 3933 3935 
3 3935 3934 3936 
3 3936 3895 3898 
3 3945 3936 3898 
3 3906 3901 3030 
3 3030 3901 3933 
3 3907 3906 3030 
3 3030 3935 3031 
3 3936 3945 3946 
3 3935 3946 3937 
3 3935 3936 3946 
3 3946 4016 3937 
3 3946 4022 4016 
3 3898 3938 3945 
3 3940 3942 3939 
3 3938 3939 3941 
3 3939 3942 3941 
3 3945 3938 3941 
3 3945 3941 3943 
3 3941 3944 3943 
3 3942 3944 3941 
3 3946 3945 3947 
3 3945 3943 3947 
3 3943 3948 3947 
3 4022 3946 3947 
3 3943 3949 3948 
3 3923 3924 3032 
3 5455 3032 3924 
3 3032 3035 3923 
3 3950 3923 3035 
3 3034 3937 3131 
3 5296 5497 3035 
3 5497 3950 3035 
3 3930 3950 3931 
3 3931 3950 5497 
3 3951 3940 3893 
3 3912 3951 3893 
3 3912 3952 3951 
3 3913 3953 3912 
3 3912 3953 3952 
3 3952 3942 3951 
3 3942 3940 3951 
3 3953 3962 3952 
3 3962 3942 3952 
3 3913 3909 3957 
3 3957 3953 3913 
3 3953 3964 3962 
3 3926 3954 3957 
3 3927 3954 3926 
3 3957 3909 3926 
3 3954 3927 3955 
3 3955 3956 3960 
3 3955 3960 3954 
3 3958 3953 3957 
3 3954 3958 3957 
3 3959 3958 3954 
3 3964 3953 3958 
3 3961 3958 3959 
3 3956 5461 3960 
3 3956 3932 5461 
3 5461 3971 3960 
3 3959 3954 3960 
3 3944 3942 3962 
3 3944 3962 3963 
3 3943 3944 3949 
3 3944 3963 3949 
3 3963 3962 3964 
3 3967 3963 3964 
3 3964 3965 3967 
3 3967 3966 3949 
3 3963 3967 3949 
3 3965 3969 3967 
3 3966 3967 3968 
3 3964 3973 3965 
3 3967 3969 3968 
3 3970 3968 3969 
3 3970 4073 3968 
3 3971 5461 5462 
3 3961 3959 3976 
3 3976 3959 3972 
3 3971 3959 3960 
3 3971 3972 3959 
3 5471 3977 3972 
3 5472 3977 5471 
3 3958 3973 3964 
3 3961 3973 3958 
3 3974 3973 3961 
3 3965 3973 3975 
3 3973 3974 3975 
3 3961 3976 3974 
3 3974 3976 3975 
3 3972 3977 3976 
3 3977 3975 3976 
3 3975 3969 3965 
3 3975 3978 3969 
3 3969 3978 3970 
3 4089 3970 3978 
3 3980 4089 3978 
3 3975 3980 3978 
3 3975 3977 3980 
3 3977 3979 3980 
3 3980 4092 4089 
3 3983 3984 3985 
3 3984 3981 3985 
3 3991 3985 3981 
3 3989 3983 3985 
3 3989 3985 3986 
3 3985 3991 3986 
3 3984 3983 4000 
3 3984 4000 3999 
3 3983 3990 4000 
3 3988 3990 3983 
3 3990 4001 4000 
3 3981 3984 3987 
3 3984 3999 3987 
3 3981 3987 3991 
3 3987 3992 3991 
3 3989 3988 3983 
3 4026 3988 3989 
3 3982 3989 3986 
3 3988 4026 3990 
3 4007 3991 3992 
3 3991 3993 3986 
3 3994 3986 3993 
3 3986 3994 3982 
3 3994 3993 3995 
3 3993 3991 4007 
3 3993 4007 3995 
3 3995 4007 3996 
3 3997 4036 3996 
3 3996 4011 3997 
3 4011 3998 3997 
3 4001 3999 4000 
3 4002 3999 4001 
3 3987 3999 4002 
3 3987 4002 4006 
3 3992 3987 4006 
3 3992 4006 4003 
3 4008 4002 4004 
3 4004 4002 4001 
3 4006 4002 4008 
3 3990 4064 4001 
3 4001 4064 4005 
3 4004 4001 4005 
3 4065 4005 4064 
3 4007 3992 4003 
3 4003 4006 4010 
3 4003 4010 4007 
3 4007 4010 3996 
3 4010 4006 4067 
3 4004 4005 4009 
3 4009 4008 4004 
3 4009 4005 4068 
3 4068 4005 4066 
3 4068 4069 4009 
3 4067 4006 4008 
3 4067 4008 4009 
3 4009 4069 4067 
3 3996 4010 4011 
3 4010 4012 4013 
3 4010 4013 4011 
3 4011 4013 3998 
3 3997 3998 4161 
3 4161 3998 4202 
3 4013 4014 3998 
3 4202 3998 4014 
3 3131 3937 4015 
3 4025 4016 4022 
3 4015 3937 4016 
3 4024 3982 4017 
3 4025 4024 4017 
3 4016 4025 4017 
3 3982 4018 4017 
3 4018 4021 4017 
3 4036 4021 4018 
3 4021 4020 4019 
3 4016 4017 4019 
3 4015 4016 4019 
3 4019 4017 4021 
3 3947 3948 4022 
3 3948 4023 4022 
3 4026 3989 3982 
3 4024 4026 3982 
3 4026 4024 4023 
3 4022 4023 4024 
3 4022 4024 4025 
3 3990 4026 4064 
3 4023 3948 3949 
3 4023 4064 4026 
3 3966 4023 3949 
3 4065 4023 3966 
3 4065 4064 4023 
3 3982 3994 4018 
3 3994 3995 4018 
3 3995 3996 4036 
3 3995 4036 4018 
3 4015 4027 3131 
3 3131 4027 4028 
3 4015 4019 4027 
3 4027 4029 4028 
3 4032 4029 4027 
3 4052 4027 4020 
3 4020 4027 4019 
3 4032 4027 4052 
3 4030 4028 4029 
3 4029 4032 4031 
3 4030 4029 4031 
3 5309 4030 4031 
3 4033 4032 4055 
3 4031 4032 4033 
3 4052 4055 4032 
3 4054 4034 4059 
3 4059 4034 5546 
3 4036 4035 4021 
3 4051 4020 4038 
3 4035 4038 4020 
3 4035 4020 4021 
3 4036 3997 4037 
3 4036 4037 4035 
3 4035 4037 4041 
3 4035 4041 4040 
3 4035 4040 4038 
3 4038 4039 4051 
3 4039 4038 4040 
3 4039 4040 4043 
3 4039 4043 4095 
3 4145 4041 4042 
3 4041 4037 4042 
3 4042 4037 3997 
3 4041 4145 4147 
3 4147 4164 4041 
3 4040 4100 4043 
3 4040 4041 4100 
3 4041 4164 4100 
3 4044 4100 4164 
3 4052 4020 4051 
3 4045 5309 4031 
3 4046 4045 4031 
3 4046 4031 4033 
3 4056 4046 4033 
3 4047 4046 4056 
3 4046 4047 4045 
3 4050 5521 4047 
3 3143 4050 4048 
3 4050 3143 3144 
3 4050 4047 4049 
3 4048 4049 4061 
3 4049 4048 4050 
3 4051 4053 4052 
3 4051 4039 4053 
3 4052 4053 4055 
3 4039 4095 4053 
3 4055 4053 4054 
3 4054 4053 4111 
3 4056 4033 4055 
3 4056 4057 4047 
3 4056 4055 4059 
3 4055 4054 4059 
3 4059 4058 4056 
3 5525 4058 4059 
3 4056 4058 4057 
3 4172 4061 4060 
3 4061 4049 4057 
3 4047 4057 4049 
3 4057 4058 4061 
3 4061 4058 4062 
3 4058 4112 4062 
3 5525 4112 4058 
3 4061 4062 4060 
3 4112 4063 4062 
3 4065 4066 4005 
3 3966 3968 4065 
3 4065 3968 4066 
3 4010 4067 4012 
3 4066 4073 4068 
3 3968 4073 4066 
3 4073 4070 4068 
3 4070 4071 4069 
3 4068 4070 4069 
3 4073 4074 4070 
3 4071 4070 4074 
3 4074 4072 4071 
3 4075 4072 4074 
3 4076 4074 4073 
3 4073 3970 4076 
3 4076 4075 4074 
3 4081 4072 4075 
3 4076 4091 4075 
3 4075 4082 4081 
3 4091 4082 4075 
3 4069 4077 4067 
3 4069 4079 4077 
3 4067 4077 4012 
3 4079 4078 4077 
3 4069 4071 4079 
3 4071 4113 4079 
3 4072 4113 4071 
3 4079 4080 4078 
3 4080 4079 4113 
3 4081 4114 4072 
3 4082 4083 4081 
3 4083 4114 4081 
3 4083 4082 4094 
3 4083 4094 4105 
3 4104 4088 4085 
3 4085 4034 4054 
3 4085 4086 4034 
3 4086 4085 4087 
3 4084 4086 4087 
3 4088 4087 4085 
3 4090 4092 4088 
3 4090 4091 4076 
3 4089 4076 3970 
3 4089 4090 4076 
3 4092 4090 4089 
3 3979 4092 3980 
3 4092 4084 4088 
3 4092 3979 4084 
3 4093 4084 3979 
3 4091 4090 4094 
3 4088 4094 4090 
3 4091 4094 4082 
3 4084 4087 4088 
3 4097 4013 4012 
3 4095 4043 4096 
3 4043 4101 4096 
3 4097 4098 4013 
3 4098 4014 4013 
3 4099 4043 4100 
3 4099 4100 4044 
3 4101 4043 4099 
3 4107 4099 4044 
3 4099 4107 4101 
3 4012 4077 4097 
3 4077 4102 4097 
3 4078 4102 4077 
3 4102 4078 4080 
3 4102 4080 4103 
3 4103 4080 4115 
3 4096 4105 4104 
3 4096 4101 4105 
3 4105 4101 4108 
3 4083 4105 4116 
3 4094 4104 4105 
3 4105 4108 4116 
3 4110 4115 4116 
3 4110 4116 4108 
3 4097 4102 4106 
3 4102 4103 4106 
3 4097 4106 4098 
3 4110 4216 4103 
3 4108 4101 4107 
3 4108 4107 4109 
3 4110 4103 4115 
3 4108 4217 4110 
3 4217 4108 4109 
3 4053 4095 4111 
3 4085 4054 4111 
3 4096 4111 4095 
3 4111 4096 4104 
3 4104 4085 4111 
3 4094 4088 4104 
3 4113 4072 4114 
3 4113 4115 4080 
3 4114 4115 4113 
3 4116 4115 4114 
3 4114 4083 4116 
3 4150 4151 4124 
3 4117 3178 3177 
3 4118 4117 3177 
3 3188 4128 4118 
3 4118 4128 4119 
3 4119 4117 4118 
3 4119 4120 4117 
3 4255 4117 4120 
3 4119 4121 4120 
3 4128 4121 4119 
3 4121 4130 4122 
3 4120 4121 4122 
3 4136 4122 4130 
3 3183 4124 4129 
3 3185 3183 4129 
3 4124 4123 4129 
3 4124 4125 4123 
3 4151 4126 4124 
3 4125 4124 4126 
3 4126 4133 4125 
3 4133 4126 4127 
3 3185 4129 4128 
3 4123 4128 4129 
3 4128 3188 3185 
3 4128 4123 4121 
3 4121 4123 4130 
3 4130 4123 4131 
3 4132 4135 4130 
3 4132 4130 4131 
3 4125 4133 4131 
3 4131 4123 4125 
3 4132 4131 4134 
3 4133 4134 4131 
3 4133 4127 4134 
3 4130 4135 4136 
3 4137 4122 4136 
3 4138 4137 4136 
3 4141 4138 4136 
3 4135 4132 4139 
3 4139 4136 4135 
3 4141 4136 4139 
3 4127 4140 4134 
3 4140 4263 4134 
3 4134 4263 4141 
3 4263 4138 4141 
3 4134 4139 4132 
3 4134 4141 4139 
3 3198 3200 4153 
3 4146 4143 4142 
3 4143 4171 4142 
3 4144 3200 4146 
3 4153 3200 4144 
3 4146 4142 4145 
3 4145 4142 4147 
3 4146 4145 4144 
3 4144 4145 4149 
3 4145 4042 4149 
3 4171 4148 4142 
3 4148 4165 4147 
3 4148 4147 4142 
3 4149 4154 4144 
3 3175 3198 4151 
3 4151 3198 4153 
3 4150 3175 4151 
3 4153 4152 4151 
3 4144 4154 4153 
3 4149 4155 4154 
3 4157 4154 4155 
3 4152 4153 4154 
3 4154 4157 4152 
3 4158 4152 4157 
3 4149 4042 4159 
3 4160 4149 4159 
3 4161 4042 3997 
3 4161 4159 4042 
3 4162 4160 4159 
3 4163 4159 4161 
3 4163 4162 4159 
3 4165 4164 4147 
3 4148 4174 4165 
3 4160 4155 4149 
3 4165 4174 4170 
3 4167 4170 4174 
3 4164 4165 4044 
3 4165 4170 4044 
3 4205 4162 4163 
3 4206 4162 4205 
3 4157 4155 4167 
3 4155 4160 4166 
3 4166 4167 4155 
3 4167 4166 4169 
3 4157 4167 4168 
3 4167 4156 4168 
3 4157 4181 4158 
3 4168 4183 4157 
3 4183 4181 4157 
3 4182 4183 4168 
3 4166 4162 4206 
3 4166 4160 4162 
3 4166 4206 4169 
3 4170 4167 4169 
3 4206 4210 4169 
3 4210 4206 4186 
3 4186 4206 4228 
3 4210 4170 4169 
3 4143 4172 4171 
3 4143 4048 4172 
3 4171 4172 4173 
3 4148 4171 4173 
3 4148 4173 4175 
3 4174 4148 4175 
3 4172 4048 4061 
3 4167 4174 4156 
3 4175 4156 4174 
3 4172 4060 4173 
3 4060 4175 4173 
3 4175 4060 4177 
3 4177 4060 4176 
3 5613 4177 4176 
3 4063 4060 4062 
3 4063 4176 4060 
3 4177 4156 4175 
3 4177 4178 4156 
3 4156 4182 4168 
3 4178 4193 4156 
3 5613 4179 4177 
3 4179 4178 4177 
3 4179 5616 4178 
3 4152 4126 4151 
3 4152 4180 4126 
3 4180 4127 4126 
3 4158 4180 4152 
3 4158 4188 4180 
3 4188 4185 4189 
3 4188 4158 4185 
3 4181 4185 4158 
3 4183 4184 4181 
3 4181 4191 4185 
3 4191 4181 4184 
3 4187 4210 4186 
3 4184 4187 4191 
3 4229 4186 4228 
3 4187 4229 4191 
3 4187 4186 4229 
3 4180 4140 4127 
3 4180 4188 4140 
3 4188 4263 4140 
3 4190 4189 4185 
3 4190 4185 4191 
3 4280 4188 4189 
3 4289 4189 4190 
3 4229 4197 4191 
3 4193 4182 4156 
3 4182 4192 4183 
3 4183 4192 4184 
3 4193 4196 4182 
3 4192 4182 4196 
3 4192 4194 4184 
3 4184 4194 4187 
3 4187 4194 4212 
3 4192 4195 4194 
3 4238 4194 4195 
3 5616 4193 4178 
3 5616 4199 4193 
3 4196 4193 4199 
3 4197 4190 4191 
3 4196 4195 4192 
3 4190 4197 4198 
3 4197 4240 4198 
3 4195 4198 4240 
3 4195 4196 4200 
3 4199 4200 4196 
3 4200 4199 5637 
3 5637 4201 4200 
3 4195 4200 4198 
3 4202 4163 4161 
3 4203 4163 4202 
3 4202 4014 4204 
3 4014 4098 4204 
3 4203 4202 4204 
3 4044 4170 4209 
3 4044 4209 4107 
3 4107 4209 4214 
3 4205 4163 4203 
3 4205 4207 4206 
3 4203 4208 4205 
3 4205 4208 4207 
3 4209 4170 4210 
3 4209 4210 4211 
3 4209 4211 4214 
3 4210 4212 4211 
3 4103 4216 4106 
3 4098 4213 4204 
3 4213 4098 4106 
3 4106 4216 4213 
3 4216 4343 4213 
3 4214 4109 4107 
3 4215 4109 4214 
3 4214 4224 4215 
3 4110 4217 4216 
3 4217 4218 4216 
3 4109 4219 4217 
3 4217 4219 4218 
3 4218 4343 4216 
3 4109 4215 4219 
3 4219 4215 4226 
3 4219 4226 4218 
3 4203 4220 4208 
3 4204 4220 4203 
3 4204 4213 4220 
3 4213 4343 4222 
3 4220 4213 4222 
3 4208 4220 4221 
3 4207 4208 4221 
3 4222 4343 4342 
3 4222 4223 4221 
3 4220 4222 4221 
3 4221 4223 4232 
3 4342 4223 4222 
3 4214 4211 4224 
3 4224 4225 4215 
3 4211 4225 4224 
3 4218 4226 4343 
3 4215 4225 4226 
3 4226 4225 4347 
3 4228 4207 4227 
3 4228 4206 4207 
3 4228 4227 4230 
3 4210 4187 4212 
3 4229 4228 4230 
3 4197 4229 4230 
3 4231 4230 4227 
3 4227 4236 4231 
3 4230 4231 4333 
3 4333 4231 4323 
3 4227 4207 4232 
3 4207 4221 4232 
3 4236 4232 4235 
3 4233 4235 4232 
3 4212 4247 4211 
3 4236 4227 4232 
3 4232 4223 4233 
3 4235 4233 4234 
3 4350 4234 4233 
3 4231 4236 4324 
3 4324 4236 4325 
3 4324 4323 4231 
3 4237 4236 4235 
3 4237 4235 4234 
3 4234 4350 4237 
3 4237 4325 4236 
3 4237 4350 4325 
3 4350 4328 4325 
3 4238 4212 4194 
3 4212 4238 4247 
3 4247 4238 4239 
3 4238 4195 4240 
3 4238 4240 4239 
3 4239 4240 4241 
3 4242 4197 4230 
3 4242 4230 4333 
3 4240 4197 4242 
3 4242 4241 4240 
3 4243 4241 4242 
3 4239 4241 4244 
3 4241 4245 4244 
3 4241 4243 4245 
3 4243 5818 4245 
3 4250 4245 4246 
3 4247 4248 4225 
3 4247 4225 4211 
3 4239 4251 4247 
3 4251 4239 4244 
3 4248 4347 4225 
3 4248 4247 4249 
3 4251 4249 4247 
3 4251 4253 4249 
3 4245 4250 4244 
3 4251 4244 4252 
3 4244 4250 4252 
3 4250 5687 4252 
3 4252 4356 4251 
3 4251 4356 4253 
3 4252 5687 4356 
3 4356 5687 4254 
3 4255 3178 4117 
3 4255 3228 3178 
3 3228 4255 4256 
3 4256 3231 3230 
3 4255 4120 4137 
3 4137 4257 4255 
3 4137 4120 4122 
3 4257 4137 4259 
3 4257 4256 4255 
3 4256 4257 3231 
3 3231 4257 3242 
3 4257 4258 3242 
3 4257 4259 4258 
3 4260 4271 4258 
3 4259 4260 4258 
3 4261 4259 4137 
3 4138 4261 4137 
3 4138 4262 4261 
3 4266 4262 4138 
3 4263 4266 4138 
3 4285 4266 4263 
3 4260 4259 4261 
3 4261 4264 4260 
3 4262 4264 4261 
3 4264 4262 4265 
3 4267 4265 4262 
3 4267 4262 4266 
3 4286 4266 4285 
3 4268 4266 4286 
3 4269 4267 4266 
3 4269 4266 4268 
3 4265 4267 4269 
3 3242 4258 4270 
3 4270 4258 4271 
3 4272 3245 4270 
3 4272 3248 3245 
3 4273 3248 4272 
3 4271 4272 4270 
3 4271 4274 4272 
3 4274 4273 4272 
3 5975 4273 5976 
3 4273 4274 5976 
3 4260 4275 4271 
3 4264 4275 4260 
3 4271 4277 4274 
3 4271 4275 4277 
3 4265 4275 4264 
3 4265 4276 4275 
3 4269 4276 4265 
3 4276 4269 4305 
3 4269 4268 4305 
3 4279 4276 4305 
3 4277 4278 4274 
3 4278 5976 4274 
3 4277 4275 4276 
3 4279 4277 4276 
3 4278 4277 4279 
3 4311 4278 4279 
3 4305 4308 4279 
3 4281 4263 4188 
3 4280 4281 4188 
3 4285 4263 4281 
3 4287 4288 3259 
3 4189 4282 4280 
3 4281 4280 4287 
3 4288 4287 4280 
3 4283 3256 3237 
3 4284 4283 3237 
3 3237 4295 4284 
3 4281 4283 4284 
3 4281 4284 4285 
3 4285 4284 4286 
3 4284 4295 4286 
3 3260 3263 3256 
3 4283 3260 3256 
3 4283 4287 3260 
3 3259 3260 4287 
3 4287 4283 4281 
3 4282 4288 4280 
3 4282 4290 4291 
3 4291 4288 4282 
3 4288 3262 3259 
3 3262 4288 5350 
3 5350 4288 5787 
3 4288 4291 5787 
3 4289 4282 4189 
3 4290 4282 4289 
3 4289 4190 4198 
3 4290 4289 4198 
3 4291 4290 5791 
3 4200 4292 4198 
3 4292 4290 4198 
3 4292 4200 4293 
3 4200 4201 4293 
3 4293 4290 4292 
3 5791 4290 4293 
3 4296 4294 3264 
3 3264 4297 4296 
3 3264 4298 4297 
3 4297 4313 4296 
3 4298 4302 4297 
3 4299 5974 4300 
3 4300 5974 4301 
3 4297 4302 4313 
3 4299 4302 4298 
3 4302 4299 4300 
3 4303 4302 4300 
3 4304 4303 4300 
3 4304 4300 4301 
3 4295 4294 4286 
3 4286 4294 4268 
3 4294 4296 4268 
3 4306 4268 4296 
3 4296 4307 4306 
3 4305 4268 4306 
3 4306 4308 4305 
3 4306 4309 4308 
3 4307 4309 4306 
3 4296 4313 4307 
3 4313 4314 4307 
3 4311 4310 4278 
3 4309 4311 4279 
3 4311 4309 4312 
3 4314 4312 4307 
3 4309 4307 4312 
3 4312 4310 4311 
3 4302 4303 4313 
3 4314 4313 4303 
3 4315 4314 4303 
3 4310 4315 4316 
3 4304 4315 4303 
3 4304 4301 4316 
3 4315 4304 4316 
3 4314 4310 4312 
3 4315 4310 4314 
3 4319 4317 4318 
3 4322 4317 4320 
3 4317 4322 4318 
3 4321 4320 4317 
3 4325 4327 4324 
3 4325 4321 4327 
3 4327 4321 4317 
3 4327 4317 4319 
3 4327 4319 4326 
3 4324 4327 4326 
3 4321 4325 4328 
3 4377 4318 4322 
3 4326 4319 4318 
3 4318 4330 4326 
3 4330 4318 4331 
3 4331 4318 4377 
3 4330 4331 4329 
3 4329 4331 4332 
3 4243 4242 4333 
3 4333 4323 4335 
3 4243 4333 4334 
3 4334 4333 4335 
3 5818 4243 5819 
3 5819 4243 4334 
3 5819 4334 5820 
3 4339 4334 4335 
3 4335 4336 4339 
3 5820 4334 4339 
3 5822 5820 4339 
3 4323 4324 4335 
3 4335 4324 4326 
3 4335 4326 4336 
3 4336 4326 4330 
3 4336 4330 4329 
3 4337 4336 4329 
3 4339 4336 4337 
3 4337 4329 4338 
3 4338 4329 4332 
3 4338 4332 4389 
3 4340 4339 4337 
3 5822 4339 4340 
3 4340 4337 4338 
3 4340 4338 4341 
3 4279 4308 4309 
3 4342 4343 4344 
3 4226 4344 4343 
3 4223 4342 4348 
3 4226 4347 4344 
3 4347 4345 4344 
3 4344 4346 4348 
3 4342 4344 4348 
3 4344 4345 4346 
3 4348 4233 4223 
3 4233 4348 4350 
3 4348 4349 4350 
3 4348 4346 4349 
3 4349 4351 4350 
3 4328 4350 4351 
3 4349 4352 4351 
3 4347 4354 4345 
3 4347 4248 4354 
3 4248 4249 4354 
3 4354 4355 4345 
3 4355 4354 4253 
3 4354 4249 4253 
3 4355 4253 4364 
3 4352 4361 4351 
3 4253 4356 4357 
3 4356 4254 4357 
3 4253 4357 4364 
3 4366 4357 5880 
3 5880 4357 4254 
3 4345 4358 4346 
3 4355 4358 4345 
3 4362 4358 4355 
3 4362 4349 4358 
3 4349 4346 4358 
3 4352 4349 4362 
3 4355 4364 4359 
3 4355 4359 4362 
3 4362 4360 4352 
3 4360 4361 4352 
3 4362 4363 4360 
3 4362 4359 4363 
3 4361 4360 4367 
3 4363 4367 4360 
3 4363 4368 4367 
3 4365 4364 4357 
3 4366 4365 4357 
3 4365 4359 4364 
3 5884 4365 4366 
3 4365 5884 4369 
3 4359 4365 4369 
3 4382 4353 4411 
3 4353 4367 4411 
3 4368 4411 4367 
3 4368 4363 4369 
3 4368 4369 4418 
3 4369 5884 5903 
3 4363 4359 4369 
3 5903 5931 4369 
3 5931 4418 4369 
3 4321 4375 4320 
3 4371 4322 4370 
3 4322 4320 4370 
3 4372 4370 4320 
3 4320 4375 4372 
3 4370 4373 4371 
3 4373 4370 4372 
3 4372 4381 4373 
3 4328 4374 4321 
3 4321 4374 4375 
3 4328 4376 4374 
3 4351 4376 4328 
3 4374 4385 4375 
3 4351 4361 4376 
3 4374 4376 4385 
3 4322 4371 4377 
3 4377 4371 4379 
3 4377 4379 4378 
3 4371 4373 4379 
3 4381 4386 4379 
3 4373 4381 4379 
3 4379 4380 4378 
3 4379 4386 4380 
3 4331 4377 4378 
3 4331 4378 4332 
3 4332 4378 4402 
3 4402 4378 4380 
3 4383 4372 4375 
3 4372 4383 4381 
3 4383 4382 4381 
3 4381 4382 4384 
3 4410 4384 4382 
3 4375 4385 4383 
3 4376 4361 4385 
3 4385 4353 4383 
3 4353 4382 4383 
3 4367 4353 4385 
3 4361 4367 4385 
3 4381 4384 4386 
3 4386 4384 4387 
3 4386 4387 4380 
3 4408 4380 4387 
3 4387 4384 4388 
3 4410 4388 4384 
3 4387 4388 4397 
3 4338 4389 4390 
3 4338 4390 4393 
3 4393 4390 4394 
3 4390 4391 4392 
3 4394 4390 4392 
3 4341 4338 4393 
3 4394 4392 4395 
3 4391 4408 4387 
3 4396 4400 4392 
3 4396 4392 4391 
3 4417 4400 4398 
3 4387 4397 4391 
3 4396 4391 4397 
3 4397 4388 4398 
3 4396 4398 4400 
3 4396 4397 4398 
3 4400 4399 4392 
3 4395 4392 4399 
3 4395 4399 5905 
3 4401 4400 4417 
3 4400 4401 4399 
3 4332 4402 4405 
3 4403 4402 4380 
3 4403 4380 4408 
3 4389 4332 4405 
3 4389 4404 4390 
3 4405 4404 4389 
3 4404 4405 4406 
3 4390 4404 4391 
3 4404 4406 4409 
3 4405 4402 4403 
3 4406 4405 4403 
3 4406 4403 4409 
3 4393 4394 5918 
3 5917 4341 4393 
3 5917 4393 5918 
3 4394 4407 5918 
3 4394 4395 4407 
3 4408 4391 4404 
3 4404 4409 4408 
3 4403 4408 4409 
3 4410 4382 4412 
3 4412 4382 4411 
3 4412 4411 4414 
3 4414 4413 4412 
3 4413 4410 4412 
3 4388 4410 4413 
3 4368 4414 4411 
3 4368 4416 4414 
3 4416 4368 4418 
3 4415 4413 4414 
3 4416 4415 4414 
3 4417 4415 4416 
3 4419 4416 4418 
3 4419 4418 5931 
3 4416 4420 4417 
3 4419 4420 4416 
3 4420 4419 5934 
3 4398 4388 4413 
3 4415 4398 4413 
3 4417 4398 4415 
3 4420 4401 4417 
3 720 4421 719 
3 719 4421 723 
3 4421 4422 723 
3 4423 4421 720 
3 4421 4423 4422 
3 4422 4423 746 
3 765 4422 746 
3 4427 4424 4481 
3 4425 4424 4427 
3 4427 4428 4425 
3 4428 4429 4425 
3 4427 4481 4480 
3 4428 4448 4429 
3 4448 4428 4430 
3 4451 4430 4431 
3 4487 4451 4431 
3 4451 4487 4466 
3 766 723 4422 
3 4424 4437 4481 
3 4424 4432 4433 
3 4437 4424 4433 
3 4432 4424 4425 
3 4429 4432 4425 
3 4432 4444 4433 
3 4444 4438 4433 
3 4426 4434 987 
3 4434 4426 4437 
3 987 4434 989 
3 4434 4435 989 
3 4436 4434 4439 
3 4435 4434 4436 
3 4437 4426 4481 
3 4433 4434 4437 
3 4433 4439 4434 
3 4438 4439 4433 
3 4436 4439 4440 
3 4439 4438 4440 
3 4438 4441 4440 
3 4440 4441 4457 
3 4514 4436 4440 
3 4442 4432 4429 
3 4444 4432 4442 
3 4442 4449 4444 
3 4450 4443 4453 
3 4464 4445 4452 
3 4443 4445 4446 
3 4443 4446 4454 
3 4445 4465 4446 
3 4464 4465 4445 
3 4446 4465 4447 
3 4443 4450 4445 
3 4445 4450 4452 
3 4449 4442 4448 
3 4442 4429 4448 
3 4448 4450 4449 
3 4452 4450 4451 
3 4448 4430 4450 
3 4451 4450 4430 
3 4466 4452 4451 
3 4466 4464 4452 
3 4454 4453 4443 
3 4441 4438 4453 
3 4441 4453 4455 
3 4455 4453 4454 
3 4449 4438 4444 
3 4453 4438 4449 
3 4453 4449 4450 
3 4441 4455 4458 
3 4446 4447 4454 
3 4458 4455 4456 
3 4455 4454 4447 
3 4455 5351 4456 
3 4456 5351 5359 
3 5359 4461 4456 
3 4457 4441 4458 
3 4456 4460 4458 
3 4459 4457 4458 
3 4460 4459 4458 
3 4459 4521 4457 
3 4461 4460 4456 
3 4460 4461 5356 
3 4447 4462 4455 
3 5351 4455 4462 
3 4462 5358 5351 
3 5358 4462 4463 
3 4467 4469 4465 
3 4464 4467 4465 
3 4469 4468 4465 
3 4469 4467 4471 
3 4466 4467 4464 
3 4467 4466 4544 
3 4473 4471 4467 
3 4467 4544 4473 
3 4447 4465 4468 
3 4447 4468 4462 
3 4468 4463 4462 
3 4468 4469 4470 
3 4468 4470 4463 
3 4470 4469 4471 
3 4463 5360 5358 
3 4470 5360 4463 
3 4461 5359 4472 
3 5360 4472 5359 
3 5360 4470 4472 
3 4473 5354 4472 
3 4473 4472 4471 
3 4472 5354 5356 
3 4472 5356 4461 
3 4472 4470 4471 
3 5354 4473 5392 
3 832 834 4474 
3 834 833 4475 
3 4566 834 4475 
3 4566 4474 834 
3 850 4566 4475 
3 4477 950 969 
3 4493 4477 969 
3 946 944 4477 
3 4476 946 4477 
3 4478 4476 4477 
3 4493 4478 4477 
3 4493 4495 4478 
3 4478 4495 4484 
3 4480 4479 4482 
3 4479 946 4476 
3 4482 4479 4476 
3 953 4480 4481 
3 953 4479 4480 
3 4481 4426 953 
3 953 4426 987 
3 4427 4480 4486 
3 4486 4480 4482 
3 4428 4427 4486 
3 4483 4476 4478 
3 4482 4476 4483 
3 4488 4482 4483 
3 4483 4478 4484 
3 4485 4483 4484 
3 4486 4430 4428 
3 4430 4486 4431 
3 4488 4486 4482 
3 4486 4488 4431 
3 4490 4487 4431 
3 4487 4490 4491 
3 4491 4466 4487 
3 4488 4483 4485 
3 4490 4431 4488 
3 4489 4490 4488 
3 4490 4489 4505 
3 4488 4485 4489 
3 4492 4490 4505 
3 4490 4492 4491 
3 4531 4491 4492 
3 4493 969 4494 
3 4494 969 970 
3 4495 4493 4494 
3 4502 4495 4496 
3 4494 4496 4495 
3 4496 4497 4502 
3 4498 4494 970 
3 4498 4499 4494 
3 4498 4500 4499 
3 4498 975 1082 
3 1082 4500 4498 
3 4496 4494 4499 
3 4496 4499 4501 
3 4502 4484 4495 
3 4485 4484 4502 
3 4485 4502 4504 
3 4504 4502 4497 
3 4496 4503 4497 
3 4496 4501 4503 
3 4503 4501 4556 
3 4504 4489 4485 
3 4505 4489 4504 
3 4505 4504 4506 
3 4506 4504 4497 
3 4492 4505 4506 
3 4508 4492 4506 
3 4492 4508 4531 
3 4506 4497 4559 
3 4559 4497 4503 
3 4559 4503 4556 
3 4506 4559 4560 
3 4507 4508 4506 
3 4560 4507 4506 
3 4531 4508 4533 
3 4508 4507 4533 
3 4536 4533 4507 
3 989 4435 4513 
3 4509 989 4513 
3 4513 4510 4509 
3 4511 991 4509 
3 4509 4510 4511 
3 4511 992 991 
3 4511 4510 4512 
3 4510 4516 4512 
3 4435 4436 4513 
3 4514 4513 4436 
3 4440 4457 4514 
3 4521 4514 4457 
3 4513 4514 4515 
3 4521 4515 4514 
3 4518 4515 4521 
3 4515 4510 4513 
3 4515 4516 4510 
3 4515 4518 4516 
3 4518 4517 4516 
3 4517 4518 5362 
3 4466 4491 4519 
3 4466 4519 4544 
3 4544 4519 4545 
3 4545 4519 4547 
3 4491 4532 4519 
3 4531 4532 4491 
3 4519 4532 4520 
3 4547 4519 4520 
3 4522 4521 4459 
3 4459 5365 4522 
3 4522 4518 4521 
3 4518 4522 5366 
3 4524 5374 4547 
3 4523 5374 4524 
3 4511 4525 992 
3 4511 4512 4525 
3 4525 995 992 
3 4512 4526 4525 
3 995 4527 996 
3 4527 995 4525 
3 4527 4525 4526 
3 4526 5362 5378 
3 4528 5378 5377 
3 5378 4528 4526 
3 4517 4512 4516 
3 4517 4526 4512 
3 5362 4526 4517 
3 4529 4527 4528 
3 5377 4529 4528 
3 4528 4527 4526 
3 5390 4530 5384 
3 4533 4532 4531 
3 4520 4532 4534 
3 4532 4533 4534 
3 4535 4534 4533 
3 4534 4535 4548 
3 4533 4536 4535 
3 4537 4540 4523 
3 4537 4538 4540 
3 4537 4541 4538 
3 4542 4548 4535 
3 4524 4537 4523 
3 4524 4548 4542 
3 4524 4542 4537 
3 4542 4541 4537 
3 4538 4598 4539 
3 4598 4538 4599 
3 4539 5390 4540 
3 4539 4540 4538 
3 4539 4530 5390 
3 4541 4599 4538 
3 4543 4599 4541 
3 4543 4541 4535 
3 4541 4542 4535 
3 4547 4520 4534 
3 4473 4544 4546 
3 5392 4473 4546 
3 4544 4545 4546 
3 4546 5367 5392 
3 5367 4546 5374 
3 4547 4534 4548 
3 4545 4547 4546 
3 4546 4547 5374 
3 4547 4548 4524 
3 4550 4500 1082 
3 4550 1082 4549 
3 4549 1082 1081 
3 4499 4500 4501 
3 4500 4550 4501 
3 4501 4550 4553 
3 4556 4501 4553 
3 1081 4551 4549 
3 832 4474 4551 
3 4551 1081 832 
3 4474 4552 4551 
3 4549 4552 4550 
3 4552 4549 4551 
3 4553 4550 4552 
3 4554 4553 4552 
3 4554 4552 4474 
3 4555 4553 4554 
3 4553 4558 4556 
3 4557 4556 4558 
3 4558 4553 4555 
3 4558 4561 4557 
3 4580 4558 4555 
3 4580 4561 4558 
3 4556 4557 4559 
3 4560 4559 4557 
3 4557 4561 4560 
3 4561 4507 4560 
3 4507 4561 4564 
3 4563 4536 4507 
3 4562 4563 4507 
3 4507 4564 4562 
3 4564 4561 4580 
3 4563 4562 4617 
3 4564 4615 4562 
3 4617 4562 4615 
3 4565 849 1097 
3 4567 850 4565 
3 4566 4554 4474 
3 4568 4554 4566 
3 4567 4566 850 
3 4568 4566 4567 
3 4568 4567 4570 
3 4568 4555 4554 
3 4565 1097 4569 
3 4567 4565 4569 
3 1097 1098 4571 
3 4569 1097 4571 
3 4569 4571 4574 
3 4570 4567 4569 
3 4570 4569 4574 
3 4570 4574 4576 
3 1098 4572 4571 
3 4573 4571 4572 
3 4571 4573 4574 
3 4576 4574 4583 
3 4574 4573 4583 
3 4580 4555 4568 
3 4580 4568 4575 
3 4575 4568 4570 
3 4578 4575 4570 
3 4581 4580 4575 
3 4578 4570 4576 
3 4576 4577 4578 
3 4575 4578 4579 
3 4581 4575 4579 
3 4579 4578 4638 
3 4638 4578 4577 
3 4581 4579 4638 
3 4584 4580 4581 
3 4584 4564 4580 
3 4584 4615 4564 
3 4576 4583 4577 
3 4583 4582 4577 
3 4573 4582 4583 
3 4581 4638 4584 
3 4593 4587 4586 
3 4586 4588 1115 
3 4589 4588 4587 
3 4587 4588 4586 
3 4586 4595 4592 
3 4595 1116 4591 
3 4595 4591 4592 
3 4591 1116 5393 
3 4592 4539 4593 
3 4539 4594 4593 
3 4530 4539 4592 
3 4593 4586 4592 
3 4594 4587 4593 
3 4592 5384 4530 
3 5384 4592 4591 
3 4595 4586 1115 
3 4603 4587 4594 
3 4587 4603 4590 
3 4535 4536 4596 
3 4536 4563 4596 
3 4596 4563 4597 
3 4539 4598 4594 
3 4603 4594 4598 
3 4598 4601 4603 
3 4543 4600 4599 
3 4599 4601 4598 
3 4600 4601 4599 
3 4535 4596 4543 
3 4543 4596 4600 
3 4596 4602 4600 
3 4602 4596 4597 
3 4600 4602 4601 
3 4604 4590 4603 
3 4604 4603 4601 
3 4601 4610 4604 
3 4602 4610 4601 
3 4605 1101 4585 
3 4605 4572 1101 
3 4605 4585 4588 
3 4605 4606 4572 
3 4589 4605 4588 
3 4606 4605 4589 
3 4587 4590 4589 
3 4609 4589 4590 
3 4573 4572 4606 
3 4573 4606 4607 
3 4606 4589 4607 
3 4607 4589 4609 
3 4611 4609 4590 
3 4607 4582 4573 
3 4582 4607 4608 
3 4608 4674 4582 
3 4608 4607 4609 
3 4608 4609 4612 
3 4611 4590 4604 
3 4610 4611 4604 
3 4610 4627 4611 
3 4610 4628 4627 
3 4611 4612 4609 
3 4614 4612 4611 
3 4627 4614 4611 
3 4627 4613 4614 
3 4616 4615 4584 
3 4617 4615 4620 
3 4620 4615 4616 
3 4584 4638 4698 
3 4616 4584 4698 
3 4623 4620 4616 
3 4618 4563 4617 
3 4597 4563 4618 
3 4597 4618 4619 
3 4602 4597 4619 
3 4610 4602 4619 
3 4617 4620 4618 
3 4618 4620 4621 
3 4621 4620 4623 
3 4618 4621 4622 
3 4618 4622 4619 
3 4621 4623 4624 
3 4621 4624 4622 
3 4624 4623 4722 
3 4722 4724 4624 
3 4619 4625 4610 
3 4622 4626 4625 
3 4622 4625 4619 
3 4625 4628 4610 
3 4626 4628 4625 
3 4629 4627 4628 
3 4622 4624 4626 
3 4626 4624 4629 
3 4626 4629 4628 
3 4629 4613 4627 
3 4724 4629 4624 
3 4630 1302 1298 
3 1298 1300 4630 
3 4631 4630 1300 
3 4631 1300 4633 
3 4633 4632 4631 
3 4633 1326 4634 
3 4634 4636 4633 
3 4632 4633 4636 
3 4635 4636 4634 
3 4635 4634 1328 
3 1602 4635 1328 
3 4636 4635 4748 
3 4649 4650 4637 
3 4577 4640 4638 
3 4638 4640 4641 
3 4577 4582 4643 
3 4639 4643 4582 
3 4643 4640 4577 
3 4641 4640 4643 
3 4643 4701 4641 
3 4701 4643 4644 
3 4657 4656 4644 
3 4652 4645 4646 
3 4652 4646 4658 
3 4649 4647 4652 
3 4637 4648 4647 
3 4649 4637 4647 
3 4652 4647 4651 
3 4645 4651 4739 
3 4652 4651 4645 
3 4647 1434 4651 
3 4647 1435 1434 
3 4741 4658 4646 
3 4650 4649 4653 
3 4653 4649 4658 
3 4658 4649 4652 
3 4650 4653 4642 
3 4653 4655 4642 
3 4657 4642 4655 
3 4656 4657 4655 
3 4655 4653 4654 
3 4660 4655 4654 
3 4656 4655 4660 
3 4653 4658 4659 
3 4658 4745 4659 
3 4654 4653 4659 
3 4654 4659 4715 
3 1397 4661 4663 
3 4663 1408 1397 
3 4661 4662 4663 
3 4663 4662 4675 
3 4661 1397 1400 
3 4661 1401 4648 
3 1400 1401 4661 
3 4664 4661 4648 
3 4662 4661 4664 
3 1401 1430 4648 
3 4637 4664 4648 
3 4664 4665 4662 
3 4675 4662 4665 
3 4665 4664 4667 
3 4667 4664 4637 
3 4650 4667 4637 
3 4666 4665 4667 
3 1408 4668 1407 
3 4663 4668 1408 
3 1410 1407 4669 
3 4669 1407 4668 
3 4669 4668 4670 
3 4663 4671 4668 
3 4671 4663 4681 
3 4668 4671 4670 
3 4671 4672 4670 
3 4673 4672 4671 
3 4673 5397 4672 
3 5397 5396 4672 
3 5396 4693 5402 
3 4582 4674 4639 
3 4643 4639 4677 
3 4639 4676 4677 
3 4678 4677 4676 
3 4608 4612 4674 
3 4681 4676 4680 
3 4681 4663 4675 
3 4676 4681 4675 
3 4674 4676 4639 
3 4676 4674 4680 
3 4642 4667 4650 
3 4679 4667 4642 
3 4679 4666 4667 
3 4678 4666 4679 
3 4666 4675 4665 
3 4676 4675 4666 
3 4678 4676 4666 
3 4643 4677 4644 
3 4678 4644 4677 
3 4657 4679 4642 
3 4678 4679 4644 
3 4644 4679 4657 
3 4612 4683 4674 
3 4683 4680 4674 
3 4680 4683 4682 
3 4671 4681 4673 
3 4673 4681 4682 
3 4680 4682 4681 
3 4682 5397 4673 
3 5397 4682 4685 
3 5397 4685 4686 
3 4612 4614 4683 
3 4614 4684 4683 
3 4613 4684 4614 
3 4685 4683 4684 
3 4688 4685 4684 
3 4682 4683 4685 
3 4685 4688 4686 
3 4689 4694 5396 
3 4694 4693 5396 
3 4686 4689 5396 
3 4686 4688 4687 
3 4687 4689 4686 
3 4695 4694 4687 
3 4687 4694 4689 
3 4647 1430 1435 
3 4648 1430 4647 
3 1430 1431 1435 
3 5404 5405 4691 
3 5402 4693 5405 
3 4693 4691 5405 
3 4691 4690 5404 
3 4692 4691 4693 
3 4694 4692 4693 
3 4696 4694 4695 
3 4696 4692 4694 
3 4695 4736 4696 
3 4696 4697 4692 
3 4696 4761 4697 
3 4696 4736 4761 
3 4698 4699 4616 
3 4641 4698 4638 
3 4702 4698 4641 
3 4702 4641 4701 
3 4699 4698 4702 
3 4699 4721 4616 
3 4616 4721 4623 
3 4699 4700 4721 
3 4703 4702 4701 
3 4702 4703 4704 
3 4704 4703 4706 
3 4701 4656 4703 
3 4644 4656 4701 
3 4704 4699 4702 
3 4704 4705 4699 
3 4705 4700 4699 
3 4700 4705 4730 
3 4730 4705 4712 
3 4704 4706 4708 
3 4705 4704 4708 
3 4705 4708 4709 
3 4708 4706 4707 
3 4717 4712 4709 
3 4708 4707 4714 
3 4714 4710 4708 
3 4710 4709 4708 
3 4703 4656 4711 
3 4711 4656 4713 
3 4706 4703 4711 
3 4706 4711 4707 
3 4707 4711 4713 
3 4656 4660 4713 
3 4705 4709 4712 
3 4719 4730 4712 
3 4713 4660 4654 
3 4713 4714 4707 
3 4713 4654 4715 
3 4716 4713 4715 
3 4716 4714 4713 
3 4712 4717 4719 
3 4710 4718 4709 
3 4710 4714 4716 
3 4718 4717 4709 
3 4717 4718 4781 
3 4719 4717 4720 
3 4719 4720 4733 
3 4717 4781 4720 
3 4722 4623 4721 
3 4721 4700 4722 
3 4700 4723 4722 
3 4723 4724 4722 
3 4723 4725 4724 
3 4700 4730 4723 
3 4629 4684 4613 
3 4629 4727 4684 
3 4727 4688 4684 
3 4724 4728 4629 
3 4728 4727 4629 
3 4725 4728 4724 
3 4727 4729 4688 
3 4729 4687 4688 
3 4729 4695 4687 
3 4728 4729 4727 
3 4732 4729 4728 
3 4725 4732 4728 
3 4725 4726 4732 
3 4723 4730 4731 
3 4723 4731 4725 
3 4725 4731 4726 
3 4732 4726 4734 
3 4726 4733 4789 
3 4726 4789 4734 
3 4734 4789 4737 
3 4695 4729 4735 
3 4695 4735 4736 
3 4732 4735 4729 
3 4732 4734 4735 
3 4793 4736 4735 
3 4734 4793 4735 
3 4734 4737 4793 
3 4730 4719 4731 
3 4733 4726 4731 
3 4731 4719 4733 
3 4739 4738 4645 
3 4738 4646 4645 
3 4740 4738 4630 
3 4646 4738 4740 
3 4738 1302 4630 
3 4631 4740 4630 
3 4741 4646 4740 
3 4742 4740 4631 
3 4742 4741 4740 
3 4744 4741 4742 
3 4742 4631 4632 
3 4742 4632 4753 
3 4744 4742 4749 
3 4745 4658 4741 
3 4744 4743 4741 
3 4745 4741 4743 
3 4778 4745 4743 
3 4744 4749 4751 
3 4752 4744 4751 
3 4743 4744 4752 
3 4775 4752 4782 
3 4775 4743 4752 
3 4715 4659 4745 
3 4778 4715 4745 
3 4753 4632 4746 
3 4746 4632 4636 
3 4742 4753 4749 
3 4747 4746 4748 
3 4746 4636 4748 
3 4750 4749 4753 
3 4751 4749 4750 
3 4782 4752 4751 
3 4753 4746 4747 
3 4753 4747 4754 
3 4754 4750 4753 
3 4751 4750 4756 
3 4756 4750 4754 
3 4754 4747 4755 
3 4846 4754 4755 
3 4754 4846 4845 
3 4845 4756 4754 
3 4784 4751 4756 
3 4784 4756 4845 
3 3553 4690 4758 
3 3553 4758 1523 
3 4757 4758 4691 
3 4691 4758 4690 
3 4691 4759 4757 
3 4758 1535 1523 
3 4757 1535 4758 
3 4691 4760 4759 
3 4760 4766 4759 
3 4760 4691 4692 
3 4697 4760 4692 
3 4771 4760 4697 
3 4736 4762 4761 
3 4762 4764 4761 
3 4761 4771 4697 
3 4771 4766 4760 
3 4761 4764 4771 
3 4763 4797 4764 
3 4759 1535 4757 
3 4759 4765 1535 
3 4766 4765 4759 
3 4766 4768 4765 
3 4765 4767 1537 
3 4767 1837 1537 
3 4766 4769 4768 
3 4768 4767 4765 
3 4798 4770 4797 
3 4773 4770 4798 
3 4771 4772 4766 
3 4772 4856 4766 
3 4770 4772 4797 
3 4797 4771 4764 
3 4797 4772 4771 
3 4856 4769 4766 
3 4770 4856 4772 
3 4770 4773 4856 
3 4775 4778 4743 
3 4774 4778 4775 
3 4777 4774 4775 
3 4777 4779 4774 
3 4777 4775 4776 
3 4716 4715 4774 
3 4774 4715 4778 
3 4716 4774 4779 
3 4710 4716 4779 
3 4779 4718 4710 
3 4779 4781 4718 
3 4780 4779 4777 
3 4780 4781 4779 
3 4781 4780 4786 
3 4782 4776 4775 
3 4783 4777 4776 
3 4751 4784 4782 
3 4869 4782 4784 
3 4776 4782 4785 
3 4785 4782 4869 
3 4776 4785 4783 
3 4783 4785 4787 
3 4780 4777 4783 
3 4780 4783 4786 
3 4783 4787 4786 
3 4786 4787 4788 
3 4720 4790 4733 
3 4737 4789 4791 
3 4733 4790 4789 
3 4795 4792 4796 
3 4720 4781 4790 
3 4781 4786 4790 
3 4789 4792 4791 
3 4789 4790 4792 
3 4791 4792 4795 
3 4793 4762 4736 
3 4793 4794 4762 
3 4737 4794 4793 
3 4737 4791 4794 
3 4791 4795 4794 
3 4794 4795 4763 
3 4763 4764 4762 
3 4794 4763 4762 
3 4795 4796 4763 
3 4799 4798 4796 
3 4792 4799 4796 
3 4798 4797 4796 
3 4790 4786 4800 
3 4792 4790 4800 
3 4799 4792 4800 
3 4802 4799 4800 
3 4803 4799 4802 
3 4799 4803 4798 
3 4798 4801 4773 
3 4804 4803 4802 
3 4803 4801 4798 
3 4803 4804 4801 
3 4786 4788 4800 
3 4800 4788 4802 
3 4796 4797 4763 
3 1607 4805 1602 
3 4808 4635 1602 
3 4635 4808 4748 
3 4805 4808 1602 
3 4806 4805 1608 
3 4808 4805 4812 
3 4807 4805 4806 
3 4807 4812 4805 
3 4809 4748 4808 
3 4809 4808 4812 
3 4809 4810 4844 
3 4810 4809 4813 
3 4813 4809 4812 
3 4807 4806 1645 
3 4807 1646 4811 
3 4807 1645 1646 
3 4812 4807 4814 
3 4813 4812 4814 
3 4814 4807 4811 
3 4815 1647 4821 
3 4811 1646 4815 
3 4815 1646 1647 
3 4816 4811 4815 
3 4816 4814 4811 
3 4848 4814 4816 
3 4848 4816 4819 
3 4810 4813 4818 
3 4818 4813 4814 
3 4818 4847 4810 
3 4818 4814 4848 
3 4815 4821 4822 
3 4817 4816 4815 
3 4819 4816 4817 
3 4824 4817 4823 
3 4819 4817 4824 
3 4823 4817 4822 
3 4822 4817 4815 
3 4909 4824 4823 
3 4825 4822 1733 
3 1733 4822 4821 
3 4825 4823 4822 
3 4825 1733 4914 
3 4915 4825 4914 
3 4823 4825 4915 
3 4820 4819 4824 
3 4819 4820 4848 
3 4909 4820 4824 
3 4827 4913 4910 
3 4827 4828 4913 
3 4826 4829 4831 
3 4828 4826 4913 
3 4829 4826 4828 
3 4831 4829 4830 
3 4842 4830 4829 
3 4832 4916 1750 
3 4916 4832 4833 
3 4834 4916 4833 
3 2303 4832 1750 
3 4918 4917 4834 
3 4978 4834 4833 
3 4827 4910 4835 
3 4835 4910 4836 
3 4837 4839 4835 
3 4835 4836 4837 
3 4837 4836 4917 
3 4828 4827 4838 
3 4838 4827 4835 
3 4829 4828 4838 
3 4835 4839 4838 
3 4840 4838 4839 
3 4829 4838 4842 
3 4840 4842 4838 
3 4840 4839 4837 
3 4837 4841 4840 
3 4840 4841 4843 
3 4841 4837 4917 
3 4842 4956 4830 
3 4842 4840 4843 
3 4842 4843 4956 
3 4748 4809 4755 
3 4755 4747 4748 
3 4846 4755 4844 
3 4869 4784 4845 
3 4869 4845 4870 
3 4870 4845 4871 
3 4871 4845 4846 
3 4844 4755 4809 
3 4871 4846 4844 
3 4881 4844 4810 
3 4881 4810 4882 
3 4882 4810 4847 
3 4818 4848 4849 
3 4847 4818 4849 
3 4849 4848 4820 
3 4883 4847 4849 
3 4850 4883 4849 
3 4944 4883 4850 
3 4768 1837 4767 
3 4768 4769 1837 
3 4852 1838 1837 
3 4851 1837 4769 
3 4851 4852 1837 
3 1838 4852 4853 
3 4854 4853 4852 
3 1838 4853 1840 
3 4859 4861 4852 
3 4852 4861 4854 
3 4773 4893 4857 
3 4893 4855 4857 
3 4894 4855 4893 
3 4855 4858 4857 
3 4855 4898 4858 
3 4856 4851 4769 
3 4857 4851 4856 
3 4773 4857 4856 
3 4851 4858 4852 
3 4857 4858 4851 
3 4858 4859 4852 
3 4898 4859 4858 
3 4860 4853 4854 
3 4853 4860 1843 
3 4861 4860 4854 
3 4863 4860 4861 
3 4920 1845 4860 
3 1845 4920 4862 
3 4860 4863 4920 
3 4900 4926 4865 
3 4864 4861 4859 
3 4898 4900 4859 
3 4900 4864 4859 
3 4861 4864 4863 
3 4865 4864 4900 
3 4865 4866 4864 
3 4866 4863 4864 
3 4866 4867 4863 
3 4868 4867 4866 
3 4865 4868 4866 
3 4865 4926 4868 
3 4870 4785 4869 
3 4787 4785 4876 
3 4870 4872 4875 
3 4870 4875 4785 
3 4785 4875 4876 
3 4872 4870 4871 
3 4871 4844 4881 
3 4872 4871 4881 
3 4872 4881 4874 
3 4874 4877 4875 
3 4874 4875 4872 
3 4875 4877 4876 
3 4874 4889 4877 
3 4787 4876 4788 
3 4876 4878 4788 
3 4889 4879 4877 
3 4877 4878 4876 
3 4879 4878 4877 
3 4880 4879 4889 
3 4873 4874 4881 
3 4884 4881 4882 
3 4873 4881 4884 
3 4882 4847 4883 
3 4883 4885 4882 
3 4882 4885 4884 
3 4873 4884 4886 
3 4874 4873 4889 
3 4885 4883 4944 
3 4946 4885 4944 
3 4884 4885 4946 
3 4886 4884 4946 
3 4886 4946 4947 
3 4886 4888 4873 
3 4889 4873 4888 
3 4890 4889 4888 
3 4887 4888 4886 
3 4887 4886 4947 
3 4890 4888 4891 
3 4888 4887 4891 
3 4880 4889 4890 
3 4907 4880 4890 
3 4890 4891 4907 
3 4891 4892 4907 
3 4801 4893 4773 
3 4804 4894 4801 
3 4894 4893 4801 
3 4895 4804 4802 
3 4788 4878 4802 
3 4802 4878 4895 
3 4878 4879 4895 
3 4804 4895 4894 
3 4895 4855 4894 
3 4895 4897 4855 
3 4855 4896 4898 
3 4897 4896 4855 
3 4897 4895 4879 
3 4897 4901 4896 
3 4898 4896 4899 
3 4899 4900 4898 
3 4903 4900 4899 
3 4896 4903 4899 
3 4901 4902 4896 
3 4902 4903 4896 
3 4903 4926 4900 
3 4905 4926 4903 
3 4902 4904 4903 
3 4904 4905 4903 
3 4880 4906 4879 
3 4879 4906 4897 
3 4897 4906 4901 
3 4901 4906 4908 
3 4907 4906 4880 
3 4906 4907 4908 
3 4901 4908 4902 
3 4907 4970 4908 
3 4902 4908 4904 
3 4892 4970 4907 
3 4909 4823 4915 
3 4910 4909 4915 
3 4820 4909 4911 
3 4849 4820 4911 
3 4911 4850 4849 
3 4850 4911 4912 
3 4944 4850 4912 
3 4912 4911 4831 
3 4831 4911 4826 
3 4830 4912 4831 
3 4913 4911 4909 
3 4826 4911 4913 
3 4913 4909 4910 
3 4915 4914 4916 
3 4915 4916 4834 
3 4910 4915 4836 
3 4836 4915 4834 
3 4836 4834 4917 
3 4983 4917 4918 
3 4841 4917 4983 
3 4841 4919 4843 
3 4919 4841 4983 
3 4920 4923 4862 
3 4921 4862 4923 
3 1894 4862 4921 
3 4863 4930 4920 
3 4930 4923 4920 
3 4930 4922 4923 
3 4922 4921 4923 
3 4924 1897 4921 
3 4922 4924 4921 
3 4930 4932 4922 
3 4924 4922 4925 
3 4932 4925 4922 
3 4867 4930 4863 
3 4867 4928 4930 
3 4929 4928 4867 
3 4928 4932 4930 
3 4929 4932 4928 
3 4868 4931 4867 
3 4931 4929 4867 
3 4868 4926 4931 
3 4931 4933 4929 
3 4933 4932 4929 
3 4933 4940 4932 
3 4931 4927 4933 
3 4933 4927 4941 
3 4924 4934 1897 
3 4935 4934 4924 
3 4936 1899 4934 
3 4935 4936 4934 
3 4925 4935 4924 
3 4940 4935 4925 
3 1899 4936 5004 
3 5005 5004 4936 
3 4942 4937 4935 
3 4942 5006 4937 
3 4935 4937 4936 
3 4937 5005 4936 
3 4972 4938 4941 
3 4940 4925 4932 
3 4941 4943 4940 
3 4933 4941 4940 
3 4938 4943 4941 
3 4940 4942 4935 
3 4943 4942 4940 
3 4938 4939 4943 
3 4939 5014 4943 
3 4912 4830 4950 
3 4944 4912 4950 
3 4946 4944 4948 
3 4947 4946 4948 
3 4948 4944 4945 
3 4948 4945 4949 
3 4949 4947 4948 
3 4945 4944 4950 
3 4950 4830 4956 
3 4887 4947 4952 
3 4949 4952 4947 
3 4891 4887 4954 
3 4887 4952 4954 
3 4951 4952 4949 
3 4952 4951 4955 
3 4952 4955 4954 
3 4955 4951 4953 
3 4891 4954 4892 
3 4954 4971 4892 
3 4892 4971 4970 
3 4955 4971 4954 
3 4955 4953 4971 
3 4950 4956 4957 
3 4843 4919 4956 
3 4957 4956 4919 
3 4945 4950 4957 
3 4958 4949 4957 
3 4957 4949 4945 
3 4949 4958 4951 
3 4960 4958 4957 
3 4951 4958 4953 
3 4960 4961 4958 
3 4958 4961 4953 
3 4957 4919 4960 
3 4959 4960 4919 
3 5027 4919 4983 
3 4959 4919 5027 
3 4960 4959 5028 
3 5029 4961 4960 
3 4961 5029 5037 
3 4953 4961 4962 
3 4974 4962 4963 
3 4961 4964 4962 
3 4961 5037 4964 
3 4964 5037 5036 
3 4962 4964 4963 
3 5036 4963 4964 
3 4963 5036 5047 
3 4971 4953 4962 
3 4962 4974 4971 
3 4905 4965 4926 
3 4965 4931 4926 
3 4904 4966 4967 
3 4966 4968 4967 
3 4905 4967 4965 
3 4904 4967 4905 
3 4968 4965 4967 
3 4965 4927 4931 
3 4927 4965 4969 
3 4968 4969 4965 
3 4969 4972 4927 
3 4972 4941 4927 
3 4968 4974 4969 
3 4966 4974 4968 
3 4908 4970 4904 
3 4970 4966 4904 
3 4966 4970 4971 
3 4966 4971 4974 
3 4972 4973 4938 
3 4969 4975 4972 
3 4974 4975 4969 
3 4975 4973 4972 
3 4975 5045 4973 
3 4974 4976 4975 
3 4976 5045 4975 
3 4976 4974 4963 
3 4973 4939 4938 
3 4976 5046 5045 
3 4976 4963 5046 
3 4963 5047 5046 
3 4832 2304 4979 
3 2303 2304 4832 
3 4979 4833 4832 
3 4977 4833 4979 
3 4979 2304 2305 
3 4978 4833 4977 
3 4977 4979 4980 
3 4980 4979 2307 
3 4981 4977 4980 
3 4981 4978 4977 
3 4991 4981 4980 
3 4918 4834 4978 
3 4978 4981 4985 
3 4982 4918 4978 
3 4982 4983 4918 
3 4984 4983 4982 
3 4985 4982 4978 
3 4988 4982 4985 
3 4984 4982 4988 
3 5027 4983 4984 
3 4987 5027 4984 
3 4987 4984 4988 
3 4985 4997 4988 
3 4986 4988 4997 
3 4987 4988 4989 
3 5030 4987 4989 
3 4989 4988 4986 
3 4999 4989 4986 
3 4980 2307 2500 
3 4991 4980 2500 
3 4990 2500 2499 
3 4991 2500 4990 
3 2499 2502 4990 
3 4995 4992 4991 
3 4992 4981 4991 
3 4995 4991 4990 
3 4995 4990 4994 
3 4994 4990 2502 
3 4995 4993 4992 
3 4995 4994 4996 
3 4993 4995 4996 
3 5001 4993 4996 
3 4997 4985 4981 
3 4992 4997 4981 
3 5000 4997 4992 
3 4999 4997 4998 
3 4998 4997 5000 
3 4999 4986 4997 
3 5039 4999 5002 
3 5000 4992 4993 
3 4993 5001 5000 
3 5062 5000 5001 
3 4998 5000 5062 
3 5002 4998 5062 
3 4999 4998 5002 
3 5002 5003 5040 
3 5004 5008 2506 
3 5005 5008 5004 
3 5005 5007 5008 
3 5006 5007 4937 
3 5015 5007 5006 
3 4937 5007 5005 
3 2506 5008 2507 
3 5008 5009 2507 
3 5007 5009 5008 
3 2507 5009 2510 
3 5007 5015 5009 
3 4939 5011 5014 
3 5012 5014 5011 
3 5011 5050 5012 
3 4943 5013 4942 
3 4942 5013 5006 
3 5013 5016 5006 
3 5016 5015 5006 
3 5013 5012 5016 
3 5014 5013 4943 
3 5014 5012 5013 
3 5016 5010 5015 
3 5016 5022 5010 
3 5012 5022 5016 
3 5009 5017 2510 
3 5015 5021 5009 
3 5021 5017 5009 
3 5017 5019 5018 
3 5010 5021 5015 
3 5021 5019 5017 
3 5021 5024 5020 
3 5020 5019 5021 
3 5407 2513 5017 
3 5018 5407 5017 
3 5407 3767 2513 
3 5019 5020 5018 
3 5020 5408 5018 
3 5020 5094 5408 
3 5050 5025 5012 
3 5025 5050 5052 
3 5025 5052 5026 
3 5022 5021 5010 
3 5022 5024 5021 
3 5012 5025 5022 
3 5025 5024 5022 
3 5024 5102 5020 
3 5102 5094 5020 
3 5024 5023 5102 
3 5023 5024 5025 
3 5026 5023 5025 
3 5027 4987 5030 
3 4959 5027 5030 
3 5032 5028 4959 
3 5030 5032 4959 
3 4960 5028 5029 
3 5037 5029 5033 
3 5034 5029 5028 
3 5032 5034 5028 
3 5029 5034 5033 
3 5030 4989 5031 
3 5032 5030 5031 
3 5031 5034 5032 
3 5035 5033 5034 
3 5031 5035 5034 
3 5038 5047 5036 
3 5041 5043 5048 
3 5037 5033 5038 
3 5033 5035 5038 
3 5038 5035 5041 
3 5048 5047 5038 
3 5038 5036 5037 
3 5038 5041 5048 
3 4999 5031 4989 
3 4999 5039 5031 
3 5031 5039 5040 
3 5031 5040 5035 
3 5039 5002 5040 
3 5040 5041 5035 
3 5042 5043 5041 
3 5042 5041 5040 
3 5040 5003 5042 
3 5042 5003 5067 
3 5043 5042 5044 
3 5067 5044 5042 
3 5044 5067 5123 
3 5045 4939 4973 
3 5045 5011 4939 
3 5011 5045 5046 
3 5011 5046 5048 
3 5048 5043 5049 
3 5048 5049 5011 
3 5049 5050 5011 
3 5048 5046 5047 
3 5051 5049 5043 
3 5049 5051 5050 
3 5050 5051 5052 
3 5043 5044 5051 
3 5051 5044 5053 
3 5123 5053 5044 
3 5125 5053 5123 
3 5051 5053 5052 
3 5052 5053 5026 
3 5026 5053 5125 
3 2502 5054 4994 
3 5054 5056 4994 
3 5060 4996 4994 
3 5001 4996 5061 
3 5060 5061 4996 
3 5060 4994 5056 
3 5056 5055 5057 
3 5073 5057 5055 
3 5056 5054 5055 
3 5057 5058 5059 
3 5056 5057 5059 
3 5058 5057 5078 
3 5059 5058 5065 
3 5065 5058 5078 
3 5059 5060 5056 
3 5062 5001 5061 
3 5062 5061 5063 
3 5061 5060 5063 
3 5066 5002 5062 
3 5063 5066 5062 
3 5002 5066 5003 
3 5065 5064 5059 
3 5063 5060 5064 
3 5064 5060 5059 
3 5068 5063 5064 
3 5068 5066 5063 
3 5085 5068 5064 
3 5003 5066 5067 
3 5067 5066 5070 
3 5067 5070 5122 
3 5068 5069 5066 
3 5085 5069 5068 
3 5066 5069 5070 
3 5122 5070 5071 
3 5070 5069 5089 
3 5089 5071 5070 
3 5089 5069 5086 
3 5099 5089 5086 
3 5072 5071 5089 
3 5074 5057 5073 
3 5074 5073 5076 
3 5076 5077 5074 
3 5078 5057 5074 
3 5078 5074 5077 
3 5078 5077 5079 
3 5065 5078 5079 
3 5076 5075 2582 
3 5080 5077 5076 
3 5079 5077 5080 
3 5081 5076 2582 
3 5080 5076 5081 
3 5080 5081 5168 
3 5168 5165 5080 
3 5080 5082 5079 
3 5165 5082 5080 
3 5084 5079 5082 
3 5083 5084 5082 
3 5090 5084 5083 
3 5087 5064 5065 
3 5064 5087 5085 
3 5065 5079 5087 
3 5084 5087 5079 
3 5086 5069 5085 
3 5085 5087 5088 
3 5088 5086 5085 
3 5072 5089 5128 
3 5128 5089 5154 
3 5087 5090 5088 
3 5087 5084 5090 
3 5088 5090 5115 
3 5090 5083 5171 
3 5115 5090 5171 
3 5408 5092 5091 
3 5093 5092 5408 
3 5094 5093 5408 
3 5094 5097 5093 
3 5092 2583 5091 
3 5095 2584 2583 
3 5092 5095 2583 
3 5092 5096 5095 
3 5107 5108 5095 
3 5096 5107 5095 
3 5097 5098 5092 
3 5097 5092 5093 
3 5094 5105 5097 
3 5105 5098 5097 
3 5098 5096 5092 
3 5105 5109 5098 
3 5117 5109 5105 
3 5146 5104 5103 
3 5099 5101 5100 
3 5101 5104 5100 
3 5102 5023 5104 
3 5102 5105 5094 
3 5026 5103 5023 
3 5104 5023 5103 
3 5102 5106 5105 
3 5102 5104 5106 
3 5106 5117 5105 
3 5106 5104 5101 
3 5106 5101 5116 
3 5095 5108 2584 
3 5108 2596 2584 
3 5098 5109 5096 
3 5109 5107 5096 
3 5118 5107 5109 
3 5111 5107 5118 
3 5113 5111 5118 
3 5108 5110 2596 
3 5110 2598 2596 
3 5108 5107 5110 
3 5110 5185 2598 
3 5112 5185 5110 
3 5110 5107 5111 
3 5111 5112 5110 
3 5111 5113 5112 
3 5114 5101 5086 
3 5114 5086 5115 
3 5088 5115 5086 
3 5114 5115 5119 
3 5101 5099 5086 
3 5089 5099 5154 
3 5099 5100 5154 
3 5115 5171 5119 
3 5119 5171 5184 
3 5114 5116 5101 
3 5116 5118 5117 
3 5114 5119 5116 
3 5116 5119 5118 
3 5106 5116 5117 
3 5109 5117 5118 
3 5118 5119 5120 
3 5119 5184 5120 
3 5118 5120 5113 
3 5124 5067 5121 
3 5121 5067 5122 
3 5123 5067 5124 
3 5124 5125 5123 
3 5148 5125 5124 
3 5122 5126 5121 
3 5122 5071 5126 
3 5071 5072 5126 
3 5127 5124 5121 
3 5127 5121 5126 
3 5132 5127 5130 
3 5148 5124 5127 
3 5148 5127 5159 
3 5127 5132 5159 
3 5072 5131 5126 
3 5072 5128 5131 
3 5127 5126 5130 
3 5130 5126 5129 
3 5129 5126 5131 
3 5133 5129 5131 
3 5131 5128 5133 
3 5132 5130 5139 
3 5132 5139 5159 
3 5134 5129 5133 
3 5137 5130 5129 
3 5134 5137 5129 
3 5136 5134 5133 
3 5133 5128 5135 
3 5133 5135 5136 
3 5139 5130 5137 
3 5137 5134 5138 
3 5140 5139 5141 
3 5137 5138 5139 
3 5139 5138 5141 
3 5125 5142 5026 
3 5026 5142 5103 
3 5142 5147 5103 
3 5143 5147 5142 
3 5147 5146 5103 
3 5144 5147 5143 
3 5125 5148 5145 
3 5145 5148 5149 
3 5142 5125 5145 
3 5142 5145 5143 
3 5143 5145 5144 
3 5144 5151 5147 
3 5100 5146 5150 
3 5146 5100 5104 
3 5147 5150 5146 
3 5151 5150 5147 
3 5148 5159 5149 
3 5145 5149 5144 
3 5144 5149 5151 
3 5149 5152 5151 
3 5155 5150 5151 
3 5155 5151 5152 
3 5149 5159 5152 
3 5159 5160 5152 
3 5152 5160 5155 
3 5154 5100 5153 
3 5153 5156 5154 
3 5156 5135 5154 
3 5153 5100 5150 
3 5156 5153 5150 
3 5157 5150 5155 
3 5157 5156 5150 
3 5161 5158 5155 
3 5158 5157 5155 
3 5128 5154 5135 
3 5135 5156 5206 
3 5158 5156 5157 
3 5210 5156 5158 
3 5210 5206 5156 
3 5164 5210 5158 
3 5140 5159 5139 
3 5155 5160 5161 
3 5159 5140 5160 
3 5160 5140 5163 
3 5160 5163 5161 
3 5140 5141 5162 
3 5141 5164 5162 
3 5140 5162 5163 
3 5161 5163 5158 
3 5164 5158 5163 
3 5163 5162 5164 
3 5081 5166 5168 
3 5168 5166 5167 
3 5166 5175 5167 
3 5172 5167 5175 
3 5174 5166 2743 
3 5166 5174 5175 
3 5167 5165 5168 
3 5167 5172 5165 
3 5169 5082 5165 
3 5169 5083 5082 
3 5165 5172 5169 
3 5170 5171 5083 
3 5083 5169 5170 
3 5169 5172 5173 
3 5169 5173 5170 
3 5174 5176 5175 
3 5177 5175 5176 
3 5176 5174 2844 
3 5172 5175 5178 
3 5180 5175 5177 
3 5178 5175 5180 
3 5178 5179 5172 
3 5179 5173 5172 
3 5179 5178 5181 
3 5181 5178 5180 
3 5179 5181 5193 
3 5181 5180 5182 
3 5182 5193 5181 
3 5193 5182 5216 
3 5184 5171 5170 
3 5184 5170 5183 
3 5183 5170 5173 
3 5184 5183 5192 
3 5192 5183 5194 
3 5113 5188 5112 
3 5188 5113 5187 
3 5188 5185 5112 
3 5188 5186 5185 
3 5188 5187 5190 
3 5186 5188 5190 
3 5197 5186 5190 
3 5187 5191 5190 
3 5186 5197 5189 
3 5120 5184 5192 
3 5120 5192 5187 
3 5113 5120 5187 
3 5187 5192 5191 
3 5192 5194 5191 
3 5193 5183 5173 
3 5173 5179 5193 
3 5183 5193 5194 
3 5193 5195 5194 
3 5195 5193 5216 
3 5199 5190 5191 
3 5190 5199 5197 
3 5200 5197 5199 
3 5198 3870 5196 
3 5194 5195 5201 
3 5191 5194 5199 
3 5199 5194 5201 
3 5201 5195 5233 
3 5201 5200 5199 
3 5200 5201 5202 
3 5413 5412 5200 
3 5200 5202 5413 
3 5234 5202 5233 
3 5202 5201 5233 
3 5203 5202 5234 
3 5203 5413 5202 
3 5134 5136 5204 
3 5205 5136 5135 
3 5136 5205 5204 
3 5209 5204 5205 
3 5138 5134 5204 
3 5141 5138 5211 
3 5211 5138 5204 
3 5211 5204 5209 
3 5206 5205 5135 
3 5206 5208 5205 
3 5205 5208 5209 
3 5207 5209 5208 
3 5210 5208 5206 
3 5207 5208 5210 
3 5164 5207 5210 
3 5141 5211 5164 
3 5207 5211 5209 
3 5207 5164 5211 
3 5176 2844 5212 
3 5177 5176 5212 
3 2844 2846 5212 
3 5214 5177 5212 
3 5212 2846 5213 
3 5213 5219 5212 
3 5219 5214 5212 
3 5220 5214 5219 
3 5213 2855 5219 
3 2855 5224 5219 
3 5214 5180 5177 
3 5182 5180 5214 
3 5215 5182 5214 
3 5216 5182 5215 
3 5214 5217 5215 
3 5218 5216 5215 
3 5217 5218 5215 
3 5217 5214 5220 
3 5222 5218 5217 
3 5221 5220 5223 
3 5222 5217 5220 
3 5222 5220 5221 
3 5229 5222 5221 
3 5239 5222 5229 
3 5239 5218 5222 
3 5227 5224 2855 
3 5220 5219 5223 
3 5219 5224 5223 
3 5226 5221 5223 
3 5221 5226 5225 
3 5223 5224 5226 
3 5238 5229 5225 
3 5228 5227 2990 
3 5228 5226 5224 
3 5226 5228 5237 
3 5224 5227 5228 
3 5247 5237 5228 
3 5229 5221 5225 
3 5239 5229 5230 
3 5229 5256 5230 
3 5231 2774 3870 
3 5231 3870 5198 
3 2886 2774 5231 
3 5216 5218 5232 
3 5195 5216 5232 
3 5195 5232 5233 
3 5240 5232 5218 
3 5233 5232 5236 
3 5233 5236 5234 
3 5427 5234 5236 
3 5235 5427 5236 
3 5226 5237 5225 
3 5237 5238 5225 
3 5238 5249 5255 
3 5239 5240 5218 
3 5240 5236 5232 
3 5229 5238 5256 
3 5240 5239 5241 
3 5241 5239 5230 
3 5255 5256 5238 
3 5256 5257 5230 
3 5241 5230 5257 
3 5241 5257 5258 
3 5240 5241 5243 
3 5241 5258 5243 
3 5243 5242 5240 
3 5236 5240 5242 
3 5236 5242 5235 
3 5244 5235 5242 
3 5242 5243 5259 
3 5259 5244 5242 
3 5244 5259 5245 
3 5228 5246 5247 
3 5250 5247 5246 
3 5250 5246 3002 
3 3002 3007 5269 
3 5247 5248 5237 
3 5247 5250 5251 
3 5251 5248 5247 
3 5248 5238 5237 
3 5248 5249 5238 
3 5252 5248 5251 
3 5253 5248 5252 
3 5253 5252 5270 
3 5251 5267 5252 
3 5249 5248 5253 
3 5254 5253 5270 
3 5257 5256 5255 
3 5257 5255 5260 
3 5260 5255 5249 
3 5258 5257 5260 
3 5243 5258 5262 
3 5243 5262 5263 
3 5243 5263 5259 
3 5261 5260 5254 
3 5258 5260 5261 
3 5249 5253 5260 
3 5260 5253 5254 
3 5264 5262 5258 
3 5261 5264 5258 
3 5265 5263 5262 
3 5264 5265 5262 
3 5259 5263 5266 
3 5263 5265 5266 
3 5245 5259 5266 
3 5250 3002 5267 
3 5251 5250 5267 
3 5269 5267 3002 
3 5252 5267 5268 
3 5268 5270 5252 
3 5267 5269 5268 
3 5270 5278 5280 
3 5270 5280 5254 
3 3008 5276 5269 
3 5269 5276 5268 
3 3135 5277 3008 
3 3008 5277 5276 
3 5270 5268 5271 
3 5270 5271 5272 
3 5455 5273 3032 
3 5274 5271 5273 
3 5272 5271 5274 
3 5278 5272 5275 
3 5278 5270 5272 
3 5268 5276 5271 
3 5276 5277 5294 
3 5273 5271 5276 
3 5276 5294 5273 
3 5296 5273 5294 
3 5278 5275 5279 
3 5275 5499 5279 
3 5254 5283 5261 
3 5264 5261 5283 
3 5265 5264 5281 
3 5283 5281 5264 
3 5254 5280 5283 
3 5283 5280 5282 
3 5303 5283 5282 
3 5281 5283 5303 
3 5266 5265 5284 
3 5281 5284 5265 
3 5477 5266 5284 
3 5280 5278 5282 
3 5278 5279 5282 
3 5284 5281 5285 
3 5285 5281 5287 
3 5287 5281 5303 
3 5285 5287 5286 
3 5315 5285 5286 
3 5284 5288 5477 
3 5288 5481 5477 
3 5288 5482 5481 
3 5288 5291 5482 
3 5284 5285 5289 
3 5316 5289 5315 
3 5289 5285 5315 
3 5290 5284 5289 
3 5290 5289 5317 
3 5317 5289 5316 
3 5317 5318 5290 
3 5290 5318 5291 
3 5288 5284 5290 
3 5290 5291 5288 
3 5277 5293 5294 
3 3136 5293 3134 
3 5295 5293 5300 
3 5300 5293 3136 
3 5293 5295 5294 
3 5296 5294 5295 
3 5296 5295 5297 
3 5297 5498 5296 
3 5299 5300 3136 
3 5297 5295 5300 
3 5300 5299 5308 
3 3136 5298 5299 
3 5309 5298 3136 
3 4030 5309 3136 
3 5301 5297 5300 
3 5308 5301 5300 
3 5297 5301 5302 
3 5282 5279 5304 
3 5305 5303 5282 
3 5304 5305 5282 
3 5303 5305 5287 
3 5304 5306 5305 
3 5306 5304 5505 
3 5286 5287 5306 
3 5305 5306 5287 
3 5307 5286 5306 
3 5286 5307 5315 
3 5510 5321 5307 
3 5314 5321 5510 
3 5299 5298 5308 
3 5308 5298 5312 
3 5298 5309 5521 
3 5298 5521 5312 
3 5312 5313 5308 
3 5311 5301 5308 
3 5313 5311 5308 
3 5302 5301 5310 
3 5311 5310 5301 
3 5521 4050 5331 
3 5521 5331 5332 
3 5521 5332 5312 
3 5313 5312 5332 
3 5311 5523 5310 
3 5311 5336 5522 
3 5315 5321 5316 
3 5318 5317 5320 
3 5307 5321 5315 
3 5291 5318 5319 
3 5318 5320 5319 
3 5291 5319 5292 
3 5319 5575 5574 
3 5321 5323 5316 
3 5322 5317 5316 
3 5316 5323 5322 
3 5322 5320 5317 
3 5319 5320 5575 
3 5324 5575 5320 
3 5321 5314 5323 
3 5322 5324 5320 
3 5322 5323 5325 
3 5325 5324 5322 
3 5581 5323 5314 
3 5323 5581 5325 
3 5325 5327 5324 
3 5324 5326 5575 
3 5327 5326 5324 
3 5325 5581 5327 
3 5334 3209 5328 
3 5329 5334 5328 
3 5330 5329 5328 
3 5332 5333 5335 
3 5333 5332 5331 
3 3209 5333 5331 
3 5334 5333 3209 
3 5335 5333 5334 
3 5331 3144 3209 
3 5331 4050 3144 
3 5335 5313 5332 
3 5336 5311 5313 
3 5335 5336 5313 
3 5336 5335 5337 
3 5334 5337 5335 
3 5334 5329 5337 
3 5329 5330 5338 
3 5337 5329 5340 
3 5336 5337 5339 
3 5337 5340 5339 
3 5330 5341 5338 
3 5341 5346 5338 
3 5329 5338 5340 
3 5340 5338 5631 
3 5631 5346 5342 
3 5338 5346 5631 
3 5346 5345 5342 
3 5341 5330 5343 
3 5343 5344 5341 
3 5346 5341 5347 
3 5347 5341 5344 
3 5344 5343 3222 
3 5344 3222 5349 
3 5345 5346 5347 
3 5347 5636 5345 
3 5349 3222 3261 
3 5348 5344 5349 
3 5347 5344 5348 
3 5785 5348 5349 
3 5348 5784 5347 
3 5347 5784 5636 
3 5784 5348 5785 
3 5785 5349 5350 
3 5353 5365 4459 
3 5365 5353 5352 
3 5353 4459 4460 
3 5356 5353 4460 
3 5354 5355 5356 
3 5356 5355 5357 
3 5357 5353 5356 
3 5357 5352 5353 
3 5357 5355 5368 
3 5358 5359 5351 
3 5358 5360 5359 
3 5355 5354 5392 
3 5363 5361 5370 
3 5362 5361 5376 
3 5361 5362 4518 
3 5376 5361 5363 
3 5376 5363 5388 
3 5388 5363 5364 
3 5363 5370 5364 
3 5361 4518 5366 
3 5366 5370 5361 
3 4522 5365 5352 
3 4522 5352 5366 
3 5357 5375 5352 
3 5375 5366 5352 
3 5366 5371 5370 
3 5371 5366 5375 
3 5357 5368 5369 
3 5369 5368 5367 
3 5375 5369 5371 
3 5367 5373 5369 
3 5372 5373 4523 
3 5371 5372 5370 
3 5373 5372 5371 
3 5374 5373 5367 
3 5374 4523 5373 
3 5369 5373 5371 
3 5375 5357 5369 
3 5362 5376 5378 
3 5379 5381 5377 
3 5376 5379 5378 
3 5378 5379 5377 
3 5376 5380 5379 
3 5376 5388 5380 
3 5380 5388 5364 
3 5370 5391 5364 
3 5380 5386 5389 
3 5364 5386 5380 
3 5391 5385 5364 
3 5385 5386 5364 
3 5387 5381 5379 
3 5389 5386 5382 
3 5386 5383 5382 
3 5384 5385 5390 
3 5385 5383 5386 
3 5385 5384 5383 
3 5387 5379 5389 
3 5380 5389 5379 
3 5389 5382 5387 
3 4523 4540 5391 
3 4523 5391 5372 
3 4540 5390 5391 
3 5370 5372 5391 
3 5390 5385 5391 
3 5355 5392 5368 
3 5368 5392 5367 
3 4591 5393 5384 
3 5383 5394 5382 
3 5394 5383 5393 
3 5383 5384 5393 
3 1116 3485 5393 
3 5394 5393 3485 
3 1410 4669 5395 
3 4669 4670 5395 
3 5395 5399 1410 
3 5395 4670 4672 
3 4672 5396 5395 
3 5396 5399 5395 
3 5399 5398 1410 
3 5399 5401 5398 
3 5401 5400 5398 
3 5400 5401 5403 
3 5399 5402 5401 
3 5402 5399 5396 
3 4686 5396 5397 
3 5403 3541 5400 
3 5402 5405 5401 
3 5401 5405 5403 
3 5404 3542 5403 
3 5403 5405 5404 
3 5404 4690 5406 
3 5406 4690 3553 
3 5407 5091 3767 
3 5018 5408 5407 
3 5408 5091 5407 
3 2598 5409 3807 
3 5409 3851 3807 
3 5185 5409 2598 
3 5185 5186 5409 
3 5409 5189 3851 
3 5186 5189 5409 
3 5189 5411 3851 
3 5410 5411 5189 
3 5411 5196 3868 
3 5410 5196 5411 
3 5189 5197 5410 
3 5197 5412 5410 
3 5197 5200 5412 
3 5198 5196 5410 
3 5198 5410 5412 
3 5414 5231 5198 
3 5412 5414 5198 
3 5416 5414 5412 
3 5413 5416 5412 
3 5417 2886 5231 
3 5417 5231 5414 
3 5413 5415 5416 
3 5422 5416 5415 
3 5416 5419 5414 
3 5419 5417 5414 
3 5419 5416 5422 
3 3876 2886 5417 
3 5417 5418 3876 
3 5417 5420 5418 
3 5419 5420 5417 
3 5422 5421 5419 
3 5425 5420 5421 
3 5420 5419 5421 
3 5425 5428 5420 
3 5413 5203 5415 
3 5203 5422 5415 
3 5423 5422 5203 
3 5234 5423 5203 
3 5423 5424 5422 
3 5427 5423 5234 
3 5424 5421 5422 
3 5426 5425 5421 
3 5424 5426 5421 
3 5235 5436 5427 
3 5424 5423 5427 
3 5437 5424 5427 
3 5424 5437 5426 
3 5420 5428 5418 
3 5428 5430 5418 
3 5428 5431 5430 
3 5431 5428 5429 
3 5429 5428 5425 
3 5431 3920 5430 
3 3920 5431 5442 
3 5432 5431 5429 
3 5433 5444 5432 
3 5444 5431 5432 
3 5444 5442 5431 
3 5426 5434 5425 
3 5439 5434 5426 
3 5434 5435 5425 
3 5435 5429 5425 
3 5439 5435 5434 
3 5244 5436 5235 
3 5427 5436 5437 
3 5437 5439 5426 
3 5436 5439 5437 
3 5441 5439 5436 
3 5435 5432 5429 
3 5440 5432 5435 
3 5441 5440 5435 
3 5244 5245 5438 
3 5436 5244 5438 
3 5436 5438 5441 
3 5441 5438 5448 
3 5435 5439 5441 
3 5440 5433 5432 
3 5443 3920 5442 
3 5443 3919 3920 
3 5454 5442 5444 
3 5454 5443 5442 
3 5450 5454 5444 
3 5438 5245 5445 
3 5438 5445 5448 
3 5448 5445 5478 
3 5245 5266 5445 
3 5445 5266 5477 
3 5445 5477 5478 
3 5444 5433 5450 
3 5440 5446 5433 
3 5446 5450 5433 
3 5441 5446 5440 
3 5441 5447 5446 
3 5451 5450 5446 
3 5447 5451 5446 
3 5441 5448 5447 
3 5449 5447 5448 
3 5449 5448 5478 
3 5451 5447 5452 
3 5452 5449 5453 
3 5452 5447 5449 
3 5453 5466 5452 
3 5470 5466 5453 
3 5274 5273 5455 
3 5455 5457 5274 
3 5274 5457 5272 
3 5455 5456 5457 
3 5443 5454 3924 
3 3924 5454 5455 
3 5275 5272 5457 
3 5456 5455 5454 
3 5459 5456 5454 
3 5460 5456 5459 
3 5499 5275 5457 
3 5456 5499 5457 
3 5456 5458 5499 
3 5460 5458 5456 
3 5460 5507 5458 
3 3931 5462 5461 
3 3931 5497 5462 
3 5497 5500 5462 
3 5501 5462 5500 
3 5501 5463 5462 
3 5468 5460 5459 
3 5507 5460 5468 
3 5451 5464 5450 
3 5464 5454 5450 
3 5464 5459 5454 
3 5452 5464 5451 
3 5452 5465 5464 
3 5459 5464 5465 
3 5467 5465 5452 
3 5452 5466 5467 
3 5470 5490 5466 
3 5490 5467 5466 
3 5468 5459 5465 
3 5468 5512 5507 
3 5465 5512 5468 
3 5467 5469 5465 
3 5467 5494 5469 
3 5467 5490 5494 
3 5494 5587 5469 
3 5462 5471 3971 
3 3971 5471 3972 
3 5462 5463 5471 
3 5471 5463 5473 
3 5472 5471 5473 
3 5463 5474 5473 
3 5473 5475 5472 
3 5475 5542 5472 
3 5473 5474 5475 
3 5474 5463 5476 
3 5472 5542 3977 
3 5542 3979 3977 
3 5480 5449 5478 
3 5449 5479 5453 
3 5480 5479 5449 
3 5453 5479 5470 
3 5481 5483 5477 
3 5291 5484 5482 
3 5481 5482 5488 
3 5478 5477 5483 
3 5483 5481 5488 
3 5483 5488 5485 
3 5482 5484 5488 
3 5491 5488 5484 
3 5484 5291 5292 
3 5491 5292 5574 
3 5484 5292 5491 
3 5483 5480 5478 
3 5480 5483 5485 
3 5480 5485 5486 
3 5480 5486 5479 
3 5487 5479 5486 
3 5488 5491 5485 
3 5485 5491 5489 
3 5486 5485 5489 
3 5486 5489 5487 
3 5491 5492 5489 
3 5492 5491 5578 
3 5492 5496 5489 
3 5578 5496 5492 
3 5493 5496 5578 
3 5479 5487 5470 
3 5487 5490 5470 
3 5487 5495 5490 
3 5490 5495 5494 
3 5489 5496 5487 
3 5487 5496 5495 
3 5497 5296 5498 
3 5497 5498 5500 
3 5498 5297 5302 
3 5498 5302 5502 
3 5500 5498 5502 
3 5502 5302 5520 
3 5500 5502 5501 
3 5501 5502 5503 
3 5503 5502 5528 
3 5499 5504 5279 
3 5279 5504 5304 
3 5458 5504 5499 
3 5304 5504 5506 
3 5505 5304 5506 
3 5458 5507 5504 
3 5504 5508 5506 
3 5507 5508 5504 
3 5509 5505 5506 
3 5509 5506 5508 
3 5505 5307 5306 
3 5505 5510 5307 
3 5511 5530 5529 
3 5510 5529 5314 
3 5529 5534 5314 
3 5505 5509 5510 
3 5509 5511 5510 
3 5510 5511 5529 
3 5507 5512 5508 
3 5508 5514 5509 
3 5469 5512 5465 
3 5513 5512 5469 
3 5508 5513 5514 
3 5508 5512 5513 
3 5469 5587 5513 
3 5513 5587 5552 
3 5509 5514 5511 
3 5514 5530 5511 
3 5514 5515 5530 
3 5530 5515 5516 
3 5528 5541 5503 
3 5503 5541 5553 
3 5541 5517 5518 
3 5541 5518 5553 
3 5516 5515 5517 
3 5515 5519 5517 
3 5519 5518 5517 
3 5515 5514 5513 
3 5513 5519 5515 
3 5556 5519 5513 
3 5556 5513 5552 
3 5309 4045 5521 
3 4047 5521 4045 
3 5520 5302 5310 
3 5520 5310 5527 
3 5528 5502 5520 
3 5310 5523 5527 
3 5522 5523 5311 
3 5523 5522 5524 
3 4059 5546 5557 
3 5525 4059 5557 
3 5526 5562 5614 
3 5520 5531 5528 
3 5532 5529 5530 
3 5529 5532 5534 
3 5520 5527 5531 
3 5527 5533 5531 
3 5532 5531 5533 
3 5534 5532 5536 
3 5536 5532 5533 
3 5314 5534 5538 
3 5314 5538 5535 
3 5533 5527 5536 
3 5527 5523 5621 
3 5536 5527 5621 
3 5537 5536 5621 
3 5621 5523 5524 
3 5538 5534 5539 
3 5538 5539 5540 
3 5538 5540 5535 
3 5534 5536 5539 
3 5539 5536 5537 
3 5539 5537 5623 
3 5531 5541 5528 
3 5532 5516 5531 
3 5531 5516 5541 
3 5516 5532 5530 
3 5541 5516 5517 
3 5475 5543 5542 
3 5543 5544 5542 
3 5544 4093 5542 
3 4093 5544 4084 
3 5501 5476 5463 
3 5553 5476 5501 
3 5476 5553 5549 
3 5543 5474 5476 
3 5474 5543 5475 
3 5543 5476 5549 
3 5545 5543 5549 
3 5543 5545 5544 
3 5546 4034 4086 
3 5546 5547 5559 
3 5546 4086 5547 
3 4086 5548 5547 
3 5548 4086 4084 
3 4084 5544 5548 
3 5550 5547 5548 
3 5545 5548 5544 
3 5559 5547 5550 
3 5553 5501 5503 
3 5550 5548 5545 
3 5549 5551 5545 
3 5545 5551 5555 
3 5555 5550 5545 
3 3979 5542 4093 
3 5549 5553 5554 
3 5554 5553 5518 
3 5565 5518 5519 
3 5549 5554 5551 
3 5554 5563 5551 
3 5551 5563 5555 
3 5552 5591 5556 
3 5565 5519 5556 
3 5556 5591 5567 
3 5557 5546 5559 
3 5557 5559 5558 
3 5558 5525 5557 
3 5558 5561 5525 
3 5559 5550 5560 
3 5558 5559 5560 
3 5555 5560 5550 
3 5561 4112 5525 
3 5562 5561 5558 
3 5561 4063 4112 
3 5526 4063 5561 
3 5562 5526 5561 
3 5560 5562 5558 
3 5614 5562 5653 
3 5562 5560 5653 
3 5565 5554 5518 
3 5554 5565 5564 
3 5563 5554 5564 
3 5563 5571 5555 
3 5571 5560 5555 
3 5564 5571 5563 
3 5565 5556 5566 
3 5568 5565 5566 
3 5556 5567 5566 
3 5565 5568 5564 
3 5568 5566 5569 
3 5568 5571 5564 
3 5569 5566 5570 
3 5566 5567 5570 
3 5653 5560 5571 
3 5664 5653 5571 
3 5569 5572 5568 
3 5573 5572 5569 
3 5568 5664 5571 
3 5572 5664 5568 
3 5292 5319 5574 
3 5574 5575 5576 
3 5574 5576 5577 
3 5577 5578 5491 
3 5574 5577 5491 
3 5578 5577 5493 
3 5577 5576 5585 
3 5585 5493 5577 
3 5579 5493 5585 
3 5579 5585 5594 
3 5314 5535 5581 
3 5576 5575 5326 
3 5585 5576 5580 
3 5580 5576 5583 
3 5326 5583 5576 
3 5327 5581 5582 
3 5584 5327 5582 
3 5535 5582 5581 
3 5700 5535 5540 
3 5700 5582 5535 
3 5584 5582 5704 
3 5326 5327 5584 
3 5326 5584 5583 
3 5710 5580 5583 
3 5583 5584 5710 
3 5586 5585 5580 
3 5585 5586 5594 
3 5586 5580 5710 
3 5710 5711 5586 
3 5586 5711 5713 
3 5594 5586 5713 
3 5713 5711 5714 
3 5587 5494 5495 
3 5495 5588 5587 
3 5587 5588 5552 
3 5591 5552 5588 
3 5495 5589 5588 
3 5589 5591 5588 
3 5496 5493 5590 
3 5495 5496 5590 
3 5589 5495 5590 
3 5590 5592 5589 
3 5493 5579 5590 
3 5589 5595 5591 
3 5595 5596 5591 
3 5595 5589 5592 
3 5590 5579 5592 
3 5579 5593 5592 
3 5593 5579 5594 
3 5593 5595 5592 
3 5591 5596 5567 
3 5567 5596 5598 
3 5600 5598 5596 
3 5598 5597 5567 
3 5597 5570 5567 
3 5593 5594 5599 
3 5594 5713 5599 
3 5595 5593 5596 
3 5593 5600 5596 
3 5593 5599 5607 
3 5593 5607 5600 
3 5569 5601 5573 
3 5601 5569 5570 
3 5601 5570 5603 
3 5603 5570 5597 
3 5601 5602 5573 
3 5600 5597 5598 
3 5597 5604 5603 
3 5600 5605 5597 
3 5605 5604 5597 
3 5606 5605 5600 
3 5600 5607 5606 
3 5740 5604 5605 
3 5606 5756 5605 
3 5713 5608 5599 
3 5599 5608 5607 
3 5609 5607 5608 
3 5609 5756 5606 
3 5609 5606 5607 
3 5522 5336 5610 
3 5522 5610 5524 
3 5336 5339 5610 
3 5524 5610 5611 
3 5340 5631 5612 
3 5612 5631 5619 
3 5339 5340 5610 
3 5340 5612 5610 
3 5611 5610 5612 
3 5526 5613 4176 
3 5526 4176 4063 
3 5613 5526 5614 
3 5615 5613 5614 
3 5614 5650 5615 
3 4179 5613 5615 
3 5616 4179 5615 
3 5615 5650 5617 
3 5615 5617 5616 
3 5616 5617 5637 
3 5617 5638 5637 
3 5612 5618 5611 
3 5619 5618 5612 
3 5620 5619 5639 
3 5618 5619 5620 
3 5622 5621 5524 
3 5611 5622 5524 
3 5621 5623 5537 
3 5623 5621 5622 
3 5627 5625 5623 
3 5623 5622 5627 
3 5625 5540 5539 
3 5539 5623 5625 
3 5624 5627 5622 
3 5627 5628 5625 
3 5628 5702 5625 
3 5622 5611 5618 
3 5618 5624 5622 
3 5618 5620 5624 
3 5626 5628 5627 
3 5628 5626 5629 
3 5702 5628 5629 
3 5630 5702 5629 
3 5735 5629 5667 
3 5669 5667 5626 
3 5667 5629 5626 
3 5629 5735 5630 
3 5631 5342 5632 
3 5619 5631 5632 
3 5633 5632 5634 
3 5342 5345 5632 
3 5634 5632 5345 
3 5345 5635 5634 
3 5635 5345 5636 
3 5634 5635 5641 
3 5642 5641 5635 
3 5636 5642 5635 
3 5619 5632 5639 
3 5639 5632 5633 
3 5616 5637 4199 
3 5638 5677 5637 
3 5640 5620 5639 
3 5640 5639 5633 
3 5624 5620 5640 
3 5633 5634 5641 
3 5641 5640 5633 
3 5640 5641 5624 
3 5624 5641 5642 
3 5637 5677 4201 
3 5636 5643 5642 
3 5627 5624 5645 
3 5645 5624 5644 
3 5693 5626 5645 
3 5645 5626 5627 
3 5642 5644 5624 
3 5644 5642 5643 
3 5645 5647 5693 
3 5644 5647 5645 
3 5669 5626 5693 
3 5644 5643 5646 
3 5644 5646 5647 
3 5647 5646 5800 
3 5802 5800 5646 
3 5651 5614 5653 
3 5614 5651 5650 
3 5651 5652 5650 
3 5653 5654 5651 
3 5655 5652 5651 
3 5655 5651 5654 
3 5617 5650 5656 
3 5656 5650 5652 
3 5638 5617 5656 
3 5638 5656 5657 
3 5652 5655 5656 
3 5659 5654 5658 
3 5660 5659 5661 
3 5661 5659 5658 
3 5660 5655 5659 
3 5654 5659 5655 
3 5660 5874 5876 
3 5660 5661 5874 
3 5655 5662 5656 
3 5657 5656 5662 
3 5655 5660 5663 
3 5655 5663 5662 
3 5660 5876 5663 
3 5664 5654 5653 
3 5572 5573 5665 
3 5573 5666 5665 
3 5668 5734 5667 
3 5735 5667 5734 
3 5668 5667 5669 
3 5734 5668 5666 
3 5668 5669 5673 
3 5654 5664 5658 
3 5658 5664 5670 
3 5665 5670 5664 
3 5670 5665 5671 
3 5670 5661 5658 
3 5572 5665 5664 
3 5665 5666 5672 
3 5665 5672 5671 
3 5674 5671 5672 
3 5670 5874 5661 
3 5670 5878 5874 
3 5671 5878 5670 
3 5675 5671 5674 
3 5878 5671 5675 
3 5672 5666 5668 
3 5668 5673 5672 
3 5674 5672 5673 
3 5657 5676 5638 
3 5677 5638 5678 
3 5679 5677 5678 
3 5679 4201 5677 
3 5679 5818 4201 
3 5638 5676 5678 
3 5678 5676 5682 
3 5678 5682 5680 
3 4245 5818 4246 
3 5818 5679 4246 
3 5679 5678 5680 
3 5680 4246 5679 
3 5686 4246 5680 
3 5657 5662 5681 
3 5676 5657 5681 
3 5676 5681 5682 
3 5662 5663 5681 
3 5663 5683 5681 
3 5684 5685 5681 
3 5684 5681 5683 
3 5686 5680 5682 
3 5682 5681 5685 
3 4246 5682 4250 
3 5682 4246 5686 
3 5682 5687 4250 
3 5685 5687 5682 
3 5688 5687 5685 
3 5691 5687 5688 
3 5689 5688 5685 
3 5688 5689 5690 
3 5684 5689 5685 
3 5684 5690 5689 
3 5684 5881 5690 
3 5881 5882 5690 
3 5690 5691 5688 
3 5882 5691 5690 
3 5693 5647 5692 
3 5692 5669 5693 
3 5669 5692 5673 
3 5692 5694 5696 
3 5692 5647 5694 
3 5647 5800 5694 
3 5694 5800 5823 
3 5648 5825 5649 
3 5823 5696 5694 
3 5760 5695 5825 
3 5695 5827 5825 
3 5673 5692 5699 
3 5673 5699 5674 
3 5692 5696 5699 
3 5675 5674 5697 
3 5699 5697 5674 
3 5699 5696 5698 
3 5823 5698 5696 
3 5699 5900 5697 
3 5698 5900 5699 
3 5698 5832 5900 
3 5540 5625 5700 
3 5582 5700 5704 
3 5705 5700 5701 
3 5704 5700 5705 
3 5700 5625 5702 
3 5701 5700 5702 
3 5701 5703 5705 
3 5710 5584 5704 
3 5706 5704 5705 
3 5710 5704 5706 
3 5706 5705 5707 
3 5707 5705 5703 
3 5706 5707 5712 
3 5701 5702 5630 
3 5630 5721 5708 
3 5630 5708 5701 
3 5701 5708 5703 
3 5630 5720 5721 
3 5722 5703 5708 
3 5703 5722 5707 
3 5707 5709 5712 
3 5711 5710 5706 
3 5711 5706 5712 
3 5712 5715 5711 
3 5714 5711 5715 
3 5713 5714 5748 
3 5715 5712 5716 
3 5716 5712 5709 
3 5729 5716 5709 
3 5714 5715 5717 
3 5748 5714 5717 
3 5716 5718 5715 
3 5715 5718 5717 
3 5751 5748 5717 
3 5721 5719 5708 
3 5648 5721 5720 
3 5707 5722 5723 
3 5722 5708 5719 
3 5709 5707 5723 
3 5709 5723 5724 
3 5709 5724 5777 
3 5777 5724 5761 
3 5726 5725 5719 
3 5854 5725 5726 
3 5854 5728 5725 
3 5726 5719 5721 
3 5721 5648 5726 
3 5648 5649 5726 
3 5719 5727 5722 
3 5725 5727 5719 
3 5722 5727 5723 
3 5727 5725 5728 
3 5723 5727 5724 
3 5724 5763 5761 
3 5727 5728 5724 
3 5724 5728 5763 
3 5709 5777 5729 
3 5718 5729 5730 
3 5718 5716 5729 
3 5729 5779 5730 
3 5730 5779 5732 
3 5717 5718 5731 
3 5731 5718 5730 
3 5731 5730 5732 
3 5751 5717 5731 
3 5751 5731 5782 
3 5732 5782 5731 
3 5601 5603 5602 
3 5602 5603 5604 
3 5733 5602 5604 
3 5733 5736 5602 
3 5602 5666 5573 
3 5602 5736 5666 
3 5735 5720 5630 
3 5735 5760 5720 
3 5734 5737 5735 
3 5735 5737 5760 
3 5734 5666 5736 
3 5737 5736 5738 
3 5738 5736 5733 
3 5734 5736 5737 
3 5695 5737 5738 
3 5733 5604 5740 
3 5740 5739 5733 
3 5605 5756 5740 
3 5741 5740 5756 
3 5741 5739 5740 
3 5733 5739 5738 
3 5739 5744 5738 
3 5739 5743 5744 
3 5738 5744 5695 
3 5745 5743 5739 
3 5743 5766 5744 
3 5741 5742 5739 
3 5742 5745 5739 
3 5745 5742 5747 
3 5758 5746 5742 
3 5746 5747 5742 
3 5747 5743 5745 
3 5768 5743 5747 
3 5713 5748 5608 
3 5750 5608 5748 
3 5750 5757 5609 
3 5750 5609 5608 
3 5750 5748 5753 
3 5749 5757 5750 
3 5759 5755 5781 
3 5751 5753 5748 
3 5751 5752 5753 
3 5782 5752 5751 
3 5749 5750 5754 
3 5750 5753 5754 
3 5753 5752 5754 
3 5754 5752 5755 
3 5741 5756 5757 
3 5756 5609 5757 
3 5757 5758 5741 
3 5758 5742 5741 
3 5757 5749 5758 
3 5746 5758 5759 
3 5749 5754 5759 
3 5749 5759 5758 
3 5759 5781 5780 
3 5746 5759 5780 
3 5754 5755 5759 
3 5720 5760 5648 
3 5760 5825 5648 
3 5737 5695 5760 
3 5761 5778 5777 
3 5778 5764 5780 
3 5770 5695 5762 
3 5827 5695 5770 
3 5761 5763 5765 
3 5764 5778 5761 
3 5761 5765 5764 
3 5744 5767 5762 
3 5695 5744 5762 
3 5767 5744 5766 
3 5762 5767 5774 
3 5764 5769 5780 
3 5764 5773 5769 
3 5768 5766 5743 
3 5769 5747 5746 
3 5747 5769 5768 
3 5768 5769 5775 
3 5766 5768 5767 
3 5775 5767 5768 
3 5775 5774 5767 
3 5769 5773 5775 
3 5770 5762 5774 
3 5774 5772 5770 
3 5772 5771 5770 
3 5773 5764 5765 
3 5772 5774 5775 
3 5773 5776 5775 
3 5775 5776 5772 
3 5729 5777 5779 
3 5779 5777 5778 
3 5732 5779 5783 
3 5779 5778 5781 
3 5781 5778 5780 
3 5779 5781 5755 
3 5783 5779 5755 
3 5732 5783 5782 
3 5755 5752 5783 
3 5752 5782 5783 
3 5746 5780 5769 
3 5784 5786 5636 
3 5786 5784 5785 
3 5793 5786 5785 
3 5786 5793 5789 
3 5788 5785 5350 
3 5350 5787 5788 
3 5788 5787 5790 
3 5788 5790 5795 
3 5793 5785 5788 
3 5788 5795 5793 
3 4291 5790 5787 
3 4291 5791 5790 
3 5790 5791 5792 
3 5790 5792 5795 
3 5792 5791 5821 
3 5795 5794 5793 
3 5794 5789 5793 
3 5795 5792 5794 
3 5794 5792 5796 
3 5794 5796 5789 
3 5797 5796 5792 
3 5796 5797 5807 
3 5636 5786 5643 
3 5643 5786 5798 
3 5786 5789 5798 
3 5643 5798 5646 
3 5646 5798 5802 
3 5789 5801 5798 
3 5801 5802 5798 
3 5801 5789 5799 
3 5802 5824 5800 
3 5803 5726 5649 
3 5799 5789 5796 
3 5801 5799 5804 
3 5799 5796 5804 
3 5804 5805 5801 
3 5802 5801 5805 
3 5802 5805 5806 
3 5804 5796 5807 
3 5804 5807 5805 
3 5806 5805 5808 
3 5805 5807 5808 
3 5824 5802 5806 
3 5807 5797 5809 
3 5829 5824 5806 
3 5808 5811 5806 
3 5806 5811 5829 
3 5807 5809 5808 
3 5808 5809 5812 
3 5842 5812 5809 
3 5811 5808 5812 
3 5812 5813 5811 
3 5842 5813 5812 
3 5814 5829 5811 
3 5814 5811 5813 
3 5814 5813 5815 
3 5843 5810 5815 
3 5814 5815 5810 
3 5815 5813 5817 
3 5817 5813 5842 
3 5817 5842 5816 
3 5848 5843 5815 
3 5817 5848 5815 
3 5818 5819 4293 
3 4201 5818 4293 
3 5791 4293 5819 
3 5819 5820 5821 
3 5821 5791 5819 
3 5820 5822 5821 
3 5821 5822 5837 
3 5821 5837 5797 
3 5797 5837 5836 
3 5797 5792 5821 
3 5838 5837 5822 
3 5838 5822 4340 
3 5838 4340 4341 
3 5800 5824 5823 
3 5830 5803 5649 
3 5825 5826 5649 
3 5830 5649 5826 
3 5823 5824 5831 
3 5831 5826 5828 
3 5825 5827 5826 
3 5827 5828 5826 
3 5826 5829 5830 
3 5830 5829 5814 
3 5803 5830 5810 
3 5830 5814 5810 
3 5824 5829 5831 
3 5826 5831 5829 
3 5831 5698 5823 
3 5698 5831 5832 
3 5831 5828 5833 
3 5833 5832 5831 
3 5828 5835 5833 
3 5833 5834 5832 
3 5835 5834 5833 
3 5809 5797 5842 
3 5842 5797 5836 
3 5837 5838 5840 
3 5838 4341 5839 
3 5840 5838 5839 
3 5836 5837 5840 
3 5836 5840 5851 
3 5851 5839 5841 
3 5851 5840 5839 
3 5851 5841 5852 
3 5846 5816 5842 
3 5842 5836 5846 
3 5846 5836 5851 
3 5848 5844 5843 
3 5870 5843 5844 
3 5844 5845 5870 
3 5845 5844 5850 
3 5851 5847 5846 
3 5844 5848 5850 
3 5847 5816 5846 
3 5816 5849 5817 
3 5816 5847 5849 
3 5817 5849 5848 
3 5849 6003 5848 
3 5850 5848 6003 
3 5850 5872 5845 
3 5994 5847 5851 
3 5872 5850 5871 
3 6003 5871 5850 
3 5803 5853 5726 
3 5726 5853 5854 
3 5855 5728 5854 
3 5855 5854 5853 
3 5855 5857 5859 
3 5728 5859 5763 
3 5855 5859 5728 
3 5856 5853 5803 
3 5855 5853 5856 
3 5803 5810 5856 
3 5856 5857 5855 
3 5856 5810 5858 
3 5857 5856 5858 
3 5843 5858 5810 
3 5859 5861 5860 
3 5763 5859 5860 
3 5763 5860 5765 
3 5857 5861 5859 
3 5861 5857 5869 
3 5860 5861 5862 
3 5827 5770 5828 
3 5770 5835 5828 
3 5835 5770 5863 
3 5772 5776 5771 
3 5771 5863 5770 
3 5771 5963 5863 
3 5765 5864 5773 
3 5765 5860 5864 
3 5860 5862 5864 
3 5866 5864 5862 
3 5864 5776 5773 
3 5776 5864 5771 
3 5864 5866 5771 
3 5866 5862 5865 
3 5861 5865 5862 
3 5861 5869 5865 
3 5866 5867 5771 
3 5865 5867 5866 
3 5868 5867 5865 
3 5858 5843 5870 
3 5857 5858 5869 
3 5870 5869 5858 
3 5870 5865 5869 
3 5865 5870 5845 
3 5868 5865 5845 
3 5845 5872 5868 
3 5867 5868 5964 
3 5868 5872 5964 
3 5964 5872 5965 
3 6003 6004 5871 
3 5872 5871 5873 
3 5872 5873 5965 
3 5875 5876 5874 
3 5877 5876 5875 
3 5878 5875 5874 
3 5875 5878 5877 
3 5894 5877 5878 
3 5683 5663 5876 
3 5683 5879 5684 
3 5684 5879 5881 
3 5876 5877 5683 
3 5879 5889 5881 
3 5691 4254 5687 
3 5880 5691 5887 
3 5691 5880 4254 
3 5882 5881 5883 
3 5887 5883 5886 
3 5889 5883 5881 
3 5883 5889 5886 
3 5691 5882 5883 
3 5691 5883 5887 
3 4366 5880 5888 
3 5887 5888 5880 
3 5884 4366 5888 
3 5888 5885 5884 
3 5885 5932 5903 
3 5885 5903 5884 
3 5886 5890 5888 
3 5887 5886 5888 
3 5889 5890 5886 
3 5897 5890 5889 
3 5890 5885 5888 
3 5891 5885 5890 
3 5885 5891 5892 
3 5892 5932 5885 
3 5891 5911 5892 
3 5894 5878 5675 
3 5895 5894 5675 
3 5877 5894 5683 
3 5893 5683 5894 
3 5893 5879 5683 
3 5893 5897 5879 
3 5897 5889 5879 
3 5894 5895 5893 
3 5896 5895 5675 
3 5675 5697 5896 
3 5897 5893 5898 
3 5897 5898 5899 
3 5895 5898 5893 
3 5896 5697 5900 
3 5901 5895 5900 
3 5895 5896 5900 
3 5900 5832 5901 
3 5901 5832 5908 
3 5895 5901 5898 
3 5901 5908 5898 
3 5890 5897 5899 
3 5891 5890 5899 
3 5899 5902 5891 
3 5903 5932 5931 
3 5932 5892 5904 
3 5905 4399 5906 
3 5907 4401 4420 
3 5925 4401 5907 
3 5906 4399 4401 
3 5925 5906 4401 
3 5908 5832 5834 
3 5898 5909 5899 
3 5909 5898 5908 
3 5834 5910 5908 
3 5962 5910 5834 
3 5962 5834 5835 
3 5910 5962 5927 
3 5962 5964 5927 
3 5908 5914 5909 
3 5908 5910 5914 
3 5927 5914 5910 
3 5902 5899 5909 
3 5902 5911 5891 
3 5902 5913 5911 
3 5912 5913 5902 
3 5909 5912 5902 
3 5912 5909 5914 
3 5914 5915 5912 
3 5927 5965 5914 
3 5916 5915 5914 
3 5915 5913 5912 
3 5915 5916 5968 
3 4341 5917 5839 
3 5839 5917 5920 
3 5917 5918 5920 
3 4407 5919 5918 
3 5918 5919 5920 
3 5905 4407 4395 
3 4407 5905 5919 
3 5920 5919 5921 
3 5841 5920 5921 
3 5841 5839 5920 
3 5921 5919 5924 
3 5921 5924 5923 
3 5922 5841 5921 
3 5852 5841 5922 
3 5921 5923 5922 
3 5919 5905 5924 
3 5905 5926 5924 
3 5905 5906 5926 
3 5926 5906 5925 
3 5926 5925 5949 
3 5927 5964 5965 
3 5922 5923 5928 
3 5928 6019 5922 
3 5951 5924 5926 
3 5926 5949 5951 
3 5916 5914 5965 
3 5966 5916 5965 
3 5969 5968 5916 
3 5923 5924 5951 
3 5928 5923 5951 
3 5928 5929 6019 
3 5930 5928 5951 
3 5951 5956 5930 
3 5928 5930 5929 
3 5931 5933 4419 
3 5932 5933 5931 
3 4419 5933 5934 
3 5934 5938 5935 
3 5938 5934 5933 
3 5933 5932 5937 
3 5904 5937 5932 
3 5936 5904 5892 
3 5933 5937 5938 
3 5942 5938 5937 
3 5904 5942 5937 
3 5934 5907 4420 
3 5935 5907 5934 
3 5935 5938 5944 
3 5935 5925 5907 
3 5939 5925 5935 
3 5935 5944 5939 
3 5911 5936 5892 
3 5936 5940 5904 
3 5913 5936 5911 
3 5913 5941 5936 
3 5941 5940 5936 
3 5942 5904 5940 
3 5945 5942 5940 
3 5940 5941 5945 
3 5948 5941 5913 
3 5944 5943 5939 
3 5942 5944 5938 
3 5945 5944 5942 
3 5941 5946 5945 
3 5947 5943 5944 
3 5945 5947 5944 
3 5946 5947 5945 
3 5946 5952 5947 
3 5948 5913 5915 
3 5915 5968 5948 
3 5941 5948 5946 
3 5948 5953 5946 
3 5953 5952 5946 
3 5949 5925 5939 
3 5943 5949 5939 
3 5943 5950 5949 
3 5950 5957 5949 
3 5943 5947 5950 
3 5950 5947 5952 
3 5952 5954 5950 
3 5957 5950 5954 
3 5948 5968 5953 
3 5953 5954 5952 
3 5955 5954 5953 
3 5971 5955 5953 
3 5971 5953 5968 
3 5955 5971 5959 
3 5949 5956 5951 
3 5949 5957 5956 
3 5930 5956 6030 
3 5956 5958 6030 
3 5956 5957 5958 
3 5957 5954 5960 
3 5955 5960 5954 
3 5960 5958 5957 
3 5961 5959 6077 
3 5955 5959 5960 
3 5959 5961 5960 
3 5961 5958 5960 
3 5961 6035 5958 
3 5835 5863 5962 
3 5963 5962 5863 
3 5771 5867 5963 
3 5963 5867 5962 
3 5867 5964 5962 
3 5966 5965 5873 
3 5966 5873 5967 
3 5916 5966 5969 
3 5969 5966 5967 
3 5970 5969 5967 
3 5968 5969 5971 
3 5971 5969 5970 
3 5972 5971 5970 
3 5967 6061 5970 
3 5970 6061 6065 
3 5971 5972 5959 
3 5970 6065 5972 
3 5972 6065 6076 
3 5972 6076 6077 
3 5959 5972 6077 
3 5973 3266 3249 
3 5973 3249 3248 
3 5979 3266 5973 
3 3267 3266 5979 
3 3267 5979 5974 
3 5975 5976 5978 
3 5978 5976 4278 
3 5973 3248 4273 
3 5973 4273 5977 
3 5973 5977 5979 
3 5977 4273 5975 
3 5977 5975 5981 
3 5979 5977 5981 
3 5981 5975 5982 
3 5975 5978 5982 
3 5974 5979 5980 
3 4301 5974 5980 
3 5979 5981 5980 
3 5980 5981 5983 
3 5981 5982 5983 
3 4301 5980 5983 
3 4310 5978 4278 
3 5982 5978 4310 
3 5982 4310 4316 
3 5983 5982 4316 
3 4301 5983 4316 
3 5989 5984 5986 
3 5986 5984 5985 
3 5985 6178 5986 
3 5987 6144 5989 
3 5988 5987 5989 
3 5988 5989 5986 
3 6178 5988 5986 
3 5990 5987 5988 
3 5988 6182 5990 
3 5847 5991 5849 
3 6003 5849 6006 
3 6006 5849 5991 
3 5993 5991 5847 
3 5847 5994 5993 
3 6006 5991 5992 
3 5992 5991 5993 
3 5994 5851 5995 
3 5995 5851 5852 
3 5994 5995 5993 
3 5995 5996 5993 
3 5993 5997 5992 
3 5997 5998 5992 
3 5992 5998 6011 
3 5993 5996 5997 
3 5998 6015 6011 
3 5999 5997 5996 
3 5998 5997 6001 
3 6015 5998 6001 
3 5999 6000 6001 
3 6001 5997 5999 
3 6002 6015 6001 
3 6003 6006 6005 
3 6005 6006 6007 
3 6003 6005 6004 
3 6006 5992 6009 
3 6009 6007 6006 
3 6007 6009 6010 
3 5873 5871 6004 
3 5873 6004 6059 
3 6007 6008 6005 
3 6005 6008 6004 
3 6008 6007 6010 
3 6004 6008 6059 
3 5992 6011 6009 
3 6011 6010 6009 
3 6008 6010 6013 
3 6010 6011 6013 
3 6011 6015 6012 
3 6011 6012 6013 
3 6013 6012 6014 
3 6008 6013 6062 
3 6062 6013 6014 
3 6012 6015 6014 
3 6002 6072 6015 
3 6072 6014 6015 
3 6016 5995 5852 
3 5852 5922 6016 
3 6016 6017 5995 
3 6019 6018 5922 
3 6018 6016 5922 
3 6016 6018 6017 
3 6017 5996 5995 
3 5930 6020 5929 
3 5929 6021 6019 
3 6019 6021 6018 
3 6021 5929 6020 
3 6020 6034 6021 
3 6017 6023 5996 
3 6017 6018 6023 
3 6023 6018 6022 
3 6023 5999 5996 
3 6099 6023 6028 
3 6000 5999 6023 
3 6001 6000 6024 
3 6024 6002 6001 
3 6099 6000 6023 
3 6024 6000 6099 
3 6025 6024 6099 
3 6074 6002 6024 
3 6025 6074 6024 
3 6018 6021 6022 
3 6021 6026 6022 
3 6028 6023 6022 
3 6026 6027 6022 
3 6021 6034 6026 
3 6027 6026 6048 
3 6048 6052 6027 
3 6022 6027 6028 
3 6029 6028 6027 
3 6027 6052 6029 
3 6029 6052 6042 
3 6103 6029 6042 
3 6074 6025 6108 
3 6020 5930 6030 
3 6030 5958 6032 
3 6031 6030 6032 
3 6031 6033 6030 
3 6035 6032 5958 
3 6030 6033 6020 
3 6033 6034 6020 
3 6031 6038 6033 
3 6032 6037 6031 
3 6037 6038 6031 
3 6037 6032 6035 
3 6037 6035 6036 
3 6035 6081 6036 
3 6037 6039 6038 
3 6036 6039 6037 
3 6081 6040 6036 
3 6036 6055 6039 
3 6040 6055 6036 
3 6042 6052 6041 
3 6041 6044 6046 
3 6044 6041 6043 
3 6046 6044 6047 
3 6046 6047 6045 
3 6047 6051 6057 
3 6026 6034 6048 
3 6048 6034 6049 
3 6033 6038 6049 
3 6050 6051 6049 
3 6049 6051 6048 
3 6049 6034 6033 
3 6043 6052 6048 
3 6041 6052 6043 
3 6051 6043 6048 
3 6051 6044 6043 
3 6038 6053 6049 
3 6049 6053 6050 
3 6053 6054 6050 
3 6054 6051 6050 
3 6038 6039 6053 
3 6039 6243 6053 
3 6055 6243 6039 
3 6242 6055 6040 
3 6040 6090 6242 
3 6047 6044 6051 
3 6057 6051 6054 
3 6137 6250 6058 
3 6058 6162 6137 
3 6137 6251 6250 
3 6251 6137 6281 
3 5873 6059 5967 
3 5967 6059 6061 
3 6059 6060 6061 
3 6059 6008 6064 
3 6064 6008 6062 
3 6059 6064 6060 
3 6062 6063 6064 
3 6063 6073 6064 
3 6065 6061 6066 
3 6061 6060 6066 
3 6066 6068 6065 
3 6066 6064 6067 
3 6060 6064 6066 
3 6066 6067 6068 
3 6064 6073 6067 
3 6068 6067 6069 
3 6073 6069 6067 
3 6072 6062 6014 
3 6070 6063 6062 
3 6073 6063 6070 
3 6071 6073 6070 
3 6062 6072 6070 
3 6070 6072 6074 
3 6074 6072 6002 
3 6073 6071 6084 
3 6073 6084 6069 
3 6070 6074 6071 
3 6108 6071 6074 
3 6071 6108 6075 
3 6075 6084 6071 
3 6078 6077 6076 
3 6065 6068 6076 
3 6076 6068 6079 
3 6078 6076 6079 
3 6077 6078 5961 
3 6035 5961 6080 
3 6078 6080 5961 
3 6068 6069 6079 
3 6079 6069 6083 
3 6078 6082 6080 
3 6089 6078 6083 
3 6083 6078 6079 
3 6078 6089 6082 
3 6035 6080 6081 
3 6040 6081 6082 
3 6082 6081 6080 
3 6069 6084 6083 
3 6083 6084 6086 
3 6083 6086 6089 
3 6086 6084 6085 
3 6075 6087 6084 
3 6084 6088 6085 
3 6084 6087 6088 
3 6040 6082 6089 
3 6040 6089 6090 
3 6086 6090 6089 
3 6242 6090 6056 
3 6086 6058 6090 
3 6056 6090 6058 
3 6162 6058 6086 
3 6086 6085 6162 
3 6085 6088 6163 
3 6085 6163 6162 
3 6092 6091 6093 
3 6094 6096 6095 
3 6093 6091 6094 
3 6096 6094 6091 
3 6096 6091 6092 
3 6095 6096 6118 
3 6097 6118 6096 
3 6124 6092 6093 
3 6124 6097 6092 
3 6097 6096 6092 
3 6100 6029 6103 
3 6101 6100 6103 
3 6099 6028 6100 
3 6100 6098 6099 
3 6101 6098 6100 
3 6028 6029 6100 
3 6098 6101 6106 
3 6102 6098 6106 
3 6101 6103 6095 
3 6105 6101 6095 
3 6106 6101 6105 
3 6118 6105 6095 
3 6106 6104 6102 
3 6099 6098 6025 
3 6025 6098 6108 
3 6098 6107 6108 
3 6102 6107 6098 
3 6108 6107 6109 
3 6104 6107 6102 
3 6109 6075 6108 
3 6075 6109 6110 
3 6110 6109 6130 
3 6111 6110 6130 
3 6112 6113 6116 
3 6112 6046 6114 
3 6113 6112 6114 
3 6041 6046 6112 
3 6115 6113 6114 
3 6093 6094 6116 
3 6095 6042 6094 
3 6094 6042 6116 
3 6041 6112 6042 
3 6042 6112 6116 
3 6042 6095 6103 
3 6117 6118 6097 
3 6118 6117 6125 
3 6118 6125 6119 
3 6093 6116 6124 
3 6120 6116 6113 
3 6124 6116 6120 
3 6124 6120 6121 
3 6128 6113 6115 
3 6113 6128 6120 
3 6123 6120 6128 
3 6120 6123 6121 
3 6121 6123 6145 
3 6097 6124 6117 
3 6121 6117 6124 
3 6125 6117 6122 
3 6122 6117 6121 
3 6114 5984 6115 
3 6046 6045 6114 
3 6045 5984 6114 
3 5985 5984 6045 
3 6126 6259 6127 
3 6115 5984 6128 
3 5984 5989 6128 
3 6123 6128 5989 
3 5989 6144 6123 
3 6263 6122 6121 
3 6145 6263 6121 
3 6122 6126 6125 
3 6263 6126 6122 
3 6126 6127 6125 
3 6259 6126 6264 
3 6264 6126 6263 
3 6106 6105 6119 
3 6105 6118 6119 
3 6104 6119 6129 
3 6106 6119 6104 
3 6119 6125 6138 
3 6129 6119 6133 
3 6107 6104 6131 
3 6131 6104 6129 
3 6109 6107 6131 
3 6109 6131 6130 
3 6131 6129 6133 
3 6132 6111 6130 
3 6169 6111 6132 
3 6169 6132 6135 
3 6132 6130 6131 
3 6133 6134 6131 
3 6134 6132 6131 
3 6132 6134 6135 
3 6125 6127 6138 
3 6137 6162 6165 
3 6281 6137 6165 
3 6119 6138 6133 
3 6138 6127 6136 
3 6283 6138 6136 
3 6134 6133 6140 
3 6133 6138 6283 
3 6133 6283 6140 
3 6310 6134 6140 
3 6134 6139 6135 
3 6139 6134 6310 
3 6310 6175 6139 
3 6142 6145 6123 
3 6146 6145 6142 
3 6143 6146 6142 
3 6142 6141 6143 
3 6123 6144 6142 
3 6146 6141 6144 
3 6144 6141 6142 
3 6263 6145 6147 
3 6144 6149 6146 
3 6144 5987 6149 
3 6146 6149 6145 
3 6145 6149 6147 
3 6146 6148 6141 
3 6148 6146 6143 
3 6143 6141 6151 
3 6151 6141 6148 
3 6148 6149 5987 
3 6148 5987 6151 
3 6148 6143 6149 
3 6149 6143 6152 
3 6147 6149 6150 
3 6149 6152 6150 
3 5987 5990 6151 
3 6152 6143 6151 
3 6153 6151 5990 
3 6152 6151 6153 
3 6154 6150 6152 
3 6152 6153 6154 
3 6153 5990 6290 
3 6110 6155 6075 
3 6110 6156 6155 
3 6156 6110 6111 
3 6160 6156 6111 
3 6075 6155 6087 
3 6158 6087 6155 
3 6158 6155 6157 
3 6157 6155 6156 
3 6087 6158 6088 
3 6156 6160 6157 
3 6159 6160 6169 
3 6160 6111 6169 
3 6157 6160 6161 
3 6160 6159 6161 
3 6157 6161 6158 
3 6161 6159 6166 
3 6164 6163 6088 
3 6158 6164 6088 
3 6163 6165 6162 
3 6163 6164 6165 
3 6164 6161 6167 
3 6164 6158 6161 
3 6166 6167 6161 
3 6164 6168 6165 
3 6168 6164 6167 
3 6168 6167 6173 
3 6170 6169 6135 
3 6159 6169 6170 
3 6170 6135 6171 
3 6170 6171 6172 
3 6166 6159 6170 
3 6166 6170 6172 
3 6135 6139 6171 
3 6171 6139 6174 
3 6171 6174 6172 
3 6166 6172 6173 
3 6173 6167 6166 
3 6139 6175 6174 
3 6173 6172 6174 
3 5985 6176 6177 
3 6178 5985 6177 
3 6177 6183 6178 
3 6176 6183 6177 
3 6183 6176 6266 
3 6183 6266 6188 
3 6266 6180 6188 
3 6266 6179 6180 
3 6179 6276 6180 
3 6178 6181 5988 
3 6183 6187 6178 
3 6181 6178 6187 
3 6181 6182 5988 
3 6181 6184 6182 
3 6182 6184 6185 
3 6187 6184 6181 
3 6189 6184 6187 
3 6185 6184 6214 
3 6189 6214 6184 
3 6182 6185 5990 
3 5990 6185 6186 
3 6186 6185 6214 
3 6217 6186 6214 
3 6190 6187 6188 
3 6188 6187 6183 
3 6189 6187 6190 
3 6189 6190 6213 
3 6190 6211 6213 
3 6191 6211 6190 
3 6276 6192 6180 
3 6180 6192 6195 
3 6190 6188 6198 
3 6180 6196 6188 
3 6195 6196 6180 
3 6198 6188 6196 
3 6194 6196 6195 
3 6201 6194 6195 
3 6193 6195 6192 
3 6195 6193 6201 
3 6198 6196 6197 
3 6194 6201 6202 
3 6194 6202 6196 
3 6196 6202 6197 
3 6190 6198 6191 
3 6211 6191 6221 
3 6191 6200 6221 
3 6191 6198 6199 
3 6200 6191 6199 
3 6199 6198 6197 
3 6202 6201 6204 
3 6202 6205 6197 
3 6205 6202 6203 
3 6204 6210 6202 
3 6202 6210 6203 
3 6199 6206 6200 
3 6199 6205 6206 
3 6207 6206 6209 
3 6209 6206 6205 
3 6205 6199 6197 
3 6209 6205 6203 
3 6210 6233 6203 
3 6233 6209 6203 
3 6233 6207 6209 
3 6210 6208 6233 
3 6216 6213 6211 
3 6211 6221 6216 
3 6222 6216 6221 
3 6212 6186 6217 
3 6214 6189 6213 
3 6214 6213 6215 
3 6213 6216 6215 
3 6217 6214 6215 
3 6215 6220 6217 
3 6219 6215 6216 
3 6220 6215 6219 
3 6216 6218 6219 
3 6218 6216 6222 
3 6230 6219 6227 
3 6220 6212 6217 
3 6219 6230 6220 
3 6220 6230 6318 
3 6220 6318 6212 
3 6222 6221 6223 
3 6224 6226 6223 
3 6223 6226 6225 
3 6219 6218 6227 
3 6218 6222 6227 
3 6222 6223 6227 
3 6228 6230 6227 
3 6221 6200 6223 
3 6200 6224 6223 
3 6229 6227 6223 
3 6229 6223 6225 
3 6228 6227 6229 
3 6318 6230 6319 
3 6230 6228 6319 
3 6224 6200 6231 
3 6231 6200 6206 
3 6224 6231 6226 
3 6226 6231 6232 
3 6207 6231 6206 
3 6229 6232 6231 
3 6232 6225 6226 
3 6232 6229 6225 
3 6229 6234 6228 
3 6234 6231 6207 
3 6207 6233 6234 
3 6234 6229 6231 
3 6319 6228 6234 
3 6319 6234 6305 
3 6208 6234 6233 
3 6305 6234 6208 
3 6047 6236 6045 
3 6236 6235 6045 
3 6047 6057 6236 
3 6057 6246 6236 
3 6246 6237 6238 
3 6238 6237 6240 
3 6235 6236 6238 
3 6239 6235 6238 
3 6238 6260 6239 
3 6238 6236 6246 
3 6260 6238 6240 
3 6260 6240 6280 
3 6054 6243 6241 
3 6054 6053 6243 
3 6241 6243 6244 
3 6243 6055 6242 
3 6243 6242 6244 
3 6242 6056 6244 
3 6056 6058 6244 
3 6057 6054 6245 
3 6054 6241 6245 
3 6245 6246 6057 
3 6244 6248 6241 
3 6248 6245 6241 
3 6248 6246 6245 
3 6249 6246 6248 
3 6237 6246 6247 
3 6237 6247 6240 
3 6247 6246 6249 
3 6249 6248 6250 
3 6244 6250 6248 
3 6244 6058 6250 
3 6250 6251 6249 
3 6251 6281 6252 
3 6247 6249 6255 
3 6255 6249 6252 
3 6251 6252 6249 
3 6247 6280 6240 
3 6247 6254 6280 
3 6247 6255 6254 
3 6252 6256 6255 
3 6254 6255 6256 
3 6252 6253 6256 
3 5985 6045 6176 
3 6045 6235 6257 
3 6257 6235 6239 
3 6176 6257 6258 
3 6045 6257 6176 
3 6278 6127 6259 
3 6262 6278 6259 
3 6261 6262 6270 
3 6261 6278 6262 
3 6264 6265 6277 
3 6259 6264 6262 
3 6264 6277 6262 
3 6268 6257 6239 
3 6176 6258 6266 
3 6269 6258 6267 
3 6258 6269 6266 
3 6268 6258 6257 
3 6268 6267 6258 
3 6271 6267 6268 
3 6260 6270 6239 
3 6271 6268 6239 
3 6270 6271 6239 
3 6260 6261 6270 
3 6270 6262 6271 
3 6266 6269 6179 
3 6265 6272 6277 
3 6277 6272 6275 
3 6267 6179 6269 
3 6274 6179 6267 
3 6271 6275 6267 
3 6274 6267 6275 
3 6274 6276 6179 
3 6272 6274 6275 
3 6273 6274 6272 
3 6262 6277 6271 
3 6277 6275 6271 
3 6127 6278 6136 
3 6136 6282 6283 
3 6278 6261 6279 
3 6261 6280 6279 
3 6260 6280 6261 
3 6279 6280 6254 
3 6279 6254 6282 
3 6279 6136 6278 
3 6282 6136 6279 
3 6283 6282 6284 
3 6283 6284 6286 
3 6284 6308 6286 
3 6282 6254 6285 
3 6253 6252 6281 
3 6282 6285 6284 
3 6253 6308 6284 
3 6285 6253 6284 
3 6140 6283 6286 
3 6254 6256 6285 
3 6253 6285 6256 
3 6263 6287 6264 
3 6263 6147 6287 
3 6147 6150 6287 
3 6287 6150 6288 
3 6264 6287 6265 
3 6287 6289 6265 
3 6287 6288 6289 
3 6289 6288 6294 
3 6150 6154 6288 
3 5990 6186 6290 
3 6154 6153 6290 
3 6154 6290 6291 
3 6314 6291 6290 
3 6154 6291 6288 
3 6265 6289 6272 
3 6272 6289 6273 
3 6289 6294 6273 
3 6273 6294 6292 
3 6292 6274 6273 
3 6274 6292 6297 
3 6297 6292 6293 
3 6292 6294 6295 
3 6288 6291 6294 
3 6291 6315 6294 
3 6294 6315 6317 
3 6292 6295 6293 
3 6294 6317 6295 
3 6276 6296 6192 
3 6297 6296 6276 
3 6276 6274 6297 
3 6193 6192 6296 
3 6296 6201 6193 
3 6298 6296 6297 
3 6303 6201 6296 
3 6298 6303 6296 
3 6306 6303 6298 
3 6297 6293 6298 
3 6293 6299 6298 
3 6295 6299 6293 
3 6295 6317 6299 
3 6317 6301 6299 
3 6300 6298 6299 
3 6300 6306 6298 
3 6300 6299 6301 
3 6301 6302 6300 
3 6204 6201 6303 
3 6304 6204 6303 
3 6304 6210 6204 
3 6304 6303 6306 
3 6304 6208 6210 
3 6304 6305 6208 
3 6306 6305 6304 
3 6302 6305 6306 
3 6306 6300 6302 
3 6165 6309 6281 
3 6308 6281 6309 
3 6308 6307 6286 
3 6309 6165 6168 
3 6253 6281 6308 
3 6286 6307 6140 
3 6140 6307 6310 
3 6308 6309 6307 
3 6309 6311 6307 
3 6311 6310 6307 
3 6175 6310 6311 
3 6313 6175 6311 
3 6173 6313 6312 
3 6309 6312 6311 
3 6312 6313 6311 
3 6309 6168 6312 
3 6312 6168 6173 
3 6175 6313 6174 
3 6174 6313 6173 
3 6290 6186 6212 
3 6314 6290 6212 
3 6315 6291 6314 
3 6212 6316 6314 
3 6316 6315 6314 
3 6317 6315 6316 
3 6318 6316 6212 
3 6316 6318 6319 
3 6301 6317 6316 
3 6301 6316 6319 
3 6301 6319 6302 
3 6302 6319 6305 
